"CrashFactId","Name","MinorInjuries","ModerateInjuries","SevereInjuries","FatalInjuries","TcrNumber","CityDamageFlag","ShortFormFlag","Distance","CrashDateTime","PedestrianAction","RoadwaySurface","RoadwayCondition","Lighting","PrimaryCollisionFactor","TrafficControl","Weather","CollisionType","ProximityToIntersection","VehicleInvolvedWith","PedestrianDirectionFrom","PedestrianDirectionTo","DirectionFromIntersection","Comment"
"649553","CR-0000085239","0","0","0","0","21-003-0767","False","False","840","1/3/2021 8:30:00 PM","No Pedestrians Involved","Dry","No Unusual Conditions","Dark - Street Light","Violation Driver 1","No Controls Present/Factor","Clear","Broadside","Non-Related","Other Vehicle","Not Applicable","Not Applicable","South Of",""
"649554","CR-0000085244","1","0","0","0","21-004-0175","False","False","350","1/4/2021 7:51:00 AM","No Pedestrians Involved","Dry","No Unusual Conditions","Daylight","Violation Driver 1","No Controls Present/Factor","Cloudy","Rear End","Non-Related","Parked Vehicle","Not Applicable","Not Applicable","South Of",""
"649555","CR-0000085250","0","0","0","0","21-005-0656","False","False","51","1/5/2021 4:50:00 PM","No Pedestrians Involved","Dry","No Unusual Conditions","Daylight","Violation Driver 1","Controls Functioning","Clear","Rear End","Non-Related","Other Vehicle","Not Applicable","Not Applicable","South Of",""
"649556","CR-0000085251","0","0","0","0","21-005-0793","False","False","104","1/5/2021 6:00:00 PM","No Pedestrians Involved","Dry","No Unusual Conditions","Daylight","Violation Driver 1","No Controls Present/Factor","Clear","Sideswipe","Non-Related","Parked Vehicle","Not Applicable","Not Applicable","South Of",""
"649557","CR-0000085257","0","0","0","0","21-005-0321","False","False","92","1/5/2021 10:47:00 AM","No Pedestrians Involved","Dry","No Unusual Conditions","Daylight","Violation Driver 1","No Controls Present/Factor","Clear","Head On","Non-Related","Parked Vehicle","Not Applicable","Not Applicable","West Of",""
"649558","CR-0000085260","0","1","0","0","21-006-0684","False","False","523","1/6/2021 5:35:00 PM","No Pedestrians Involved","Dry","No Unusual Conditions","Dark - Street Light","Bike At Fault","No Controls Present/Factor","Clear","Vehicle/Bike","Non-Related","Bike","Not Applicable","Not Applicable","North Of",""
"649577","CR-0000085224","1","0","0","0","21-002-0352","False","False","78","1/2/2021 12:11:00 PM","No Pedestrians Involved","Dry","No Unusual Conditions","Daylight","Violation Driver 1","Controls Functioning","Cloudy","Broadside","Non-Related","Other Vehicle","Not Applicable","Not Applicable","South Of",""
"649603","CR-0000085270","0","0","0","0","21-007-0462","True","False","225","1/7/2021 2:40:00 PM","No Pedestrians Involved","Dry","No Unusual Conditions","Daylight","Violation Driver 1","Controls Functioning","Clear","Hit Object","Non-Related","Fixed Object","Not Applicable","Not Applicable","East Of",""
"649604","CR-0000085271","0","1","0","0","21-008-0147","False","False","0","1/8/2021 7:52:00 AM","No Pedestrians Involved","Dry","No Unusual Conditions","Daylight","Violation Driver 1","Controls Functioning","Clear","Broadside","Intersection","Other Vehicle","Not Applicable","Not Applicable","At",""
"649605","CR-0000085272","0","0","0","0","21-009-0122","False","False","215","1/9/2021 2:57:00 AM","No Pedestrians Involved","Dry","No Unusual Conditions","Dark - Street Light","Violation Driver 1","No Controls Present/Factor","Clear","Sideswipe","Non-Related","Parked Vehicle","Not Applicable","Not Applicable","East Of",""
"649613","CR-0000085273","0","0","0","0","21-009-0127","False","False","350","1/9/2021 3:00:00 AM","No Pedestrians Involved","Dry","No Unusual Conditions","Dark - Street Light","Violation Driver 1","No Controls Present/Factor","Clear","Sideswipe","Non-Related","Parked Vehicle","Not Applicable","Not Applicable","North Of",""
"649621","CR-0000085234","0","0","0","0","21-003-0234","True","False","0","1/3/2021 9:30:00 AM","No Pedestrians Involved","Dry","No Unusual Conditions","Daylight","Violation Driver 1","Controls Functioning","Clear","Hit Object","Intersection","Fixed Object","Not Applicable","Not Applicable","At","Light pole"
"678141","CR-0000087315","0","0","0","0","21-196-9710","False","True","","7/15/2021 1:30:00 PM","No Pedestrians Involved","Unknown","Unknown","Daylight","Unknown","Unknown","Clear","Other","Non-Related","Other Vehicle","Not Applicable","Not Applicable","East Of",""
"678142","CR-0000087316","0","0","0","0","21-195-0331","False","False","225","7/14/2021 9:55:00 AM","No Pedestrians Involved","Dry","No Unusual Conditions","Daylight","Violation Driver 1","No Controls Present/Factor","Clear","Rear End","Non-Related","Parked Vehicle","Not Applicable","Not Applicable","East Of",""
"678143","CR-0000087317","0","0","0","0","21-196-0021","False","True","0","7/14/2021 11:40:00 PM","No Pedestrians Involved","Dry","No Unusual Conditions","Dark - Street Light","Unknown","Controls Functioning","Clear","Sideswipe","Intersection","Other Vehicle","Not Applicable","Not Applicable","At",""
"678144","CR-0000087318","0","0","0","0","21-200-9702","False","True","51","7/15/2021 2:00:00 PM","No Pedestrians Involved","Dry","No Unusual Conditions","Daylight","Unknown","Controls Functioning","Clear","Rear End","Non-Related","Other Vehicle","Not Applicable","Not Applicable","East Of",""
"678145","CR-0000087319","0","0","0","0","21-197-0715","False","False","660","7/16/2021 6:25:00 PM","No Pedestrians Involved","Dry","No Unusual Conditions","Daylight","Violation Driver 1","No Controls Present/Factor","Clear","Sideswipe","Non-Related","Other Vehicle","Not Applicable","Not Applicable","West Of",""
"678146","CR-0000087320","0","1","0","0","21-198-0016","True","False","132","7/17/2021 12:13:00 AM","No Pedestrians Involved","Dry","No Unusual Conditions","Dark - Street Light","Violation Driver 1","Controls Functioning","Clear","Hit Object","Non-Related","Fixed Object","Not Applicable","Not Applicable","West Of","Tree/Sign"
"678147","CR-0000087321","0","0","0","0","21-198-0078","False","True","","7/17/2021 1:25:00 AM","No Pedestrians Involved","Dry","No Unusual Conditions","Dark - Street Light","Unknown","Controls Functioning","Clear","Rear End","Related","Parked Vehicle","Not Applicable","Not Applicable","Unknown",""
"678148","CR-0000087322","0","0","0","0","21-198-9706","False","True","0","7/17/2021 12:20:00 PM","No Pedestrians Involved","Dry","No Unusual Conditions","Daylight","Unknown","Controls Functioning","Clear","Rear End","Intersection","Other Vehicle","Not Applicable","Not Applicable","At",""
"678149","CR-0000087323","1","0","0","0","21-198-0880","False","False","","7/17/2021 9:26:00 PM","No Pedestrians Involved","Dry","No Unusual Conditions","Dark - Street Light","Violation Driver 1","Controls Functioning","Clear","Rear End","Related","Other Vehicle","Not Applicable","Not Applicable","West Of",""
"678150","CR-0000087324","0","1","0","0","21-198-1070","False","False","130","7/17/2021 11:48:00 PM","No Pedestrians Involved","Dry","No Unusual Conditions","Dark - Street Light","Violation Driver 1","No Controls Present/Factor","Clear","Sideswipe","Non-Related","Parked Vehicle","Not Applicable","Not Applicable","West Of",""
"678151","CR-0000087325","0","0","0","0","21-199-0129","False","False","60","7/18/2021 2:40:00 AM","No Pedestrians Involved","Dry","No Unusual Conditions","Dark - Street Light","Violation Driver 1","Controls Functioning","Clear","Sideswipe","Non-Related","Parked Vehicle","Not Applicable","Not Applicable","South Of",""
"678152","CR-0000087326","0","1","0","0","21-199-0753","True","False","106","7/18/2021 7:04:00 PM","No Pedestrians Involved","Dry","No Unusual Conditions","Daylight","Violation Driver 1","No Controls Present/Factor","Clear","Hit Object","Non-Related","Fixed Object","Not Applicable","Not Applicable","South Of","Curb"
"678153","CR-0000087327","3","2","0","0","21-199-0808","False","False","39","7/18/2021 7:59:00 PM","No Pedestrians Involved","Dry","No Unusual Conditions","Daylight","Violation Driver 1","No Controls Present/Factor","Clear","Head On","Related","Other Vehicle","Not Applicable","Not Applicable","North Of",""
"678154","CR-0000087328","0","0","0","0","21-199-0811","False","False","0","7/18/2021 8:03:00 PM","No Pedestrians Involved","Dry","No Unusual Conditions","Dark - Street Light","Violation Driver 1","No Controls Present/Factor","Clear","Broadside","Intersection","Unknown","Not Applicable","Not Applicable","At",""
"649622","CR-0000085252","0","0","1","0","21-005-0773","False","False","184","1/5/2021 7:07:00 PM","Crossing - Not In Crosswalk","Dry","No Unusual Conditions","Dark - No Street Light","Pedestrian At Fault","No Controls Present/Factor","Clear","Vehicle/Pedestrian","Non-Related","Pedestrian","South","North","West Of",""
"649623","CR-0000085253","0","0","0","0","21-005-0917","True","False","658","1/5/2021 10:32:00 PM","No Pedestrians Involved","Dry","No Unusual Conditions","Dark - Street Light","Unknown","No Controls Present/Factor","Clear","Sideswipe","Non-Related","Other Vehicle","Not Applicable","Not Applicable","East Of","Tree"
"649624","CR-0000085255","1","0","0","0","21-005-0688","False","False","0","1/5/2021 5:29:00 PM","No Pedestrians Involved","Dry","No Unusual Conditions","Dark - Street Light","Bike At Fault","Controls Functioning","Clear","Vehicle/Bike","Intersection","Bike","Not Applicable","Not Applicable","At",""
"649625","CR-0000085258","1","0","0","0","21-005-0420","False","False","0","1/5/2021 12:51:00 PM","No Pedestrians Involved","Dry","No Unusual Conditions","Daylight","Violation Driver 1","Controls Functioning","Cloudy","Broadside","Intersection","Other Vehicle","Not Applicable","Not Applicable","At",""
"649626","CR-0000085259","2","0","0","0","21-006-0381","False","False","0","1/6/2021 12:12:00 PM","No Pedestrians Involved","Dry","No Unusual Conditions","Daylight","Violation Driver 1","Controls Functioning","Clear","Broadside","Intersection","Other Vehicle","Not Applicable","Not Applicable","At",""
"649627","CR-0000085262","0","0","1","0","21-006-0762","False","False","246","1/6/2021 7:17:00 PM","In Road - Includes Shoulder","Dry","No Unusual Conditions","Dark - Street Light","Pedestrian At Fault","Controls Functioning","Clear","Vehicle/Pedestrian","Non-Related","Pedestrian","North","South","East Of",""
"649628","CR-0000085263","1","0","0","0","21-006-0740","False","False","0","1/6/2021 6:50:00 PM","No Pedestrians Involved","Dry","No Unusual Conditions","Dark - Street Light","Violation Driver 1","Controls Functioning","Clear","Broadside","Intersection","Other Vehicle","Not Applicable","Not Applicable","At",""
"649629","CR-0000085256","0","0","0","0","21-005-0680","False","False","0","1/5/2021 5:16:00 PM","No Pedestrians Involved","Dry","No Unusual Conditions","Dusk - Dawn","Violation Driver 1","Controls Functioning","Clear","Broadside","Intersection","Other Vehicle","Not Applicable","Not Applicable","At",""
"649630","CR-0000085265","0","1","0","0","21-007-0174","False","False","0","1/7/2021 7:57:00 AM","No Pedestrians Involved","Dry","No Unusual Conditions","Daylight","Violation Driver 1","Controls Functioning","Cloudy","Broadside","Intersection","Other Vehicle","Not Applicable","Not Applicable","At",""
"649631","CR-0000085266","1","0","0","0","21-007-0064","False","False","90","1/7/2021 2:00:00 AM","No Pedestrians Involved","Dry","Other","Dark - Street Light","Unknown","Controls Functioning","Clear","Vehicle/Bike","Non-Related","Bike","Not Applicable","Not Applicable","North Of",""
"649632","CR-0000085267","0","0","0","0","21-007-0782","False","False","21","1/7/2021 9:17:00 PM","No Pedestrians Involved","Dry","No Unusual Conditions","Dark - Street Light","Violation Driver 1","Controls Functioning","Clear","Rear End","Related","Other Vehicle","Not Applicable","Not Applicable","North Of",""
"649633","CR-0000085268","1","0","0","0","21-007-0601","False","False","0","1/7/2021 5:18:00 PM","No Pedestrians Involved","Dry","No Unusual Conditions","Daylight","Bike At Fault","No Controls Present/Factor","Clear","Vehicle/Bike","Intersection","Bike","Not Applicable","Not Applicable","At",""
"649634","CR-0000085269","0","0","0","0","21-007-0052","True","False","78","1/7/2021 1:36:00 AM","No Pedestrians Involved","Dry","No Unusual Conditions","Dark - Street Light","Violation Driver 1","No Controls Present/Factor","Clear","Hit Object","Non-Related","Fixed Object","Not Applicable","Not Applicable","East Of","2 signs, brick wall"
"649688","CR-0000085261","0","0","0","0","21-006-0739","False","False","","1/6/2021 6:50:00 PM","No Pedestrians Involved","Dry","No Unusual Conditions","Dark - Street Light","Violation Driver 1","Controls Functioning","Cloudy","Rear End","Related","Other Vehicle","Not Applicable","Not Applicable","North Of",""
"678155","CR-0000087329","1","0","0","0","21-200-0687","False","False","0","7/19/2021 5:00:00 PM","No Pedestrians Involved","Dry","No Unusual Conditions","Daylight","Violation Driver 1","No Controls Present/Factor","Clear","Head On","Intersection","Other Vehicle","Not Applicable","Not Applicable","At",""
"678156","CR-0000087330","0","0","0","0","21-201-9704","False","True","","7/19/2021 5:20:00 PM","No Pedestrians Involved","Dry","No Unusual Conditions","Daylight","Unknown","Controls Functioning","Clear","Rear End","Related","Other Vehicle","Not Applicable","Not Applicable","West Of",""
"678157","CR-0000087331","0","0","0","0","21-216-0993","True","False","64","8/4/2021 11:50:00 PM","No Pedestrians Involved","Dry","No Unusual Conditions","Dark - Street Light","Violation Driver 1","Controls Functioning","Clear","Hit Object","Non-Related","Fixed Object","Not Applicable","Not Applicable","North Of","Curb, wall"
"678158","CR-0000087332","0","0","0","0","21-217-1039","False","False","0","8/5/2021 11:26:00 PM","No Pedestrians Involved","Dry","No Unusual Conditions","Dark - Street Light","Violation Driver 1","Unknown","Clear","Rear End","Intersection","Parked Vehicle","Not Applicable","Not Applicable","At",""
"678159","CR-0000087333","0","0","0","1","21-216-0652","False","False","606","8/4/2021 4:58:00 PM","In Road - Includes Shoulder","Dry","No Unusual Conditions","Daylight","Violation Driver 1","Controls Functioning","Clear","Vehicle/Pedestrian","Non-Related","Pedestrian","West","East","North Of","Delayed fatal 08/18/2021. Hit&Run"
"678160","CR-0000087334","0","0","0","0","21-201-0018","False","False","188","7/20/2021 12:18:00 AM","No Pedestrians Involved","Dry","No Unusual Conditions","Dark - Street Light","Violation Driver 1","No Controls Present/Factor","Clear","Sideswipe","Non-Related","Parked Vehicle","Not Applicable","Not Applicable","East Of",""
"678161","CR-0000087335","0","0","0","0","21-201-0093","False","False","144","7/20/2021 4:00:00 AM","No Pedestrians Involved","Dry","No Unusual Conditions","Dark - Street Light","Violation Driver 1","Controls Functioning","Clear","Sideswipe","Non-Related","Parked Vehicle","Not Applicable","Not Applicable","North Of",""
"678162","CR-0000087336","0","0","0","0","21-202-9709","False","True","51","7/20/2021 12:49:00 PM","No Pedestrians Involved","Dry","No Unusual Conditions","Daylight","Unknown","No Controls Present/Factor","Clear","Broadside","Non-Related","Parked Vehicle","Not Applicable","Not Applicable","East Of",""
"678163","CR-0000087337","0","0","0","0","21-201-0886","False","False","254","7/20/2021 8:00:00 PM","No Pedestrians Involved","Dry","No Unusual Conditions","Dusk - Dawn","Violation Driver 1","Controls Functioning","Clear","Broadside","Non-Related","Parked Vehicle","Not Applicable","Not Applicable","North Of",""
"678164","CR-0000087338","0","0","0","0","21-202-0091","False","False","51","7/21/2021 2:59:00 AM","No Pedestrians Involved","Dry","No Unusual Conditions","Dark - Street Light","Violation Driver 1","Controls Functioning","Clear","Overturned","Non-Related","Parked Vehicle","Not Applicable","Not Applicable","South Of",""
"678165","CR-0000087339","0","0","0","0","21-204-9705","False","True","51","7/21/2021 7:00:00 AM","No Pedestrians Involved","Dry","No Unusual Conditions","Dark - Street Light","Unknown","No Controls Present/Factor","Clear","Other","Non-Related","Parked Vehicle","Not Applicable","Not Applicable","South Of",""
"678166","CR-0000087340","0","1","0","0","21-202-0438","False","False","237","7/21/2021 12:10:00 PM","No Pedestrians Involved","Dry","No Unusual Conditions","Daylight","Violation Driver 1","No Controls Present/Factor","Clear","Sideswipe","Non-Related","Parked Vehicle","Not Applicable","Not Applicable","North Of",""
"678167","CR-0000087341","0","0","0","0","21-203-9707","False","True","51","7/22/2021 5:30:00 AM","No Pedestrians Involved","Unknown","Unknown","Unknown","Unknown","Unknown","Unknown","Other","Non-Related","Parked Vehicle","Not Applicable","Not Applicable","North Of",""
"678168","CR-0000087342","0","0","0","0","21-204-0081","False","False","2402","7/23/2021 2:21:00 AM","No Pedestrians Involved","Dry","No Unusual Conditions","Dark - Street Light","Violation Driver 1","No Controls Present/Factor","Clear","Hit Object","Non-Related","Fixed Object","Not Applicable","Not Applicable","East Of",""
"650095","CR-0000085412","0","0","0","1","21-010-0533","False","False","220","1/10/2021 4:40:00 PM","No Pedestrians Involved","Dry","No Unusual Conditions","Daylight","Unknown","No Controls Present/Factor","Clear","Sideswipe","Non-Related","Parked Vehicle","Not Applicable","Not Applicable","North Of","Hit 7 parked cars and a residence because of a medical condition."
"650096","CR-0000085419","0","0","0","0","21-008-9705","False","True","51","1/7/2021 5:30:00 AM","No Pedestrians Involved","Dry","No Unusual Conditions","Dusk - Dawn","Unknown","No Controls Present/Factor","Clear","Sideswipe","Non-Related","Parked Vehicle","Not Applicable","Not Applicable","South Of",""
"650097","CR-0000085421","0","0","0","0","21-015-9702","False","True","51","1/7/2021 4:00:00 PM","No Pedestrians Involved","Dry","No Unusual Conditions","Daylight","Unknown","No Controls Present/Factor","Clear","Sideswipe","Non-Related","Parked Vehicle","Not Applicable","Not Applicable","North Of",""
"650098","CR-0000085423","0","0","0","0","21-008-4000","False","True","0","1/8/2021 4:40:00 PM","No Pedestrians Involved","Unknown","Unknown","Daylight","Unknown","Unknown","Unknown","Broadside","Intersection","Other Vehicle","Not Applicable","Not Applicable","At",""
"650099","CR-0000085425","0","0","0","0","21-022-0088","False","False","96","1/8/2021 4:39:00 AM","No Pedestrians Involved","Wet","No Unusual Conditions","Dark - Street Light","Violation Driver 1","Controls Functioning","Rain","Rear End","Non-Related","Parked Vehicle","Not Applicable","Not Applicable","South Of",""
"650101","CR-0000085417","0","0","1","0","21-002-0062","True","False","210","1/2/2021 1:28:00 AM","No Pedestrians Involved","Dry","No Unusual Conditions","Dark - Street Light","Violation Driver 1","No Controls Present/Factor","Clear","Hit Object","Non-Related","Fixed Object","Not Applicable","Not Applicable","West Of","Curb, chain-link fence"
"650102","CR-0000085422","1","0","0","0","21-008-0268","False","False","0","1/8/2021 11:00:00 AM","No Pedestrians Involved","Dry","No Unusual Conditions","Daylight","Violation Driver 1","Controls Functioning","Clear","Broadside","Intersection","Other Vehicle","Not Applicable","Not Applicable","At",""
"650103","CR-0000085427","1","0","0","0","21-008-0831","False","False","20","1/8/2021 9:00:00 PM","No Pedestrians Involved","Dry","No Unusual Conditions","Dark - Street Light","Violation Driver 1","Controls Functioning","Clear","Rear End","Related","Other Vehicle","Not Applicable","Not Applicable","East Of",""
"650109","CR-0000085415","0","0","0","0","21-001-0205","True","False","1120","1/1/2021 3:53:00 AM","No Pedestrians Involved","Dry","No Unusual Conditions","Dark - Street Light","Violation Driver 1","No Controls Present/Factor","Clear","Hit Object","Non-Related","Fixed Object","Not Applicable","Not Applicable","North Of","Tree"
"650110","CR-0000085416","0","0","0","0","21-001-0215","True","False","0","1/1/2021 4:32:00 AM","No Pedestrians Involved","Dry","No Unusual Conditions","Dark - Street Light","Violation Driver 1","No Controls Present/Factor","Clear","Hit Object","Intersection","Fixed Object","Not Applicable","Not Applicable","At","Tree"
"650111","CR-0000085420","0","0","0","0","21-007-0323","False","False","0","1/7/2021 11:38:00 AM","No Pedestrians Involved","Dry","No Unusual Conditions","Daylight","Unknown","No Controls Present/Factor","Clear","Broadside","Intersection","Motor Vehicle On Other Roadway","Not Applicable","Not Applicable","At",""
"650112","CR-0000085424","2","1","0","0","21-008-0498","False","False","0","1/8/2021 3:07:00 PM","No Pedestrians Involved","Dry","Holes Deep Rut","Daylight","Violation Driver 1","Controls Functioning","Clear","Broadside","Intersection","Other Vehicle","Not Applicable","Not Applicable","At",""
"650113","CR-0000085426","0","1","0","0","21-008-0574","False","False","90","1/8/2021 5:56:00 PM","No Pedestrians Involved","Dry","No Unusual Conditions","Daylight","Violation Driver 1","No Controls Present/Factor","Clear","Other","Non-Related","Motorcycle","Not Applicable","Not Applicable","South Of",""
"678169","CR-0000087343","0","1","0","0","21-204-0085","False","False","88","7/23/2021 2:32:00 AM","No Pedestrians Involved","Dry","No Unusual Conditions","Dark - Street Light","Violation Driver 1","Controls Functioning","Clear","Hit Object","Non-Related","Fixed Object","Not Applicable","Not Applicable","West Of",""
"678170","CR-0000087344","0","0","0","0","21-204-0981","False","False","70","7/23/2021 10:19:00 PM","No Pedestrians Involved","Dry","No Unusual Conditions","Dark - Street Light","Violation Driver 1","No Controls Present/Factor","Clear","Sideswipe","Non-Related","Parked Vehicle","Not Applicable","Not Applicable","South Of",""
"678171","CR-0000087345","0","0","0","0","21-205-0178","True","False","0","7/24/2021 4:04:00 AM","No Pedestrians Involved","Dry","No Unusual Conditions","Dark - Street Light","Violation Driver 1","Controls Functioning","Clear","Hit Object","Intersection","Fixed Object","Not Applicable","Not Applicable","At","Signal Pole"
"678172","CR-0000087346","0","0","0","0","21-205-1017","False","False","72","7/24/2021 11:15:00 PM","No Pedestrians Involved","Dry","No Unusual Conditions","Dark - Street Light","Violation Driver 1","Controls Functioning","Clear","Sideswipe","Non-Related","Other Vehicle","Not Applicable","Not Applicable","North Of",""
"678173","CR-0000087347","0","0","0","0","21-206-0156","False","False","141","7/25/2021 3:43:00 AM","No Pedestrians Involved","Dry","No Unusual Conditions","Dark - Street Light","Violation Driver 1","No Controls Present/Factor","Clear","Sideswipe","Non-Related","Other Vehicle","Not Applicable","Not Applicable","East Of",""
"678174","CR-0000087348","0","0","0","0","21-206-0714","False","False","0","7/25/2021 6:42:00 PM","No Pedestrians Involved","Wet","No Unusual Conditions","Daylight","Violation Driver 1","Controls Functioning","Clear","Head On","Intersection","Other Vehicle","Not Applicable","Not Applicable","At",""
"678175","CR-0000087349","1","2","0","0","21-183-1064","False","False","50","7/2/2021 10:45:00 PM","No Pedestrians Involved","Dry","No Unusual Conditions","Dark - Street Light","Violation Driver 1","No Controls Present/Factor","Clear","Rear End","Related","Other Vehicle","Not Applicable","Not Applicable","East Of",""
"678176","CR-0000087350","0","0","0","0","21-185-0341","False","False","0","7/4/2021 9:06:00 AM","No Pedestrians Involved","Dry","No Unusual Conditions","Daylight","Other Than Driver","Controls Functioning","Clear","Hit Object","Intersection","Fixed Object","Not Applicable","Not Applicable","At","Sign"
"678177","CR-0000087351","0","0","0","0","21-187-0789","False","False","60","7/6/2021 4:25:00 PM","No Pedestrians Involved","Dry","No Unusual Conditions","Daylight","Violation Driver 1","No Controls Present/Factor","Clear","Rear End","Non-Related","Other Vehicle","Not Applicable","Not Applicable","South Of",""
"678178","CR-0000087352","0","1","0","0","21-188-0550","True","False","138","7/7/2021 4:24:00 PM","No Pedestrians Involved","Dry","No Unusual Conditions","Daylight","Violation Driver 1","No Controls Present/Factor","Clear","Hit Object","Non-Related","Fixed Object","Not Applicable","Not Applicable","South Of","Street Sign"
"678179","CR-0000087353","1","0","0","0","21-188-0191","False","False","21","7/7/2021 5:42:00 PM","No Pedestrians Involved","Dry","No Unusual Conditions","Daylight","Violation Driver 1","Unknown","Clear","Rear End","Related","Parked Vehicle","Not Applicable","Not Applicable","West Of",""
"678180","CR-0000087354","2","1","0","0","21-188-1141","False","False","0","7/7/2021 10:38:00 PM","No Pedestrians Involved","Dry","No Unusual Conditions","Dark - Street Light","Violation Driver 1","Controls Functioning","Clear","Sideswipe","Intersection","Other Vehicle","Not Applicable","Not Applicable","At",""
"678181","CR-0000087355","1","0","0","0","21-189-0372","False","False","120","7/8/2021 11:15:00 AM","No Pedestrians Involved","Dry","No Unusual Conditions","Daylight","Violation Driver 1","No Controls Present/Factor","Clear","Sideswipe","Non-Related","Other Vehicle","Not Applicable","Not Applicable","South Of",""
"650114","CR-0000085434","0","0","0","0","21-009-4001","False","True","51","1/9/2021 4:45:00 PM","No Pedestrians Involved","Unknown","Unknown","Daylight","Unknown","Unknown","Unknown","Rear End","Non-Related","Parked Vehicle","Not Applicable","Not Applicable","East Of",""
"650147","CR-0000085429","0","0","0","0","21-009-0285","False","False","75","1/9/2021 10:28:00 AM","No Pedestrians Involved","Dry","No Unusual Conditions","Daylight","Violation Driver 1","Controls Functioning","Clear","Rear End","Non-Related","Other Vehicle","Not Applicable","Not Applicable","West Of",""
"650148","CR-0000085431","3","0","0","0","21-009-0655","False","False","0","1/9/2021 5:26:00 PM","No Pedestrians Involved","Dry","No Unusual Conditions","Dusk - Dawn","Violation Driver 1","No Controls Present/Factor","Clear","Broadside","Intersection","Other Vehicle","Not Applicable","Not Applicable","At",""
"650156","CR-0000085433","0","0","1","0","21-009-1005","True","False","230","1/9/2021 11:28:00 PM","No Pedestrians Involved","Dry","No Unusual Conditions","Dark - Street Light","Violation Driver 1","Controls Functioning","Clear","Hit Object","Non-Related","Fixed Object","Not Applicable","Not Applicable","East Of","Light pole, tree"
"650157","CR-0000085435","0","0","0","0","21-010-0157","False","False","25","1/10/2021 5:58:00 AM","No Pedestrians Involved","Dry","No Unusual Conditions","Dusk - Dawn","Violation Driver 1","No Controls Present/Factor","Clear","Head On","Related","Parked Vehicle","Not Applicable","Not Applicable","East Of",""
"650158","CR-0000085439","0","0","0","0","21-010-4000","False","True","0","1/10/2021 12:26:00 AM","No Pedestrians Involved","Unknown","Unknown","Unknown","Unknown","Unknown","Unknown","Hit Object","Intersection","Fixed Object","Not Applicable","Not Applicable","At","Curb, brick wall"
"650159","CR-0000085442","2","0","0","0","21-011-0545","False","False","0","1/11/2021 2:33:00 PM","No Pedestrians Involved","Dry","No Unusual Conditions","Daylight","Violation Driver 1","No Controls Present/Factor","Clear","Broadside","Intersection","Other Vehicle","Not Applicable","Not Applicable","At",""
"650160","CR-0000085447","1","0","0","0","21-011-0870","True","False","0","1/11/2021 8:24:00 PM","No Pedestrians Involved","Dry","No Unusual Conditions","Dark - Street Light","Violation Driver 1","No Controls Present/Factor","Clear","Sideswipe","Intersection","Other Vehicle","Not Applicable","Not Applicable","At","Light pole"
"650197","CR-0000085418","0","0","0","0","21-005-9711","False","True","","1/5/2021 1:30:00 PM","No Pedestrians Involved","Dry","Unknown","Daylight","Unknown","Unknown","Cloudy","Sideswipe","Related","Other Vehicle","Not Applicable","Not Applicable","South Of",""
"650268","CR-0000085436","0","0","0","0","21-010-0523","False","False","","1/10/2021 4:30:00 PM","No Pedestrians Involved","Dry","No Unusual Conditions","Daylight","Violation Driver 1","Controls Functioning","Clear","Sideswipe","Related","Other Vehicle","Not Applicable","Not Applicable","South Of",""
"650269","CR-0000085441","0","0","0","0","21-011-0519","False","False","0","1/11/2021 2:08:00 PM","No Pedestrians Involved","Unknown","No Unusual Conditions","Daylight","Violation Driver 1","Controls Functioning","Unknown","Broadside","Intersection","Other Vehicle","Not Applicable","Not Applicable","At",""
"650270","CR-0000085449","0","0","0","0","21-011-4000","False","True","51","1/11/2021 10:10:00 AM","No Pedestrians Involved","Unknown","Unknown","Daylight","Unknown","Unknown","Unknown","Other","Non-Related","Parked Vehicle","Not Applicable","Not Applicable","West Of",""
"650271","CR-0000085450","2","1","0","0","21-012-0143","False","False","26","1/12/2021 7:28:00 AM","No Pedestrians Involved","Dry","No Unusual Conditions","Daylight","Violation Driver 1","Controls Functioning","Clear","Sideswipe","Related","Other Vehicle","Not Applicable","Not Applicable","South Of",""
"650272","CR-0000085458","0","0","0","0","21-013-0375","False","False","128","1/13/2021 11:59:00 AM","No Pedestrians Involved","Dry","No Unusual Conditions","Daylight","Violation Driver 1","Controls Functioning","Clear","Sideswipe","Non-Related","Parked Vehicle","Not Applicable","Not Applicable","West Of",""
"678182","CR-0000087356","1","0","0","0","21-192-0346","False","False","0","7/11/2021 9:38:00 AM","No Pedestrians Involved","Dry","No Unusual Conditions","Daylight","Violation Driver 1","Controls Functioning","Clear","Sideswipe","Intersection","Other Vehicle","Not Applicable","Not Applicable","At",""
"678183","CR-0000087358","0","0","0","1","21-226-0886","False","False","0","8/14/2021 9:01:00 PM","Crossing In Crosswalk - At Intersection","Dry","No Unusual Conditions","Dark - Street Light","Unknown","Controls Functioning","Clear","Vehicle/Pedestrian","Intersection","Pedestrian","East","West","At","Hit and Run"