"CrashFactId","Name","MinorInjuries","ModerateInjuries","SevereInjuries","FatalInjuries","TcrNumber","CityDamageFlag","ShortFormFlag","Distance","CrashDateTime","PedestrianAction","RoadwaySurface","RoadwayCondition","Lighting","PrimaryCollisionFactor","TrafficControl","Weather","CollisionType","ProximityToIntersection","VehicleInvolvedWith","PedestrianDirectionFrom","PedestrianDirectionTo","DirectionFromIntersection","Comment"
"678241","CR-0000087406","1","0","0","0","21-194-0602","False","False","0","7/13/2021 2:15:00 PM","No Pedestrians Involved","Dry","No Unusual Conditions","Daylight","Violation Driver 1","Controls Functioning","Clear","Broadside","Intersection","Other Vehicle","Not Applicable","Not Applicable","At",""
"678242","CR-0000087421","0","0","0","0","21-202-0410","True","False","0","7/21/2021 11:46:00 AM","No Pedestrians Involved","Dry","No Unusual Conditions","Daylight","Violation Driver 1","Controls Functioning","Clear","Broadside","Intersection","Other Vehicle","Not Applicable","Not Applicable","At","City Vehicle"
"678243","CR-0000087389","0","1","0","0","21-202-0822","False","False","90","7/21/2021 7:05:00 PM","No Pedestrians Involved","Dry","No Unusual Conditions","Daylight","Violation Driver 1","No Controls Present/Factor","Clear","Rear End","Non-Related","Other Vehicle","Not Applicable","Not Applicable","West Of",""
"678244","CR-0000087414","0","0","1","0","21-197-0812","False","False","147","7/16/2021 7:52:00 PM","No Pedestrians Involved","Dry","Reduced Roadway Width","Daylight","Violation Driver 1","Controls Functioning","Clear","Head On","Non-Related","Other Vehicle","Not Applicable","Not Applicable","West Of",""
"678245","CR-0000087399","1","0","0","0","21-210-0670","False","False","132","7/29/2021 4:53:00 PM","No Pedestrians Involved","Dry","No Unusual Conditions","Daylight","Violation Driver 1","No Controls Present/Factor","Clear","Rear End","Non-Related","Other Vehicle","Not Applicable","Not Applicable","North Of",""
"678246","CR-0000087403","0","0","1","0","21-212-0153","True","False","240","7/31/2021 3:35:00 AM","No Pedestrians Involved","Dry","No Unusual Conditions","Dark - Street Light","Violation Driver 1","No Controls Present/Factor","Clear","Hit Object","Non-Related","Fixed Object","Not Applicable","Not Applicable","North Of","Curb, 2 trees"
"678247","CR-0000087451","0","0","0","0","21-195-1136","False","False","0","7/14/2021 11:30:00 PM","No Pedestrians Involved","Dry","Unknown","Dark - Street Light","Violation Driver 1","Unknown","Clear","Sideswipe","Intersection","Other Vehicle","Not Applicable","Not Applicable","At",""
"678248","CR-0000087429","1","0","0","0","21-185-0333","False","False","0","7/4/2021 8:52:00 AM","No Pedestrians Involved","Dry","No Unusual Conditions","Daylight","Violation Driver 1","Controls Functioning","Clear","Broadside","Intersection","Other Vehicle","Not Applicable","Not Applicable","At",""
"678249","CR-0000087453","0","0","0","0","21-199-0013","False","False","110","7/18/2021 12:03:00 AM","No Pedestrians Involved","Dry","No Unusual Conditions","Dark - Street Light","Violation Driver 1","No Controls Present/Factor","Clear","Rear End","Non-Related","Parked Vehicle","Not Applicable","Not Applicable","North Of",""
"678250","CR-0000087454","0","0","0","0","21-199-0708","False","False","48","7/18/2021 6:35:00 PM","No Pedestrians Involved","Dry","No Unusual Conditions","Daylight","Violation Driver 1","Unknown","Clear","Sideswipe","Related","Other Vehicle","Not Applicable","Not Applicable","North Of",""
"678251","CR-0000087435","2","0","0","0","21-189-0173","False","False","0","7/8/2021 7:50:00 AM","No Pedestrians Involved","Dry","No Unusual Conditions","Daylight","Violation Driver 1","No Controls Present/Factor","Clear","Head On","Intersection","Other Vehicle","Not Applicable","Not Applicable","At",""
"678252","CR-0000087427","0","0","0","0","21-182-1146","True","False","36","7/1/2021 10:42:00 PM","No Pedestrians Involved","Dry","No Unusual Conditions","Dark - Street Light","Violation Driver 1","No Controls Present/Factor","Clear","Rear End","Related","Fixed Object","Not Applicable","Not Applicable","South Of","Curb and Trees"
"678253","CR-0000087445","1","0","0","0","21-194-0543","False","False","0","7/13/2021 1:25:00 PM","No Pedestrians Involved","Dry","No Unusual Conditions","Daylight","Violation Driver 1","Controls Functioning","Clear","Broadside","Intersection","Other Vehicle","Not Applicable","Not Applicable","At",""
"678254","CR-0000087449","1","0","0","0","21-195-0502","False","False","0","7/14/2021 12:35:00 PM","No Pedestrians Involved","Dry","No Unusual Conditions","Daylight","Violation Driver 1","No Controls Present/Factor","Clear","Broadside","Intersection","Other Vehicle","Not Applicable","Not Applicable","At",""
"678255","CR-0000087452","1","0","0","0","21-197-0451","False","False","129","7/16/2021 1:55:00 PM","No Pedestrians Involved","Dry","No Unusual Conditions","Daylight","Violation Driver 1","No Controls Present/Factor","Clear","Vehicle/Bike","Non-Related","Bike","Not Applicable","Not Applicable","East Of","Bike"
"678256","CR-0000087428","2","0","0","0","21-185-0994","False","False","147","7/4/2021 8:59:00 PM","No Pedestrians Involved","Dry","No Unusual Conditions","Dark - Street Light","Violation Driver 1","Controls Functioning","Clear","Broadside","Non-Related","Other Vehicle","Not Applicable","Not Applicable","South Of",""
"678257","CR-0000087439","1","0","0","0","21-190-0723","False","False","0","7/9/2021 5:00:00 PM","No Pedestrians Involved","Wet","No Unusual Conditions","Daylight","Violation Driver 1","Controls Functioning","Cloudy","Broadside","Intersection","Other Vehicle","Not Applicable","Not Applicable","At",""
"678258","CR-0000087443","1","0","0","0","21-193-0278","False","False","64","7/12/2021 9:12:00 AM","No Pedestrians Involved","Dry","No Unusual Conditions","Daylight","Violation Driver 1","Unknown","Clear","Rear End","Non-Related","Other Vehicle","Not Applicable","Not Applicable","South Of",""
"678259","CR-0000087432","0","1","0","0","21-187-0089","True","False","235","7/6/2021 2:45:00 AM","No Pedestrians Involved","Dry","No Unusual Conditions","Dark - Street Light","Violation Driver 1","No Controls Present/Factor","Clear","Hit Object","Non-Related","Fixed Object","Not Applicable","Not Applicable","East Of","Median Island Tree"
"678260","CR-0000087430","1","0","0","0","21-185-0303","False","False","39","7/4/2021 8:04:00 AM","No Pedestrians Involved","Dry","No Unusual Conditions","Daylight","Violation Driver 1","No Controls Present/Factor","Clear","Rear End","Related","Other Vehicle","Not Applicable","Not Applicable","North Of",""
"678261","CR-0000087440","1","0","0","0","21-191-0396","False","False","0","7/10/2021 12:10:00 PM","No Pedestrians Involved","Dry","No Unusual Conditions","Daylight","Violation Driver 1","Controls Functioning","Clear","Broadside","Intersection","Other Vehicle","Not Applicable","Not Applicable","At",""
"678262","CR-0000087447","1","0","0","0","21-194-1105","False","False","200","7/13/2021 11:20:00 PM","No Pedestrians Involved","Dry","No Unusual Conditions","Dark - Street Light","Violation Driver 1","Controls Functioning","Clear","Vehicle/Bike","Non-Related","Bike","Not Applicable","Not Applicable","North Of","Bike"
"678263","CR-0000087444","1","2","0","0","21-194-0510","True","False","450","7/13/2021 12:51:00 PM","No Pedestrians Involved","Dry","No Unusual Conditions","Daylight","Violation Driver 1","Controls Functioning","Clear","Hit Object","Non-Related","Fixed Object","Not Applicable","Not Applicable","East Of","Center Divider"
"650389","CR-0000085500","0","0","0","0","21-029-4001","False","True","","1/18/2021 6:25:00 PM","No Pedestrians Involved","Unknown","Unknown","Dusk - Dawn","Unknown","Unknown","Unknown","Sideswipe","Related","Parked Vehicle","Not Applicable","Not Applicable","North Of",""
"650390","CR-0000085502","0","0","0","0","21-018-0031","False","False","51","1/18/2021 12:44:00 AM","No Pedestrians Involved","Dry","No Unusual Conditions","Dark - Street Light","Violation Driver 1","Controls Functioning","Clear","Sideswipe","Non-Related","Parked Vehicle","Not Applicable","Not Applicable","South Of",""
"650391","CR-0000085504","1","0","0","0","21-018-0531","False","False","0","1/18/2021 2:26:00 PM","No Pedestrians Involved","Dry","No Unusual Conditions","Daylight","Violation Driver 1","Controls Functioning","Clear","Rear End","Intersection","Other Vehicle","Not Applicable","Not Applicable","At",""
"650392","CR-0000085512","1","0","0","0","21-019-0268","False","False","51","1/19/2021 9:14:00 AM","No Pedestrians Involved","Dry","No Unusual Conditions","Daylight","Violation Driver 1","Controls Functioning","Clear","Broadside","Non-Related","Other Vehicle","Not Applicable","Not Applicable","East Of",""
"650393","CR-0000085514","1","0","0","0","21-019-0666","False","False","63","1/19/2021 4:36:00 PM","No Pedestrians Involved","Dry","No Unusual Conditions","Daylight","Violation Driver 1","Controls Functioning","Clear","Rear End","Non-Related","Other Vehicle","Not Applicable","Not Applicable","West Of",""
"650394","CR-0000085519","1","1","0","0","21-020-0462","False","False","88","1/2/2021 1:25:00 PM","No Pedestrians Involved","Dry","No Unusual Conditions","Daylight","Violation Driver 1","No Controls Present/Factor","Clear","Rear End","Non-Related","Parked Vehicle","Not Applicable","Not Applicable","South Of",""
"650399","CR-0000085487","0","0","0","0","21-016-0102","True","False","0","1/16/2021 2:55:00 AM","No Pedestrians Involved","Dry","No Unusual Conditions","Dark - Street Light","Violation Driver 1","Controls Functioning","Clear","Hit Object","Intersection","Fixed Object","Not Applicable","Not Applicable","At","Island median, concrete sign"
"650400","CR-0000085490","0","0","0","0","21-016-0270","False","False","180","1/16/2021 9:57:00 AM","No Pedestrians Involved","Dry","No Unusual Conditions","Daylight","Violation Driver 1","No Controls Present/Factor","Clear","Sideswipe","Non-Related","Other Vehicle","Not Applicable","Not Applicable","North Of",""
"650401","CR-0000085498","0","0","0","0","21-017-0795","False","False","145","1/17/2021 9:28:00 PM","No Pedestrians Involved","Dry","No Unusual Conditions","Dark - Street Light","Violation Driver 1","No Controls Present/Factor","Clear","Rear End","Non-Related","Parked Vehicle","Not Applicable","Not Applicable","North Of",""
"650402","CR-0000085525","0","0","0","0","21-021-0360","False","False","0","1/21/2021 12:37:00 PM","No Pedestrians Involved","Dry","No Unusual Conditions","Daylight","Violation Driver 1","No Controls Present/Factor","Clear","Broadside","Intersection","Other Vehicle","Not Applicable","Not Applicable","At",""
"650409","CR-0000085501","1","0","0","0","21-018-0021","False","False","0","1/18/2021 12:23:00 AM","No Pedestrians Involved","Dry","No Unusual Conditions","Dark - Street Light","Violation Driver 2","Controls Functioning","Clear","Broadside","Intersection","Other Vehicle","Not Applicable","Not Applicable","At",""
"650410","CR-0000085503","0","1","0","0","21-018-0057","True","False","0","1/18/2021 1:38:00 AM","No Pedestrians Involved","Dry","No Unusual Conditions","Dark - Street Light","Violation Driver 1","No Controls Present/Factor","Clear","Hit Object","Intersection","Fixed Object","Not Applicable","Not Applicable","At","Median island"
"650411","CR-0000085507","0","0","0","0","21-018-0780","False","False","0","1/18/2021 7:04:00 PM","No Pedestrians Involved","Dry","No Unusual Conditions","Dark - Street Light","Violation Driver 1","No Controls Present/Factor","Clear","Rear End","Intersection","Other Vehicle","Not Applicable","Not Applicable","At",""
"678264","CR-0000087438","0","1","0","0","21-190-0679","False","False","0","7/9/2021 4:16:00 PM","No Pedestrians Involved","Dry","No Unusual Conditions","Daylight","Violation Driver 1","Controls Functioning","Clear","Vehicle/Bike","Intersection","Bike","Not Applicable","Not Applicable","At","Moto Unicycle Hover Board"
"678265","CR-0000087431","2","1","0","0","21-186-0303","False","False","62","7/5/2021 9:04:00 AM","No Pedestrians Involved","Dry","No Unusual Conditions","Daylight","Violation Driver 1","No Controls Present/Factor","Clear","Head On","Non-Related","Other Vehicle","Not Applicable","Not Applicable","East Of",""
"678266","CR-0000087441","1","0","0","0","21-193-0592","False","False","136","7/12/2021 3:24:00 PM","No Pedestrians Involved","Dry","No Unusual Conditions","Daylight","Violation Driver 1","No Controls Present/Factor","Clear","Rear End","Non-Related","Other Vehicle","Not Applicable","Not Applicable","North Of",""
"678267","CR-0000087434","0","1","0","0","21-188-0921","True","False","535","7/7/2021 6:36:00 PM","No Pedestrians Involved","Dry","No Unusual Conditions","Daylight","Violation Driver 1","No Controls Present/Factor","Clear","Head On","Non-Related","Fixed Object","Not Applicable","Not Applicable","West Of","Tree"
"678268","CR-0000087448","0","1","0","0","21-195-0224","False","False","0","7/14/2021 8:24:00 AM","In Road - Includes Shoulder","Dry","No Unusual Conditions","Daylight","Bike At Fault","Controls Functioning","Clear","Vehicle/Bike","Intersection","Bike","Not Applicable","Not Applicable","At","Bike"
"678269","CR-0000087437","0","0","0","0","21-189-1059","False","False","0","7/9/2021 12:03:00 AM","No Pedestrians Involved","Dry","No Unusual Conditions","Dark - Street Light","Unknown","Controls Functioning","Clear","Sideswipe","Intersection","Other Vehicle","Not Applicable","Not Applicable","At",""
"678270","CR-0000087436","0","0","0","0","21-189-0470","True","False","0","7/8/2021 1:19:00 PM","No Pedestrians Involved","Dry","Construction - Repair Zone","Daylight","Unknown","Controls Functioning","Clear","Hit Object","Intersection","Fixed Object","Not Applicable","Not Applicable","At","Traffic Barrier"
"678271","CR-0000087442","0","0","0","0","21-193-1017","True","False","23","7/12/2021 11:28:00 PM","No Pedestrians Involved","Dry","No Unusual Conditions","Dark - Street Light","Violation Driver 1","No Controls Present/Factor","Clear","Hit Object","Related","Other Object","Not Applicable","Not Applicable","South Of","Road Sign"
"678272","CR-0000087455","0","0","0","0","21-200-0448","True","False","0","7/19/2021 12:45:00 PM","Crossing In Crosswalk - At Intersection","Dry","No Unusual Conditions","Daylight","Violation Driver 1","Controls Functioning","Clear","Rear End","Intersection","Motor Vehicle On Other Roadway","Unknown","Unknown","At","City Vehicle PW"
"678273","CR-0000087450","0","0","0","0","21-195-0514","False","False","60","7/14/2021 12:43:00 PM","No Pedestrians Involved","Dry","No Unusual Conditions","Daylight","Violation Driver 1","Controls Functioning","Clear","Sideswipe","Non-Related","Other Vehicle","Not Applicable","Not Applicable","West Of",""
"678274","CR-0000087433","1","0","0","0","21-187-0958","False","False","36","7/6/2021 6:46:00 PM","No Pedestrians Involved","Dry","No Unusual Conditions","Daylight","Violation Driver 1","No Controls Present/Factor","Clear","Broadside","Related","Other Vehicle","Not Applicable","Not Applicable","South Of",""
"678275","CR-0000087446","1","0","0","0","21-194-0762","False","False","0","7/13/2021 5:17:00 PM","No Pedestrians Involved","Dry","No Unusual Conditions","Daylight","Violation Driver 1","Controls Functioning","Clear","Broadside","Intersection","Other Vehicle","Not Applicable","Not Applicable","At",""
"678276","CR-0000087457","0","0","0","1","21-237-0614","False","False","972","8/25/2021 3:46:00 PM","In Road - Includes Shoulder","Dry","No Unusual Conditions","Daylight","Violation Driver 1","No Controls Present/Factor","Clear","Vehicle/Pedestrian","Non-Related","Pedestrian","No Direction (Not Walking)","No Direction (Not Walking)","North Of","Delayed fatal 09/07/2021"
"650412","CR-0000085508","0","0","0","0","21-018-0922","True","False","123","1/18/2021 10:30:00 PM","No Pedestrians Involved","Dry","No Unusual Conditions","Dark - Street Light","Other Than Driver","Controls Functioning","Wind","Hit Object","Non-Related","Fixed Object","Not Applicable","Not Applicable","South Of","Tree. Wind blew a tree on to the road"
"650413","CR-0000085510","0","0","0","0","21-019-4002","False","True","51","1/19/2021 10:30:00 PM","No Pedestrians Involved","Unknown","Unknown","Unknown","Unknown","Unknown","Unknown","Other","Non-Related","Parked Vehicle","Not Applicable","Not Applicable","East Of",""
"650414","CR-0000085511","0","1","0","0","21-019-0230","False","False","17","1/19/2021 8:29:00 AM","No Pedestrians Involved","Dry","No Unusual Conditions","Daylight","Violation Driver 1","Controls Functioning","Clear","Rear End","Related","Other Vehicle","Not Applicable","Not Applicable","North Of",""
"650415","CR-0000085513","0","1","0","0","21-019-0522","True","False","656","1/19/2021 1:42:00 PM","No Pedestrians Involved","Dry","No Unusual Conditions","Daylight","Violation Driver 1","No Controls Present/Factor","Clear","Hit Object","Non-Related","Fixed Object","Not Applicable","Not Applicable","South Of","Light pole"
"650416","CR-0000085517","0","0","0","0","21-020-0265","False","False","380","1/20/2021 10:46:00 AM","No Pedestrians Involved","Dry","No Unusual Conditions","Daylight","Violation Driver 1","No Controls Present/Factor","Clear","Hit Object","Non-Related","Fixed Object","Not Applicable","Not Applicable","North Of","Wooden fence"
"650417","CR-0000085518","0","0","0","0","21-020-0412","False","False","250","1/20/2021 12:33:00 PM","No Pedestrians Involved","Dry","No Unusual Conditions","Daylight","Violation Driver 2","No Controls Present/Factor","Clear","Sideswipe","Non-Related","Motor Vehicle On Other Roadway","Not Applicable","Not Applicable","East Of",""
"650418","CR-0000085520","1","0","0","0","21-020-0858","True","False","322","1/20/2021 9:24:00 PM","No Pedestrians Involved","Dry","No Unusual Conditions","Dark - Street Light","Violation Driver 1","No Controls Present/Factor","Clear","Rear End","Non-Related","Other Vehicle","Not Applicable","Not Applicable","North Of","Light pole"
"650419","CR-0000085522","0","0","0","0","21-021-4000","False","True","0","1/21/2021 12:40:00 PM","No Pedestrians Involved","Unknown","Unknown","Daylight","Unknown","Unknown","Unknown","Sideswipe","Intersection","Other Vehicle","Not Applicable","Not Applicable","At",""
"650430","CR-0000085488","0","0","0","0","21-016-0702","False","False","0","1/16/2021 6:25:00 PM","No Pedestrians Involved","Dry","Unknown","Dark - Street Light","Violation Driver 1","Controls Functioning","Unknown","Broadside","Intersection","Other Vehicle","Not Applicable","Not Applicable","At",""
"650431","CR-0000085493","0","0","0","0","21-017-0251","False","False","326","1/17/2021 9:40:00 AM","No Pedestrians Involved","Dry","No Unusual Conditions","Daylight","Violation Driver 1","Controls Functioning","Clear","Head On","Non-Related","Parked Vehicle","Not Applicable","Not Applicable","West Of",""
"650432","CR-0000085494","1","0","1","0","21-017-0317","False","False","0","1/17/2021 11:10:00 AM","No Pedestrians Involved","Dry","No Unusual Conditions","Daylight","Violation Driver 1","Controls Functioning","Clear","Sideswipe","Intersection","Other Vehicle","Not Applicable","Not Applicable","At",""
"650433","CR-0000085495","1","0","0","0","21-017-0435","False","False","38","1/17/2021 1:41:00 PM","No Pedestrians Involved","Dry","No Unusual Conditions","Dusk - Dawn","Violation Driver 1","Controls Functioning","Clear","Rear End","Related","Other Vehicle","Not Applicable","Not Applicable","East Of",""
"650434","CR-0000085496","2","1","2","0","21-017-0650","False","False","0","1/17/2021 6:29:00 PM","No Pedestrians Involved","Dry","No Unusual Conditions","Dark - No Street Light","Violation Driver 1","Controls Functioning","Clear","Sideswipe","Intersection","Other Vehicle","Not Applicable","Not Applicable","At",""
"678277","CR-0000087459","0","1","0","0","21-183-0884","False","False","39","7/2/2021 8:20:00 PM","No Pedestrians Involved","Dry","No Unusual Conditions","Dark - Street Light","Bike At Fault","No Controls Present/Factor","Clear","Vehicle/Bike","Related","Bike","Not Applicable","Not Applicable","South Of",""
"678280","CR-0000087461","0","0","0","0","21-243-4004","False","True","51","8/31/2021 7:00:00 AM","No Pedestrians Involved","Unknown","Unknown","Daylight","Unknown","Unknown","Unknown","Sideswipe","Non-Related","Parked Vehicle","Not Applicable","Not Applicable","West Of",""
"678281","CR-0000087462","3","0","0","0","21-219-0179","False","False","0","8/7/2021 4:35:00 AM","No Pedestrians Involved","Dry","No Unusual Conditions","Dark - Street Light","Violation Driver 1","Controls Functioning","Clear","Broadside","Intersection","Other Vehicle","Not Applicable","Not Applicable","At",""
"678282","CR-0000087463","0","0","0","0","21-222-9707","False","True","","7/29/2021 4:15:00 PM","No Pedestrians Involved","Unknown","Unknown","Daylight","Unknown","Unknown","Clear","Rear End","Related","Other Vehicle","Not Applicable","Not Applicable","Unknown",""
"678283","CR-0000087464","0","0","0","0","21-220-0129","False","False","160","8/8/2021 2:05:00 AM","No Pedestrians Involved","Dry","No Unusual Conditions","Dark - Street Light","Violation Driver 1","Controls Functioning","Clear","Sideswipe","Non-Related","Parked Vehicle","Not Applicable","Not Applicable","East Of",""
"678284","CR-0000087465","0","0","0","0","21-221-9708","False","False","","8/8/2021 3:00:00 AM","No Pedestrians Involved","Dry","No Unusual Conditions","Dark - Street Light","Unknown","No Controls Present/Factor","Clear","Rear End","Related","Parked Vehicle","Not Applicable","Not Applicable","South Of",""
"678285","CR-0000087466","0","1","0","0","21-220-0252","False","False","234","8/8/2021 5:47:00 AM","No Pedestrians Involved","Dry","No Unusual Conditions","Dusk - Dawn","Violation Driver 1","No Controls Present/Factor","Clear","Hit Object","Non-Related","Fixed Object","Not Applicable","Not Applicable","North Of","Retaining wall"
"678286","CR-0000087467","1","0","0","0","21-220-0255","False","False","369","8/8/2021 5:49:00 AM","No Pedestrians Involved","Dry","No Unusual Conditions","Dusk - Dawn","Violation Driver 1","No Controls Present/Factor","Clear","Rear End","Non-Related","Parked Vehicle","Not Applicable","Not Applicable","South Of",""
"678287","CR-0000087469","0","0","0","0","21-220-0507","False","False","0","8/8/2021 12:53:00 PM","No Pedestrians Involved","Dry","No Unusual Conditions","Daylight","Violation Driver 1","Controls Functioning","Clear","Hit Object","Intersection","Fixed Object","Not Applicable","Not Applicable","At","VTA signal pole"
"678288","CR-0000087470","0","0","0","0","21-220-0908","False","False","44","8/8/2021 9:33:00 PM","No Pedestrians Involved","Dry","No Unusual Conditions","Dark - Street Light","Violation Driver 1","No Controls Present/Factor","Clear","Sideswipe","Related","Parked Vehicle","Not Applicable","Not Applicable","East Of",""
"678289","CR-0000087468","0","0","0","0","21-220-0260","True","False","0","8/8/2021 5:55:00 AM","No Pedestrians Involved","Dry","No Unusual Conditions","Dusk - Dawn","Violation Driver 1","No Controls Present/Factor","Clear","Rear End","Intersection","Parked Vehicle","Not Applicable","Not Applicable","At","Tree"
"678290","CR-0000087471","0","0","0","0","21-220-0518","False","False","30","8/8/2021 1:15:00 PM","No Pedestrians Involved","Dry","No Unusual Conditions","Daylight","Violation Driver 1","Unknown","Clear","Rear End","Related","Parked Vehicle","Not Applicable","Not Applicable","West Of",""
"678291","CR-0000087472","0","0","0","0","21-220-0565","False","False","68","8/8/2021 2:16:00 PM","No Pedestrians Involved","Dry","No Unusual Conditions","Daylight","Violation Driver 1","Controls Functioning","Clear","Sideswipe","Non-Related","Other Vehicle","Not Applicable","Not Applicable","West Of",""
"678292","CR-0000087473","1","0","1","0","21-220-0844","False","False","0","8/8/2021 7:55:00 PM","No Pedestrians Involved","Dry","No Unusual Conditions","Dusk - Dawn","Violation Driver 1","No Controls Present/Factor","Clear","Hit Object","Intersection","Fixed Object","Not Applicable","Not Applicable","At","Fence"
"650478","CR-0000085457","2","0","0","0","21-013-0394","False","False","400","1/13/2021 11:44:00 AM","No Pedestrians Involved","Dry","No Unusual Conditions","Daylight","Violation Driver 1","No Controls Present/Factor","Clear","Rear End","Non-Related","Other Vehicle","Not Applicable","Not Applicable","East Of",""
"650479","CR-0000085462","0","0","0","0","21-013-0695","False","False","51","1/13/2021 5:07:00 PM","No Pedestrians Involved","Dry","No Unusual Conditions","Dusk - Dawn","Violation Driver 1","Controls Functioning","Clear","Rear End","Non-Related","Other Vehicle","Not Applicable","Not Applicable","North Of",""
"650480","CR-0000085467","0","0","1","0","21-013-0886","False","False","30","1/13/2021 9:24:00 PM","No Pedestrians Involved","Dry","No Unusual Conditions","Dark - Street Light","Violation Driver 1","No Controls Present/Factor","Clear","Rear End","Related","Motorcycle","Not Applicable","Not Applicable","East Of",""
"650481","CR-0000085471","0","1","0","0","21-014-0312","False","False","0","1/14/2021 10:51:00 AM","No Pedestrians Involved","Dry","No Unusual Conditions","Daylight","Violation Driver 1","Controls Functioning","Clear","Broadside","Intersection","Other Vehicle","Not Applicable","Not Applicable","At",""
"650482","CR-0000085473","2","0","0","0","21-014-0329","False","False","51","1/14/2021 11:27:00 AM","No Pedestrians Involved","Dry","No Unusual Conditions","Daylight","Violation Driver 1","No Controls Present/Factor","Clear","Sideswipe","Non-Related","Other Vehicle","Not Applicable","Not Applicable","West Of",""
"650483","CR-0000085475","0","0","0","0","21-014-0574","False","False","","1/14/2021 3:35:00 PM","No Pedestrians Involved","Dry","No Unusual Conditions","Daylight","Violation Driver 1","Controls Functioning","Clear","Sideswipe","Related","Other Vehicle","Not Applicable","Not Applicable","South Of",""
"650484","CR-0000085476","0","0","0","0","21-014-0609","False","False","184","1/14/2021 4:10:00 PM","No Pedestrians Involved","Dry","No Unusual Conditions","Daylight","Violation Driver 1","Controls Functioning","Clear","Broadside","Non-Related","Parked Vehicle","Not Applicable","Not Applicable","North Of",""
"650501","CR-0000085484","0","0","0","0","21-016-0261","True","False","30","1/15/2021 8:00:00 PM","No Pedestrians Involved","Dry","No Unusual Conditions","Dark - Street Light","Violation Driver 1","No Controls Present/Factor","Clear","Hit Object","Related","Fixed Object","Not Applicable","Not Applicable","South Of",""
"650502","CR-0000085486","0","0","0","0","21-015-0493","False","False","75","1/15/2021 2:09:00 PM","No Pedestrians Involved","Dry","No Unusual Conditions","Daylight","Violation Driver 1","No Controls Present/Factor","Clear","Hit Object","Non-Related","Fixed Object","Not Applicable","Not Applicable","West Of","Wall"
"650503","CR-0000085491","1","0","0","0","21-016-0808","False","False","0","1/16/2021 8:24:00 PM","No Pedestrians Involved","Dry","No Unusual Conditions","Dark - Street Light","Bike At Fault","No Controls Present/Factor","Clear","Vehicle/Bike","Intersection","Bike","Not Applicable","Not Applicable","At",""
"650504","CR-0000085499","0","0","0","0","21-018-4000","False","True","","1/17/2021 8:00:00 PM","No Pedestrians Involved","Unknown","Unknown","Unknown","Unknown","Unknown","Unknown","Sideswipe","Related","Parked Vehicle","Not Applicable","Not Applicable","South Of",""
"650505","CR-0000085505","0","0","0","0","21-018-0674","False","False","0","1/18/2021 5:08:00 PM","No Pedestrians Involved","Dry","No Unusual Conditions","Daylight","Violation Driver 1","No Controls Present/Factor","Clear","Broadside","Intersection","Other Vehicle","Not Applicable","Not Applicable","At",""
"650506","CR-0000085515","0","0","0","0","21-020-0106","True","False","18","1/20/2021 5:25:00 AM","No Pedestrians Involved","Dry","No Unusual Conditions","Dark - Street Light","Violation Driver 1","Controls Functioning","Clear","Hit Object","Related","Fixed Object","Not Applicable","Not Applicable","South Of",""
"650520","CR-0000085524","0","0","0","0","21-021-0167","False","False","315","1/21/2021 8:12:00 AM","No Pedestrians Involved","Dry","No Unusual Conditions","Dark - Street Light","Violation Driver 1","No Controls Present/Factor","Clear","Sideswipe","Non-Related","Other Vehicle","Not Applicable","Not Applicable","East Of",""
"678293","CR-0000087474","1","0","0","0","21-220-0025","False","False","22","8/8/2021 12:14:00 AM","No Pedestrians Involved","Dry","No Unusual Conditions","Dark - Street Light","Violation Driver 1","Controls Functioning","Clear","Rear End","Related","Other Vehicle","Not Applicable","Not Applicable","East Of",""
"678294","CR-0000087475","1","0","0","0","21-220-0761","False","False","0","8/8/2021 6:24:00 PM","No Pedestrians Involved","Dry","No Unusual Conditions","Daylight","Unknown","Controls Functioning","Clear","Rear End","Intersection","Other Vehicle","Not Applicable","Not Applicable","At",""
"678295","CR-0000087476","4","0","0","0","21-220-0862","False","False","0","8/8/2021 8:20:00 PM","No Pedestrians Involved","Dry","No Unusual Conditions","Daylight","Violation Driver 1","Controls Functioning","Clear","Rear End","Intersection","Other Vehicle","Not Applicable","Not Applicable","At",""
"678296","CR-0000087477","0","1","0","0","21-220-0982","False","False","0","8/8/2021 10:59:00 PM","No Pedestrians Involved","Dry","No Unusual Conditions","Dark - Street Light","Violation Driver 1","Controls Functioning","Clear","Broadside","Intersection","Other Vehicle","Not Applicable","Not Applicable","At",""
"678297","CR-0000087478","0","0","1","0","21-204-0551","False","False","104","7/23/2021 3:17:00 PM","No Pedestrians Involved","Dry","No Unusual Conditions","Daylight","Violation Driver 1","No Controls Present/Factor","Clear","Sideswipe","Non-Related","Parked Vehicle","Not Applicable","Not Applicable","West Of",""
"678298","CR-0000087479","1","0","0","0","21-204-0718","False","False","60","7/23/2021 6:15:00 PM","No Pedestrians Involved","Dry","No Unusual Conditions","Daylight","Violation Driver 1","No Controls Present/Factor","Clear","Sideswipe","Non-Related","Parked Vehicle","Not Applicable","Not Applicable","East Of",""