"CrashFactId","Name","MinorInjuries","ModerateInjuries","SevereInjuries","FatalInjuries","TcrNumber","CityDamageFlag","ShortFormFlag","Distance","CrashDateTime","PedestrianAction","RoadwaySurface","RoadwayCondition","Lighting","PrimaryCollisionFactor","TrafficControl","Weather","CollisionType","ProximityToIntersection","VehicleInvolvedWith","PedestrianDirectionFrom","PedestrianDirectionTo","DirectionFromIntersection","Comment"
"650741","CR-0000085586","1","0","0","0","21-025-0481","False","False","0","1/25/2021 1:18:00 PM","No Pedestrians Involved","Dry","No Unusual Conditions","Daylight","Violation Driver 1","Controls Functioning","Clear","Rear End","Intersection","Other Vehicle","Not Applicable","Not Applicable","At",""
"650742","CR-0000085594","1","0","0","0","21-026-0488","True","False","0","1/26/2021 3:05:00 PM","No Pedestrians Involved","Wet","No Unusual Conditions","Daylight","Violation Driver 1","Controls Functioning","Rain","Broadside","Intersection","Other Vehicle","Not Applicable","Not Applicable","At","Street sign"
"650743","CR-0000085595","2","0","0","0","21-026-0496","False","False","0","1/26/2021 3:10:00 PM","No Pedestrians Involved","Wet","No Unusual Conditions","Daylight","Violation Driver 1","Controls Functioning","Rain","Broadside","Intersection","Other Vehicle","Not Applicable","Not Applicable","At",""
"650744","CR-0000085599","0","0","0","0","21-027-0032","True","False","390","1/27/2021 12:52:00 AM","No Pedestrians Involved","Wet","No Unusual Conditions","Dark - Street Light Not Functioning","Violation Driver 1","Controls Functioning","Rain","Hit Object","Non-Related","Fixed Object","Not Applicable","Not Applicable","North Of","Tree"
"650745","CR-0000085601","1","0","0","0","21-027-0166","False","False","0","1/27/2021 8:00:00 AM","No Pedestrians Involved","Wet","Other","Daylight","Violation Driver 1","Controls Not Functioning","Rain","Broadside","Intersection","Other Vehicle","Not Applicable","Not Applicable","At",""
"650746","CR-0000085605","0","0","0","0","21-027-0757","False","False","0","1/27/2021 7:03:00 PM","No Pedestrians Involved","Wet","No Unusual Conditions","Dark - Street Light","Violation Driver 1","No Controls Present/Factor","Rain","Broadside","Intersection","Other Vehicle","Not Applicable","Not Applicable","At",""
"650747","CR-0000085583","0","0","0","0","21-025-9703","False","True","51","1/25/2021 6:52:00 AM","No Pedestrians Involved","Dry","No Unusual Conditions","Dark - Street Light","Unknown","Controls Functioning","Clear","Other","Non-Related","Parked Vehicle","Not Applicable","Not Applicable","South Of",""
"678349","CR-0000087530","1","0","0","0","21-185-9701","False","False","0","7/3/2021 10:45:00 AM","No Pedestrians Involved","Dry","No Unusual Conditions","Daylight","Unknown","Controls Functioning","Clear","Rear End","Intersection","Other Vehicle","Not Applicable","Not Applicable","At",""
"678350","CR-0000087531","0","0","0","0","21-184-1009","False","False","0","7/3/2021 9:50:00 PM","No Pedestrians Involved","Dry","No Unusual Conditions","Dark - Street Light","Violation Driver 1","Controls Functioning","Clear","Broadside","Intersection","Other Vehicle","Not Applicable","Not Applicable","At",""
"678351","CR-0000087532","1","0","0","0","21-184-0546","False","False","498","7/3/2021 3:11:00 PM","No Pedestrians Involved","Dry","No Unusual Conditions","Daylight","Violation Driver 1","No Controls Present/Factor","Clear","Head On","Non-Related","Other Vehicle","Not Applicable","Not Applicable","North Of",""
"678352","CR-0000087533","1","0","0","0","21-184-0975","False","False","0","7/3/2021 9:58:00 PM","No Pedestrians Involved","Dry","No Unusual Conditions","Dark - Street Light","Violation Driver 1","No Controls Present/Factor","Clear","Broadside","Intersection","Other Vehicle","Not Applicable","Not Applicable","At",""
"678353","CR-0000087534","0","0","0","0","21-186-4000","False","True","","7/4/2021 8:05:00 PM","No Pedestrians Involved","Unknown","Unknown","Unknown","Unknown","Unknown","Unknown","Sideswipe","Related","Other Vehicle","Not Applicable","Not Applicable","North Of",""
"678354","CR-0000087535","1","0","0","0","21-185-1118","False","False","0","7/4/2021 10:03:00 PM","No Pedestrians Involved","Dry","No Unusual Conditions","Dark - Street Light","Violation Driver 1","No Controls Present/Factor","Clear","Rear End","Intersection","Other Vehicle","Not Applicable","Not Applicable","At",""
"678355","CR-0000087536","0","0","0","0","21-185-0375","False","False","88","7/4/2021 6:57:00 PM","No Pedestrians Involved","Dry","No Unusual Conditions","Daylight","Violation Driver 1","Controls Functioning","Clear","Broadside","Non-Related","Parked Vehicle","Not Applicable","Not Applicable","East Of",""
"678356","CR-0000087537","0","0","0","0","21-186-4001","False","True","0","7/5/2021 9:55:00 PM","No Pedestrians Involved","Unknown","Unknown","Unknown","Unknown","Unknown","Unknown","Broadside","Intersection","Other Vehicle","Not Applicable","Not Applicable","At",""
"678357","CR-0000087538","0","0","0","0","21-187-0014","False","False","270","7/6/2021 12:12:00 AM","No Pedestrians Involved","Dry","No Unusual Conditions","Dark - Street Light","Violation Driver 1","No Controls Present/Factor","Clear","Head On","Non-Related","Parked Vehicle","Not Applicable","Not Applicable","East Of",""
"678358","CR-0000087539","0","0","1","0","21-187-1137","False","False","0","7/6/2021 10:05:00 PM","Crossing In Crosswalk - At Intersection","Dry","No Unusual Conditions","Dark - Street Light","Violation Driver 1","Controls Functioning","Clear","Vehicle/Pedestrian","Intersection","Pedestrian","West","East","At",""
"678359","CR-0000087540","0","0","0","0","21-187-0616","False","False","0","7/6/2021 3:02:00 PM","No Pedestrians Involved","Dry","No Unusual Conditions","Daylight","Violation Driver 1","Controls Functioning","Clear","Rear End","Intersection","Other Vehicle","Not Applicable","Not Applicable","At",""
"678360","CR-0000087541","0","0","0","0","21-187-0744","False","False","0","7/6/2021 3:46:00 PM","No Pedestrians Involved","Dry","No Unusual Conditions","Daylight","Violation Driver 1","Controls Functioning","Clear","Rear End","Intersection","Other Vehicle","Not Applicable","Not Applicable","At",""
"678361","CR-0000087542","0","0","0","0","21-189-0687","False","False","0","7/8/2021 5:09:00 PM","No Pedestrians Involved","Dry","No Unusual Conditions","Daylight","Violation Driver 1","No Controls Present/Factor","Clear","Sideswipe","Intersection","Other Vehicle","Not Applicable","Not Applicable","At",""
"678362","CR-0000087543","1","0","0","0","21-189-1027","False","False","44","7/8/2021 11:10:00 PM","No Pedestrians Involved","Dry","No Unusual Conditions","Dark - Street Light","Violation Driver 1","Controls Functioning","Clear","Broadside","Related","Motorcycle","Not Applicable","Not Applicable","West Of",""
"650748","CR-0000085584","0","0","0","0","21-025-0308","False","False","0","1/25/2021 10:25:00 AM","No Pedestrians Involved","Dry","No Unusual Conditions","Dark - Street Light","Unknown","Controls Functioning","Clear","Sideswipe","Intersection","Other Vehicle","Not Applicable","Not Applicable","At",""
"650749","CR-0000085587","0","0","0","0","21-025-0517","False","False","43","1/25/2021 1:54:00 PM","No Pedestrians Involved","Dry","No Unusual Conditions","Daylight","Violation Driver 1","No Controls Present/Factor","Clear","Sideswipe","Related","Other Vehicle","Not Applicable","Not Applicable","South Of",""
"650750","CR-0000085588","0","1","0","0","21-025-0598","False","False","130","1/25/2021 3:10:00 PM","Not In Road","Dry","No Unusual Conditions","Daylight","Violation Driver 1","No Controls Present/Factor","Cloudy","Vehicle/Pedestrian","Non-Related","Scooter Non-Motorized","South","North","South Of",""
"650751","CR-0000085591","1","0","0","0","21-026-4000","False","True","51","1/25/2021 4:05:00 PM","No Pedestrians Involved","Unknown","Unknown","Daylight","Unknown","Unknown","Unknown","Sideswipe","Non-Related","Other Vehicle","Not Applicable","Not Applicable","West Of",""
"650752","CR-0000085596","1","0","0","0","21-026-0865","False","False","0","1/26/2021 10:51:00 PM","No Pedestrians Involved","Wet","No Unusual Conditions","Dark - Street Light","Unknown","Controls Functioning","Rain","Broadside","Intersection","Other Vehicle","Not Applicable","Not Applicable","At",""
"650753","CR-0000085609","0","0","1","0","21-028-0678","False","False","0","1/28/2021 6:09:00 PM","Crossing In Crosswalk - At Intersection","Wet","No Unusual Conditions","Dark - Street Light","Pedestrian At Fault","Controls Functioning","Rain","Vehicle/Pedestrian","Intersection","Pedestrian","East","West","At",""
"650754","CR-0000085613","0","0","0","0","21-029-0167","False","False","0","1/29/2021 7:01:00 AM","No Pedestrians Involved","Dry","No Unusual Conditions","Daylight","Violation Driver 1","Controls Functioning","Clear","Hit Object","Intersection","Fixed Object","Not Applicable","Not Applicable","At","Curb"
"650755","CR-0000085619","0","0","0","0","21-028-0337","False","False","","1/28/2021 11:36:00 AM","No Pedestrians Involved","Wet","No Unusual Conditions","Daylight","Violation Driver 1","Controls Not Functioning","Rain","Rear End","Related","Other Vehicle","Not Applicable","Not Applicable","East Of",""
"650756","CR-0000085620","1","0","0","0","21-028-0434","False","False","36","1/28/2021 1:30:00 PM","No Pedestrians Involved","Wet","No Unusual Conditions","Daylight","Violation Driver 1","No Controls Present/Factor","Rain","Rear End","Related","Other Vehicle","Not Applicable","Not Applicable","East Of",""
"650761","CR-0000085606","0","0","0","0","21-033-9706","False","True","0","1/28/2021 1:30:00 PM","No Pedestrians Involved","Dry","Unknown","Daylight","Unknown","Controls Functioning","Clear","Head On","Intersection","Other Vehicle","Not Applicable","Not Applicable","At",""
"650762","CR-0000085607","2","0","0","0","21-028-0127","False","False","0","1/28/2021 5:48:00 AM","No Pedestrians Involved","Wet","No Unusual Conditions","Dark - Street Light","Violation Driver 1","Controls Functioning","Rain","Broadside","Intersection","Other Vehicle","Not Applicable","Not Applicable","At",""
"650763","CR-0000085611","0","0","0","0","21-029-0088","False","False","110","1/29/2021 1:45:00 AM","No Pedestrians Involved","Wet","No Unusual Conditions","Dark - Street Light","Violation Driver 1","No Controls Present/Factor","Rain","Other","Non-Related","Parked Vehicle","Not Applicable","Not Applicable","South Of",""
"650764","CR-0000085615","2","0","0","0","21-030-0344","False","False","0","1/30/2021 10:55:00 AM","No Pedestrians Involved","Dry","No Unusual Conditions","Daylight","Violation Driver 1","Controls Functioning","Clear","Head On","Intersection","Other Vehicle","Not Applicable","Not Applicable","At",""
"650765","CR-0000085617","0","0","0","1","21-035-0041","True","False","616","2/4/2021 12:15:00 AM","No Pedestrians Involved","Dry","No Unusual Conditions","Dark - Street Light","Violation Driver 1","No Controls Present/Factor","Clear","Hit Object","Non-Related","Fixed Object","Not Applicable","Not Applicable","East Of","Tree and center median"
"678363","CR-0000087544","0","0","0","0","21-190-0492","False","False","28","7/9/2021 12:30:00 PM","No Pedestrians Involved","Dry","No Unusual Conditions","Daylight","Violation Driver 1","Controls Functioning","Clear","Broadside","Related","Other Vehicle","Not Applicable","Not Applicable","South Of",""
"678364","CR-0000087545","0","0","0","0","21-190-0867","False","False","32","7/9/2021 6:00:00 PM","No Pedestrians Involved","Dry","No Unusual Conditions","Daylight","Violation Driver 1","No Controls Present/Factor","Clear","Rear End","Related","Parked Vehicle","Not Applicable","Not Applicable","North Of",""
"678365","CR-0000087547","0","0","0","0","21-193-4002","False","True","51","7/9/2021 6:28:00 PM","No Pedestrians Involved","Unknown","Unknown","Dusk - Dawn","Unknown","Unknown","Unknown","Rear End","Non-Related","Parked Vehicle","Not Applicable","Not Applicable","East Of",""
"678366","CR-0000087546","0","0","0","0","21-190-4001","False","True","","7/9/2021 12:35:00 PM","No Pedestrians Involved","Unknown","Unknown","Daylight","Unknown","Unknown","Unknown","Other","Related","Parked Vehicle","Not Applicable","Not Applicable","Unknown",""
"678367","CR-0000087548","0","0","0","0","21-191-4004","False","True","0","7/10/2021 3:05:00 PM","No Pedestrians Involved","Unknown","Unknown","Daylight","Unknown","Unknown","Unknown","Sideswipe","Intersection","Other Vehicle","Not Applicable","Not Applicable","At",""
"678368","CR-0000087549","1","0","0","0","21-191-0887","False","False","0","7/10/2021 8:48:00 PM","No Pedestrians Involved","Dry","No Unusual Conditions","Dark - Street Light","Violation Driver 1","No Controls Present/Factor","Clear","Rear End","Intersection","Other Vehicle","Not Applicable","Not Applicable","At",""
"678369","CR-0000087550","0","1","1","0","21-192-1009","False","False","23","7/11/2021 11:55:00 PM","No Pedestrians Involved","Dry","No Unusual Conditions","Dark - Street Light","Violation Driver 1","No Controls Present/Factor","Clear","Broadside","Related","Other Vehicle","Not Applicable","Not Applicable","North Of",""
"678370","CR-0000087551","0","0","0","0","21-193-4004","False","True","51","7/11/2021 10:30:00 PM","No Pedestrians Involved","Unknown","Unknown","Unknown","Unknown","Unknown","Unknown","Other","Non-Related","Parked Vehicle","Not Applicable","Not Applicable","West Of",""
"678371","CR-0000087552","1","0","0","0","21-192-0802","False","False","0","7/11/2021 8:07:00 PM","No Pedestrians Involved","Dry","No Unusual Conditions","Daylight","Violation Driver 1","Controls Functioning","Clear","Sideswipe","Intersection","Motor Vehicle On Other Roadway","Not Applicable","Not Applicable","At",""
"678372","CR-0000087553","0","0","1","0","21-192-0682","False","False","0","7/11/2021 5:44:00 PM","No Pedestrians Involved","Dry","No Unusual Conditions","Daylight","Unknown","Controls Functioning","Clear","Broadside","Intersection","Motorcycle","Not Applicable","Not Applicable","At",""
"678373","CR-0000087554","0","0","0","0","21-193-0045","False","False","180","7/12/2021 12:50:00 AM","No Pedestrians Involved","Dry","No Unusual Conditions","Dark - Street Light","Violation Driver 1","No Controls Present/Factor","Clear","Sideswipe","Non-Related","Parked Vehicle","Not Applicable","Not Applicable","South Of",""
"678374","CR-0000087555","0","0","0","0","21-193-0961","False","False","68","7/12/2021 10:19:00 PM","No Pedestrians Involved","Dry","No Unusual Conditions","Dark - Street Light","Violation Driver 1","Unknown","Clear","Sideswipe","Non-Related","Parked Vehicle","Not Applicable","Not Applicable","South Of",""
"678375","CR-0000087557","0","0","0","0","21-194-0924","False","False","0","7/13/2021 7:36:00 PM","No Pedestrians Involved","Dry","No Unusual Conditions","Dark - Street Light","Violation Driver 1","Controls Functioning","Clear","Hit Object","Intersection","Fixed Object","Not Applicable","Not Applicable","At","VTA traffic pole"
"678376","CR-0000087556","0","0","0","0","21-194-1008","True","False","0","7/13/2021 9:22:00 PM","No Pedestrians Involved","Dry","No Unusual Conditions","Dark - Street Light","Violation Driver 1","No Controls Present/Factor","Clear","Rear End","Intersection","Other Vehicle","Not Applicable","Not Applicable","At","Tree"
"650766","CR-0000085624","0","0","0","0","21-029-0296","False","False","200","1/29/2021 10:20:00 AM","No Pedestrians Involved","Dry","No Unusual Conditions","Daylight","Violation Driver 1","No Controls Present/Factor","Clear","Sideswipe","Non-Related","Other Vehicle","Not Applicable","Not Applicable","West Of",""
"650767","CR-0000085627","0","0","0","0","21-030-0366","False","False","420","1/29/2021 10:20:00 AM","No Pedestrians Involved","Dry","No Unusual Conditions","Daylight","Violation Driver 1","Controls Functioning","Clear","Sideswipe","Non-Related","Parked Vehicle","Not Applicable","Not Applicable","South Of",""
"650802","CR-0000085623","1","0","0","0","21-029-0204","False","False","0","1/29/2021 8:13:00 AM","No Pedestrians Involved","Dry","No Unusual Conditions","Daylight","Violation Driver 1","Controls Not Functioning","Clear","Broadside","Intersection","Other Vehicle","Not Applicable","Not Applicable","At",""
"650803","CR-0000085565","0","0","0","0","21-023-0901","False","False","51","1/23/2021 10:25:00 PM","No Pedestrians Involved","Dry","No Unusual Conditions","Dark - Street Light","Violation Driver 1","No Controls Present/Factor","Clear","Head On","Non-Related","Parked Vehicle","Not Applicable","Not Applicable","South Of",""
"650804","CR-0000085576","0","1","0","0","21-024-0708","False","False","312","1/24/2021 8:28:00 PM","No Pedestrians Involved","Wet","No Unusual Conditions","Dark - Street Light","Violation Driver 1","No Controls Present/Factor","Rain","Hit Object","Non-Related","Fixed Object","Not Applicable","Not Applicable","East Of","Power pole"
"650805","CR-0000085581","0","0","0","0","21-024-4001","False","True","0","1/24/2021 1:49:00 AM","No Pedestrians Involved","Unknown","Unknown","Unknown","Unknown","Unknown","Unknown","Rear End","Intersection","Parked Vehicle","Not Applicable","Not Applicable","At","Two parked cars were hit."
"650806","CR-0000085604","0","0","0","0","21-027-0693","False","False","150","1/27/2021 5:50:00 PM","No Pedestrians Involved","Wet","No Unusual Conditions","Dark - Street Light","Unknown","No Controls Present/Factor","Rain","Head On","Non-Related","Other Vehicle","Not Applicable","Not Applicable","South Of",""
"650807","CR-0000085614","0","0","0","0","21-029-4000","False","True","51","1/29/2021 6:06:00 AM","No Pedestrians Involved","Unknown","Unknown","Dusk - Dawn","Unknown","Unknown","Unknown","Rear End","Non-Related","Parked Vehicle","Not Applicable","Not Applicable","North Of",""
"650808","CR-0000085629","2","0","0","0","21-029-0321","False","False","0","1/29/2021 10:50:00 AM","No Pedestrians Involved","Dry","No Unusual Conditions","Daylight","Violation Driver 1","Controls Functioning","Clear","Other","Intersection","Other Vehicle","Not Applicable","Not Applicable","At",""
"650809","CR-0000085633","0","0","0","0","21-029-0533","False","False","16","1/29/2021 2:24:00 PM","No Pedestrians Involved","Dry","No Unusual Conditions","Daylight","Violation Driver 1","No Controls Present/Factor","Clear","Head On","Related","Other Vehicle","Not Applicable","Not Applicable","South Of",""
"650810","CR-0000085544","0","0","0","0","21-021-0253","False","False","36","1/21/2021 10:20:00 AM","No Pedestrians Involved","Dry","No Unusual Conditions","Daylight","Violation Driver 1","Controls Functioning","Clear","Rear End","Related","Motor Vehicle On Other Roadway","Not Applicable","Not Applicable","South Of",""
"650811","CR-0000085545","1","0","0","0","21-021-0827","False","False","24","1/21/2021 10:17:00 PM","No Pedestrians Involved","Dry","Construction - Repair Zone","Dark - Street Light","Violation Driver 1","Controls Functioning","Clear","Rear End","Related","Other Vehicle","Not Applicable","Not Applicable","East Of",""
"650812","CR-0000085549","0","0","0","0","21-024-9701","False","True","51","1/22/2021 3:00:00 PM","No Pedestrians Involved","Wet","No Unusual Conditions","Daylight","Unknown","No Controls Present/Factor","Rain","Broadside","Non-Related","Parked Vehicle","Not Applicable","Not Applicable","Unknown",""
"650813","CR-0000085551","0","0","0","0","21-022-0638","False","False","100","1/22/2021 5:48:00 PM","No Pedestrians Involved","Wet","No Unusual Conditions","Dark - Street Light","Violation Driver 1","No Controls Present/Factor","Cloudy","Broadside","Non-Related","Other Vehicle","Not Applicable","Not Applicable","North Of",""
"678377","CR-0000087558","0","1","0","0","21-194-0654","False","False","0","7/13/2021 3:36:00 PM","No Pedestrians Involved","Dry","No Unusual Conditions","Daylight","Violation Driver 1","Controls Functioning","Clear","Broadside","Intersection","Other Vehicle","Not Applicable","Not Applicable","At",""
"678378","CR-0000087559","0","0","0","0","21-194-0128","True","False","0","7/13/2021 5:47:00 AM","No Pedestrians Involved","Dry","No Unusual Conditions","Dusk - Dawn","Violation Driver 1","No Controls Present/Factor","Clear","Hit Object","Intersection","Fixed Object","Not Applicable","Not Applicable","At","Tree"
"678379","CR-0000087560","0","0","0","0","21-194-0840","False","False","0","7/13/2021 6:20:00 PM","No Pedestrians Involved","Dry","No Unusual Conditions","Daylight","Violation Driver 1","Controls Functioning","Clear","Rear End","Intersection","Other Vehicle","Not Applicable","Not Applicable","At",""
"678380","CR-0000087561","1","0","0","0","21-194-0297","False","False","42","7/13/2021 9:25:00 AM","No Pedestrians Involved","Dry","No Unusual Conditions","Daylight","Violation Driver 1","Controls Functioning","Clear","Rear End","Related","Other Vehicle","Not Applicable","Not Applicable","North Of",""
"678381","CR-0000087562","0","1","0","0","21-194-0559","False","False","0","7/13/2021 1:33:00 PM","No Pedestrians Involved","Dry","No Unusual Conditions","Daylight","Unknown","Controls Functioning","Clear","Vehicle/Bike","Intersection","Bike","Not Applicable","Not Applicable","At",""
"678382","CR-0000087563","0","0","0","0","21-198-0018","True","False","0","7/17/2021 12:21:00 AM","No Pedestrians Involved","Dry","No Unusual Conditions","Dark - Street Light","Violation Driver 1","No Controls Present/Factor","Clear","Hit Object","Intersection","Fixed Object","Not Applicable","Not Applicable","At","Light pole"
"678383","CR-0000087564","0","1","0","0","21-198-1075","True","False","303","7/17/2021 11:54:00 PM","No Pedestrians Involved","Dry","No Unusual Conditions","Dark - Street Light","Violation Driver 1","No Controls Present/Factor","Clear","Hit Object","Non-Related","Fixed Object","Not Applicable","Not Applicable","South Of","Curb"
"678384","CR-0000087565","0","0","0","0","21-198-1063","False","False","0","7/17/2021 11:41:00 PM","No Pedestrians Involved","Dry","No Unusual Conditions","Dark - Street Light","Violation Driver 1","No Controls Present/Factor","Clear","Rear End","Intersection","Parked Vehicle","Not Applicable","Not Applicable","At",""
"678385","CR-0000087566","0","0","0","0","21-198-1049","False","False","0","7/17/2021 11:32:00 PM","No Pedestrians Involved","Dry","No Unusual Conditions","Dark - Street Light","Violation Driver 1","Controls Functioning","Clear","Broadside","Intersection","Other Vehicle","Not Applicable","Not Applicable","At",""
"678386","CR-0000087567","0","0","0","0","21-198-0755","False","False","0","7/17/2021 7:35:00 PM","No Pedestrians Involved","Dry","No Unusual Conditions","Dusk - Dawn","Violation Driver 1","Controls Functioning","Clear","Head On","Intersection","Other Vehicle","Not Applicable","Not Applicable","At",""
"678387","CR-0000087569","2","0","0","0","21-198-0441","False","False","581","7/17/2021 2:01:00 PM","No Pedestrians Involved","Dry","No Unusual Conditions","Daylight","Violation Driver 1","No Controls Present/Factor","Clear","Rear End","Non-Related","Other Vehicle","Not Applicable","Not Applicable","South Of",""
"678388","CR-0000087570","1","0","0","0","21-198-0351","False","False","51","7/17/2021 6:47:00 PM","No Pedestrians Involved","Dry","No Unusual Conditions","Daylight","Unknown","Controls Functioning","Clear","Broadside","Non-Related","Other Vehicle","Not Applicable","Not Applicable","North Of",""
"678389","CR-0000087571","0","0","1","0","21-195-0637","False","False","45","7/14/2021 2:38:00 PM","No Pedestrians Involved","Dry","No Unusual Conditions","Daylight","Violation Driver 1","Controls Not Functioning","Clear","Vehicle/Bike","Related","Bike","Not Applicable","Not Applicable","West Of",""
"678390","CR-0000087572","0","0","0","0","21-196-0975","False","False","0","7/15/2021 8:36:00 PM","No Pedestrians Involved","Dry","Construction - Repair Zone","Daylight","Violation Driver 1","No Controls Present/Factor","Clear","Broadside","Intersection","Other Vehicle","Not Applicable","Not Applicable","At",""
"650814","CR-0000085561","0","0","0","0","21-023-0643","False","False","82","1/23/2021 4:20:00 PM","No Pedestrians Involved","Dry","No Unusual Conditions","Daylight","Violation Driver 1","Controls Functioning","Clear","Sideswipe","Non-Related","Parked Vehicle","Not Applicable","Not Applicable","North Of",""
"650815","CR-0000085570","1","0","0","0","21-024-0174","False","False","87","1/24/2021 6:40:00 AM","No Pedestrians Involved","Dry","No Unusual Conditions","Dusk - Dawn","Violation Driver 1","No Controls Present/Factor","Cloudy","Head On","Non-Related","Parked Vehicle","Not Applicable","Not Applicable","South Of",""
"650817","CR-0000085628","2","1","0","0","21-029-0297","False","False","0","1/29/2021 10:24:00 AM","No Pedestrians Involved","Dry","No Unusual Conditions","Daylight","Violation Driver 1","Controls Functioning","Clear","Sideswipe","Intersection","Other Vehicle","Not Applicable","Not Applicable","At",""
"650818","CR-0000085630","1","1","0","0","21-029-0452","False","False","44","1/29/2021 1:15:00 PM","No Pedestrians Involved","Dry","No Unusual Conditions","Daylight","Violation Driver 1","Controls Functioning","Cloudy","Broadside","Related","Other Vehicle","Not Applicable","Not Applicable","South Of",""
"650819","CR-0000085631","1","0","0","0","21-029-0560","False","False","0","1/29/2021 2:23:00 PM","No Pedestrians Involved","Dry","No Unusual Conditions","Daylight","Violation Driver 1","No Controls Present/Factor","Clear","Broadside","Intersection","Other Vehicle","Not Applicable","Not Applicable","At",""
"650820","CR-0000085632","0","0","0","0","21-029-0507","True","False","387","1/29/2021 2:07:00 PM","No Pedestrians Involved","Dry","No Unusual Conditions","Daylight","Violation Driver 1","No Controls Present/Factor","Clear","Hit Object","Non-Related","Fixed Object","Not Applicable","Not Applicable","North Of",""
"650821","CR-0000085636","1","0","0","0","21-029-1022","True","False","0","1/29/2021 11:36:00 PM","No Pedestrians Involved","Dry","No Unusual Conditions","Dark - Street Light","Violation Driver 1","Controls Functioning","Clear","Sideswipe","Intersection","Other Vehicle","Not Applicable","Not Applicable","At","Center Median"
"650822","CR-0000085221","0","0","0","0","21-005-4002","False","True","51","1/1/2021 12:05:00 AM","No Pedestrians Involved","Unknown","Unknown","Unknown","Unknown","Unknown","Unknown","Broadside","Non-Related","Other Vehicle","Not Applicable","Not Applicable","West Of",""
"650823","CR-0000085643","1","1","0","0","21-030-0456","False","False","0","1/30/2021 1:15:00 PM","No Pedestrians Involved","Dry","No Unusual Conditions","Daylight","Violation Driver 1","No Controls Present/Factor","Clear","Broadside","Intersection","Other Vehicle","Not Applicable","Not Applicable","At",""
"650831","CR-0000085648","0","0","0","0","21-031-0140","False","False","33","1/31/2021 1:00:00 AM","No Pedestrians Involved","Dry","No Unusual Conditions","Dark - No Street Light","Violation Driver 1","Controls Functioning","Clear","Rear End","Related","Parked Vehicle","Not Applicable","Not Applicable","East Of",""
"650832","CR-0000085649","0","0","0","0","21-031-0053","True","False","178","1/31/2021 12:55:00 AM","No Pedestrians Involved","Dry","No Unusual Conditions","Dark - Street Light","Violation Driver 1","Controls Functioning","Clear","Hit Object","Non-Related","Fixed Object","Not Applicable","Not Applicable","East Of",""
"650833","CR-0000085655","0","1","1","0","21-031-0953","True","False","87","1/31/2021 11:58:00 PM","No Pedestrians Involved","Dry","No Unusual Conditions","Dark - Street Light","Violation Driver 1","No Controls Present/Factor","Clear","Broadside","Non-Related","Other Vehicle","Not Applicable","Not Applicable","West Of","Tree, street sign"
"650835","CR-0000085657","0","1","0","0","21-032-0816","False","False","351","2/1/2021 6:06:00 PM","Crossing - Not In Crosswalk","Dry","No Unusual Conditions","Dark - Street Light","Pedestrian At Fault","No Controls Present/Factor","Unknown","Vehicle/Pedestrian","Non-Related","Pedestrian","South","North","East Of",""
"650852","CR-0000085638","0","0","0","0","21-029-1042","True","False","230","1/29/2021 11:55:00 PM","No Pedestrians Involved","Dry","No Unusual Conditions","Dark - Street Light","Violation Driver 1","Controls Functioning","Clear","Hit Object","Non-Related","Fixed Object","Not Applicable","Not Applicable","South Of","Tree"
"678391","CR-0000087574","0","0","0","0","21-197-9702","False","True","51","7/15/2021 9:55:00 PM","No Pedestrians Involved","Dry","No Unusual Conditions","Dark - Street Light","Unknown","No Controls Present/Factor","Clear","Other","Non-Related","Other Vehicle","Not Applicable","Not Applicable","South Of",""
"678392","CR-0000087575","0","0","0","0","21-197-9701","False","True","0","7/15/2021 5:32:00 PM","No Pedestrians Involved","Dry","No Unusual Conditions","Daylight","Unknown","No Controls Present/Factor","Clear","Other","Intersection","Other Vehicle","Not Applicable","Not Applicable","At",""
"678393","CR-0000087573","0","0","0","0","21-196-0401","True","False","36","7/15/2021 11:04:00 AM","No Pedestrians Involved","Dry","No Unusual Conditions","Daylight","Violation Driver 1","Controls Functioning","Clear","Hit Object","Related","Fixed Object","Not Applicable","Not Applicable","South Of","Curb, wall"
"678394","CR-0000087576","0","0","0","0","21-212-0765","False","False","200","7/31/2021 7:32:00 PM","No Pedestrians Involved","Dry","No Unusual Conditions","Dusk - Dawn","Violation Driver 1","No Controls Present/Factor","Clear","Sideswipe","Non-Related","Parked Vehicle","Not Applicable","Not Applicable","North Of",""
"678395","CR-0000087577","1","0","2","1","21-245-1049","False","False","0","9/2/2021 10:32:00 PM","No Pedestrians Involved","Dry","No Unusual Conditions","Dark - Street Light","Violation Driver 1","Controls Functioning","Clear","Broadside","Intersection","Other Vehicle","Not Applicable","Not Applicable","At","Hit and Run"
"678396","CR-0000087578","1","0","0","0","21-203-0889","False","False","0","7/22/2021 9:37:00 PM","No Pedestrians Involved","Dry","No Unusual Conditions","Dark - Street Light","Violation Driver 1","Controls Functioning","Clear","Broadside","Intersection","Other Vehicle","Not Applicable","Not Applicable","At",""