"CrashFactId","Name","MinorInjuries","ModerateInjuries","SevereInjuries","FatalInjuries","TcrNumber","CityDamageFlag","ShortFormFlag","Distance","CrashDateTime","PedestrianAction","RoadwaySurface","RoadwayCondition","Lighting","PrimaryCollisionFactor","TrafficControl","Weather","CollisionType","ProximityToIntersection","VehicleInvolvedWith","PedestrianDirectionFrom","PedestrianDirectionTo","DirectionFromIntersection","Comment"
"678397","CR-0000087579","0","0","0","0","21-204-0942","False","False","51","7/23/2021 9:43:00 PM","No Pedestrians Involved","Dry","No Unusual Conditions","Dark - Street Light","Violation Driver 1","No Controls Present/Factor","Clear","Rear End","Non-Related","Parked Vehicle","Not Applicable","Not Applicable","East Of",""
"678398","CR-0000087580","0","0","0","0","21-205-0099","True","False","0","7/24/2021 1:48:00 AM","No Pedestrians Involved","Dry","No Unusual Conditions","Dark - Street Light","Violation Driver 1","No Controls Present/Factor","Clear","Head On","Intersection","Fixed Object","Not Applicable","Not Applicable","At","Curb, Tree"
"678399","CR-0000087581","0","0","0","0","21-206-0211","False","False","0","7/25/2021 7:15:00 AM","No Pedestrians Involved","Dry","No Unusual Conditions","Daylight","Violation Driver 1","Controls Functioning","Clear","Sideswipe","Intersection","Other Vehicle","Not Applicable","Not Applicable","At",""
"678400","CR-0000087582","0","0","0","0","21-208-9707","False","True","51","7/25/2021 9:45:00 PM","No Pedestrians Involved","Dry","Unknown","Dusk - Dawn","Unknown","Unknown","Clear","Rear End","Non-Related","Parked Vehicle","Not Applicable","Not Applicable","North Of",""
"678401","CR-0000087583","0","0","0","0","21-206-1006","True","False","289","7/25/2021 11:53:00 PM","No Pedestrians Involved","Dry","No Unusual Conditions","Dark - Street Light","Violation Driver 1","No Controls Present/Factor","Clear","Hit Object","Non-Related","Fixed Object","Not Applicable","Not Applicable","North Of","Light Pole"
"678402","CR-0000087584","0","0","0","0","21-207-9706","False","True","0","7/26/2021 4:00:00 PM","No Pedestrians Involved","Dry","No Unusual Conditions","Daylight","Unknown","Unknown","Clear","Sideswipe","Intersection","Parked Vehicle","Not Applicable","Not Applicable","At",""
"678403","CR-0000087585","1","0","0","0","21-207-0691","False","False","0","7/26/2021 4:52:00 PM","No Pedestrians Involved","Dry","No Unusual Conditions","Daylight","Violation Driver 1","No Controls Present/Factor","Clear","Broadside","Intersection","Other Vehicle","Not Applicable","Not Applicable","At",""
"678404","CR-0000087586","0","0","0","0","21-209-0193","True","False","30","7/28/2021 7:45:00 AM","No Pedestrians Involved","Dry","No Unusual Conditions","Daylight","Violation Driver 1","No Controls Present/Factor","Clear","Sideswipe","Related","Parked Vehicle","Not Applicable","Not Applicable","North Of","City Veh PRNS"
"650853","CR-0000085644","2","0","0","0","21-030-0506","False","False","0","1/30/2021 2:26:00 PM","No Pedestrians Involved","Dry","No Unusual Conditions","Daylight","Violation Driver 1","No Controls Present/Factor","Clear","Broadside","Intersection","Other Vehicle","Not Applicable","Not Applicable","At",""
"650854","CR-0000085650","1","0","0","0","21-031-0307","False","False","458","1/31/2021 10:27:00 AM","No Pedestrians Involved","Dry","No Unusual Conditions","Daylight","Violation Driver 1","No Controls Present/Factor","Cloudy","Rear End","Non-Related","Parked Vehicle","Not Applicable","Not Applicable","South Of",""
"650855","CR-0000085651","2","0","0","0","21-031-0399","False","False","38","1/31/2021 12:30:00 PM","No Pedestrians Involved","Dry","No Unusual Conditions","Daylight","Violation Driver 1","Controls Functioning","Clear","Rear End","Related","Other Vehicle","Not Applicable","Not Applicable","East Of",""
"650856","CR-0000085652","0","0","0","0","21-031-0663","False","False","0","1/31/2021 6:00:00 PM","No Pedestrians Involved","Dry","No Unusual Conditions","Dark - Street Light","Violation Driver 1","Controls Functioning","Clear","Head On","Intersection","Other Vehicle","Not Applicable","Not Applicable","At",""
"650857","CR-0000085656","0","0","1","0","21-032-0543","False","False","28","2/1/2021 1:30:00 PM","No Pedestrians Involved","Dry","No Unusual Conditions","Dark - Street Light","Bike At Fault","Controls Functioning","Clear","Vehicle/Bike","Related","Bike","Not Applicable","Not Applicable","South Of",""
"650858","CR-0000085661","0","0","0","0","21-033-0520","False","False","0","2/2/2021 2:30:00 PM","No Pedestrians Involved","Dry","No Unusual Conditions","Daylight","Violation Driver 1","Controls Functioning","Clear","Sideswipe","Intersection","Other Vehicle","Not Applicable","Not Applicable","At",""
"650880","CR-0000085572","0","1","0","0","21-024-0441","False","False","600","1/24/2021 2:30:00 PM","No Pedestrians Involved","Wet","No Unusual Conditions","Daylight","Violation Driver 1","No Controls Present/Factor","Rain","Hit Object","Non-Related","Fixed Object","Not Applicable","Not Applicable","South Of","Power pole"
"650881","CR-0000085574","1","0","0","0","21-024-0613","False","False","48","1/24/2021 6:07:00 PM","No Pedestrians Involved","Wet","No Unusual Conditions","Dark - Street Light","Violation Driver 1","Controls Functioning","Rain","Sideswipe","Related","Other Vehicle","Not Applicable","Not Applicable","North Of",""
"650882","CR-0000085579","0","0","0","0","21-025-4002","False","True","","1/23/2021 11:00:00 PM","No Pedestrians Involved","Unknown","Unknown","Unknown","Unknown","Unknown","Unknown","Other","Related","Parked Vehicle","Not Applicable","Not Applicable","West Of",""
"650883","CR-0000085585","2","0","0","0","21-025-0446","False","False","0","1/25/2021 12:39:00 PM","No Pedestrians Involved","Dry","No Unusual Conditions","Daylight","Violation Driver 1","Controls Functioning","Clear","Broadside","Intersection","Other Vehicle","Not Applicable","Not Applicable","At",""
"650884","CR-0000085589","0","0","0","0","21-025-0978","False","False","0","1/25/2021 10:40:00 PM","No Pedestrians Involved","Dry","No Unusual Conditions","Dark - Street Light","Violation Driver 1","No Controls Present/Factor","Wind","Broadside","Intersection","Parked Vehicle","Not Applicable","Not Applicable","At",""
"650885","CR-0000085590","0","0","0","0","21-025-4001","False","True","51","1/25/2021 8:40:00 AM","No Pedestrians Involved","Unknown","Unknown","Daylight","Unknown","Unknown","Unknown","Sideswipe","Non-Related","Parked Vehicle","Not Applicable","Not Applicable","West Of",""
"650886","CR-0000085592","1","1","0","0","21-026-0173","False","False","0","1/26/2021 8:32:00 AM","No Pedestrians Involved","Dry","No Unusual Conditions","Daylight","Violation Driver 1","Controls Functioning","Clear","Broadside","Intersection","Other Vehicle","Not Applicable","Not Applicable","At",""
"650887","CR-0000085593","0","0","0","0","21-026-0319","False","False","159","1/26/2021 11:45:00 AM","No Pedestrians Involved","Dry","No Unusual Conditions","Daylight","Unknown","Controls Functioning","Clear","Sideswipe","Non-Related","Other Vehicle","Not Applicable","Not Applicable","East Of",""
"678405","CR-0000087587","2","0","0","0","21-209-0403","False","False","62","7/28/2021 10:56:00 AM","No Pedestrians Involved","Dry","No Unusual Conditions","Daylight","Violation Driver 1","Controls Functioning","Clear","Rear End","Non-Related","Other Vehicle","Not Applicable","Not Applicable","North Of",""
"678406","CR-0000087588","0","0","0","0","21-216-9713","False","True","0","7/28/2021 6:00:00 PM","No Pedestrians Involved","Dry","Unknown","Daylight","Unknown","Controls Functioning","Clear","Other","Intersection","Unknown","Not Applicable","Not Applicable","At",""
"678407","CR-0000087591","1","0","0","0","21-214-9706","False","True","","7/30/2021 11:55:00 AM","No Pedestrians Involved","Dry","No Unusual Conditions","Daylight","Unknown","Controls Functioning","Clear","Broadside","Related","Other Vehicle","Not Applicable","Not Applicable","West Of",""
"678408","CR-0000087642","0","0","0","0","21-217-0602","False","False","0","8/5/2021 2:40:00 PM","No Pedestrians Involved","Dry","No Unusual Conditions","Daylight","Violation Driver 1","Controls Functioning","Clear","Rear End","Intersection","Other Vehicle","Not Applicable","Not Applicable","At",""
"678409","CR-0000087651","0","0","0","0","21-219-0266","True","False","18","8/7/2021 9:28:00 AM","No Pedestrians Involved","Dry","No Unusual Conditions","Daylight","Violation Driver 1","No Controls Present/Factor","Clear","Hit Object","Related","Fixed Object","Not Applicable","Not Applicable","East Of","Light Pole"
"678410","CR-0000087632","0","2","0","0","21-214-0887","False","False","0","8/2/2021 7:50:00 PM","No Pedestrians Involved","Dry","No Unusual Conditions","Daylight","Violation Driver 1","Controls Functioning","Clear","Broadside","Intersection","Other Vehicle","Not Applicable","Not Applicable","At",""
"678411","CR-0000087613","2","0","0","0","21-206-0046","False","False","0","7/25/2021 12:41:00 AM","No Pedestrians Involved","Dry","No Unusual Conditions","Dark - Street Light","Violation Driver 1","Controls Functioning","Clear","Broadside","Intersection","Other Vehicle","Not Applicable","Not Applicable","At",""
"678412","CR-0000087640","0","0","0","0","21-225-9702","False","True","","8/5/2021 2:00:00 PM","No Pedestrians Involved","Dry","No Unusual Conditions","Daylight","Violation Driver 1","No Controls Present/Factor","Clear","Sideswipe","Non-Related","Parked Vehicle","Not Applicable","Not Applicable","Unknown",""
"678413","CR-0000087602","0","0","0","0","21-212-0132","False","False","0","7/31/2021 2:45:00 AM","No Pedestrians Involved","Dry","No Unusual Conditions","Dark - Street Light","Unknown","Controls Functioning","Clear","Sideswipe","Intersection","Other Vehicle","Not Applicable","Not Applicable","At",""
"678414","CR-0000087636","2","0","0","0","21-215-0678","False","False","50","8/3/2021 2:38:00 PM","No Pedestrians Involved","Dry","No Unusual Conditions","Daylight","Violation Driver 1","No Controls Present/Factor","Clear","Sideswipe","Related","Other Vehicle","Not Applicable","Not Applicable","East Of",""
"678415","CR-0000087606","0","0","0","0","21-211-0741","False","False","0","7/30/2021 5:50:00 PM","No Pedestrians Involved","Dry","No Unusual Conditions","Daylight","Violation Driver 1","Controls Functioning","Clear","Broadside","Intersection","Other Vehicle","Not Applicable","Not Applicable","At",""
"678416","CR-0000087589","0","0","0","0","21-211-9701","False","True","","7/29/2021 7:20:00 PM","No Pedestrians Involved","Dry","No Unusual Conditions","Dusk - Dawn","Unknown","Controls Functioning","Clear","Rear End","Related","Other Vehicle","Not Applicable","Not Applicable","North Of",""
"678417","CR-0000087607","1","0","0","0","21-211-0442","False","False","143","7/30/2021 1:01:00 PM","In Road - Includes Shoulder","Dry","No Unusual Conditions","Daylight","Violation Driver 1","No Controls Present/Factor","Clear","Vehicle/Bike","Non-Related","Bike","Not Applicable","Not Applicable","East Of","Bike"
"678418","CR-0000087634","3","0","0","0","21-215-0070","False","False","0","8/3/2021 2:04:00 AM","No Pedestrians Involved","Dry","No Unusual Conditions","Dark - Street Light","Violation Driver 1","Controls Functioning","Clear","Sideswipe","Intersection","Other Vehicle","Not Applicable","Not Applicable","At",""
"650888","CR-0000085597","2","0","0","0","21-026-0889","False","False","0","1/26/2021 11:29:00 PM","No Pedestrians Involved","Wet","No Unusual Conditions","Dark - No Street Light","Unknown","Controls Not Functioning","Rain","Head On","Intersection","Other Vehicle","Not Applicable","Not Applicable","At",""
"650889","CR-0000085600","0","0","0","0","21-027-0119","False","False","0","1/27/2021 4:30:00 AM","No Pedestrians Involved","Wet","No Unusual Conditions","Dark - Street Light","Violation Driver 1","Controls Functioning","Wind","Rear End","Intersection","Parked Vehicle","Not Applicable","Not Applicable","At",""
"650890","CR-0000085602","0","0","0","0","21-027-0482","False","False","24","1/27/2021 2:12:00 PM","No Pedestrians Involved","Wet","No Unusual Conditions","Daylight","Violation Driver 1","No Controls Present/Factor","Rain","Rear End","Related","Parked Vehicle","Not Applicable","Not Applicable","South Of",""
"650891","CR-0000085603","1","0","0","0","21-027-0663","False","False","0","1/27/2021 5:30:00 PM","No Pedestrians Involved","Wet","No Unusual Conditions","Dark - Street Light","Violation Driver 1","Controls Functioning","Rain","Broadside","Intersection","Motor Vehicle On Other Roadway","Not Applicable","Not Applicable","At",""
"650892","CR-0000085608","0","0","0","0","21-028-0446","True","False","55","1/28/2021 1:37:00 PM","No Pedestrians Involved","Wet","No Unusual Conditions","Daylight","Violation Driver 1","No Controls Present/Factor","Rain","Hit Object","Non-Related","Fixed Object","Not Applicable","Not Applicable","South Of","Tree"
"650893","CR-0000085610","0","0","0","0","21-030-9701","False","True","","1/29/2021 2:24:00 PM","No Pedestrians Involved","Dry","No Unusual Conditions","Daylight","Unknown","Controls Functioning","Clear","Rear End","Related","Other Vehicle","Not Applicable","Not Applicable","Unknown",""
"650910","CR-0000085634","1","0","0","0","21-029-0841","False","False","0","1/29/2021 8:10:00 PM","No Pedestrians Involved","Dry","No Unusual Conditions","Dark - Street Light","Bike At Fault","Controls Functioning","Clear","Vehicle/Bike","Intersection","Bike","Not Applicable","Not Applicable","At","Bike vs Bike crash"
"650911","CR-0000085639","0","0","0","0","21-030-0092","False","False","95","1/30/2021 1:43:00 AM","No Pedestrians Involved","Dry","No Unusual Conditions","Dark - Street Light","Violation Driver 1","Controls Functioning","Clear","Sideswipe","Non-Related","Other Vehicle","Not Applicable","Not Applicable","South Of",""
"650912","CR-0000085641","0","0","0","0","21-030-0178","False","False","78","1/30/2021 5:10:00 AM","No Pedestrians Involved","Dry","No Unusual Conditions","Dark - Street Light","Violation Driver 1","No Controls Present/Factor","Clear","Sideswipe","Non-Related","Parked Vehicle","Not Applicable","Not Applicable","West Of",""
"650913","CR-0000085645","0","0","0","0","21-030-0565","False","False","106","1/30/2021 3:55:00 PM","No Pedestrians Involved","Dry","Unknown","Daylight","Violation Driver 1","No Controls Present/Factor","Clear","Sideswipe","Non-Related","Parked Vehicle","Not Applicable","Not Applicable","West Of",""
"650914","CR-0000085647","1","0","0","0","21-030-1011","False","False","120","1/30/2021 11:44:00 PM","No Pedestrians Involved","Dry","No Unusual Conditions","Dark - Street Light","Violation Driver 1","Controls Functioning","Clear","Rear End","Non-Related","Other Vehicle","Not Applicable","Not Applicable","South Of",""
"650922","CR-0000085653","0","0","0","0","21-031-0677","False","False","0","1/31/2021 6:26:00 PM","No Pedestrians Involved","Dry","No Unusual Conditions","Dark - Street Light","Violation Driver 1","No Controls Present/Factor","Clear","Sideswipe","Intersection","Motor Vehicle On Other Roadway","Not Applicable","Not Applicable","At",""
"650924","CR-0000085658","0","0","0","0","21-032-0551","True","False","30","2/1/2021 1:41:00 PM","No Pedestrians Involved","Dry","No Unusual Conditions","Daylight","Violation Driver 1","Controls Functioning","Clear","Hit Object","Related","Fixed Object","Not Applicable","Not Applicable","North Of","Street sign"
"678419","CR-0000087629","0","0","0","0","21-214-0837","False","False","0","8/2/2021 6:20:00 PM","No Pedestrians Involved","Dry","No Unusual Conditions","Daylight","Violation Driver 1","No Controls Present/Factor","Clear","Head On","Intersection","Parked Vehicle","Not Applicable","Not Applicable","At",""
"678420","CR-0000087637","1","0","0","0","21-215-0892","False","False","0","8/3/2021 6:06:00 PM","No Pedestrians Involved","Dry","No Unusual Conditions","Daylight","Violation Driver 1","Controls Functioning","Clear","Broadside","Intersection","Other Vehicle","Not Applicable","Not Applicable","At",""
"678421","CR-0000087644","1","0","0","0","21-218-0597","False","False","0","8/6/2021 4:40:00 PM","No Pedestrians Involved","Dry","No Unusual Conditions","Daylight","Violation Driver 1","Controls Functioning","Clear","Vehicle/Bike","Intersection","Bike","Not Applicable","Not Applicable","At","Bike"
"678422","CR-0000087645","0","0","0","0","21-218-0313","False","False","0","8/6/2021 10:49:00 AM","No Pedestrians Involved","Dry","No Unusual Conditions","Daylight","Violation Driver 1","Controls Functioning","Clear","Sideswipe","Intersection","Other Vehicle","Not Applicable","Not Applicable","At",""
"678423","CR-0000087599","0","0","0","0","21-212-1042","False","False","51","7/31/2021 11:21:00 PM","No Pedestrians Involved","Dry","No Unusual Conditions","Dark - Street Light","Violation Driver 1","Controls Functioning","Clear","Broadside","Non-Related","Parked Vehicle","Not Applicable","Not Applicable","South Of",""
"678424","CR-0000087616","2","0","0","0","21-205-0600","False","False","0","7/24/2021 3:57:00 PM","No Pedestrians Involved","Dry","No Unusual Conditions","Daylight","Violation Driver 1","No Controls Present/Factor","Clear","Broadside","Intersection","Other Vehicle","Not Applicable","Not Applicable","At",""
"678425","CR-0000087647","0","0","0","0","21-218-0444","False","False","51","8/6/2021 1:00:00 PM","No Pedestrians Involved","Dry","No Unusual Conditions","Daylight","Violation Driver 1","Controls Functioning","Clear","Rear End","Non-Related","Other Vehicle","Not Applicable","Not Applicable","East Of",""
"678426","CR-0000087648","0","0","0","0","21-218-0756","False","False","205","8/6/2021 6:51:00 PM","No Pedestrians Involved","Dry","No Unusual Conditions","Daylight","Violation Driver 1","Controls Functioning","Clear","Other","Non-Related","Other Vehicle","Not Applicable","Not Applicable","West Of",""
"678427","CR-0000087590","0","0","0","0","21-211-0299","False","False","","7/30/2021 9:49:00 AM","No Pedestrians Involved","Dry","No Unusual Conditions","Daylight","Violation Driver 1","Controls Functioning","Clear","Sideswipe","Non-Related","Other Vehicle","Not Applicable","Not Applicable","East Of",""
"678428","CR-0000087604","2","0","0","0","21-211-0982","False","False","164","7/30/2021 9:15:00 PM","No Pedestrians Involved","Dry","Unknown","Dark - Street Light","Violation Driver 1","Controls Functioning","Clear","Head On","Non-Related","Other Vehicle","Not Applicable","Not Applicable","East Of",""
"678429","CR-0000087638","1","0","0","0","21-216-0428","False","False","88","8/4/2021 12:48:00 PM","No Pedestrians Involved","Dry","No Unusual Conditions","Daylight","Violation Driver 1","No Controls Present/Factor","Clear","Sideswipe","Non-Related","Other Vehicle","Not Applicable","Not Applicable","East Of",""
"678430","CR-0000087608","0","1","0","0","21-210-0656","False","False","470","7/29/2021 4:31:00 PM","In Road - Includes Shoulder","Dry","No Unusual Conditions","Daylight","Pedestrian At Fault","No Controls Present/Factor","Clear","Vehicle/Pedestrian","Non-Related","Pedestrian","East","East","North Of","PED"
"678431","CR-0000087610","1","0","0","0","21-209-1072","False","False","0","7/28/2021 11:02:00 PM","No Pedestrians Involved","Dry","No Unusual Conditions","Dark - Street Light","Violation Driver 1","Controls Functioning","Clear","Broadside","Intersection","Other Vehicle","Not Applicable","Not Applicable","At",""
"678432","CR-0000087643","0","0","0","0","21-217-0945","False","False","","8/5/2021 9:13:00 PM","No Pedestrians Involved","Dry","No Unusual Conditions","Dark - Street Light","Violation Driver 1","Controls Functioning","Clear","Sideswipe","Non-Related","Other Vehicle","Not Applicable","Not Applicable","South Of",""
"650925","CR-0000085660","0","0","0","0","21-033-0408","False","False","","2/2/2021 12:37:00 PM","No Pedestrians Involved","Wet","No Unusual Conditions","Daylight","Violation Driver 1","Controls Functioning","Clear","Rear End","Related","Other Vehicle","Not Applicable","Not Applicable","East Of",""
"650965","CR-0000085612","0","0","0","0","21-029-0221","False","False","0","1/29/2021 6:30:00 AM","No Pedestrians Involved","Wet","No Unusual Conditions","Dark - Street Light","Unknown","No Controls Present/Factor","Rain","Broadside","Intersection","Other Vehicle","Not Applicable","Not Applicable","At",""
"650966","CR-0000085618","0","0","0","1","21-038-0065","False","False","49","2/7/2021 2:04:00 AM","No Pedestrians Involved","Dry","No Unusual Conditions","Dark - Street Light","Violation Driver 1","Controls Functioning","Clear","Hit Object","Related","Fixed Object","Not Applicable","Not Applicable","North Of","Overpass support pillar"
"650967","CR-0000085621","1","2","0","0","21-028-0806","False","False","0","1/28/2021 9:00:00 PM","No Pedestrians Involved","Wet","No Unusual Conditions","Dark - Street Light","Violation Driver 1","Controls Functioning","Rain","Broadside","Intersection","Other Vehicle","Not Applicable","Not Applicable","At",""
"650968","CR-0000085625","1","0","1","0","21-029-0054","False","False","0","1/29/2021 1:47:00 AM","No Pedestrians Involved","Wet","Construction - Repair Zone","Dark - Street Light Not Functioning","Other Improper Driving","Controls Not Functioning","Cloudy","Broadside","Intersection","Motor Vehicle On Other Roadway","Not Applicable","Not Applicable","At",""
"650969","CR-0000085626","0","1","0","0","21-029-0205","False","False","0","1/29/2021 8:13:00 AM","Crossing In Crosswalk - At Intersection","Wet","No Unusual Conditions","Dusk - Dawn","Violation Driver 1","Controls Functioning","Clear","Vehicle/Pedestrian","Intersection","Pedestrian","North","South","At",""
"650970","CR-0000085635","1","0","0","0","21-029-0826","True","False","0","1/29/2021 8:30:00 PM","No Pedestrians Involved","Dry","No Unusual Conditions","Dark - Street Light","Violation Driver 1","Controls Functioning","Clear","Hit Object","Intersection","Fixed Object","Not Applicable","Not Applicable","At",""
"650971","CR-0000085637","0","0","0","0","21-029-1037","True","False","19","1/29/2021 11:47:00 PM","No Pedestrians Involved","Dry","No Unusual Conditions","Dark - Street Light","Violation Driver 1","Controls Functioning","Clear","Hit Object","Related","Fixed Object","Not Applicable","Not Applicable","East Of","Traffic signal"
"650972","CR-0000085640","0","0","0","0","21-030-0168","False","False","90","1/30/2021 4:34:00 AM","No Pedestrians Involved","Dry","No Unusual Conditions","Dark - Street Light","Violation Driver 1","No Controls Present/Factor","Clear","Sideswipe","Non-Related","Parked Vehicle","Not Applicable","Not Applicable","North Of",""
"650973","CR-0000085642","0","1","0","0","21-030-0362","True","False","0","1/30/2021 11:24:00 AM","No Pedestrians Involved","Dry","No Unusual Conditions","Daylight","Violation Driver 1","No Controls Present/Factor","Clear","Hit Object","Intersection","Fixed Object","Not Applicable","Not Applicable","At","Metal pole"
"650974","CR-0000085646","1","0","0","0","21-030-0695","False","False","0","1/30/2021 5:55:00 PM","No Pedestrians Involved","Dry","No Unusual Conditions","Dark - Street Light","Violation Driver 1","No Controls Present/Factor","Clear","Head On","Intersection","Other Vehicle","Not Applicable","Not Applicable","At",""
"650975","CR-0000085654","1","0","0","0","21-031-0675","True","False","0","1/31/2021 6:58:00 PM","No Pedestrians Involved","Dry","No Unusual Conditions","Dark - Street Light","Violation Driver 1","Controls Functioning","Clear","Hit Object","Intersection","Fixed Object","Not Applicable","Not Applicable","At","Tree"
"650976","CR-0000085659","1","0","0","0","21-032-1057","True","False","158","2/1/2021 11:30:00 PM","No Pedestrians Involved","Dry","No Unusual Conditions","Dark - Street Light","Violation Driver 1","Controls Functioning","Clear","Hit Object","Non-Related","Fixed Object","Not Applicable","Not Applicable","East Of","2 street sign poles"
"678433","CR-0000087611","0","1","0","0","21-209-0731","False","False","0","7/28/2021 8:50:00 PM","No Pedestrians Involved","Dry","No Unusual Conditions","Daylight","Violation Driver 1","Controls Functioning","Clear","Broadside","Intersection","Other Vehicle","Not Applicable","Not Applicable","At",""
"678434","CR-0000087612","0","0","0","0","21-207-0403","False","False","20","7/26/2021 11:20:00 AM","No Pedestrians Involved","Dry","No Unusual Conditions","Daylight","Violation Driver 1","Controls Functioning","Clear","Hit Object","Related","Other Object","Not Applicable","Not Applicable","South Of",""
"678435","CR-0000087624","4","0","0","0","21-213-0416","False","False","0","8/1/2021 12:40:00 PM","No Pedestrians Involved","Dry","No Unusual Conditions","Daylight","Violation Driver 1","Controls Functioning","Clear","Broadside","Intersection","Other Vehicle","Not Applicable","Not Applicable","At",""
"678436","CR-0000087625","0","0","0","0","21-213-0377","False","False","111","8/1/2021 11:58:00 AM","No Pedestrians Involved","Dry","No Unusual Conditions","Dark - Street Light","Violation Driver 1","No Controls Present/Factor","Clear","Sideswipe","Non-Related","Parked Vehicle","Not Applicable","Not Applicable","West Of",""
"678437","CR-0000087600","1","0","0","0","21-212-0989","False","False","0","7/31/2021 10:35:00 PM","No Pedestrians Involved","Dry","No Unusual Conditions","Dark - Street Light","Violation Driver 1","Controls Functioning","Clear","Other","Intersection","Other Vehicle","Not Applicable","Not Applicable","At",""
"678438","CR-0000087630","1","0","1","0","21-214-0059","False","False","0","8/2/2021 1:20:00 AM","No Pedestrians Involved","Dry","No Unusual Conditions","Dark - Street Light","Violation Driver 1","Controls Functioning","Clear","Broadside","Intersection","Other Vehicle","Not Applicable","Not Applicable","At",""
"678439","CR-0000087594","0","0","0","0","21-211-0826","False","False","","7/30/2021 7:06:00 PM","No Pedestrians Involved","Dry","No Unusual Conditions","Daylight","Violation Driver 1","Controls Functioning","Clear","Sideswipe","Non-Related","Other Vehicle","Not Applicable","Not Applicable","West Of",""
"678440","CR-0000087617","0","1","0","0","21-205-0414","False","False","336","7/24/2021 11:57:00 AM","No Pedestrians Involved","Dry","No Unusual Conditions","Daylight","Violation Driver 1","No Controls Present/Factor","Clear","Vehicle/Bike","Non-Related","Bike","Not Applicable","Not Applicable","South Of","Bike"
"678441","CR-0000087633","0","0","0","0","21-214-0630","True","False","140","8/2/2021 3:01:00 PM","No Pedestrians Involved","Dry","No Unusual Conditions","Daylight","Violation Driver 1","Controls Functioning","Clear","Other","Non-Related","Other Vehicle","Not Applicable","Not Applicable","West Of",""
"678442","CR-0000087618","0","0","1","0","21-204-0980","False","False","0","7/23/2021 10:17:00 PM","No Pedestrians Involved","Dry","No Unusual Conditions","Dark - Street Light","Violation Driver 1","No Controls Present/Factor","Clear","Broadside","Intersection","Motorcycle","Not Applicable","Not Applicable","At","Motorcycle"
"678443","CR-0000087603","1","0","0","0","21-211-1010","False","False","36","7/30/2021 9:53:00 PM","No Pedestrians Involved","Dry","No Unusual Conditions","Dark - Street Light","Violation Driver 1","Unknown","Clear","Rear End","Related","Other Vehicle","Not Applicable","Not Applicable","West Of",""
"678444","CR-0000087641","0","0","0","0","21-217-1033","True","False","150","8/5/2021 11:15:00 PM","No Pedestrians Involved","Dry","No Unusual Conditions","Dark - Street Light","Unknown","No Controls Present/Factor","Clear","Sideswipe","Non-Related","Parked Vehicle","Not Applicable","Not Applicable","West Of","Police Vehicle"
"678445","CR-0000087639","1","0","0","0","21-217-0553","False","False","0","8/5/2021 1:55:00 PM","No Pedestrians Involved","Dry","No Unusual Conditions","Daylight","Violation Driver 1","Controls Functioning","Clear","Broadside","Intersection","Other Vehicle","Not Applicable","Not Applicable","At",""
"678446","CR-0000087592","0","0","0","0","21-211-0603","False","False","0","7/30/2021 4:08:00 PM","No Pedestrians Involved","Dry","No Unusual Conditions","Daylight","Violation Driver 1","Controls Not Functioning","Clear","Head On","Intersection","Other Vehicle","Not Applicable","Not Applicable","At",""
"651126","CR-0000085669","0","0","0","0","21-034-0796","True","False","20","2/3/2021 7:11:00 PM","No Pedestrians Involved","Dry","No Unusual Conditions","Dark - Street Light","Violation Driver 1","Controls Functioning","Clear","Hit Object","Related","Fixed Object","Not Applicable","Not Applicable","West Of","Ped x-walk signal"
"651148","CR-0000085670","0","0","0","0","21-034-4001","False","True","0","2/3/2021 8:00:00 AM","No Pedestrians Involved","Unknown","Unknown","Daylight","Unknown","Unknown","Unknown","Broadside","Intersection","Other Vehicle","Not Applicable","Not Applicable","At",""
"651207","CR-0000085672","0","1","0","0","21-035-0178","False","False","0","2/4/2021 7:16:00 AM","No Pedestrians Involved","Dry","No Unusual Conditions","Daylight","Violation Driver 1","Controls Functioning","Clear","Head On","Intersection","Other Vehicle","Not Applicable","Not Applicable","At",""
"651208","CR-0000085673","0","0","0","0","21-035-0265","False","False","70","2/4/2021 9:30:00 AM","No Pedestrians Involved","Dry","No Unusual Conditions","Daylight","Violation Driver 1","No Controls Present/Factor","Clear","Rear End","Non-Related","Other Vehicle","Not Applicable","Not Applicable","South Of",""
"651209","CR-0000085678","0","0","0","0","21-039-4001","False","True","51","2/5/2021 7:00:00 PM","No Pedestrians Involved","Unknown","Unknown","Unknown","Unknown","Unknown","Unknown","Rear End","Non-Related","Other Vehicle","Not Applicable","Not Applicable","West Of",""
"651210","CR-0000085680","0","0","0","0","21-037-0024","False","False","108","2/6/2021 12:30:00 AM","No Pedestrians Involved","Dry","No Unusual Conditions","Dark - Street Light","Violation Driver 1","No Controls Present/Factor","Clear","Sideswipe","Non-Related","Parked Vehicle","Not Applicable","Not Applicable","North Of",""