"CrashFactId","Name","MinorInjuries","ModerateInjuries","SevereInjuries","FatalInjuries","TcrNumber","CityDamageFlag","ShortFormFlag","Distance","CrashDateTime","PedestrianAction","RoadwaySurface","RoadwayCondition","Lighting","PrimaryCollisionFactor","TrafficControl","Weather","CollisionType","ProximityToIntersection","VehicleInvolvedWith","PedestrianDirectionFrom","PedestrianDirectionTo","DirectionFromIntersection","Comment"
"678551","CR-0000087737","0","0","1","0","21-204-0611","True","False","1020","7/23/2021 4:30:00 PM","No Pedestrians Involved","Dry","No Unusual Conditions","Daylight","Violation Driver 1","No Controls Present/Factor","Clear","Hit Object","Non-Related","Fixed Object","Not Applicable","Not Applicable","West Of","Tree, curb"
"678552","CR-0000087738","0","0","0","0","21-188-4001","False","True","51","7/7/2021 4:30:00 PM","No Pedestrians Involved","Unknown","Unknown","Daylight","Unknown","Unknown","Unknown","Sideswipe","Non-Related","Other Vehicle","Not Applicable","Not Applicable","South Of",""
"678553","CR-0000087739","0","0","0","0","21-189-4003","False","True","","7/8/2021 3:40:00 PM","No Pedestrians Involved","Unknown","Unknown","Daylight","Unknown","Unknown","Unknown","Other","Related","Parked Vehicle","Not Applicable","Not Applicable","West Of",""
"678554","CR-0000087740","0","0","0","0","21-189-4001","False","True","51","7/8/2021 3:00:00 PM","No Pedestrians Involved","Unknown","Unknown","Daylight","Unknown","Unknown","Unknown","Hit Object","Non-Related","Other Object","Not Applicable","Not Applicable","South Of","Trash cans"
"678555","CR-0000087741","0","0","0","0","21-189-4000","False","True","","7/8/2021 8:50:00 AM","No Pedestrians Involved","Unknown","Unknown","Daylight","Unknown","Unknown","Unknown","Rear End","Related","Other Vehicle","Not Applicable","Not Applicable","South Of",""
"678557","CR-0000087743","1","0","0","0","21-238-9707","False","False","51","7/13/2021 4:50:00 PM","No Pedestrians Involved","Dry","No Unusual Conditions","Daylight","Unknown","Controls Functioning","Clear","Other","Non-Related","Other Vehicle","Not Applicable","Not Applicable","North Of",""
"678558","CR-0000087744","0","0","0","0","21-232-9703","False","True","0","7/15/2021 9:15:00 PM","No Pedestrians Involved","Dry","No Unusual Conditions","Unknown","Unknown","Unknown","Clear","Sideswipe","Intersection","Other Vehicle","Not Applicable","Not Applicable","At",""
"678559","CR-0000087745","0","0","0","0","21-231-9710","False","True","51","8/1/2021 9:00:00 PM","No Pedestrians Involved","Dry","No Unusual Conditions","Dark - Street Light","Unknown","No Controls Present/Factor","Clear","Broadside","Non-Related","Other Vehicle","Not Applicable","Not Applicable","South Of",""
"652889","CR-0000085774","0","0","1","0","21-044-0153","False","False","0","2/13/2021 4:50:00 AM","Crossing In Crosswalk - At Intersection","Wet","No Unusual Conditions","Dark - Street Light","Pedestrian At Fault","Controls Functioning","Cloudy","Vehicle/Pedestrian","Intersection","Pedestrian","South","North","At",""
"652896","CR-0000085755","0","0","0","0","21-042-0907","False","False","0","2/11/2021 9:54:00 PM","No Pedestrians Involved","Wet","No Unusual Conditions","Dark - Street Light","Violation Driver 1","Controls Functioning","Rain","Rear End","Intersection","Other Vehicle","Not Applicable","Not Applicable","At",""
"652904","CR-0000085757","0","1","0","0","21-042-0962","True","False","24","2/11/2021 11:26:00 PM","No Pedestrians Involved","Wet","No Unusual Conditions","Dark - Street Light","Violation Driver 1","Controls Functioning","Rain","Hit Object","Related","Fixed Object","Not Applicable","Not Applicable","North Of","2 traffic lights"
"652905","CR-0000085758","0","0","0","0","21-043-0037","False","False","20","2/12/2021 12:25:00 AM","No Pedestrians Involved","Wet","Unknown","Dark - Street Light","Violation Driver 1","Unknown","Cloudy","Rear End","Related","Other Vehicle","Not Applicable","Not Applicable","West Of",""
"652906","CR-0000085763","1","0","0","0","21-043-0989","False","False","45","2/12/2021 10:03:00 PM","No Pedestrians Involved","Dry","No Unusual Conditions","Dark - Street Light","Violation Driver 1","Controls Functioning","Clear","Hit Object","Related","Fixed Object","Not Applicable","Not Applicable","West Of","Median, tree"
"652907","CR-0000085765","0","0","0","0","21-042-0078","False","False","144","2/11/2021 3:00:00 AM","No Pedestrians Involved","Dry","No Unusual Conditions","Dark - Street Light","Violation Driver 1","No Controls Present/Factor","Clear","Head On","Non-Related","Parked Vehicle","Not Applicable","Not Applicable","South Of",""
"652972","CR-0000085747","0","0","0","0","21-043-0381","False","False","0","2/12/2021 11:47:00 AM","No Pedestrians Involved","Dry","No Unusual Conditions","Daylight","Violation Driver 1","Controls Functioning","Clear","Broadside","Intersection","Other Vehicle","Not Applicable","Not Applicable","At",""
"652973","CR-0000085748","2","0","0","1","21-046-0222","False","False","330","2/15/2021 10:07:00 AM","No Pedestrians Involved","Wet","No Unusual Conditions","Daylight","Violation Driver 1","Controls Functioning","Rain","Hit Object","Non-Related","Fixed Object","Not Applicable","Not Applicable","West Of","D1 had a medical episode and ran off road, hit the curb and V2. V2 then hit a curb and a fence."
"652974","CR-0000085750","1","1","0","0","21-041-0368","False","False","0","2/10/2021 11:26:00 AM","No Pedestrians Involved","Dry","No Unusual Conditions","Daylight","Violation Driver 1","Controls Functioning","Clear","Broadside","Intersection","Other Vehicle","Not Applicable","Not Applicable","At",""
"652975","CR-0000085759","1","0","0","0","21-043-0566","False","False","0","2/12/2021 2:47:00 PM","No Pedestrians Involved","Dry","No Unusual Conditions","Daylight","Violation Driver 1","No Controls Present/Factor","Clear","Rear End","Intersection","Motorcycle","Not Applicable","Not Applicable","At",""
"653006","CR-0000085760","0","0","0","0","21-043-0821","False","False","0","2/12/2021 6:52:00 PM","No Pedestrians Involved","Dry","No Unusual Conditions","Dark - Street Light","Violation Driver 1","Controls Not Functioning","Clear","Broadside","Intersection","Other Vehicle","Not Applicable","Not Applicable","At",""
"653007","CR-0000085769","0","0","0","0","21-042-0643","False","False","51","2/11/2021 4:38:00 PM","No Pedestrians Involved","Wet","No Unusual Conditions","Daylight","Violation Driver 1","Controls Functioning","Rain","Rear End","Non-Related","Other Vehicle","Not Applicable","Not Applicable","West Of",""
"653008","CR-0000085773","0","0","0","0","21-044-0146","True","False","292","2/13/2021 4:28:00 AM","No Pedestrians Involved","Dry","No Unusual Conditions","Dark - Street Light","Violation Driver 1","No Controls Present/Factor","Clear","Hit Object","Non-Related","Fixed Object","Not Applicable","North","South Of","Light pole"
"678560","CR-0000087746","0","0","0","0","21-222-9708","False","True","51","8/9/2021 2:00:00 PM","No Pedestrians Involved","Dry","Loose Material On Roadway","Daylight","Unknown","Controls Functioning","Clear","Other","Non-Related","Parked Vehicle","Not Applicable","Not Applicable","South Of",""
"678561","CR-0000087747","0","0","0","0","21-225-9705","False","True","51","8/11/2021 8:00:00 AM","No Pedestrians Involved","Dry","No Unusual Conditions","Unknown","Unknown","No Controls Present/Factor","Clear","Sideswipe","Non-Related","Parked Vehicle","Not Applicable","Not Applicable","North Of",""
"678562","CR-0000087748","0","0","0","0","21-230-9712","False","True","0","8/12/2021 5:00:00 PM","No Pedestrians Involved","Dry","No Unusual Conditions","Daylight","Unknown","Controls Functioning","Clear","Broadside","Intersection","Other Vehicle","Not Applicable","Not Applicable","At",""
"678563","CR-0000087749","0","0","0","0","21-229-9703","False","True","0","8/15/2021 5:30:00 AM","No Pedestrians Involved","Dry","No Unusual Conditions","Daylight","Unknown","Controls Functioning","Clear","Broadside","Intersection","Other Vehicle","Not Applicable","Not Applicable","At",""
"678564","CR-0000087750","0","0","0","0","21-227-9705","False","True","51","8/15/2021 2:03:00 PM","No Pedestrians Involved","Dry","No Unusual Conditions","Daylight","Unknown","Controls Functioning","Clear","Rear End","Non-Related","Other Vehicle","Not Applicable","Not Applicable","North Of",""
"678565","CR-0000087751","0","0","0","0","21-229-9702","False","True","0","8/15/2021 5:00:00 PM","No Pedestrians Involved","Dry","No Unusual Conditions","Daylight","Unknown","Controls Functioning","Clear","Sideswipe","Intersection","Motor Vehicle On Other Roadway","Not Applicable","Not Applicable","At",""
"678566","CR-0000087752","0","0","0","0","21-231-9705","False","True","","8/16/2021 6:00:00 PM","No Pedestrians Involved","Dry","No Unusual Conditions","Daylight","Unknown","Unknown","Clear","Sideswipe","Related","Other Vehicle","Not Applicable","Not Applicable","North Of",""
"678567","CR-0000087753","0","0","0","0","21-228-1026","False","True","0","8/16/2021 9:37:00 PM","No Pedestrians Involved","Dry","No Unusual Conditions","Dark - Street Light","Violation Driver 1","Controls Functioning","Clear","Rear End","Intersection","Other Vehicle","Not Applicable","Not Applicable","At",""
"678569","CR-0000087755","0","0","0","0","21-257-9708","False","True","51","8/30/2021 12:55:00 PM","No Pedestrians Involved","Dry","No Unusual Conditions","Daylight","Unknown","Controls Functioning","Clear","Rear End","Non-Related","Other Vehicle","Not Applicable","Not Applicable","West Of",""
"678570","CR-0000087756","0","0","0","0","21-241-0091","False","False","260","8/29/2021 1:30:00 AM","No Pedestrians Involved","Dry","No Unusual Conditions","Dark - Street Light","Violation Driver 1","No Controls Present/Factor","Clear","Sideswipe","Non-Related","Other Vehicle","Not Applicable","Not Applicable","South Of",""
"678571","CR-0000087757","0","0","0","0","21-241-0024","False","False","0","8/29/2021 2:00:00 AM","No Pedestrians Involved","Dry","No Unusual Conditions","Dark - Street Light","Other Improper Driving","Controls Functioning","Clear","Broadside","Intersection","Motor Vehicle On Other Roadway","Not Applicable","Not Applicable","At",""
"678572","CR-0000087758","0","0","0","0","21-233-0027","True","False","0","8/21/2021 12:31:00 AM","No Pedestrians Involved","Dry","No Unusual Conditions","Dark - Street Light","Violation Driver 1","Controls Functioning","Clear","Hit Object","Intersection","Fixed Object","Not Applicable","Not Applicable","At","Light pole, signage"
"678573","CR-0000087759","0","0","0","0","21-233-0039","True","False","40","8/21/2021 12:25:00 AM","No Pedestrians Involved","Dry","No Unusual Conditions","Dark - Street Light","Violation Driver 1","No Controls Present/Factor","Clear","Hit Object","Related","Fixed Object","Not Applicable","Not Applicable","North Of","Signage"
"678574","CR-0000087760","1","0","0","0","21-233-0340","False","False","148","8/21/2021 10:21:00 AM","No Pedestrians Involved","Dry","No Unusual Conditions","Daylight","Violation Driver 1","No Controls Present/Factor","Clear","Rear End","Non-Related","Parked Vehicle","Not Applicable","Not Applicable","South Of",""
"653009","CR-0000085775","1","0","0","0","21-044-0676","False","False","0","2/13/2021 6:18:00 PM","No Pedestrians Involved","Dry","No Unusual Conditions","Dark - Street Light","Violation Driver 1","No Controls Present/Factor","Clear","Other","Intersection","Non-Collision","Not Applicable","Not Applicable","At",""
"653010","CR-0000085776","0","0","0","0","21-044-0712","False","False","0","2/13/2021 7:02:00 PM","No Pedestrians Involved","Dry","No Unusual Conditions","Dark - Street Light","Violation Driver 1","Controls Functioning","Clear","Broadside","Intersection","Other Vehicle","Not Applicable","Not Applicable","At",""
"653011","CR-0000085777","1","0","0","0","21-044-0889","False","False","43","2/13/2021 11:00:00 PM","No Pedestrians Involved","Dry","No Unusual Conditions","Dark - Street Light","Violation Driver 1","Controls Functioning","Clear","Rear End","Related","Other Vehicle","Not Applicable","Not Applicable","South Of",""
"653012","CR-0000085778","0","0","0","0","21-045-0028","False","False","20","2/14/2021 12:28:00 AM","No Pedestrians Involved","Dry","No Unusual Conditions","Dark - Street Light","Violation Driver 1","No Controls Present/Factor","Clear","Rear End","Related","Parked Vehicle","Not Applicable","Not Applicable","South Of",""
"653411","CR-0000085770","0","0","0","0","21-042-0739","False","False","200","2/11/2021 6:12:00 PM","No Pedestrians Involved","Wet","No Unusual Conditions","Dark - Street Light","Violation Driver 1","Controls Functioning","Cloudy","Other","Non-Related","Other Vehicle","Not Applicable","Not Applicable","South Of",""
"653412","CR-0000085779","0","0","0","0","21-045-0150","False","False","24","2/14/2021 4:21:00 AM","No Pedestrians Involved","Dry","No Unusual Conditions","Dark - Street Light Not Functioning","Violation Driver 2","No Controls Present/Factor","Clear","Rear End","Related","Parked Vehicle","Not Applicable","Not Applicable","South Of",""
"653426","CR-0000085780","0","0","1","0","21-045-0195","True","False","220","2/14/2021 7:06:00 AM","No Pedestrians Involved","Dry","No Unusual Conditions","Daylight","Violation Driver 1","No Controls Present/Factor","Cloudy","Hit Object","Non-Related","Fixed Object","Not Applicable","Not Applicable","East Of","Tree"
"653456","CR-0000085781","0","1","0","0","21-045-0294","False","False","147","2/14/2021 10:10:00 AM","No Pedestrians Involved","Dry","No Unusual Conditions","Daylight","Violation Driver 1","Controls Functioning","Cloudy","Sideswipe","Non-Related","Other Vehicle","Not Applicable","Not Applicable","North Of",""
"653542","CR-0000085767","0","0","0","0","21-042-0374","False","False","30","2/11/2021 11:49:00 AM","No Pedestrians Involved","Dry","No Unusual Conditions","Daylight","Violation Driver 1","Controls Functioning","Clear","Sideswipe","Related","Other Vehicle","Not Applicable","Not Applicable","East Of",""
"653543","CR-0000085768","0","0","0","0","21-042-0416","False","False","","2/11/2021 1:28:00 PM","No Pedestrians Involved","Dry","No Unusual Conditions","Daylight","Violation Driver 1","Controls Functioning","Clear","Sideswipe","Related","Other Vehicle","Not Applicable","Not Applicable","South Of",""
"676672","CR-0000085782","0","0","0","0","21-045-0610","False","False","0","2/14/2021 8:00:00 PM","No Pedestrians Involved","Dry","No Unusual Conditions","Dusk - Dawn","Violation Driver 1","Controls Functioning","Clear","Sideswipe","Intersection","Other Vehicle","Not Applicable","Not Applicable","At",""
"676673","CR-0000085783","1","1","0","0","21-045-0715","False","False","74","2/14/2021 8:41:00 PM","No Pedestrians Involved","Wet","No Unusual Conditions","Dark - Street Light","Violation Driver 1","No Controls Present/Factor","Clear","Sideswipe","Non-Related","Parked Vehicle","Not Applicable","Not Applicable","South Of",""
"676674","CR-0000085784","0","0","0","0","21-045-0785","False","False","0","2/14/2021 9:50:00 PM","No Pedestrians Involved","Dry","No Unusual Conditions","Dark - Street Light","Violation Driver 1","Controls Functioning","Clear","Sideswipe","Intersection","Other Vehicle","Not Applicable","Not Applicable","At",""
"678575","CR-0000087761","1","0","0","0","21-233-1114","False","False","600","8/21/2021 11:50:00 PM","No Pedestrians Involved","Dry","No Unusual Conditions","Dark - No Street Light","Violation Driver 1","Controls Functioning","Clear","Hit Object","Non-Related","Fixed Object","Not Applicable","Not Applicable","South Of","PG&E pole"
"678576","CR-0000087762","1","0","0","0","21-233-0574","False","False","0","8/21/2021 3:24:00 PM","No Pedestrians Involved","Dry","No Unusual Conditions","Daylight","Violation Driver 1","No Controls Present/Factor","Clear","Broadside","Intersection","Other Vehicle","Not Applicable","Not Applicable","At",""
"678577","CR-0000087763","0","0","0","0","21-217-0014","False","False","0","8/5/2021 12:13:00 AM","No Pedestrians Involved","Dry","No Unusual Conditions","Dark - Street Light","Unknown","No Controls Present/Factor","Clear","Rear End","Intersection","Other Vehicle","Not Applicable","Not Applicable","At",""
"678578","CR-0000087764","1","0","0","0","21-230-0307","False","False","45","8/18/2021 11:07:00 AM","No Pedestrians Involved","Dry","No Unusual Conditions","Daylight","Violation Driver 1","Controls Functioning","Clear","Rear End","Related","Other Vehicle","Not Applicable","Not Applicable","North Of",""
"678579","CR-0000087765","2","0","0","0","21-236-0086","False","False","0","8/24/2021 4:54:00 AM","No Pedestrians Involved","Dry","No Unusual Conditions","Dark - Street Light","Violation Driver 1","Controls Functioning","Clear","Head On","Intersection","Other Vehicle","Not Applicable","Not Applicable","At",""
"678580","CR-0000087766","1","0","0","0","21-236-0135","False","False","1022","8/24/2021 7:50:00 AM","No Pedestrians Involved","Dry","No Unusual Conditions","Daylight","Violation Driver 1","No Controls Present/Factor","Clear","Hit Object","Non-Related","Fixed Object","Not Applicable","Not Applicable","East Of","Railroad crossing arm"
"678581","CR-0000087767","4","0","0","0","21-236-0242","False","False","85","8/24/2021 10:27:00 AM","No Pedestrians Involved","Dry","No Unusual Conditions","Daylight","Violation Driver 1","Controls Functioning","Clear","Rear End","Non-Related","Other Vehicle","Not Applicable","Not Applicable","North Of",""
"678582","CR-0000087768","1","0","0","0","21-236-0388","False","False","0","8/24/2021 11:21:00 AM","No Pedestrians Involved","Dry","No Unusual Conditions","Daylight","Violation Driver 1","Controls Functioning","Clear","Broadside","Intersection","Other Vehicle","Not Applicable","Not Applicable","At",""
"678583","CR-0000087769","0","1","0","0","21-236-0288","False","False","0","8/24/2021 11:25:00 AM","No Pedestrians Involved","Dry","No Unusual Conditions","Daylight","Bike At Fault","Controls Functioning","Clear","Vehicle/Bike","Intersection","Bike","Not Applicable","Not Applicable","At",""
"678584","CR-0000087770","0","0","0","0","21-236-0460","False","False","","8/24/2021 2:45:00 PM","No Pedestrians Involved","Dry","No Unusual Conditions","Daylight","Violation Driver 1","Controls Functioning","Clear","Rear End","Related","Other Vehicle","Not Applicable","Not Applicable","East Of",""
"678585","CR-0000087771","1","0","0","0","21-236-0402","False","False","62","8/24/2021 3:09:00 PM","No Pedestrians Involved","Dry","No Unusual Conditions","Daylight","Violation Driver 1","No Controls Present/Factor","Clear","Sideswipe","Non-Related","Other Vehicle","Not Applicable","Not Applicable","West Of",""
"678586","CR-0000087772","2","0","0","0","21-236-0565","False","False","0","8/24/2021 4:53:00 PM","No Pedestrians Involved","Dry","No Unusual Conditions","Daylight","Violation Driver 1","Controls Functioning","Clear","Head On","Intersection","Other Vehicle","Not Applicable","Not Applicable","At",""
"678587","CR-0000087773","0","0","0","0","21-236-0762","False","False","0","8/24/2021 9:00:00 PM","No Pedestrians Involved","Dry","No Unusual Conditions","Dark - Street Light","Violation Driver 1","Controls Functioning","Clear","Broadside","Intersection","Other Vehicle","Not Applicable","Not Applicable","At",""
"678588","CR-0000087774","3","0","0","0","21-236-0892","False","False","0","8/24/2021 11:35:00 PM","No Pedestrians Involved","Dry","No Unusual Conditions","Dark - Street Light","Violation Driver 1","Controls Functioning","Clear","Rear End","Intersection","Other Vehicle","Not Applicable","Not Applicable","At",""
"676675","CR-0000085785","0","0","0","0","21-046-0832","False","False","340","2/15/2021 11:46:00 PM","No Pedestrians Involved","Dry","No Unusual Conditions","Dark - Street Light","Violation Driver 1","Controls Functioning","Clear","Rear End","Non-Related","Parked Vehicle","Not Applicable","Not Applicable","South Of",""
"676676","CR-0000085786","1","0","0","0","21-046-0104","False","False","0","2/15/2021 3:54:00 AM","No Pedestrians Involved","Wet","No Unusual Conditions","Dark - Street Light","Violation Driver 1","Controls Functioning","Rain","Rear End","Intersection","Other Vehicle","Not Applicable","Not Applicable","At",""
"676677","CR-0000085787","0","0","0","0","21-047-0008","False","False","0","2/15/2021 11:50:00 PM","No Pedestrians Involved","Dry","No Unusual Conditions","Dark - Street Light","Violation Driver 1","No Controls Present/Factor","Clear","Rear End","Intersection","Parked Vehicle","Not Applicable","Not Applicable","At",""
"676678","CR-0000085788","0","0","0","0","21-046-0730","False","False","514","2/15/2021 10:49:00 PM","No Pedestrians Involved","Dry","No Unusual Conditions","Dark - Street Light","Violation Driver 1","No Controls Present/Factor","Clear","Head On","Non-Related","Other Vehicle","Not Applicable","Not Applicable","North Of",""
"676679","CR-0000085789","1","0","0","0","21-046-0593","False","False","0","2/15/2021 5:22:00 PM","Crossing In Crosswalk - At Intersection","Dry","No Unusual Conditions","Daylight","Violation Driver 1","No Controls Present/Factor","Clear","Vehicle/Pedestrian","Intersection","Pedestrian","North","South","At",""
"676680","CR-0000085790","1","0","0","0","21-046-0522","False","False","0","2/15/2021 3:45:00 PM","No Pedestrians Involved","Dry","No Unusual Conditions","Daylight","Violation Driver 1","Controls Functioning","Clear","Rear End","Intersection","Other Vehicle","Not Applicable","Not Applicable","At",""
"676681","CR-0000085791","0","0","0","0","21-046-0131","True","False","34","2/15/2021 6:14:00 AM","No Pedestrians Involved","Slippery (Muddy Oily etc.)","Unknown","Dark - Street Light","Violation Driver 1","No Controls Present/Factor","Rain","Hit Object","Related","Fixed Object","Not Applicable","Not Applicable","North Of","Light pole"
"676682","CR-0000085792","1","0","0","0","21-047-0471","False","False","110","2/16/2021 1:06:00 PM","No Pedestrians Involved","Dry","No Unusual Conditions","Daylight","Violation Driver 1","No Controls Present/Factor","Clear","Head On","Non-Related","Parked Vehicle","Not Applicable","Not Applicable","East Of",""
"676683","CR-0000085793","0","0","0","0","21-047-4000","False","True","","2/16/2021 8:00:00 AM","No Pedestrians Involved","Unknown","Unknown","Daylight","Unknown","Unknown","Unknown","Sideswipe","Related","Other Vehicle","Not Applicable","Not Applicable","Unknown",""
"676684","CR-0000085794","0","1","0","0","21-047-0506","False","False","0","2/16/2021 1:43:00 PM","No Pedestrians Involved","Dry","No Unusual Conditions","Daylight","Violation Driver 1","No Controls Present/Factor","Clear","Vehicle/Bike","Intersection","Bike","Not Applicable","Not Applicable","At",""
"676685","CR-0000085795","1","0","0","0","21-047-0520","False","False","0","2/16/2021 1:56:00 PM","No Pedestrians Involved","Dry","No Unusual Conditions","Daylight","Violation Driver 1","Controls Functioning","Clear","Rear End","Intersection","Other Vehicle","Not Applicable","Not Applicable","At",""
"676686","CR-0000085796","0","0","0","0","21-047-0577","False","False","51","2/16/2021 2:44:00 PM","No Pedestrians Involved","Dry","No Unusual Conditions","Daylight","Unknown","Controls Functioning","Clear","Rear End","Non-Related","Other Vehicle","Not Applicable","Not Applicable","East Of",""
"676687","CR-0000085797","1","0","0","0","21-047-0555","False","False","380","2/16/2021 2:22:00 PM","No Pedestrians Involved","Dry","No Unusual Conditions","Daylight","Bike At Fault","Controls Functioning","Clear","Vehicle/Bike","Non-Related","Bike","Not Applicable","Not Applicable","North Of",""
"676688","CR-0000085798","0","1","0","0","21-047-0604","False","False","0","2/16/2021 3:21:00 PM","Crossing In Crosswalk - At Intersection","Dry","No Unusual Conditions","Daylight","Violation Driver 1","Controls Functioning","Clear","Vehicle/Pedestrian","Intersection","Pedestrian","North","South","At",""
"678589","CR-0000087775","2","1","0","0","21-236-0197","True","False","0","8/24/2021 9:27:00 AM","No Pedestrians Involved","Dry","No Unusual Conditions","Daylight","Violation Driver 1","Controls Functioning","Clear","Head On","Intersection","Other Vehicle","Not Applicable","Not Applicable","At","Electrical utility box"
"678590","CR-0000087776","0","1","0","0","21-237-0151","False","False","293","8/25/2021 7:55:00 AM","No Pedestrians Involved","Unknown","No Unusual Conditions","Daylight","Violation Driver 1","No Controls Present/Factor","Clear","Vehicle/Bike","Non-Related","Bike","Not Applicable","Not Applicable","East Of","Door opened and knocked the bicyclist"
"678591","CR-0000087777","0","0","0","0","21-237-0494","False","False","51","8/25/2021 1:43:00 PM","No Pedestrians Involved","Dry","No Unusual Conditions","Daylight","Violation Driver 1","No Controls Present/Factor","Clear","Other","Non-Related","Animal","Not Applicable","Not Applicable","South Of",""
"678592","CR-0000087778","1","0","0","0","21-237-0519","False","False","0","8/25/2021 1:58:00 PM","No Pedestrians Involved","Dry","No Unusual Conditions","Daylight","Bike At Fault","Controls Functioning","Clear","Vehicle/Bike","Intersection","Bike","Not Applicable","Not Applicable","At",""
"678593","CR-0000087779","0","0","0","0","21-237-0595","False","False","25","8/25/2021 3:10:00 PM","No Pedestrians Involved","Dry","No Unusual Conditions","Daylight","Violation Driver 1","No Controls Present/Factor","Clear","Rear End","Related","Other Vehicle","Not Applicable","Not Applicable","South Of",""
"678594","CR-0000087780","1","0","0","0","21-237-0673","False","False","40","8/25/2021 4:46:00 PM","No Pedestrians Involved","Dry","No Unusual Conditions","Daylight","Violation Driver 1","Controls Functioning","Clear","Rear End","Related","Parked Vehicle","Not Applicable","Not Applicable","South Of",""
"678595","CR-0000087781","0","0","0","0","21-240-9708","False","True","0","8/25/2021 7:00:00 AM","No Pedestrians Involved","Dry","No Unusual Conditions","Daylight","Unknown","No Controls Present/Factor","Clear","Rear End","Intersection","Other Vehicle","Not Applicable","Not Applicable","At",""
"678596","CR-0000087782","0","1","0","0","21-238-0130","True","False","365","8/26/2021 6:04:00 AM","No Pedestrians Involved","Dry","No Unusual Conditions","Dark - Street Light","Violation Driver 1","No Controls Present/Factor","Clear","Hit Object","Non-Related","Fixed Object","Not Applicable","Not Applicable","North Of","Curb"
"678597","CR-0000087783","0","0","0","0","21-238-0213","False","False","125","8/26/2021 8:09:00 AM","No Pedestrians Involved","Dry","No Unusual Conditions","Daylight","Violation Driver 1","Controls Functioning","Clear","Head On","Non-Related","Motor Vehicle On Other Roadway","Not Applicable","Not Applicable","West Of",""
"678598","CR-0000087784","0","2","0","0","21-238-0528","False","False","111","8/26/2021 1:15:00 PM","No Pedestrians Involved","Dry","No Unusual Conditions","Daylight","Violation Driver 1","No Controls Present/Factor","Clear","Vehicle/Bike","Non-Related","Bike","Not Applicable","Not Applicable","East Of",""
"678599","CR-0000087785","1","0","0","0","21-238-0622","False","False","0","8/26/2021 3:13:00 PM","No Pedestrians Involved","Dry","No Unusual Conditions","Daylight","Violation Driver 1","Controls Functioning","Clear","Head On","Intersection","Other Vehicle","Not Applicable","Not Applicable","At",""
"678600","CR-0000087786","0","0","0","0","21-238-0741","False","False","330","8/26/2021 5:10:00 PM","No Pedestrians Involved","Dry","No Unusual Conditions","Daylight","Violation Driver 1","No Controls Present/Factor","Clear","Sideswipe","Non-Related","Parked Vehicle","Not Applicable","Not Applicable","South Of",""
"678601","CR-0000087787","0","0","0","0","21-238-0808","False","False","0","8/26/2021 6:07:00 PM","No Pedestrians Involved","Dry","No Unusual Conditions","Daylight","Violation Driver 1","Controls Functioning","Clear","Broadside","Intersection","Other Vehicle","Not Applicable","Not Applicable","At",""
"678602","CR-0000087788","1","0","0","0","21-238-0954","False","False","79","8/26/2021 9:25:00 PM","No Pedestrians Involved","Dry","No Unusual Conditions","Dark - Street Light","Violation Driver 1","Controls Functioning","Clear","Rear End","Non-Related","Other Vehicle","Not Applicable","Not Applicable","West Of",""
"678603","CR-0000087789","1","0","0","0","21-238-0962","False","False","0","8/26/2021 9:45:00 PM","No Pedestrians Involved","Dry","No Unusual Conditions","Dark - Street Light","Unknown","Controls Functioning","Clear","Vehicle/Bike","Intersection","Bike","Not Applicable","Not Applicable","At",""
"678604","CR-0000087790","0","0","0","0","21-238-0956","False","False","290","8/26/2021 10:37:00 PM","No Pedestrians Involved","Dry","No Unusual Conditions","Dark - Street Light","Violation Driver 1","Unknown","Clear","Broadside","Non-Related","Parked Vehicle","Not Applicable","Not Applicable","South Of",""
"678605","CR-0000087791","0","0","0","0","21-243-9706","False","True","51","8/26/2021 9:00:00 PM","No Pedestrians Involved","Dry","No Unusual Conditions","Dark - Street Light","Unknown","Unknown","Clear","Sideswipe","Non-Related","Other Vehicle","Not Applicable","Not Applicable","South Of",""
"678606","CR-0000087792","0","2","0","0","21-240-0264","True","False","138","8/28/2021 9:20:00 AM","No Pedestrians Involved","Dry","No Unusual Conditions","Daylight","Violation Driver 1","Controls Functioning","Clear","Hit Object","Non-Related","Fixed Object","Not Applicable","Not Applicable","North Of","Light pole"
"678607","CR-0000087793","0","0","0","0","21-240-0780","True","False","51","8/28/2021 6:48:00 PM","No Pedestrians Involved","Dry","No Unusual Conditions","Daylight","Violation Driver 1","No Controls Present/Factor","Clear","Broadside","Non-Related","Other Vehicle","Not Applicable","Not Applicable","North Of","street sign"
"678608","CR-0000087794","1","0","0","0","21-242-0074","False","False","75","8/30/2021 1:22:00 AM","No Pedestrians Involved","Dry","No Unusual Conditions","Dark - Street Light","Violation Driver 1","Controls Functioning","Clear","Rear End","Non-Related","Parked Vehicle","Not Applicable","Not Applicable","South Of",""
"678609","CR-0000087795","0","0","0","0","21-242-0020","True","False","325","8/30/2021 12:20:00 AM","No Pedestrians Involved","Dry","No Unusual Conditions","Dark - Street Light","Violation Driver 1","No Controls Present/Factor","Clear","Hit Object","Non-Related","Fixed Object","Not Applicable","Not Applicable","East Of","Tree"