"CrashFactId","Name","MinorInjuries","ModerateInjuries","SevereInjuries","FatalInjuries","TcrNumber","CityDamageFlag","ShortFormFlag","Distance","CrashDateTime","PedestrianAction","RoadwaySurface","RoadwayCondition","Lighting","PrimaryCollisionFactor","TrafficControl","Weather","CollisionType","ProximityToIntersection","VehicleInvolvedWith","PedestrianDirectionFrom","PedestrianDirectionTo","DirectionFromIntersection","Comment"
"676807","CR-0000085917","0","0","1","0","21-060-0866","False","False","110","3/1/2021 7:33:00 PM","No Pedestrians Involved","Dry","No Unusual Conditions","Dark - Street Light","Violation Driver 1","No Controls Present/Factor","Clear","Vehicle/Bike","Non-Related","Bike","Not Applicable","Not Applicable","East Of",""
"676808","CR-0000085918","0","1","0","0","21-061-0421","False","False","0","3/2/2021 11:31:00 AM","No Pedestrians Involved","Dry","No Unusual Conditions","Daylight","Violation Driver 1","Controls Functioning","Clear","Rear End","Intersection","Motorcycle","Not Applicable","Not Applicable","At",""
"676809","CR-0000085919","0","0","0","0","21-061-0898","False","False","315","3/2/2021 6:42:00 PM","No Pedestrians Involved","Dry","No Unusual Conditions","Dark - Street Light","Violation Driver 1","Controls Functioning","Clear","Sideswipe","Non-Related","Parked Vehicle","Not Applicable","Not Applicable","South Of",""
"676810","CR-0000085920","1","0","0","0","21-061-1013","False","False","180","3/2/2021 9:04:00 PM","No Pedestrians Involved","Dry","No Unusual Conditions","Dark - Street Light","Violation Driver 1","No Controls Present/Factor","Clear","Broadside","Non-Related","Motorcycle","Not Applicable","Not Applicable","West Of",""
"676811","CR-0000085921","3","0","0","0","21-061-1037","False","False","0","3/2/2021 9:43:00 PM","No Pedestrians Involved","Dry","Unknown","Dark - Street Light","Violation Driver 1","Controls Functioning","Clear","Broadside","Intersection","Other Vehicle","Not Applicable","Not Applicable","At",""
"676812","CR-0000085922","0","0","0","0","21-061-1041","False","False","99","3/2/2021 9:50:00 PM","No Pedestrians Involved","Dry","No Unusual Conditions","Dark - Street Light","Violation Driver 1","No Controls Present/Factor","Clear","Sideswipe","Non-Related","Parked Vehicle","Not Applicable","Not Applicable","South Of",""
"676813","CR-0000085923","0","0","0","0","21-062-0330","False","False","66","3/3/2021 10:18:00 AM","No Pedestrians Involved","Dry","No Unusual Conditions","Daylight","Violation Driver 1","No Controls Present/Factor","Clear","Sideswipe","Non-Related","Parked Vehicle","Not Applicable","Not Applicable","East Of",""
"676814","CR-0000085924","0","1","0","0","21-062-0387","False","False","0","3/3/2021 11:35:00 AM","No Pedestrians Involved","Dry","No Unusual Conditions","Daylight","Unknown","Controls Functioning","Clear","Broadside","Intersection","Other Vehicle","Not Applicable","Not Applicable","At",""
"676815","CR-0000085925","0","0","0","0","21-062-0527","False","False","0","3/3/2021 12:51:00 PM","No Pedestrians Involved","Dry","No Unusual Conditions","Daylight","Violation Driver 1","No Controls Present/Factor","Clear","Sideswipe","Intersection","Other Vehicle","Not Applicable","Not Applicable","At",""
"676816","CR-0000085926","0","0","0","0","21-062-0740","False","False","84","3/3/2021 4:35:00 PM","No Pedestrians Involved","Dry","No Unusual Conditions","Daylight","Violation Driver 1","No Controls Present/Factor","Clear","Rear End","Non-Related","Other Vehicle","Not Applicable","Not Applicable","East Of",""
"676817","CR-0000085927","1","0","0","0","21-062-0781","False","False","0","3/3/2021 5:13:00 PM","No Pedestrians Involved","Dry","No Unusual Conditions","Daylight","Violation Driver 1","Controls Functioning","Clear","Broadside","Intersection","Other Vehicle","Not Applicable","Not Applicable","At",""
"676818","CR-0000085928","0","0","0","0","21-062-1060","False","False","270","3/3/2021 10:37:00 PM","No Pedestrians Involved","Dry","No Unusual Conditions","Dark - Street Light","Violation Driver 1","No Controls Present/Factor","Clear","Sideswipe","Non-Related","Parked Vehicle","Not Applicable","Not Applicable","East Of",""
"676819","CR-0000085929","1","0","0","0","21-063-0546","False","False","24","3/4/2021 3:42:00 PM","Not In Road","Dry","No Unusual Conditions","Daylight","Violation Driver 1","No Controls Present/Factor","Clear","Vehicle/Pedestrian","Related","Pedestrian","No Direction (Not Walking)","No Direction (Not Walking)","East Of",""
"676820","CR-0000085930","0","0","0","0","21-064-0047","False","False","45","3/5/2021 1:37:00 AM","No Pedestrians Involved","Dry","No Unusual Conditions","Dark - Street Light","Violation Driver 1","No Controls Present/Factor","Clear","Rear End","Related","Parked Vehicle","Not Applicable","Not Applicable","South Of",""
"676821","CR-0000085931","0","0","0","0","21-064-0205","False","False","128","3/5/2021 5:00:00 AM","No Pedestrians Involved","Dry","No Unusual Conditions","Dark - No Street Light","Violation Driver 1","No Controls Present/Factor","Clear","Sideswipe","Non-Related","Parked Vehicle","Not Applicable","Not Applicable","North Of",""
"676822","CR-0000085933","0","1","0","0","21-064-0814","False","False","194","3/5/2021 7:44:00 PM","Crossing - Not In Crosswalk","Dry","No Unusual Conditions","Dark - Street Light","Pedestrian At Fault","No Controls Present/Factor","Clear","Vehicle/Pedestrian","Non-Related","Pedestrian","West","East","South Of",""
"676823","CR-0000085932","1","0","0","0","21-064-0106","True","False","105","3/5/2021 5:05:00 AM","No Pedestrians Involved","Dry","No Unusual Conditions","Dark - Street Light","Violation Driver 1","Controls Functioning","Clear","Hit Object","Non-Related","Fixed Object","Not Applicable","Not Applicable","West Of",""
"678684","CR-0000087872","0","0","0","0","21-237-9702","False","True","0","8/8/2021 4:25:00 PM","No Pedestrians Involved","Dry","No Unusual Conditions","Daylight","Unknown","Controls Functioning","Clear","Sideswipe","Intersection","Other Vehicle","Not Applicable","Not Applicable","At",""
"678685","CR-0000087873","0","0","0","0","21-243-9704","False","True","0","8/18/2021 8:00:00 PM","No Pedestrians Involved","Dry","No Unusual Conditions","Dark - Street Light","Unknown","Unknown","Clear","Broadside","Intersection","Other Vehicle","Not Applicable","Not Applicable","At",""
"678687","CR-0000087875","1","0","0","0","21-173-1084","False","False","114","6/22/2021 9:23:00 PM","No Pedestrians Involved","Dry","No Unusual Conditions","Dark - Street Light","Bike At Fault","Controls Functioning","Clear","Vehicle/Bike","Non-Related","Bike","Not Applicable","Not Applicable","South Of",""
"678688","CR-0000087876","1","0","0","0","21-206-0602","False","False","0","7/25/2021 4:13:00 PM","No Pedestrians Involved","Dry","No Unusual Conditions","Daylight","Violation Driver 1","Controls Functioning","Clear","Broadside","Intersection","Other Vehicle","Not Applicable","Not Applicable","At",""
"678689","CR-0000087877","0","0","0","0","21-227-0523","False","False","0","8/15/2021 2:20:00 PM","No Pedestrians Involved","Dry","No Unusual Conditions","Dark - Street Light","Violation Driver 1","Controls Functioning","Clear","Sideswipe","Intersection","Other Vehicle","Not Applicable","Not Applicable","At",""
"678690","CR-0000087878","1","0","0","0","21-230-0599","False","False","60","8/18/2021 7:02:00 PM","No Pedestrians Involved","Dry","No Unusual Conditions","Daylight","Violation Driver 1","Controls Functioning","Clear","Rear End","Non-Related","Other Vehicle","Not Applicable","Not Applicable","South Of",""
"678691","CR-0000087879","0","0","0","0","21-231-0676","True","False","100","8/19/2021 5:18:00 PM","No Pedestrians Involved","Dry","No Unusual Conditions","Daylight","Unknown","No Controls Present/Factor","Clear","Sideswipe","Non-Related","Other Vehicle","Not Applicable","Not Applicable","North Of","FD"
"678692","CR-0000087880","0","0","0","0","21-231-0943","False","False","71","8/19/2021 9:31:00 PM","No Pedestrians Involved","Dry","Unknown","Dark - Street Light","Unknown","Controls Functioning","Clear","Sideswipe","Non-Related","Other Vehicle","Not Applicable","Not Applicable","East Of",""
"678693","CR-0000087881","1","0","0","0","21-234-0406","False","False","0","8/22/2021 11:05:00 AM","No Pedestrians Involved","Dry","No Unusual Conditions","Daylight","Violation Driver 1","Controls Functioning","Clear","Broadside","Intersection","Other Vehicle","Not Applicable","Not Applicable","At",""
"678694","CR-0000087882","1","0","0","0","21-235-0991","False","False","210","8/23/2021 11:59:00 PM","In Road - Includes Shoulder","Dry","No Unusual Conditions","Dark - Street Light","Unknown","No Controls Present/Factor","Clear","Vehicle/Pedestrian","Non-Related","Skateboard","Unknown","Unknown","North Of",""
"678695","CR-0000087883","0","1","0","0","21-236-0129","False","False","126","8/24/2021 7:33:00 AM","No Pedestrians Involved","Dry","No Unusual Conditions","Daylight","Violation Driver 1","No Controls Present/Factor","Clear","Vehicle/Bike","Non-Related","Bike","Not Applicable","Not Applicable","North Of",""
"678696","CR-0000087884","0","0","0","0","21-237-0704","False","False","0","8/25/2021 5:24:00 PM","No Pedestrians Involved","Dry","No Unusual Conditions","Daylight","Violation Driver 1","No Controls Present/Factor","Clear","Sideswipe","Intersection","Other Vehicle","Not Applicable","Not Applicable","At",""
"678697","CR-0000087885","0","0","0","0","21-238-0602","False","False","0","8/26/2021 2:47:00 PM","No Pedestrians Involved","Dry","No Unusual Conditions","Daylight","Violation Driver 1","Controls Functioning","Clear","Sideswipe","Intersection","Other Vehicle","Not Applicable","Not Applicable","At",""
"678698","CR-0000087886","0","0","0","0","21-241-0011","False","False","33","8/29/2021 12:05:00 AM","No Pedestrians Involved","Dry","Unknown","Dark - Street Light","Violation Driver 1","Unknown","Clear","Rear End","Related","Parked Vehicle","Not Applicable","Not Applicable","North Of",""
"676824","CR-0000085934","0","0","0","0","21-064-0887","False","False","33","3/5/2021 9:10:00 PM","No Pedestrians Involved","Dry","No Unusual Conditions","Dark - Street Light","Violation Driver 1","No Controls Present/Factor","Clear","Sideswipe","Related","Parked Vehicle","Not Applicable","Not Applicable","East Of",""
"676825","CR-0000085935","0","0","0","0","21-069-4000","False","True","","3/7/2021 2:24:00 PM","No Pedestrians Involved","Unknown","Unknown","Daylight","Unknown","Unknown","Unknown","Rear End","Related","Other Vehicle","Not Applicable","Not Applicable","West Of",""
"676827","CR-0000085937","0","0","0","1","21-031-0156","False","False","98","1/31/2021 4:27:00 AM","No Pedestrians Involved","Dry","No Unusual Conditions","Dark - Street Light","Violation Driver 1","Controls Functioning","Clear","Vehicle/Bike","Non-Related","Bike","Not Applicable","Not Applicable","South Of",""
"676830","CR-0000085940","0","0","0","0","21-061-0560","True","False","40","3/2/2021 1:00:00 PM","No Pedestrians Involved","Dry","No Unusual Conditions","Daylight","Violation Driver 1","Controls Functioning","Clear","Hit Object","Related","Fixed Object","Not Applicable","Not Applicable","West Of","Light pole"
"676831","CR-0000085941","0","0","0","0","21-062-0306","False","False","130","3/3/2021 9:50:00 AM","No Pedestrians Involved","Dry","No Unusual Conditions","Daylight","Violation Driver 1","No Controls Present/Factor","Cloudy","Rear End","Non-Related","Other Vehicle","Not Applicable","Not Applicable","North Of",""
"676832","CR-0000085942","0","0","0","0","21-063-0301","False","False","0","3/4/2021 11:00:00 AM","No Pedestrians Involved","Dry","No Unusual Conditions","Daylight","Violation Driver 1","No Controls Present/Factor","Clear","Rear End","Intersection","Parked Vehicle","Not Applicable","Not Applicable","At",""
"676833","CR-0000085943","0","0","0","0","21-064-0067","True","False","266","3/5/2021 2:13:00 AM","No Pedestrians Involved","Dry","No Unusual Conditions","Dark - Street Light","Violation Driver 1","Controls Functioning","Clear","Hit Object","Non-Related","Fixed Object","Not Applicable","Not Applicable","East Of","Tree"
"676834","CR-0000085944","0","0","0","0","21-066-0166","False","False","","3/5/2021 7:17:00 AM","No Pedestrians Involved","Dry","No Unusual Conditions","Daylight","Violation Driver 1","No Controls Present/Factor","Clear","Rear End","Related","Other Vehicle","Not Applicable","Not Applicable","East Of",""
"676835","CR-0000085945","0","0","0","0","21-064-0378","False","False","51","3/5/2021 12:19:00 PM","No Pedestrians Involved","Dry","No Unusual Conditions","Daylight","Violation Driver 1","No Controls Present/Factor","Clear","Sideswipe","Non-Related","Parked Vehicle","Not Applicable","Not Applicable","South Of",""
"676836","CR-0000085946","0","0","0","0","21-064-0404","False","False","240","3/5/2021 12:47:00 PM","No Pedestrians Involved","Dry","No Unusual Conditions","Daylight","Violation Driver 1","No Controls Present/Factor","Clear","Other","Non-Related","Parked Vehicle","Not Applicable","Not Applicable","North Of",""
"676837","CR-0000085947","2","0","0","0","21-064-0493","False","False","0","3/5/2021 2:28:00 PM","No Pedestrians Involved","Dry","No Unusual Conditions","Daylight","Violation Driver 1","No Controls Present/Factor","Clear","Broadside","Intersection","Other Vehicle","Not Applicable","Not Applicable","At",""
"676838","CR-0000085948","0","0","0","0","21-064-0539","False","False","","3/5/2021 3:18:00 PM","No Pedestrians Involved","Dry","No Unusual Conditions","Daylight","Violation Driver 1","Controls Functioning","Clear","Rear End","Related","Other Vehicle","Not Applicable","Not Applicable","South Of",""
"676839","CR-0000085949","2","0","0","0","21-064-0766","False","False","0","3/5/2021 6:55:00 PM","No Pedestrians Involved","Dry","No Unusual Conditions","Dark - Street Light","Violation Driver 1","Controls Functioning","Clear","Head On","Intersection","Other Vehicle","Not Applicable","Not Applicable","At",""
"676840","CR-0000085950","0","1","0","0","21-064-0815","False","False","0","3/5/2021 7:40:00 PM","Crossing - Not In Crosswalk","Dry","No Unusual Conditions","Dark - Street Light","Unknown","Controls Functioning","Clear","Vehicle/Pedestrian","Intersection","Pedestrian","South","North","At",""
"676841","CR-0000085951","0","0","0","0","21-064-0869","False","False","0","3/5/2021 8:43:00 PM","No Pedestrians Involved","Dry","No Unusual Conditions","Dark - Street Light","Violation Driver 1","Controls Functioning","Clear","Sideswipe","Intersection","Other Vehicle","Not Applicable","Not Applicable","At",""
"676842","CR-0000085952","0","0","0","0","21-064-0874","False","False","0","3/5/2021 8:51:00 PM","No Pedestrians Involved","Dry","Other","Dark - Street Light","Violation Driver 1","Controls Functioning","Clear","Sideswipe","Intersection","Other Vehicle","Not Applicable","Not Applicable","At",""
"676843","CR-0000085953","0","0","0","0","21-064-0988","True","False","0","3/5/2021 11:21:00 PM","No Pedestrians Involved","Dry","Other","Dark - Street Light","Violation Driver 1","Controls Functioning","Clear","Hit Object","Intersection","Fixed Object","Not Applicable","Not Applicable","At","Curb"
"676844","CR-0000085954","0","0","0","1","21-065-0408","False","False","18","3/6/2021 12:54:00 PM","No Pedestrians Involved","Dry","No Unusual Conditions","Daylight","Violation Driver 1","Controls Functioning","Clear","Vehicle/Bike","Related","Bike","Not Applicable","Not Applicable","North Of",""
"676845","CR-0000085955","0","0","0","0","21-064-1027","True","False","0","3/6/2021 12:10:00 AM","No Pedestrians Involved","Wet","No Unusual Conditions","Dark - Street Light","Violation Driver 1","Controls Functioning","Rain","Hit Object","Intersection","Fixed Object","Not Applicable","Not Applicable","At","Traffic light pole"
"676846","CR-0000085956","0","0","0","0","21-065-0053","False","False","111","3/6/2021 1:34:00 AM","No Pedestrians Involved","Wet","No Unusual Conditions","Dark - Street Light","Violation Driver 1","No Controls Present/Factor","Rain","Sideswipe","Non-Related","Parked Vehicle","Not Applicable","Not Applicable","South Of",""
"676847","CR-0000085957","0","0","0","0","21-065-0112","True","False","99","3/6/2021 4:13:00 AM","No Pedestrians Involved","Wet","Loose Material On Roadway","Dark - Street Light","Violation Driver 1","Controls Functioning","Cloudy","Hit Object","Non-Related","Fixed Object","Not Applicable","Not Applicable","North Of","Curb"
"676848","CR-0000085958","0","0","0","0","21-065-0415","False","False","110","3/6/2021 1:03:00 PM","No Pedestrians Involved","Dry","No Unusual Conditions","Daylight","Violation Driver 1","No Controls Present/Factor","Clear","Sideswipe","Non-Related","Parked Vehicle","Not Applicable","Not Applicable","West Of",""
"676849","CR-0000085959","1","0","0","0","21-065-0441","False","False","354","3/6/2021 1:38:00 PM","No Pedestrians Involved","Dry","No Unusual Conditions","Daylight","Violation Driver 1","No Controls Present/Factor","Clear","Sideswipe","Non-Related","Other Vehicle","Not Applicable","Not Applicable","East Of",""
"676850","CR-0000085960","0","0","0","0","21-068-9745","False","True","","3/6/2021 3:00:00 PM","No Pedestrians Involved","Dry","No Unusual Conditions","Daylight","Unknown","Controls Functioning","Clear","Rear End","Related","Other Vehicle","Not Applicable","Not Applicable","East Of",""
"676851","CR-0000085961","1","0","0","0","21-065-0624","True","False","165","3/6/2021 5:35:00 PM","No Pedestrians Involved","Dry","No Unusual Conditions","Daylight","Violation Driver 1","Controls Functioning","Clear","Hit Object","Non-Related","Fixed Object","Not Applicable","Not Applicable","South Of","Light pole and fire hydrant"
"676852","CR-0000085962","1","0","0","0","21-065-0649","False","False","0","3/6/2021 5:59:00 PM","No Pedestrians Involved","Dry","No Unusual Conditions","Dusk - Dawn","Violation Driver 1","Controls Functioning","Clear","Broadside","Intersection","Other Vehicle","Not Applicable","Not Applicable","At",""
"676853","CR-0000085963","0","1","0","0","21-065-0686","False","False","0","3/6/2021 7:05:00 PM","Crossing - Not In Crosswalk","Dry","No Unusual Conditions","Dark - Street Light","Violation Driver 1","No Controls Present/Factor","Clear","Vehicle/Pedestrian","Intersection","Pedestrian","Unknown","Unknown","At",""
"678699","CR-0000087887","0","1","0","0","21-241-0968","False","False","80","8/29/2021 11:24:00 PM","In Road - Includes Shoulder","Dry","No Unusual Conditions","Dark - Street Light","Violation Driver 1","No Controls Present/Factor","Clear","Vehicle/Pedestrian","Non-Related","Pedestrian","North","South","South Of",""
"678700","CR-0000087888","0","1","0","0","21-243-0926","False","False","0","8/31/2021 6:21:00 PM","No Pedestrians Involved","Dry","No Unusual Conditions","Daylight","Violation Driver 1","No Controls Present/Factor","Cloudy","Rear End","Intersection","Other Vehicle","Not Applicable","Not Applicable","At",""
"678701","CR-0000087889","1","0","0","0","21-243-1130","False","False","0","8/31/2021 10:44:00 PM","No Pedestrians Involved","Dry","No Unusual Conditions","Dark - Street Light","Violation Driver 1","Controls Functioning","Clear","Head On","Intersection","Other Vehicle","Not Applicable","Not Applicable","At",""
"678702","CR-0000087890","0","0","0","0","21-250-0187","False","False","80","9/7/2021 7:13:00 AM","No Pedestrians Involved","Dry","No Unusual Conditions","Daylight","Violation Driver 1","No Controls Present/Factor","Clear","Sideswipe","Non-Related","Parked Vehicle","Not Applicable","Not Applicable","West Of",""
"678703","CR-0000087891","2","0","0","0","21-250-0572","False","False","181","9/7/2021 1:57:00 PM","No Pedestrians Involved","Dry","No Unusual Conditions","Daylight","Violation Driver 1","Unknown","Clear","Broadside","Non-Related","Other Vehicle","Not Applicable","Not Applicable","East Of",""
"678704","CR-0000087892","1","0","0","0","21-250-0622","False","False","0","9/7/2021 2:52:00 PM","No Pedestrians Involved","Dry","No Unusual Conditions","Daylight","Violation Driver 1","Controls Functioning","Clear","Rear End","Intersection","Other Vehicle","Not Applicable","Not Applicable","At",""
"678705","CR-0000087893","1","0","0","0","21-250-0681","False","False","0","9/7/2021 4:14:00 PM","No Pedestrians Involved","Dry","No Unusual Conditions","Daylight","Violation Driver 1","Controls Functioning","Clear","Broadside","Intersection","Other Vehicle","Not Applicable","Not Applicable","At",""
"678706","CR-0000087894","0","0","0","0","21-250-0923","False","False","69","9/7/2021 9:21:00 PM","No Pedestrians Involved","Dry","No Unusual Conditions","Dark - Street Light","Violation Driver 1","Controls Functioning","Clear","Rear End","Non-Related","Other Vehicle","Not Applicable","Not Applicable","South Of",""
"678707","CR-0000087895","0","0","0","0","21-250-0942","False","False","135","9/7/2021 9:42:00 PM","No Pedestrians Involved","Dry","No Unusual Conditions","Dark - Street Light","Violation Driver 1","No Controls Present/Factor","Clear","Broadside","Non-Related","Parked Vehicle","Not Applicable","Not Applicable","South Of",""
"678708","CR-0000087896","0","0","0","0","21-250-0957","False","False","","9/7/2021 10:03:00 PM","No Pedestrians Involved","Dry","No Unusual Conditions","Dark - Street Light","Violation Driver 1","Controls Functioning","Clear","Rear End","Related","Other Vehicle","Not Applicable","Not Applicable","North Of",""
"678709","CR-0000087897","0","0","0","0","21-251-9706","False","True","0","9/7/2021 6:40:00 PM","No Pedestrians Involved","Dry","No Unusual Conditions","Daylight","Unknown","Controls Functioning","Clear","Head On","Intersection","Other Vehicle","Not Applicable","Not Applicable","At",""
"678710","CR-0000087898","0","0","0","0","21-250-9701","False","True","0","9/7/2021 8:20:00 AM","No Pedestrians Involved","Dry","No Unusual Conditions","Daylight","Unknown","Controls Functioning","Clear","Rear End","Intersection","Other Vehicle","Not Applicable","Not Applicable","At",""
"678711","CR-0000087899","0","0","0","0","21-250-4003","False","True","","9/7/2021 7:50:00 AM","No Pedestrians Involved","Unknown","Unknown","Daylight","Unknown","Unknown","Unknown","Sideswipe","Related","Other Vehicle","Not Applicable","Not Applicable","Unknown",""
"678712","CR-0000087900","0","0","0","0","21-250-4004","False","True","51","9/7/2021 7:20:00 AM","No Pedestrians Involved","Unknown","Unknown","Daylight","Unknown","Unknown","Unknown","Vehicle/Bike","Non-Related","Bike","Not Applicable","Not Applicable","East Of",""
"676854","CR-0000085964","0","0","0","0","21-065-0775","False","False","121","3/6/2021 9:10:00 PM","No Pedestrians Involved","Dry","No Unusual Conditions","Dark - Street Light","Violation Driver 1","No Controls Present/Factor","Clear","Rear End","Non-Related","Other Vehicle","Not Applicable","Not Applicable","North Of",""
"676855","CR-0000085965","0","0","0","0","21-065-0859","False","False","125","3/6/2021 11:18:00 PM","No Pedestrians Involved","Dry","No Unusual Conditions","Dark - Street Light","Violation Driver 1","No Controls Present/Factor","Clear","Rear End","Non-Related","Parked Vehicle","Not Applicable","Not Applicable","North Of",""
"676856","CR-0000085966","1","1","0","0","21-066-0139","False","False","19","3/7/2021 8:14:00 AM","No Pedestrians Involved","Dry","No Unusual Conditions","Daylight","Violation Driver 1","Controls Functioning","Clear","Rear End","Related","Other Vehicle","Not Applicable","Not Applicable","West Of",""
"676857","CR-0000085967","0","0","0","0","21-066-0291","True","False","51","3/7/2021 11:21:00 AM","No Pedestrians Involved","Dry","No Unusual Conditions","Daylight","Violation Driver 1","Controls Functioning","Clear","Rear End","Non-Related","Other Vehicle","Not Applicable","Not Applicable","West Of","Guardrail"
"676858","CR-0000085968","0","0","0","0","21-068-9746","False","True","51","3/7/2021 11:30:00 PM","No Pedestrians Involved","Dry","No Unusual Conditions","Dark - Street Light","Unknown","No Controls Present/Factor","Clear","Sideswipe","Non-Related","Parked Vehicle","Not Applicable","Not Applicable","East Of",""
"676859","CR-0000085969","0","0","0","0","21-066-0767","False","False","100","3/7/2021 9:51:00 PM","No Pedestrians Involved","Dry","No Unusual Conditions","Dark - Street Light","Violation Driver 1","Unknown","Clear","Rear End","Non-Related","Parked Vehicle","Not Applicable","Not Applicable","West Of",""
"676860","CR-0000085970","2","0","0","0","21-067-0545","False","False","330","3/8/2021 2:53:00 PM","No Pedestrians Involved","Dry","No Unusual Conditions","Daylight","Violation Driver 1","Controls Functioning","Cloudy","Rear End","Non-Related","Other Vehicle","Not Applicable","Not Applicable","South Of",""
"676861","CR-0000085971","1","1","0","0","21-067-0426","False","False","0","3/8/2021 12:25:00 PM","No Pedestrians Involved","Dry","No Unusual Conditions","Daylight","Violation Driver 1","No Controls Present/Factor","Clear","Broadside","Intersection","Other Vehicle","Not Applicable","Not Applicable","At",""
"676862","CR-0000085972","0","0","0","0","21-067-0686","False","False","200","3/8/2021 5:18:00 PM","No Pedestrians Involved","Dry","No Unusual Conditions","Daylight","Violation Driver 1","No Controls Present/Factor","Clear","Rear End","Non-Related","Other Vehicle","Not Applicable","Not Applicable","North Of",""
"676863","CR-0000085973","0","0","0","0","21-067-0738","False","False","76","3/8/2021 6:01:00 PM","No Pedestrians Involved","Dry","No Unusual Conditions","Daylight","Unknown","No Controls Present/Factor","Clear","Rear End","Non-Related","Parked Vehicle","Not Applicable","Not Applicable","East Of",""
"676864","CR-0000085974","1","0","0","0","21-067-0929","False","False","0","3/8/2021 9:24:00 PM","No Pedestrians Involved","Dry","No Unusual Conditions","Dark - Street Light","Violation Driver 1","Controls Functioning","Clear","Broadside","Intersection","Other Vehicle","Not Applicable","Not Applicable","North Of",""
"676865","CR-0000085975","0","0","0","0","21-067-1011","False","False","56","3/8/2021 11:32:00 PM","No Pedestrians Involved","Dry","No Unusual Conditions","Dark - Street Light Not Functioning","Violation Driver 1","Controls Functioning","Clear","Rear End","Non-Related","Parked Vehicle","Not Applicable","Not Applicable","East Of",""
"676866","CR-0000085976","1","0","0","0","21-067-1022","False","False","610","3/8/2021 11:48:00 PM","No Pedestrians Involved","Dry","No Unusual Conditions","Dark - Street Light","Violation Driver 1","Controls Functioning","Clear","Sideswipe","Non-Related","Parked Vehicle","Not Applicable","Not Applicable","South Of","Waterline"
"676867","CR-0000085984","2","0","0","0","21-068-0251","True","False","0","3/9/2021 9:52:00 AM","No Pedestrians Involved","Dry","No Unusual Conditions","Daylight","Violation Driver 1","Controls Functioning","Clear","Broadside","Intersection","Other Vehicle","Not Applicable","Not Applicable","At","Metal trash can and plastic crosswalk signal"
"676868","CR-0000085985","1","0","0","0","21-068-0278","False","False","0","3/9/2021 10:05:00 AM","No Pedestrians Involved","Dry","No Unusual Conditions","Daylight","Unknown","Controls Functioning","Cloudy","Broadside","Intersection","Other Vehicle","Not Applicable","Not Applicable","At",""
"676869","CR-0000085986","0","0","0","0","21-068-0379","False","False","0","3/9/2021 12:05:00 PM","No Pedestrians Involved","Dry","No Unusual Conditions","Daylight","Violation Driver 1","No Controls Present/Factor","Cloudy","Sideswipe","Intersection","Other Vehicle","Not Applicable","Not Applicable","At",""
"676870","CR-0000085989","1","0","0","0","21-064-0894","False","False","0","3/5/2021 9:20:00 PM","Crossing In Crosswalk - At Intersection","Dry","No Unusual Conditions","Dark - Street Light","Violation Driver 1","No Controls Present/Factor","Clear","Vehicle/Pedestrian","Intersection","Pedestrian","West","East","At",""
"676871","CR-0000085990","2","0","0","0","21-065-0732","False","False","22","3/6/2021 7:51:00 PM","No Pedestrians Involved","Dry","No Unusual Conditions","Dark - Street Light","Violation Driver 1","Controls Functioning","Clear","Rear End","Related","Other Vehicle","Not Applicable","Not Applicable","South Of",""
"676872","CR-0000085991","1","0","0","0","21-068-0242","False","False","0","3/9/2021 9:43:00 AM","No Pedestrians Involved","Dry","No Unusual Conditions","Daylight","Violation Driver 1","No Controls Present/Factor","Cloudy","Rear End","Intersection","Other Vehicle","Not Applicable","Not Applicable","At",""
"676873","CR-0000085992","2","0","0","0","21-068-0526","False","False","135","3/9/2021 2:55:00 PM","No Pedestrians Involved","Dry","No Unusual Conditions","Daylight","Violation Driver 1","No Controls Present/Factor","Clear","Sideswipe","Non-Related","Other Vehicle","Not Applicable","Not Applicable","North Of",""
"676874","CR-0000085993","0","0","0","0","21-068-0567","False","False","215","3/9/2021 3:40:00 PM","No Pedestrians Involved","Dry","No Unusual Conditions","Daylight","Violation Driver 1","No Controls Present/Factor","Cloudy","Sideswipe","Non-Related","Other Vehicle","Not Applicable","Not Applicable","East Of",""
"676875","CR-0000085994","0","1","0","0","21-068-0798","False","False","21","3/9/2021 8:30:00 PM","Crossing In Crosswalk - At Intersection","Wet","No Unusual Conditions","Dark - Street Light","Pedestrian At Fault","Controls Functioning","Clear","Vehicle/Pedestrian","Related","Pedestrian","West","East","South Of",""
"676876","CR-0000085995","0","0","0","0","21-068-0799","False","False","0","3/9/2021 8:30:00 PM","No Pedestrians Involved","Wet","No Unusual Conditions","Dark - Street Light","Violation Driver 1","No Controls Present/Factor","Rain","Sideswipe","Intersection","Other Vehicle","Not Applicable","Not Applicable","At",""
"676877","CR-0000085996","0","0","0","0","21-068-0845","True","False","27","3/9/2021 9:43:00 PM","No Pedestrians Involved","Wet","No Unusual Conditions","Dark - Street Light","Violation Driver 1","Controls Functioning","Rain","Hit Object","Related","Fixed Object","Not Applicable","Not Applicable","North Of","Electric box"