"CrashFactId","Name","MinorInjuries","ModerateInjuries","SevereInjuries","FatalInjuries","TcrNumber","CityDamageFlag","ShortFormFlag","Distance","CrashDateTime","PedestrianAction","RoadwaySurface","RoadwayCondition","Lighting","PrimaryCollisionFactor","TrafficControl","Weather","CollisionType","ProximityToIntersection","VehicleInvolvedWith","PedestrianDirectionFrom","PedestrianDirectionTo","DirectionFromIntersection","Comment"
"678741","CR-0000087929","0","1","0","0","21-253-0561","False","False","20","9/10/2021 4:33:00 PM","No Pedestrians Involved","Dry","No Unusual Conditions","Daylight","Violation Driver 1","Controls Functioning","Clear","Rear End","Related","Other Vehicle","Not Applicable","Not Applicable","North Of",""
"678742","CR-0000087930","0","2","0","0","21-253-0901","False","False","210","9/10/2021 9:10:00 PM","No Pedestrians Involved","Dry","No Unusual Conditions","Dark - Street Light","Violation Driver 1","No Controls Present/Factor","Clear","Head On","Non-Related","Other Vehicle","Not Applicable","Not Applicable","North Of",""
"678743","CR-0000087931","0","1","0","0","21-253-0926","True","False","0","9/10/2021 9:53:00 PM","No Pedestrians Involved","Dry","No Unusual Conditions","Dark - Street Light","Violation Driver 1","No Controls Present/Factor","Clear","Hit Object","Intersection","Fixed Object","Not Applicable","Not Applicable","At","street sign"
"678744","CR-0000087932","2","0","0","0","21-253-1021","False","False","93","9/10/2021 11:36:00 PM","No Pedestrians Involved","Dry","No Unusual Conditions","Dark - Street Light","Violation Driver 1","Controls Functioning","Clear","Rear End","Non-Related","Other Vehicle","Not Applicable","Not Applicable","South Of",""
"678745","CR-0000087933","0","0","0","0","21-256-4001","False","True","51","9/10/2021 2:33:00 PM","No Pedestrians Involved","Unknown","Unknown","Daylight","Violation Driver 1","Unknown","Unknown","Rear End","Non-Related","Other Vehicle","Not Applicable","Not Applicable","North Of",""
"678746","CR-0000087934","0","0","0","0","21-254-0303","False","False","51","9/10/2021 10:00:00 AM","No Pedestrians Involved","Dry","No Unusual Conditions","Dark - Street Light","Violation Driver 1","No Controls Present/Factor","Clear","Rear End","Non-Related","Other Vehicle","Not Applicable","Not Applicable","South Of",""
"678747","CR-0000087935","0","0","0","0","21-257-9712","False","True","","9/10/2021 7:00:00 PM","No Pedestrians Involved","Dry","No Unusual Conditions","Dusk - Dawn","Unknown","No Controls Present/Factor","Clear","Head On","Related","Parked Vehicle","Not Applicable","Not Applicable","North Of",""
"678748","CR-0000087936","0","0","0","0","21-258-0945","False","False","0","9/15/2021 9:27:00 PM","No Pedestrians Involved","Dry","No Unusual Conditions","Dark - Street Light","Violation Driver 2","No Controls Present/Factor","Clear","Broadside","Intersection","Other Vehicle","Not Applicable","Not Applicable","At",""
"678749","CR-0000087937","0","0","0","0","21-223-0696","True","False","117","8/11/2021 3:06:00 PM","No Pedestrians Involved","Dry","No Unusual Conditions","Daylight","Unknown","No Controls Present/Factor","Clear","Rear End","Non-Related","Other Object","Not Applicable","Not Applicable","West Of","PD Vehicle"
"678750","CR-0000087938","1","0","0","0","21-223-0740","False","False","51","8/11/2021 3:48:00 PM","No Pedestrians Involved","Dry","No Unusual Conditions","Daylight","Violation Driver 1","No Controls Present/Factor","Clear","Sideswipe","Non-Related","Other Vehicle","Not Applicable","Not Applicable","North Of",""
"678751","CR-0000087939","0","0","0","0","21-224-9708","False","True","51","8/11/2021 6:40:00 AM","No Pedestrians Involved","Dry","No Unusual Conditions","Daylight","Unknown","No Controls Present/Factor","Clear","Rear End","Non-Related","Other Vehicle","Not Applicable","Not Applicable","South Of",""
"678752","CR-0000087940","0","0","0","0","21-223-0061","True","False","0","8/11/2021 1:49:00 AM","No Pedestrians Involved","Dry","No Unusual Conditions","Dark - Street Light","Violation Driver 1","Controls Functioning","Clear","Head On","Intersection","Fixed Object","Not Applicable","Not Applicable","At","Curb"
"678753","CR-0000087941","0","0","0","0","21-223-0333","False","False","0","8/11/2021 9:30:00 AM","No Pedestrians Involved","Dry","Construction - Repair Zone","Daylight","Violation Driver 1","Controls Functioning","Clear","Sideswipe","Intersection","Other Vehicle","Not Applicable","Not Applicable","At",""
"678754","CR-0000087942","1","0","0","0","21-223-0723","False","False","0","8/11/2021 3:32:00 PM","No Pedestrians Involved","Dry","No Unusual Conditions","Daylight","Violation Driver 1","No Controls Present/Factor","Clear","Rear End","Intersection","Other Vehicle","Not Applicable","Not Applicable","At",""
"676947","CR-0000086066","0","0","0","0","21-082-4001","False","True","","3/23/2021 10:14:00 AM","No Pedestrians Involved","Unknown","Unknown","Daylight","Unknown","Unknown","Unknown","Rear End","Related","Other Vehicle","Not Applicable","Not Applicable","South Of",""
"676948","CR-0000086067","0","0","0","1","21-087-0670","True","False","520","3/28/2021 5:11:00 PM","No Pedestrians Involved","Dry","No Unusual Conditions","Daylight","Violation Driver 1","No Controls Present/Factor","Clear","Hit Object","Non-Related","Fixed Object","Not Applicable","Not Applicable","West Of","Curb, tree in P-lot"
"676949","CR-0000086068","0","0","0","0","21-067-9729","False","True","","3/4/2021 3:43:00 PM","No Pedestrians Involved","Dry","No Unusual Conditions","Daylight","Violation Driver 1","No Controls Present/Factor","Clear","Broadside","Related","Parked Vehicle","Not Applicable","Not Applicable","North Of",""
"676950","CR-0000086069","0","0","0","0","21-071-0528","False","False","100","3/12/2021 3:29:00 PM","No Pedestrians Involved","Dry","No Unusual Conditions","Daylight","Unknown","Controls Functioning","Clear","Hit Object","Non-Related","Fixed Object","Not Applicable","Not Applicable","South Of","PG&E pole"
"676951","CR-0000086070","0","0","0","0","21-072-0031","True","False","0","3/13/2021 12:30:00 AM","No Pedestrians Involved","Dry","No Unusual Conditions","Dark - Street Light","Violation Driver 1","Controls Functioning","Clear","Hit Object","Intersection","Fixed Object","Not Applicable","Not Applicable","At","Traffic signal, fence"
"676952","CR-0000086071","0","0","0","0","21-072-0418","False","False","32","3/13/2021 12:24:00 PM","No Pedestrians Involved","Dry","No Unusual Conditions","Daylight","Unknown","No Controls Present/Factor","Clear","Rear End","Related","Parked Vehicle","Not Applicable","Not Applicable","South Of",""
"676953","CR-0000086072","1","0","0","0","21-072-0678","False","False","357","3/13/2021 5:20:00 PM","No Pedestrians Involved","Dry","No Unusual Conditions","Dusk - Dawn","Violation Driver 1","No Controls Present/Factor","Clear","Rear End","Non-Related","Parked Vehicle","Not Applicable","Not Applicable","East Of",""
"676954","CR-0000086073","1","0","0","0","21-072-0787","False","False","20","3/13/2021 7:00:00 PM","Crossing In Crosswalk - At Intersection","Dry","No Unusual Conditions","Dark - Street Light","Violation Driver 1","Controls Functioning","Clear","Vehicle/Pedestrian","Related","Pedestrian","North","South","East Of",""
"676955","CR-0000086074","0","2","0","0","21-073-0497","False","False","0","3/14/2021 3:30:00 PM","Crossing In Crosswalk - At Intersection","Dry","No Unusual Conditions","Daylight","Violation Driver 1","Controls Functioning","Clear","Vehicle/Pedestrian","Intersection","Pedestrian","East","West","At",""
"676956","CR-0000086075","0","0","0","0","21-074-0238","False","False","35","3/15/2021 8:40:00 AM","No Pedestrians Involved","Dry","No Unusual Conditions","Daylight","Unknown","Controls Functioning","Clear","Rear End","Related","Other Vehicle","Not Applicable","Not Applicable","South Of",""
"676957","CR-0000086076","0","0","0","0","21-074-0154","True","False","395","3/15/2021 5:56:00 AM","No Pedestrians Involved","Wet","No Unusual Conditions","Dusk - Dawn","Violation Driver 1","Controls Functioning","Clear","Hit Object","Non-Related","Fixed Object","Not Applicable","North","East Of","Light pole"
"676958","CR-0000086077","0","0","0","0","21-074-0309","False","False","310","3/15/2021 9:45:00 AM","No Pedestrians Involved","Dry","No Unusual Conditions","Daylight","Violation Driver 1","No Controls Present/Factor","Cloudy","Broadside","Non-Related","Parked Vehicle","Not Applicable","Not Applicable","North Of",""
"676959","CR-0000086078","0","0","0","0","21-075-9743","False","True","0","3/15/2021 3:20:00 PM","No Pedestrians Involved","Dry","No Unusual Conditions","Daylight","Unknown","Controls Functioning","Clear","Rear End","Intersection","Other Vehicle","Not Applicable","Not Applicable","At",""
"676960","CR-0000086079","2","1","0","0","21-075-0702","False","False","150","3/15/2021 5:16:00 PM","No Pedestrians Involved","Dry","No Unusual Conditions","Daylight","Violation Driver 1","No Controls Present/Factor","Clear","Head On","Non-Related","Other Vehicle","Not Applicable","Not Applicable","North Of",""
"678755","CR-0000087943","0","0","0","0","21-223-0862","False","False","0","8/11/2021 5:20:00 PM","No Pedestrians Involved","Dry","No Unusual Conditions","Daylight","Violation Driver 1","No Controls Present/Factor","Clear","Hit Object","Intersection","Parked Vehicle","Not Applicable","Not Applicable","At","Curb, Fence"
"678756","CR-0000087944","1","0","0","0","21-223-0870","True","False","150","8/11/2021 5:35:00 PM","No Pedestrians Involved","Dry","No Unusual Conditions","Daylight","Violation Driver 1","No Controls Present/Factor","Clear","Head On","Non-Related","Fixed Object","Not Applicable","Not Applicable","North Of","Tree"
"678757","CR-0000087945","2","0","0","0","21-224-0125","False","False","0","8/12/2021 6:41:00 AM","No Pedestrians Involved","Dry","No Unusual Conditions","Daylight","Violation Driver 1","Controls Functioning","Clear","Broadside","Intersection","Other Vehicle","Not Applicable","Not Applicable","At",""
"678758","CR-0000087946","1","0","0","0","21-224-0527","False","False","34","8/12/2021 8:25:00 AM","No Pedestrians Involved","Dry","No Unusual Conditions","Daylight","Violation Driver 1","Controls Functioning","Clear","Vehicle/Bike","Related","Bike","Not Applicable","Not Applicable","North Of","Bike"
"678759","CR-0000087947","2","0","0","0","21-224-0536","False","False","36","8/12/2021 1:35:00 PM","No Pedestrians Involved","Dry","No Unusual Conditions","Daylight","Violation Driver 1","No Controls Present/Factor","Clear","Rear End","Related","Other Vehicle","Not Applicable","Not Applicable","West Of",""
"678760","CR-0000087948","0","0","0","0","21-224-9709","False","True","","8/12/2021 3:00:00 PM","No Pedestrians Involved","Dry","No Unusual Conditions","Daylight","Unknown","Unknown","Clear","Rear End","Related","Other Vehicle","Not Applicable","Not Applicable","East Of",""
"678761","CR-0000087949","0","1","0","0","21-224-1052","False","False","0","8/12/2021 4:30:00 PM","No Pedestrians Involved","Dry","No Unusual Conditions","Daylight","Violation Driver 1","Unknown","Clear","Vehicle/Bike","Intersection","Bike","Not Applicable","Not Applicable","At","Bike"
"678762","CR-0000087950","2","0","0","0","21-224-0770","False","False","0","8/12/2021 5:49:00 PM","No Pedestrians Involved","Dry","No Unusual Conditions","Daylight","Violation Driver 1","No Controls Present/Factor","Clear","Broadside","Intersection","Other Vehicle","Not Applicable","Not Applicable","South Of",""
"678763","CR-0000087951","1","0","0","0","21-224-0827","False","False","0","8/12/2021 7:25:00 PM","No Pedestrians Involved","Dry","Unknown","Daylight","Violation Driver 1","Unknown","Clear","Head On","Intersection","Other Vehicle","Not Applicable","Not Applicable","At",""
"678764","CR-0000087952","0","0","0","0","21-224-0930","False","False","27","8/12/2021 8:46:00 PM","No Pedestrians Involved","Dry","No Unusual Conditions","Dark - Street Light","Violation Driver 1","Controls Functioning","Clear","Rear End","Related","Other Vehicle","Not Applicable","Not Applicable","East Of",""
"678765","CR-0000087953","0","0","0","0","21-224-0955","False","False","52","8/12/2021 9:20:00 PM","No Pedestrians Involved","Dry","No Unusual Conditions","Dark - Street Light","Violation Driver 1","Controls Functioning","Clear","Rear End","Non-Related","Other Vehicle","Not Applicable","Not Applicable","North Of",""
"678766","CR-0000087954","1","0","1","0","21-224-0223","False","False","53","8/12/2021 8:52:00 AM","Crossing In Crosswalk - At Intersection","Dry","No Unusual Conditions","Daylight","Violation Driver 1","Controls Functioning","Clear","Vehicle/Pedestrian","Non-Related","Pedestrian","East","East","North Of","Ped"
"678768","CR-0000087956","0","0","0","1","21-234-0067","False","False","0","8/22/2021 12:54:00 AM","Crossing - Not In Crosswalk","Dry","No Unusual Conditions","Dark - No Street Light","Violation Driver 1","No Controls Present/Factor","Cloudy","Vehicle/Pedestrian","Intersection","Pedestrian","North","South","At","Hit and Run"
"678769","CR-0000087958","0","1","0","0","21-254-0607","False","False","248","9/11/2021 5:37:00 PM","No Pedestrians Involved","Dry","No Unusual Conditions","Daylight","Violation Driver 1","No Controls Present/Factor","Clear","Broadside","Non-Related","Motorcycle","Not Applicable","Not Applicable","North Of",""
"678770","CR-0000087959","0","0","0","0","21-261-0877","False","False","250","9/18/2021 8:00:00 PM","No Pedestrians Involved","Dry","No Unusual Conditions","Dark - Street Light","Violation Driver 1","No Controls Present/Factor","Clear","Sideswipe","Non-Related","Train","Not Applicable","Not Applicable","East Of",""
"678771","CR-0000087960","0","0","0","0","21-258-0163","False","False","0","9/15/2021 6:13:00 AM","No Pedestrians Involved","Dry","No Unusual Conditions","Dusk - Dawn","Violation Driver 1","Controls Functioning","Clear","Broadside","Intersection","Train","Not Applicable","Not Applicable","At",""
"678772","CR-0000087961","0","0","0","0","21-259-0924","False","False","25","9/16/2021 9:55:00 PM","No Pedestrians Involved","Dry","No Unusual Conditions","Daylight","Violation Driver 1","Unknown","Clear","Rear End","Related","Other Vehicle","Not Applicable","Not Applicable","East Of",""
"678773","CR-0000087962","0","0","0","0","21-264-0937","False","False","60","9/21/2021 7:06:00 PM","No Pedestrians Involved","Dry","No Unusual Conditions","Daylight","Violation Driver 1","No Controls Present/Factor","Clear","Hit Object","Non-Related","Fixed Object","Not Applicable","Not Applicable","North Of","Fire hydrant"
"678782","CR-0000087972","0","0","0","0","21-224-0696","False","False","0","8/12/2021 4:38:00 PM","No Pedestrians Involved","Dry","No Unusual Conditions","Daylight","Violation Driver 1","Controls Functioning","Clear","Broadside","Intersection","Other Vehicle","Not Applicable","Not Applicable","South Of",""
"678783","CR-0000087973","0","1","0","0","21-224-0744","True","False","0","8/12/2021 5:15:00 PM","No Pedestrians Involved","Dry","No Unusual Conditions","Daylight","Violation Driver 1","Controls Functioning","Clear","Hit Object","Intersection","Fixed Object","Not Applicable","Not Applicable","At","StopSign"
"678784","CR-0000087974","2","0","0","0","21-224-0766","False","False","0","8/12/2021 5:45:00 PM","No Pedestrians Involved","Dry","No Unusual Conditions","Daylight","Violation Driver 1","Controls Functioning","Clear","Head On","Intersection","Other Vehicle","Not Applicable","Not Applicable","At",""
"678785","CR-0000087975","0","0","0","0","21-225-0344","False","False","30","8/13/2021 9:00:00 AM","No Pedestrians Involved","Dry","No Unusual Conditions","Daylight","Violation Driver 1","No Controls Present/Factor","Clear","Other","Related","Fixed Object","Not Applicable","Not Applicable","South Of","Curb"
"678786","CR-0000087976","2","1","0","0","21-225-0606","False","False","42","8/13/2021 4:09:00 PM","No Pedestrians Involved","Dry","No Unusual Conditions","Daylight","Violation Driver 1","Controls Functioning","Clear","Head On","Related","Other Vehicle","Not Applicable","Not Applicable","North Of",""
"678787","CR-0000087977","1","3","0","0","21-225-0713","False","False","0","8/13/2021 6:20:00 PM","No Pedestrians Involved","Dry","No Unusual Conditions","Daylight","Violation Driver 1","Controls Functioning","Clear","Broadside","Intersection","Other Vehicle","Not Applicable","Not Applicable","At",""
"678788","CR-0000087978","1","0","0","0","21-225-0850","False","False","0","8/13/2021 8:26:00 PM","No Pedestrians Involved","Dry","No Unusual Conditions","Unknown","Violation Driver 1","Controls Functioning","Clear","Sideswipe","Intersection","Other Vehicle","Not Applicable","Not Applicable","At",""
"678789","CR-0000087979","0","0","0","0","21-260-0041","False","False","127","9/17/2021 12:58:00 AM","No Pedestrians Involved","Dry","No Unusual Conditions","Dark - Street Light","Violation Driver 1","No Controls Present/Factor","Clear","Sideswipe","Non-Related","Parked Vehicle","Not Applicable","Not Applicable","West Of",""
"678790","CR-0000087980","0","0","0","0","21-261-0051","False","False","30","9/18/2021 12:52:00 AM","No Pedestrians Involved","Dry","No Unusual Conditions","Dark - Street Light","Violation Driver 1","No Controls Present/Factor","Clear","Sideswipe","Related","Parked Vehicle","Not Applicable","Not Applicable","West Of",""
"678791","CR-0000087981","0","0","0","0","21-261-0072","False","False","60","9/18/2021 1:16:00 AM","No Pedestrians Involved","Dry","No Unusual Conditions","Dark - Street Light","Violation Driver 1","Controls Functioning","Clear","Hit Object","Non-Related","Fixed Object","Not Applicable","Not Applicable","North Of","Center median"
"678792","CR-0000087982","0","0","0","0","21-261-0452","False","False","0","9/18/2021 1:03:00 PM","No Pedestrians Involved","Dry","No Unusual Conditions","Daylight","Violation Driver 1","Controls Functioning","Clear","Sideswipe","Intersection","Other Vehicle","Not Applicable","Not Applicable","At",""
"678793","CR-0000087983","0","0","0","0","21-261-0077","False","False","90","9/18/2021 1:17:00 AM","No Pedestrians Involved","Dry","No Unusual Conditions","Dark - Street Light","Violation Driver 1","No Controls Present/Factor","Clear","Head On","Non-Related","Parked Vehicle","Not Applicable","Not Applicable","South Of",""
"678794","CR-0000087984","2","0","0","0","21-261-0114","False","False","155","9/18/2021 2:12:00 AM","No Pedestrians Involved","Dry","No Unusual Conditions","Dark - Street Light","Violation Driver 1","No Controls Present/Factor","Clear","Sideswipe","Non-Related","Other Vehicle","Not Applicable","Not Applicable","South Of",""
"678795","CR-0000087985","0","1","0","0","21-261-0126","True","False","675","9/18/2021 2:25:00 AM","No Pedestrians Involved","Dry","No Unusual Conditions","Dark - Street Light","Violation Driver 1","No Controls Present/Factor","Clear","Hit Object","Non-Related","Fixed Object","Not Applicable","Not Applicable","East Of","Light pole"
"678796","CR-0000087986","0","0","0","0","21-261-0252","False","False","164","9/18/2021 7:41:00 AM","No Pedestrians Involved","Dry","No Unusual Conditions","Daylight","Violation Driver 1","No Controls Present/Factor","Clear","Rear End","Non-Related","Other Vehicle","Not Applicable","Not Applicable","South Of",""
"678797","CR-0000087987","2","0","0","0","21-261-0848","False","False","0","9/18/2021 8:03:00 PM","No Pedestrians Involved","Dry","No Unusual Conditions","Dark - Street Light","Violation Driver 1","Controls Functioning","Clear","Broadside","Intersection","Other Vehicle","Not Applicable","Not Applicable","At",""
"678798","CR-0000087988","0","0","0","0","21-261-0874","True","False","0","9/18/2021 8:22:00 PM","No Pedestrians Involved","Dry","No Unusual Conditions","Dark - Street Light","Violation Driver 1","Controls Functioning","Clear","Hit Object","Intersection","Fixed Object","Not Applicable","Not Applicable","At","Light pole"
"678799","CR-0000087989","1","1","0","0","21-261-0833","False","False","0","9/18/2021 8:34:00 PM","No Pedestrians Involved","Dry","No Unusual Conditions","Dark - Street Light","Violation Driver 1","Controls Functioning","Unknown","Broadside","Intersection","Other Vehicle","Not Applicable","Not Applicable","At",""
"678800","CR-0000087990","0","0","0","0","21-261-0031","False","False","84","9/18/2021 12:27:00 AM","No Pedestrians Involved","Dry","No Unusual Conditions","Dark - Street Light","Violation Driver 1","No Controls Present/Factor","Clear","Head On","Non-Related","Parked Vehicle","Not Applicable","Not Applicable","South Of",""
"678801","CR-0000087991","0","0","0","0","21-261-0175","False","False","140","9/18/2021 4:14:00 AM","No Pedestrians Involved","Wet","No Unusual Conditions","Dark - Street Light","Violation Driver 1","Controls Functioning","Clear","Rear End","Non-Related","Parked Vehicle","Not Applicable","Not Applicable","West Of",""
"678802","CR-0000087992","0","0","0","0","21-261-0187","False","False","345","9/18/2021 5:09:00 AM","No Pedestrians Involved","Dry","No Unusual Conditions","Dusk - Dawn","Violation Driver 1","No Controls Present/Factor","Clear","Head On","Non-Related","Parked Vehicle","Not Applicable","Not Applicable","West Of",""
"678803","CR-0000087993","0","0","0","0","21-262-0202","False","False","56","9/19/2021 3:30:00 AM","No Pedestrians Involved","Dry","No Unusual Conditions","Dark - Street Light","Violation Driver 1","Unknown","Clear","Hit Object","Non-Related","Fixed Object","Not Applicable","Not Applicable","South Of",""
"678804","CR-0000087994","0","1","0","0","21-262-0059","False","False","124","9/19/2021 12:40:00 AM","No Pedestrians Involved","Dry","No Unusual Conditions","Dark - Street Light","Violation Driver 1","No Controls Present/Factor","Clear","Sideswipe","Non-Related","Parked Vehicle","Not Applicable","Not Applicable","East Of",""
"676961","CR-0000086080","0","0","0","0","21-075-0706","False","False","67","3/16/2021 5:21:00 PM","No Pedestrians Involved","Dry","No Unusual Conditions","Daylight","Violation Driver 1","No Controls Present/Factor","Clear","Rear End","Non-Related","Other Vehicle","Not Applicable","Not Applicable","South Of",""
"676962","CR-0000086081","0","0","0","0","21-077-0249","False","False","540","3/18/2021 9:15:00 AM","No Pedestrians Involved","Wet","No Unusual Conditions","Daylight","Violation Driver 1","No Controls Present/Factor","Cloudy","Head On","Non-Related","Other Vehicle","Not Applicable","Not Applicable","West Of",""
"676963","CR-0000086082","1","0","0","0","21-077-0307","False","False","0","3/18/2021 10:45:00 AM","No Pedestrians Involved","Wet","No Unusual Conditions","Daylight","Violation Driver 1","Controls Functioning","Rain","Head On","Intersection","Other Vehicle","Not Applicable","Not Applicable","At",""
"676964","CR-0000086083","0","1","0","0","21-077-0370","False","False","230","3/18/2021 11:55:00 AM","Not In Road","Wet","No Unusual Conditions","Daylight","Pedestrian At Fault","No Controls Present/Factor","Rain","Vehicle/Pedestrian","Non-Related","Skateboard","South","North","North Of",""
"676965","CR-0000086084","1","0","0","0","21-077-0464","False","False","39","3/18/2021 2:10:00 PM","Crossing - Not In Crosswalk","Wet","No Unusual Conditions","Daylight","Violation Driver 1","Controls Functioning","Rain","Vehicle/Pedestrian","Related","Pedestrian","North","South","West Of",""
"676966","CR-0000086085","0","0","0","0","21-078-0047","True","False","0","3/19/2021 1:31:00 AM","No Pedestrians Involved","Wet","No Unusual Conditions","Dark - Street Light","Unknown","No Controls Present/Factor","Rain","Hit Object","Intersection","Fixed Object","Not Applicable","Not Applicable","At","Median island, street sign"
"676967","CR-0000086086","0","0","0","0","21-078-0122","True","False","190","3/19/2021 5:23:00 AM","No Pedestrians Involved","Dry","No Unusual Conditions","Daylight","Violation Driver 1","No Controls Present/Factor","Clear","Hit Object","Non-Related","Fixed Object","Not Applicable","Not Applicable","East Of","Light pole, tree"
"676968","CR-0000086087","0","0","0","0","21-078-1045","False","False","20","3/19/2021 6:53:00 AM","No Pedestrians Involved","Wet","No Unusual Conditions","Daylight","Violation Driver 1","No Controls Present/Factor","Cloudy","Rear End","Related","Other Vehicle","Not Applicable","Not Applicable","South Of",""
"676969","CR-0000086088","0","0","0","0","21-079-0232","False","False","103","3/19/2021 8:30:00 AM","No Pedestrians Involved","Dry","No Unusual Conditions","Daylight","Violation Driver 1","No Controls Present/Factor","Clear","Rear End","Non-Related","Parked Vehicle","Not Applicable","Not Applicable","East Of",""
"676970","CR-0000086089","1","0","0","0","21-078-0268","False","False","0","3/19/2021 10:30:00 AM","No Pedestrians Involved","Dry","No Unusual Conditions","Daylight","Violation Driver 1","Controls Functioning","Clear","Broadside","Intersection","Other Vehicle","Not Applicable","Not Applicable","At",""
"676971","CR-0000086090","1","0","0","0","21-078-0307","True","False","330","3/19/2021 11:30:00 AM","No Pedestrians Involved","Wet","No Unusual Conditions","Daylight","Other Than Driver","No Controls Present/Factor","Cloudy","Hit Object","Non-Related","Fixed Object","Not Applicable","Not Applicable","North Of","Lightpole. A vehicle made a right turn onto N/B San Ignacio infront of V1, leading the driver to veer off the road and hit the light pole"
"676972","CR-0000086091","0","0","0","0","21-078-0313","True","False","51","3/19/2021 11:41:00 AM","No Pedestrians Involved","Dry","No Unusual Conditions","Daylight","Other Improper Driving","No Controls Present/Factor","Cloudy","Hit Object","Non-Related","Fixed Object","Not Applicable","Not Applicable","West Of","Trees. Medical seizure led D1 to crash into a tree"
"676973","CR-0000086092","2","0","0","0","21-078-0600","False","False","28","3/19/2021 5:00:00 PM","No Pedestrians Involved","Dry","No Unusual Conditions","Daylight","Violation Driver 1","Controls Functioning","Cloudy","Rear End","Related","Other Vehicle","Not Applicable","Not Applicable","East Of",""
"676974","CR-0000086093","0","0","0","0","21-078-0599","False","False","220","3/19/2021 5:14:00 PM","No Pedestrians Involved","Dry","No Unusual Conditions","Daylight","Violation Driver 1","No Controls Present/Factor","Clear","Rear End","Non-Related","Parked Vehicle","Not Applicable","Not Applicable","North Of",""
"676975","CR-0000086094","0","0","0","0","21-078-0787","False","False","285","3/19/2021 6:00:00 PM","No Pedestrians Involved","Wet","Unknown","Dark - Street Light","Unknown","No Controls Present/Factor","Cloudy","Sideswipe","Non-Related","Parked Vehicle","Not Applicable","Not Applicable","South Of",""
"676976","CR-0000086095","0","0","1","0","21-078-0804","True","False","125","3/19/2021 8:36:00 PM","No Pedestrians Involved","Dry","No Unusual Conditions","Dark - Street Light","Violation Driver 1","Controls Functioning","Clear","Hit Object","Non-Related","Fixed Object","Not Applicable","Not Applicable","South Of","Tree, street sign"
"676977","CR-0000086097","0","0","0","0","21-079-0251","True","False","200","3/20/2021 8:31:00 AM","No Pedestrians Involved","Dry","No Unusual Conditions","Daylight","Violation Driver 1","No Controls Present/Factor","Clear","Hit Object","Non-Related","Fixed Object","Not Applicable","Not Applicable","North Of","Street signs"
"676978","CR-0000086096","1","0","0","0","21-079-0034","True","False","20","3/20/2021 12:37:00 AM","No Pedestrians Involved","Dry","No Unusual Conditions","Dark - Street Light","Unknown","Controls Functioning","Clear","Hit Object","Related","Fixed Object","Not Applicable","Not Applicable","West Of","Curb, guard rail"
"676979","CR-0000086098","0","0","0","0","21-079-0343","True","False","51","3/20/2021 10:55:00 AM","No Pedestrians Involved","Dry","Reduced Roadway Width","Daylight","Unknown","No Controls Present/Factor","Clear","Hit Object","Non-Related","Fixed Object","Not Applicable","Not Applicable","North Of","Street sign"
"676980","CR-0000086099","1","0","0","0","21-079-0381","True","False","450","3/20/2021 11:38:00 AM","No Pedestrians Involved","Dry","No Unusual Conditions","Daylight","Violation Driver 1","No Controls Present/Factor","Clear","Hit Object","Non-Related","Fixed Object","Not Applicable","Not Applicable","West Of","Light pole"
"676981","CR-0000086100","0","0","0","0","21-079-0475","False","False","0","3/20/2021 1:21:00 PM","No Pedestrians Involved","Dry","No Unusual Conditions","Daylight","Violation Driver 1","Controls Functioning","Clear","Broadside","Intersection","Other Vehicle","Not Applicable","Not Applicable","At",""
"676982","CR-0000086101","0","0","0","0","21-079-0681","False","False","0","3/20/2021 5:47:00 PM","No Pedestrians Involved","Dry","No Unusual Conditions","Daylight","Violation Driver 1","Controls Functioning","Clear","Sideswipe","Intersection","Other Vehicle","Not Applicable","Not Applicable","At",""
"676983","CR-0000086102","1","1","0","0","21-079-0720","False","False","0","3/20/2021 8:37:00 AM","No Pedestrians Involved","Dry","No Unusual Conditions","Daylight","Violation Driver 1","Controls Functioning","Clear","Broadside","Intersection","Other Vehicle","Not Applicable","Not Applicable","At",""
"676984","CR-0000086103","1","0","0","0","21-079-0754","False","False","","3/20/2021 7:09:00 PM","No Pedestrians Involved","Dry","No Unusual Conditions","Dusk - Dawn","Violation Driver 1","Controls Functioning","Clear","Rear End","Related","Other Vehicle","Not Applicable","Not Applicable","North Of",""
"676985","CR-0000086104","0","0","0","0","21-078-0776","False","False","90","3/20/2021 8:20:00 PM","No Pedestrians Involved","Dry","No Unusual Conditions","Dark - Street Light","Violation Driver 1","Controls Functioning","Clear","Sideswipe","Non-Related","Other Vehicle","Not Applicable","Not Applicable","East Of",""
"678805","CR-0000087995","0","0","0","0","21-262-0571","False","False","69","9/19/2021 3:09:00 PM","No Pedestrians Involved","Dry","No Unusual Conditions","Daylight","Violation Driver 1","Controls Functioning","Clear","Hit Object","Non-Related","Fixed Object","Not Applicable","Not Applicable","South Of","Curb, fence"