"CrashFactId","Name","MinorInjuries","ModerateInjuries","SevereInjuries","FatalInjuries","TcrNumber","CityDamageFlag","ShortFormFlag","Distance","CrashDateTime","PedestrianAction","RoadwaySurface","RoadwayCondition","Lighting","PrimaryCollisionFactor","TrafficControl","Weather","CollisionType","ProximityToIntersection","VehicleInvolvedWith","PedestrianDirectionFrom","PedestrianDirectionTo","DirectionFromIntersection","Comment"
"677043","CR-0000086183","0","0","0","0","21-084-0960","False","False","49","3/25/2021 9:04:00 PM","No Pedestrians Involved","Dry","No Unusual Conditions","Dark - Street Light","Unknown","No Controls Present/Factor","Clear","Head On","Related","Parked Vehicle","Not Applicable","Not Applicable","East Of",""
"677044","CR-0000086184","0","0","0","0","21-084-0988","True","False","190","3/25/2021 9:56:00 PM","No Pedestrians Involved","Dry","No Unusual Conditions","Dark - Street Light","Violation Driver 1","No Controls Present/Factor","Clear","Hit Object","Non-Related","Fixed Object","Not Applicable","Not Applicable","South Of","Light pole"
"677045","CR-0000086185","2","0","0","0","21-085-0163","False","False","0","3/26/2021 7:24:00 AM","No Pedestrians Involved","Dry","No Unusual Conditions","Daylight","Violation Driver 1","Controls Functioning","Clear","Broadside","Intersection","Other Vehicle","Not Applicable","Not Applicable","At",""
"677046","CR-0000086186","2","0","0","0","21-085-0248","False","False","180","3/26/2021 9:24:00 AM","No Pedestrians Involved","Dry","No Unusual Conditions","Daylight","Violation Driver 1","No Controls Present/Factor","Clear","Head On","Non-Related","Parked Vehicle","Not Applicable","Not Applicable","West Of",""
"677047","CR-0000086187","0","0","0","0","21-085-9728","False","True","","3/26/2021 11:50:00 AM","No Pedestrians Involved","Dry","No Unusual Conditions","Daylight","Unknown","Controls Functioning","Clear","Rear End","Related","Other Vehicle","Not Applicable","Not Applicable","South Of",""
"677048","CR-0000086188","0","0","0","0","21-085-0805","False","False","100","3/26/2021 7:15:00 PM","No Pedestrians Involved","Dry","No Unusual Conditions","Daylight","Violation Driver 1","No Controls Present/Factor","Clear","Sideswipe","Non-Related","Other Vehicle","Not Applicable","Not Applicable","South Of","See also TCR#21-085-0786"
"677049","CR-0000086189","0","0","0","0","21-085-0786","False","False","51","3/26/2021 7:19:00 PM","No Pedestrians Involved","Dry","No Unusual Conditions","Dusk - Dawn","Violation Driver 1","Controls Functioning","Clear","Broadside","Non-Related","Other Vehicle","Not Applicable","Not Applicable","North Of","See also TCR#21-085-0805"
"677050","CR-0000086190","0","0","0","0","21-086-0024","True","False","0","3/27/2021 12:16:00 AM","No Pedestrians Involved","Dry","No Unusual Conditions","Dark - Street Light","Violation Driver 1","No Controls Present/Factor","Clear","Hit Object","Intersection","Fixed Object","Not Applicable","Not Applicable","At","Median"
"677051","CR-0000086191","0","1","0","0","21-086-0102","False","False","66","3/27/2021 1:40:00 AM","No Pedestrians Involved","Dry","No Unusual Conditions","Dark - Street Light","Violation Driver 1","Controls Functioning","Clear","Hit Object","Non-Related","Fixed Object","Not Applicable","Not Applicable","West Of","PG&E pole"
"677052","CR-0000086192","1","0","0","0","21-086-0217","False","False","0","3/27/2021 6:35:00 AM","No Pedestrians Involved","Dry","No Unusual Conditions","Dusk - Dawn","Unknown","Controls Functioning","Clear","Broadside","Intersection","Other Vehicle","Not Applicable","Not Applicable","At","One of the drivers violated 21453 but undetermined who."
"677053","CR-0000086193","0","0","0","0","21-088-9710","False","True","","3/27/2021 1:30:00 PM","No Pedestrians Involved","Dry","No Unusual Conditions","Daylight","Unknown","Controls Functioning","Clear","Sideswipe","Related","Other Vehicle","Not Applicable","Not Applicable","South Of",""
"677054","CR-0000086194","0","0","0","1","21-095-0529","False","False","","4/5/2021 4:26:00 PM","No Pedestrians Involved","Dry","No Unusual Conditions","Daylight","Unknown","No Controls Present/Factor","Clear","Vehicle/Bike","Related","Bike","Not Applicable","Not Applicable","East Of","Awaiting TIU report for further information"
"677055","CR-0000086195","0","0","0","0","21-086-0888","False","False","","3/27/2021 7:45:00 PM","No Pedestrians Involved","Dry","No Unusual Conditions","Daylight","Violation Driver 1","Controls Functioning","Clear","Sideswipe","Related","Other Vehicle","Not Applicable","Not Applicable","West Of",""
"677056","CR-0000086196","0","0","1","0","21-086-0911","False","False","303","3/27/2021 8:08:00 PM","No Pedestrians Involved","Dry","No Unusual Conditions","Dark - Street Light","Violation Driver 1","No Controls Present/Factor","Clear","Vehicle/Bike","Non-Related","Bike","Not Applicable","Not Applicable","North Of",""
"677057","CR-0000086197","0","1","0","0","21-086-0281","True","False","1042","3/27/2021 8:57:00 AM","No Pedestrians Involved","Dry","No Unusual Conditions","Daylight","Violation Driver 1","No Controls Present/Factor","Clear","Hit Object","Non-Related","Fixed Object","Not Applicable","Not Applicable","South Of","Cement Bollards"
"677058","CR-0000086198","0","0","0","0","21-087-0024","True","False","136","3/28/2021 1:05:00 AM","No Pedestrians Involved","Dry","No Unusual Conditions","Dark - Street Light","Unknown","No Controls Present/Factor","Clear","Hit Object","Non-Related","Fixed Object","Not Applicable","Not Applicable","West Of","Curb, pole, wall"
"677059","CR-0000086199","0","0","0","0","21-089-0581","False","False","51","3/28/2021 2:17:00 AM","No Pedestrians Involved","Dry","No Unusual Conditions","Daylight","Violation Driver 1","No Controls Present/Factor","Clear","Sideswipe","Non-Related","Parked Vehicle","Not Applicable","Not Applicable","West Of",""
"677060","CR-0000086200","0","0","0","0","21-087-0204","False","False","30","3/28/2021 7:35:00 AM","No Pedestrians Involved","Dry","No Unusual Conditions","Daylight","Violation Driver 1","No Controls Present/Factor","Clear","Other","Related","Parked Vehicle","Not Applicable","Not Applicable","South Of",""
"677061","CR-0000086201","1","0","0","0","21-087-0228","False","False","475","3/28/2021 8:30:00 AM","No Pedestrians Involved","Dry","No Unusual Conditions","Daylight","Violation Driver 1","No Controls Present/Factor","Clear","Sideswipe","Non-Related","Parked Vehicle","Not Applicable","Not Applicable","East Of",""
"677062","CR-0000086202","1","0","0","0","21-087-0266","False","False","197","3/28/2021 9:32:00 AM","No Pedestrians Involved","Dry","No Unusual Conditions","Daylight","Violation Driver 1","No Controls Present/Factor","Clear","Broadside","Non-Related","Motorcycle","Not Applicable","Not Applicable","North Of",""
"677063","CR-0000086203","1","0","0","0","21-087-0252","True","False","123","3/28/2021 10:01:00 AM","No Pedestrians Involved","Dry","No Unusual Conditions","Daylight","Violation Driver 1","No Controls Present/Factor","Cloudy","Hit Object","Non-Related","Fixed Object","Not Applicable","Not Applicable","North Of","Light pole and fire hydrant"
"677064","CR-0000086204","0","1","0","0","21-087-0385","False","False","52","3/28/2021 12:06:00 PM","No Pedestrians Involved","Dry","No Unusual Conditions","Daylight","Violation Driver 1","No Controls Present/Factor","Clear","Head On","Non-Related","Other Vehicle","Not Applicable","Not Applicable","North Of",""
"677065","CR-0000086205","0","0","0","0","21-087-0388","False","False","80","3/28/2021 12:10:00 PM","No Pedestrians Involved","Dry","No Unusual Conditions","Daylight","Violation Driver 1","Controls Functioning","Clear","Hit Object","Non-Related","Other Object","Not Applicable","Not Applicable","South Of","Small wooden box"
"677066","CR-0000086206","0","0","0","0","21-087-0550","False","False","20","3/28/2021 2:30:00 PM","No Pedestrians Involved","Dry","No Unusual Conditions","Daylight","Violation Driver 1","No Controls Present/Factor","Clear","Rear End","Related","Parked Vehicle","Not Applicable","Not Applicable","North Of",""
"677067","CR-0000086207","0","0","0","0","21-087-0569","False","False","51","3/28/2021 3:49:00 PM","No Pedestrians Involved","Dry","No Unusual Conditions","Daylight","Violation Driver 1","Controls Functioning","Clear","Rear End","Non-Related","Parked Vehicle","Not Applicable","Not Applicable","East Of",""
"678846","CR-0000088038","0","0","0","0","21-226-0667","False","False","51","8/14/2021 5:26:00 PM","No Pedestrians Involved","Dry","No Unusual Conditions","Daylight","Violation Driver 1","Unknown","Clear","Sideswipe","Non-Related","Other Vehicle","Not Applicable","Not Applicable","South Of",""
"678847","CR-0000088039","2","0","0","0","21-226-0876","False","False","0","8/14/2021 8:52:00 PM","No Pedestrians Involved","Dry","No Unusual Conditions","Dark - Street Light","Violation Driver 1","Controls Functioning","Clear","Broadside","Intersection","Other Vehicle","Not Applicable","Not Applicable","At",""
"678848","CR-0000088040","1","0","0","0","21-226-1025","True","False","0","8/14/2021 11:08:00 PM","No Pedestrians Involved","Dry","No Unusual Conditions","Dark - Street Light","Violation Driver 1","Controls Functioning","Clear","Hit Object","Intersection","Fixed Object","Not Applicable","Not Applicable","At","Light Pole"
"678849","CR-0000088041","0","0","0","0","21-226-1036","False","False","63","8/14/2021 11:15:00 PM","No Pedestrians Involved","Dry","No Unusual Conditions","Dark - Street Light","Violation Driver 1","Controls Functioning","Clear","Sideswipe","Non-Related","Parked Vehicle","Not Applicable","Not Applicable","South Of",""
"678850","CR-0000088042","0","0","0","0","21-227-0003","False","False","450","8/15/2021 12:00:00 AM","No Pedestrians Involved","Dry","No Unusual Conditions","Dark - No Street Light","Violation Driver 1","No Controls Present/Factor","Clear","Sideswipe","Non-Related","Parked Vehicle","Not Applicable","Not Applicable","South Of",""
"678851","CR-0000088043","3","0","0","0","21-227-0015","True","False","26","8/15/2021 12:11:00 AM","No Pedestrians Involved","Dry","No Unusual Conditions","Dark - Street Light","Violation Driver 1","Controls Functioning","Clear","Sideswipe","Related","Other Vehicle","Not Applicable","Not Applicable","East Of","City PD Vehicle"
"678852","CR-0000088044","0","0","0","0","21-227-0058","True","False","0","8/15/2021 1:00:00 AM","No Pedestrians Involved","Dry","No Unusual Conditions","Dark - Street Light","Violation Driver 1","Controls Functioning","Clear","Hit Object","Intersection","Fixed Object","Not Applicable","Not Applicable","At","Traffic Signal"
"678853","CR-0000088045","0","0","0","0","21-226-1046","False","False","","8/15/2021 3:30:00 AM","No Pedestrians Involved","Dry","Unknown","Dark - Street Light","Violation Driver 1","Controls Functioning","Clear","Sideswipe","Non-Related","Motor Vehicle On Other Roadway","Not Applicable","Not Applicable","North Of",""
"678854","CR-0000088046","1","0","0","0","21-227-0475","False","False","120","8/15/2021 1:24:00 PM","No Pedestrians Involved","Dry","No Unusual Conditions","Daylight","Violation Driver 1","No Controls Present/Factor","Clear","Rear End","Non-Related","Parked Vehicle","Not Applicable","Not Applicable","East Of",""
"678855","CR-0000088047","3","2","0","0","21-227-0552","False","False","0","8/15/2021 3:01:00 PM","No Pedestrians Involved","Dry","No Unusual Conditions","Daylight","Violation Driver 1","Controls Functioning","Clear","Sideswipe","Intersection","Other Vehicle","Not Applicable","Not Applicable","At",""
"678856","CR-0000088048","0","0","0","0","21-227-0574","False","False","51","8/15/2021 3:47:00 PM","No Pedestrians Involved","Dry","No Unusual Conditions","Daylight","Violation Driver 1","No Controls Present/Factor","Clear","Rear End","Non-Related","Other Vehicle","Not Applicable","Not Applicable","Unknown",""
"678857","CR-0000088049","2","0","0","0","21-227-0610","False","False","138","8/15/2021 4:26:00 PM","No Pedestrians Involved","Dry","No Unusual Conditions","Daylight","Violation Driver 1","No Controls Present/Factor","Clear","Rear End","Non-Related","Other Vehicle","Not Applicable","Not Applicable","North Of","Hit and run with VTA Bus"
"678858","CR-0000088050","0","0","0","0","21-227-0657","False","False","149","8/15/2021 5:36:00 PM","No Pedestrians Involved","Dry","No Unusual Conditions","Daylight","Violation Driver 1","No Controls Present/Factor","Clear","Rear End","Non-Related","Parked Vehicle","Not Applicable","Not Applicable","South Of",""
"678859","CR-0000088051","1","1","0","0","21-227-0658","False","False","0","8/15/2021 5:43:00 PM","No Pedestrians Involved","Dry","No Unusual Conditions","Daylight","Violation Driver 1","Controls Functioning","Clear","Broadside","Intersection","Other Vehicle","Not Applicable","Not Applicable","At",""
"678860","CR-0000088052","0","0","1","0","21-227-0685","False","False","0","8/15/2021 6:15:00 PM","No Pedestrians Involved","Dry","No Unusual Conditions","Daylight","Bike At Fault","Controls Functioning","Clear","Vehicle/Bike","Intersection","Bike","Not Applicable","Not Applicable","At","Bike"
"678861","CR-0000088053","1","1","0","0","21-227-0882","False","False","0","8/15/2021 9:13:00 PM","No Pedestrians Involved","Dry","No Unusual Conditions","Dark - Street Light","Violation Driver 1","Controls Functioning","Clear","Broadside","Intersection","Other Vehicle","Not Applicable","Not Applicable","At",""
"678862","CR-0000088054","0","0","0","0","21-227-0920","False","False","121","8/15/2021 10:53:00 PM","No Pedestrians Involved","Dry","No Unusual Conditions","Dark - Street Light","Violation Driver 1","No Controls Present/Factor","Clear","Head On","Non-Related","Other Vehicle","Not Applicable","Not Applicable","North Of",""
"678863","CR-0000088055","0","0","0","0","21-244-0164","True","False","147","9/1/2021 7:39:00 AM","No Pedestrians Involved","Dry","No Unusual Conditions","Daylight","Violation Driver 1","No Controls Present/Factor","Clear","Hit Object","Non-Related","Other Object","Not Applicable","Not Applicable","East Of","Tree Branch"
"678864","CR-0000088056","0","0","0","0","21-244-0185","False","False","147","9/1/2021 7:55:00 AM","No Pedestrians Involved","Dry","No Unusual Conditions","Daylight","Violation Driver 1","No Controls Present/Factor","Clear","Head On","Non-Related","Parked Vehicle","Not Applicable","Not Applicable","East Of",""
"678865","CR-0000088057","0","0","0","0","21-244-0275","False","False","51","9/1/2021 9:00:00 AM","No Pedestrians Involved","Dry","No Unusual Conditions","Daylight","Violation Driver 1","No Controls Present/Factor","Clear","Sideswipe","Non-Related","Other Vehicle","Not Applicable","Not Applicable","West Of",""
"678866","CR-0000088058","0","1","0","0","21-244-0563","False","False","178","9/1/2021 1:22:00 PM","No Pedestrians Involved","Dry","No Unusual Conditions","Dusk - Dawn","Violation Driver 1","No Controls Present/Factor","Clear","Vehicle/Bike","Non-Related","Bike","Not Applicable","Not Applicable","East Of","Bike"
"678867","CR-0000088059","0","0","0","0","21-244-0767","False","False","150","9/1/2021 5:44:00 PM","No Pedestrians Involved","Dry","No Unusual Conditions","Daylight","Violation Driver 1","Controls Functioning","Clear","Sideswipe","Non-Related","Parked Vehicle","Not Applicable","Not Applicable","North Of",""
"678868","CR-0000088060","0","0","0","0","21-244-1015","True","False","158","9/1/2021 8:22:00 PM","No Pedestrians Involved","Dry","No Unusual Conditions","Dark - Street Light","Violation Driver 1","Controls Functioning","Clear","Hit Object","Non-Related","Fixed Object","Not Applicable","Not Applicable","East Of","LightPole"
"678869","CR-0000088061","0","0","0","0","21-245-0186","False","False","16","9/2/2021 7:40:00 AM","No Pedestrians Involved","Dry","No Unusual Conditions","Daylight","Violation Driver 1","Controls Functioning","Clear","Sideswipe","Related","Other Vehicle","No Direction (Not Walking)","No Direction (Not Walking)","East Of",""
"678870","CR-0000088062","1","0","0","0","21-245-0513","False","False","0","9/2/2021 1:36:00 PM","No Pedestrians Involved","Dry","No Unusual Conditions","Daylight","Violation Driver 1","Controls Functioning","Clear","Broadside","Intersection","Other Vehicle","Not Applicable","Not Applicable","At",""
"678871","CR-0000088063","0","1","0","0","21-245-0207","False","False","0","9/2/2021 8:14:00 AM","No Pedestrians Involved","Dry","No Unusual Conditions","Daylight","Violation Driver 1","Controls Functioning","Clear","Broadside","Intersection","Other Vehicle","Not Applicable","Not Applicable","At",""
"678872","CR-0000088064","0","0","0","0","21-245-0230","False","False","32","9/2/2021 8:34:00 AM","No Pedestrians Involved","Dry","No Unusual Conditions","Daylight","Violation Driver 1","Unknown","Clear","Sideswipe","Related","Parked Vehicle","Not Applicable","Not Applicable","East Of",""
"678873","CR-0000088065","0","0","0","0","21-245-0559","False","False","0","9/2/2021 2:15:00 PM","No Pedestrians Involved","Dry","No Unusual Conditions","Daylight","Violation Driver 1","No Controls Present/Factor","Clear","Rear End","Intersection","Other Vehicle","Not Applicable","Not Applicable","At",""
"678874","CR-0000088066","0","1","0","0","21-245-0604","False","False","0","9/2/2021 2:59:00 PM","No Pedestrians Involved","Dry","No Unusual Conditions","Daylight","Violation Driver 1","Controls Functioning","Clear","Broadside","Intersection","Other Vehicle","Not Applicable","Not Applicable","At",""
"678875","CR-0000088067","1","0","0","0","21-245-0731","False","False","51","9/2/2021 5:08:00 PM","No Pedestrians Involved","Unknown","No Unusual Conditions","Daylight","Violation Driver 1","Unknown","Clear","Broadside","Non-Related","Other Vehicle","Not Applicable","Not Applicable","North Of",""
"678876","CR-0000088068","0","0","0","0","21-246-0031","False","False","20","9/3/2021 12:22:00 AM","No Pedestrians Involved","Dry","No Unusual Conditions","Dark - Street Light","Violation Driver 1","No Controls Present/Factor","Clear","Rear End","Related","Parked Vehicle","Not Applicable","Not Applicable","West Of",""
"678877","CR-0000088069","0","0","0","0","21-256-9702","False","True","20","9/2/2021 12:20:00 AM","No Pedestrians Involved","Dry","No Unusual Conditions","Dark - Street Light","Unknown","No Controls Present/Factor","Clear","Sideswipe","Related","Parked Vehicle","Not Applicable","Not Applicable","South Of",""
"678878","CR-0000088070","0","1","0","0","21-245-0949","False","False","250","9/2/2021 6:30:00 PM","No Pedestrians Involved","Dry","No Unusual Conditions","Daylight","Violation Driver 1","No Controls Present/Factor","Clear","Vehicle/Bike","Non-Related","Bike","Not Applicable","Not Applicable","North Of","Motorized Scooter"
"678879","CR-0000088071","1","0","0","0","21-246-0148","False","False","152","9/3/2021 5:53:00 AM","No Pedestrians Involved","Dry","No Unusual Conditions","Dusk - Dawn","Violation Driver 1","Controls Functioning","Clear","Rear End","Non-Related","Parked Vehicle","Not Applicable","Not Applicable","North Of",""
"678880","CR-0000088072","0","0","0","0","21-246-0334","False","False","270","9/3/2021 11:08:00 AM","No Pedestrians Involved","Dry","No Unusual Conditions","Daylight","Violation Driver 1","No Controls Present/Factor","Clear","Hit Object","Non-Related","Parked Vehicle","Not Applicable","Not Applicable","North Of",""
"678881","CR-0000088073","1","0","0","0","21-246-0447","False","False","348","9/3/2021 1:15:00 PM","No Pedestrians Involved","Dry","No Unusual Conditions","Daylight","Violation Driver 1","Controls Functioning","Clear","Rear End","Non-Related","Other Vehicle","Not Applicable","Not Applicable","South Of",""
"678882","CR-0000088074","0","1","0","0","21-246-0542","False","False","255","9/3/2021 2:50:00 PM","No Pedestrians Involved","Dry","No Unusual Conditions","Daylight","Violation Driver 1","No Controls Present/Factor","Clear","Broadside","Non-Related","Other Vehicle","Not Applicable","Not Applicable","West Of",""
"678883","CR-0000088075","0","0","0","0","21-246-0957","False","False","0","9/3/2021 11:47:00 PM","No Pedestrians Involved","Dry","No Unusual Conditions","Dark - Street Light","Violation Driver 1","Unknown","Clear","Sideswipe","Intersection","Parked Vehicle","Not Applicable","Not Applicable","West Of",""
"678884","CR-0000088076","0","0","0","0","21-247-0283","False","False","63","9/4/2021 8:37:00 AM","No Pedestrians Involved","Dry","No Unusual Conditions","Daylight","Violation Driver 1","Controls Functioning","Clear","Sideswipe","Non-Related","Parked Vehicle","Not Applicable","Not Applicable","North Of",""
"678885","CR-0000088077","0","0","0","0","21-247-0771","False","False","60","9/4/2021 6:25:00 PM","No Pedestrians Involved","Dry","No Unusual Conditions","Daylight","Violation Driver 1","No Controls Present/Factor","Clear","Head On","Non-Related","Parked Vehicle","Not Applicable","Not Applicable","North Of",""
"678886","CR-0000088078","0","0","1","0","21-247-0870","False","False","550","9/4/2021 7:50:00 PM","Crossing - Not In Crosswalk","Dry","No Unusual Conditions","Dark - Street Light Not Functioning","Bike At Fault","No Controls Present/Factor","Clear","Vehicle/Bike","Non-Related","Bike","South","South","West Of","Bike"
"677068","CR-0000086208","0","1","0","0","21-087-0498","True","False","101","3/28/2021 4:11:00 PM","No Pedestrians Involved","Dry","No Unusual Conditions","Daylight","Violation Driver 1","No Controls Present/Factor","Clear","Hit Object","Non-Related","Fixed Object","Not Applicable","Not Applicable","East Of","Fence of the deadend, trees and bushes"
"677069","CR-0000086209","1","0","0","0","21-087-0706","True","False","260","3/28/2021 5:48:00 PM","No Pedestrians Involved","Dry","No Unusual Conditions","Daylight","Violation Driver 1","No Controls Present/Factor","Clear","Hit Object","Non-Related","Fixed Object","Not Applicable","Not Applicable","East Of","Tree"
"677070","CR-0000086210","0","0","0","0","21-087-0843","True","False","180","3/28/2021 8:17:00 PM","No Pedestrians Involved","Dry","No Unusual Conditions","Dark - Street Light","Violation Driver 1","No Controls Present/Factor","Clear","Rear End","Non-Related","Parked Vehicle","Not Applicable","Not Applicable","South Of","Tree"
"677071","CR-0000086211","0","0","0","0","21-087-0887","True","False","0","3/28/2021 9:02:00 PM","No Pedestrians Involved","Dry","No Unusual Conditions","Dark - Street Light","Violation Driver 1","No Controls Present/Factor","Clear","Hit Object","Intersection","Fixed Object","Not Applicable","Not Applicable","At","Stop sign"
"677072","CR-0000086212","0","0","0","0","21-087-0985","False","False","51","3/28/2021 10:48:00 PM","No Pedestrians Involved","Dry","No Unusual Conditions","Dark - Street Light","Violation Driver 1","No Controls Present/Factor","Clear","Sideswipe","Non-Related","Other Vehicle","Not Applicable","Not Applicable","Unknown",""
"677073","CR-0000086213","0","0","0","0","21-088-0096","False","False","50","3/29/2021 2:30:00 AM","No Pedestrians Involved","Dry","Unknown","Dark - Street Light","Violation Driver 1","No Controls Present/Factor","Clear","Rear End","Related","Parked Vehicle","Not Applicable","Not Applicable","West Of",""
"677074","CR-0000086214","0","0","0","0","21-088-0341","False","False","215","3/29/2021 10:17:00 AM","No Pedestrians Involved","Dry","Unknown","Daylight","Other Than Driver","No Controls Present/Factor","Clear","Hit Object","Non-Related","Fixed Object","Not Applicable","Not Applicable","South Of","PG&E pole"
"677075","CR-0000086215","0","1","0","0","21-088-0358","False","False","68","3/29/2021 10:30:00 AM","No Pedestrians Involved","Dry","Construction - Repair Zone","Daylight","Bike At Fault","No Controls Present/Factor","Clear","Vehicle/Bike","Non-Related","Bike","Not Applicable","Not Applicable","North Of",""
"677076","CR-0000086216","0","0","0","0","21-088-0577","True","False","51","3/29/2021 2:05:00 PM","No Pedestrians Involved","Dry","No Unusual Conditions","Daylight","Violation Driver 1","Controls Functioning","Clear","Hit Object","Non-Related","Fixed Object","Not Applicable","Not Applicable","South Of","Street sign"
"677077","CR-0000086217","0","0","0","0","21-088-0755","False","False","63","3/29/2021 5:17:00 PM","No Pedestrians Involved","Dry","No Unusual Conditions","Daylight","Violation Driver 1","No Controls Present/Factor","Clear","Other","Non-Related","Parked Vehicle","Not Applicable","Not Applicable","West Of",""
"677078","CR-0000086218","0","0","0","0","21-088-1030","True","False","288","3/29/2021 11:43:00 PM","No Pedestrians Involved","Dry","No Unusual Conditions","Dark - Street Light","Violation Driver 1","No Controls Present/Factor","Clear","Hit Object","Non-Related","Fixed Object","Not Applicable","Not Applicable","North Of","Light pole"
"677079","CR-0000086219","0","0","0","0","21-090-4000","True","True","51","3/30/2021 4:00:00 PM","No Pedestrians Involved","Unknown","Unknown","Unknown","Unknown","Unknown","Unknown","Other","Non-Related","Parked Vehicle","Not Applicable","Not Applicable","South Of","Tree"
"677080","CR-0000086220","0","0","0","0","21-089-4000","False","True","51","3/30/2021 2:30:00 AM","No Pedestrians Involved","Unknown","Unknown","Unknown","Unknown","Unknown","Unknown","Rear End","Non-Related","Parked Vehicle","Not Applicable","Not Applicable","East Of",""
"677081","CR-0000086221","0","1","0","0","21-089-0196","False","False","585","3/30/2021 8:24:00 AM","No Pedestrians Involved","Dry","No Unusual Conditions","Daylight","Violation Driver 1","No Controls Present/Factor","Clear","Broadside","Non-Related","Parked Vehicle","Not Applicable","Not Applicable","South Of",""
"677082","CR-0000086222","1","0","0","0","21-089-0538","False","False","192","3/30/2021 1:48:00 PM","No Pedestrians Involved","Dry","No Unusual Conditions","Daylight","Violation Driver 1","Controls Functioning","Clear","Rear End","Non-Related","Other Vehicle","Not Applicable","Not Applicable","East Of",""
"677083","CR-0000086223","0","0","0","0","21-089-0960","True","False","0","3/30/2021 9:39:00 PM","No Pedestrians Involved","Dry","Unknown","Dark - Street Light","Violation Driver 1","Controls Functioning","Clear","Hit Object","Intersection","Fixed Object","Not Applicable","Not Applicable","At","Curb, building"
"677084","CR-0000086224","0","0","0","0","21-090-0256","False","False","0","3/31/2021 7:56:00 AM","No Pedestrians Involved","Dry","No Unusual Conditions","Daylight","Violation Driver 1","Controls Functioning","Clear","Broadside","Intersection","Other Vehicle","Not Applicable","Not Applicable","At",""
"677085","CR-0000086225","2","0","0","0","21-090-0290","False","False","0","3/31/2021 9:36:00 AM","No Pedestrians Involved","Dry","No Unusual Conditions","Daylight","Violation Driver 1","Controls Functioning","Clear","Head On","Intersection","Other Vehicle","Not Applicable","Not Applicable","At",""
"677086","CR-0000086226","1","0","0","0","21-090-0341","False","False","20","3/31/2021 10:30:00 AM","No Pedestrians Involved","Dry","No Unusual Conditions","Daylight","Violation Driver 1","Controls Functioning","Clear","Rear End","Related","Other Vehicle","Not Applicable","Not Applicable","East Of",""
"677087","CR-0000086227","0","0","0","0","21-090-0541","False","False","0","3/31/2021 1:30:00 PM","No Pedestrians Involved","Dry","No Unusual Conditions","Daylight","Other Improper Driving","Controls Functioning","Clear","Sideswipe","Intersection","Other Vehicle","Not Applicable","Not Applicable","At",""
"677088","CR-0000086228","1","0","0","0","21-090-0679","False","False","0","3/31/2021 4:00:00 PM","No Pedestrians Involved","Dry","No Unusual Conditions","Daylight","Unknown","Controls Functioning","Clear","Vehicle/Bike","Intersection","Bike","Not Applicable","Not Applicable","At",""
"677089","CR-0000086229","0","0","0","0","21-090-0778","False","False","60","3/31/2021 5:14:00 PM","No Pedestrians Involved","Dry","No Unusual Conditions","Daylight","Violation Driver 1","Controls Functioning","Clear","Broadside","Non-Related","Motor Vehicle On Other Roadway","Not Applicable","Not Applicable","East Of",""
"677090","CR-0000086230","1","1","0","0","21-090-1111","False","False","510","3/31/2021 10:42:00 PM","No Pedestrians Involved","Dry","No Unusual Conditions","Dark - Street Light","Violation Driver 1","Controls Functioning","Clear","Sideswipe","Non-Related","Other Vehicle","Not Applicable","Not Applicable","North Of",""
"677091","CR-0000086231","0","0","0","0","21-096-9708","False","True","0","2/26/2021 1:30:00 AM","No Pedestrians Involved","Dry","No Unusual Conditions","Dark - Street Light","Unknown","Controls Functioning","Clear","Head On","Intersection","Other Vehicle","Not Applicable","Not Applicable","At",""
"677092","CR-0000086232","0","0","0","0","21-086-0723","False","False","0","3/27/2021 4:23:00 PM","No Pedestrians Involved","Dry","No Unusual Conditions","Daylight","Violation Driver 1","Controls Functioning","Clear","Head On","Intersection","Other Vehicle","Not Applicable","Not Applicable","At",""
"677093","CR-0000086233","0","1","0","0","21-087-0612","False","False","0","3/28/2021 4:29:00 PM","Crossing In Crosswalk - At Intersection","Dry","No Unusual Conditions","Daylight","Violation Driver 1","No Controls Present/Factor","Clear","Vehicle/Pedestrian","Intersection","Skateboard","West","East","At",""
"677094","CR-0000086234","1","0","0","0","21-088-0208","False","False","0","3/29/2021 8:10:00 AM","No Pedestrians Involved","Dry","No Unusual Conditions","Daylight","Violation Driver 1","Controls Functioning","Clear","Broadside","Intersection","Other Vehicle","Not Applicable","Not Applicable","At",""
"678887","CR-0000088079","0","1","0","0","21-247-0882","True","False","40","9/4/2021 8:01:00 PM","No Pedestrians Involved","Dry","No Unusual Conditions","Dark - Street Light","Violation Driver 1","No Controls Present/Factor","Clear","Hit Object","Related","Fixed Object","Not Applicable","Not Applicable","East Of","Light Pole"
"678888","CR-0000088080","0","0","0","0","21-247-0955","False","False","57","9/4/2021 9:15:00 PM","No Pedestrians Involved","Dry","No Unusual Conditions","Daylight","Violation Driver 1","No Controls Present/Factor","Clear","Sideswipe","Non-Related","Parked Vehicle","Not Applicable","Not Applicable","West Of",""