"CrashFactId","Name","MinorInjuries","ModerateInjuries","SevereInjuries","FatalInjuries","TcrNumber","CityDamageFlag","ShortFormFlag","Distance","CrashDateTime","PedestrianAction","RoadwaySurface","RoadwayCondition","Lighting","PrimaryCollisionFactor","TrafficControl","Weather","CollisionType","ProximityToIntersection","VehicleInvolvedWith","PedestrianDirectionFrom","PedestrianDirectionTo","DirectionFromIntersection","Comment"
"678889","CR-0000088081","0","0","0","0","21-247-9709","False","True","51","9/4/2021 8:00:00 PM","No Pedestrians Involved","Dry","No Unusual Conditions","Dark - Street Light","Unknown","No Controls Present/Factor","Clear","Sideswipe","Non-Related","Parked Vehicle","Not Applicable","Not Applicable","West Of",""
"678890","CR-0000088082","1","0","0","0","21-247-0370","False","False","450","9/4/2021 10:39:00 AM","No Pedestrians Involved","Dry","No Unusual Conditions","Daylight","Violation Driver 1","No Controls Present/Factor","Clear","Sideswipe","Non-Related","Parked Vehicle","Not Applicable","Not Applicable","East Of",""
"678891","CR-0000088083","1","0","0","0","21-247-0661","False","False","90","9/4/2021 5:08:00 PM","No Pedestrians Involved","Dry","No Unusual Conditions","Daylight","Violation Driver 1","No Controls Present/Factor","Clear","Broadside","Non-Related","Other Vehicle","Not Applicable","Not Applicable","South Of",""
"678892","CR-0000088084","1","0","0","0","21-247-0887","False","False","0","9/4/2021 8:04:00 PM","No Pedestrians Involved","Dry","No Unusual Conditions","Dark - Street Light","Violation Driver 1","No Controls Present/Factor","Clear","Vehicle/Bike","Intersection","Bike","Not Applicable","Not Applicable","At","Bike"
"678893","CR-0000088085","0","0","0","0","21-249-0649","True","False","0","9/6/2021 4:36:00 PM","No Pedestrians Involved","Dry","No Unusual Conditions","Daylight","Violation Driver 1","No Controls Present/Factor","Clear","Hit Object","Intersection","Other Object","Not Applicable","Not Applicable","At","Police Vehicle"
"678894","CR-0000088086","0","0","0","0","21-248-0594","False","False","0","9/4/2021 9:00:00 PM","No Pedestrians Involved","Dry","No Unusual Conditions","Dark - Street Light","Violation Driver 1","Controls Functioning","Clear","Rear End","Intersection","Other Vehicle","Not Applicable","Not Applicable","At",""
"678895","CR-0000088087","0","1","0","0","21-247-1088","False","False","140","9/4/2021 11:32:00 PM","No Pedestrians Involved","Dry","No Unusual Conditions","Dark - Street Light","Violation Driver 1","Controls Functioning","Clear","Overturned","Non-Related","Parked Vehicle","Not Applicable","Not Applicable","East Of",""
"678896","CR-0000088088","0","0","0","0","21-248-0162","True","False","0","9/5/2021 3:00:00 AM","No Pedestrians Involved","Dry","No Unusual Conditions","Dark - Street Light","Violation Driver 1","No Controls Present/Factor","Clear","Hit Object","Intersection","Other Object","Not Applicable","Not Applicable","At","Tree"
"678897","CR-0000088089","0","0","0","0","21-248-0436","True","False","","9/5/2021 11:39:00 AM","No Pedestrians Involved","Dry","No Unusual Conditions","Daylight","Violation Driver 1","Controls Functioning","Clear","Sideswipe","Related","Other Vehicle","Not Applicable","Not Applicable","East Of","FD"
"678898","CR-0000088090","0","0","1","0","21-248-0970","False","False","0","9/5/2021 10:16:00 PM","Crossing - Not In Crosswalk","Dry","No Unusual Conditions","Dark - Street Light","Violation Driver 1","No Controls Present/Factor","Clear","Vehicle/Pedestrian","Intersection","Pedestrian","North","North","At","Ped"
"678899","CR-0000088091","0","2","0","0","21-248-0308","False","False","0","9/5/2021 8:49:00 AM","Crossing In Crosswalk - At Intersection","Dry","No Unusual Conditions","Daylight","Violation Driver 1","No Controls Present/Factor","Clear","Vehicle/Pedestrian","Intersection","Pedestrian","North","North","East Of","Ped(2)"
"677095","CR-0000086235","0","0","0","0","21-096-9703","False","True","","3/31/2021 7:00:00 PM","No Pedestrians Involved","Dry","No Unusual Conditions","Daylight","Unknown","No Controls Present/Factor","Clear","Sideswipe","Related","Other Vehicle","Not Applicable","Not Applicable","South Of",""
"677096","CR-0000086236","1","0","0","0","21-090-0665","False","False","0","3/31/2021 3:49:00 PM","No Pedestrians Involved","Dry","No Unusual Conditions","Daylight","Violation Driver 1","No Controls Present/Factor","Clear","Broadside","Intersection","Other Vehicle","Not Applicable","Not Applicable","At",""
"677097","CR-0000086237","0","0","0","0","21-092-0032","False","False","166","4/1/2021 11:23:00 PM","No Pedestrians Involved","Dry","No Unusual Conditions","Dark - Street Light","Violation Driver 1","No Controls Present/Factor","Clear","Rear End","Non-Related","Parked Vehicle","Not Applicable","Not Applicable","North Of",""
"677098","CR-0000086238","0","0","1","0","21-091-0141","False","False","0","4/1/2021 5:31:00 AM","Crossing - Not In Crosswalk","Dry","No Unusual Conditions","Dark - Street Light","Pedestrian At Fault","Controls Functioning","Clear","Vehicle/Pedestrian","Intersection","Pedestrian","North","South","At",""
"677099","CR-0000086239","0","0","0","0","21-091-0628","False","False","20","4/1/2021 3:30:00 PM","No Pedestrians Involved","Dry","No Unusual Conditions","Daylight","Violation Driver 1","Controls Functioning","Clear","Rear End","Related","Other Vehicle","Not Applicable","Not Applicable","East Of",""
"677100","CR-0000086240","0","1","0","0","21-091-0809","False","False","0","4/1/2021 6:11:00 PM","No Pedestrians Involved","Dry","No Unusual Conditions","Daylight","Violation Driver 1","Controls Functioning","Clear","Broadside","Intersection","Other Vehicle","Not Applicable","Not Applicable","At",""
"677101","CR-0000086241","1","0","0","0","21-091-0938","False","False","112","4/1/2021 8:23:00 PM","No Pedestrians Involved","Dry","No Unusual Conditions","Dusk - Dawn","Violation Driver 1","Controls Functioning","Clear","Rear End","Non-Related","Other Vehicle","Not Applicable","Not Applicable","West Of",""
"677102","CR-0000086242","0","0","0","0","21-091-0943","False","False","0","4/1/2021 9:00:00 PM","No Pedestrians Involved","Dry","No Unusual Conditions","Dark - Street Light","Violation Driver 1","Controls Functioning","Clear","Rear End","Intersection","Other Vehicle","Not Applicable","Not Applicable","At",""
"677103","CR-0000086243","2","0","0","0","21-091-0946","False","False","0","4/1/2021 8:30:00 PM","No Pedestrians Involved","Dry","No Unusual Conditions","Dark - Street Light","Violation Driver 1","No Controls Present/Factor","Clear","Rear End","Intersection","Other Vehicle","Not Applicable","Not Applicable","At",""
"677104","CR-0000086244","0","1","0","1","21-091-1019","False","False","66","4/1/2021 9:45:00 PM","No Pedestrians Involved","Dry","No Unusual Conditions","Dark - Street Light","Bike At Fault","Controls Functioning","Clear","Vehicle/Bike","Non-Related","Bike","Not Applicable","Not Applicable","East Of","MC vs bike. Delayed fatal - 04/21/2021"
"677105","CR-0000086245","0","1","0","0","21-091-1047","False","False","445","4/1/2021 10:47:00 PM","No Pedestrians Involved","Dry","No Unusual Conditions","Dark - Street Light","Violation Driver 1","No Controls Present/Factor","Clear","Head On","Non-Related","Other Vehicle","Not Applicable","Not Applicable","North Of",""
"677106","CR-0000086246","0","0","0","0","21-096-9707","False","True","","4/1/2021 6:00:00 AM","No Pedestrians Involved","Dry","No Unusual Conditions","Dusk - Dawn","Unknown","No Controls Present/Factor","Clear","Broadside","Related","Parked Vehicle","Not Applicable","Not Applicable","West Of",""
"677107","CR-0000086247","0","0","0","0","21-092-0017","False","False","0","4/2/2021 12:17:00 AM","No Pedestrians Involved","Dry","No Unusual Conditions","Dark - No Street Light","Violation Driver 1","No Controls Present/Factor","Clear","Broadside","Intersection","Parked Vehicle","Not Applicable","Not Applicable","At","See also TCR# 21-092-0041"
"677108","CR-0000086248","0","0","0","0","21-092-0041","False","False","263","4/2/2021 12:47:00 AM","No Pedestrians Involved","Dry","No Unusual Conditions","Dark - Street Light","Violation Driver 1","Controls Functioning","Clear","Sideswipe","Non-Related","Parked Vehicle","Not Applicable","Not Applicable","South Of","See also TCR# 21-092-0017"
"677109","CR-0000086249","0","0","0","0","21-092-0312","False","False","70","4/2/2021 10:07:00 AM","No Pedestrians Involved","Dry","No Unusual Conditions","Daylight","Violation Driver 1","Controls Functioning","Clear","Rear End","Non-Related","Parked Vehicle","Not Applicable","Not Applicable","West Of",""
"677110","CR-0000086250","0","0","0","0","21-092-1088","False","False","116","4/2/2021 11:16:00 PM","No Pedestrians Involved","Dry","No Unusual Conditions","Dark - Street Light","Violation Driver 1","No Controls Present/Factor","Clear","Sideswipe","Non-Related","Parked Vehicle","Not Applicable","Not Applicable","South Of",""
"677111","CR-0000086251","0","1","0","0","21-092-1100","False","False","166","4/2/2021 11:31:00 PM","No Pedestrians Involved","Dry","No Unusual Conditions","Dark - Street Light","Violation Driver 1","Controls Functioning","Clear","Rear End","Non-Related","Parked Vehicle","Not Applicable","Not Applicable","East Of",""
"677112","CR-0000086252","0","0","0","0","21-092-0245","False","False","30","4/2/2021 8:54:00 AM","No Pedestrians Involved","Dry","No Unusual Conditions","Daylight","Violation Driver 1","No Controls Present/Factor","Clear","Overturned","Related","Other Vehicle","Not Applicable","Not Applicable","East Of",""
"677113","CR-0000086253","0","1","0","0","21-092-0372","False","False","271","4/2/2021 11:12:00 AM","No Pedestrians Involved","Dry","No Unusual Conditions","Daylight","Violation Driver 1","No Controls Present/Factor","Clear","Sideswipe","Non-Related","Parked Vehicle","Not Applicable","Not Applicable","East Of",""
"677114","CR-0000086254","0","1","0","0","21-092-0552","False","False","0","4/2/2021 2:21:00 PM","No Pedestrians Involved","Dry","No Unusual Conditions","Daylight","Violation Driver 1","Controls Functioning","Clear","Broadside","Intersection","Other Vehicle","Not Applicable","Not Applicable","At",""
"677115","CR-0000086255","0","0","0","0","21-092-0617","False","False","99","4/2/2021 3:35:00 PM","No Pedestrians Involved","Dry","No Unusual Conditions","Daylight","Violation Driver 1","Controls Functioning","Clear","Rear End","Non-Related","Parked Vehicle","Not Applicable","Not Applicable","East Of",""
"677116","CR-0000086256","0","1","0","0","21-092-0682","False","False","78","4/2/2021 4:46:00 PM","No Pedestrians Involved","Dry","No Unusual Conditions","Daylight","Violation Driver 1","Controls Functioning","Clear","Head On","Non-Related","Motorcycle","Not Applicable","Not Applicable","South Of",""
"677117","CR-0000086257","0","1","0","0","21-092-0877","True","False","0","4/2/2021 7:37:00 PM","No Pedestrians Involved","Dry","No Unusual Conditions","Dark - Street Light","Violation Driver 1","Controls Functioning","Clear","Head On","Intersection","Other Vehicle","Not Applicable","Not Applicable","At","Light pole"
"677118","CR-0000086258","0","0","0","0","21-092-0929","False","False","75","4/2/2021 9:11:00 PM","No Pedestrians Involved","Dry","No Unusual Conditions","Dark - Street Light","Violation Driver 1","Controls Functioning","Clear","Other","Non-Related","Parked Vehicle","Not Applicable","Not Applicable","West Of",""
"677119","CR-0000086259","0","0","0","0","21-092-0997","False","False","0","4/2/2021 9:49:00 PM","No Pedestrians Involved","Dry","No Unusual Conditions","Dark - Street Light","Violation Driver 1","Controls Functioning","Clear","Sideswipe","Intersection","Other Vehicle","Not Applicable","Not Applicable","At",""
"677120","CR-0000086260","2","0","0","0","21-092-1082","False","False","50","4/2/2021 11:10:00 PM","No Pedestrians Involved","Dry","No Unusual Conditions","Dark - Street Light","Violation Driver 1","No Controls Present/Factor","Clear","Sideswipe","Related","Other Vehicle","Not Applicable","Not Applicable","South Of",""
"678900","CR-0000088092","0","0","0","0","21-248-0695","False","False","270","9/5/2021 4:57:00 PM","No Pedestrians Involved","Dry","No Unusual Conditions","Daylight","Violation Driver 1","No Controls Present/Factor","Clear","Rear End","Non-Related","Other Vehicle","Not Applicable","Not Applicable","East Of",""
"678901","CR-0000088093","0","1","0","0","21-249-0018","False","False","35","9/6/2021 1:32:00 AM","No Pedestrians Involved","Dry","No Unusual Conditions","Dark - Street Light","Violation Driver 1","No Controls Present/Factor","Clear","Rear End","Related","Parked Vehicle","Not Applicable","Not Applicable","North Of",""
"678902","CR-0000088094","0","0","0","0","21-249-0155","False","False","51","9/6/2021 3:58:00 AM","No Pedestrians Involved","Dry","No Unusual Conditions","Dark - Street Light","Violation Driver 1","Controls Functioning","Clear","Sideswipe","Non-Related","Parked Vehicle","Not Applicable","Not Applicable","North Of",""
"678903","CR-0000088095","0","0","0","0","21-249-0291","False","False","36","9/6/2021 9:01:00 AM","No Pedestrians Involved","Dry","Unknown","Daylight","Violation Driver 1","No Controls Present/Factor","Clear","Sideswipe","Related","Parked Vehicle","Not Applicable","Not Applicable","East Of",""
"678904","CR-0000088096","2","0","0","0","21-249-0400","False","False","0","9/6/2021 11:26:00 AM","No Pedestrians Involved","Dry","No Unusual Conditions","Daylight","Violation Driver 1","Controls Functioning","Clear","Sideswipe","Intersection","Other Vehicle","Not Applicable","Not Applicable","At",""
"678905","CR-0000088097","1","0","0","0","21-249-0433","False","False","0","9/6/2021 12:09:00 PM","No Pedestrians Involved","Unknown","No Unusual Conditions","Daylight","Violation Driver 1","Controls Functioning","Clear","Rear End","Intersection","Other Vehicle","Not Applicable","Not Applicable","At",""
"678906","CR-0000088098","0","1","0","0","21-249-0462","False","False","286","9/6/2021 12:34:00 PM","No Pedestrians Involved","Dry","No Unusual Conditions","Daylight","Violation Driver 1","No Controls Present/Factor","Clear","Rear End","Non-Related","Parked Vehicle","Not Applicable","Not Applicable","North Of",""
"678907","CR-0000088099","1","0","0","0","21-249-0517","False","False","0","9/6/2021 1:42:00 PM","No Pedestrians Involved","Dry","No Unusual Conditions","Daylight","Violation Driver 1","No Controls Present/Factor","Clear","Broadside","Intersection","Other Vehicle","Not Applicable","Not Applicable","At",""
"678908","CR-0000088100","1","1","0","0","21-249-0562","False","False","0","9/6/2021 2:43:00 PM","No Pedestrians Involved","Dry","No Unusual Conditions","Dusk - Dawn","Violation Driver 1","Controls Functioning","Clear","Broadside","Intersection","Other Vehicle","Not Applicable","Not Applicable","At",""
"678909","CR-0000088102","0","0","0","0","21-249-0756","False","False","51","9/6/2021 8:04:00 PM","No Pedestrians Involved","Dry","No Unusual Conditions","Daylight","Violation Driver 1","Controls Functioning","Clear","Rear End","Non-Related","Other Vehicle","Not Applicable","Not Applicable","South Of",""
"678910","CR-0000088103","2","2","0","0","21-249-0854","False","False","61","9/6/2021 8:15:00 PM","No Pedestrians Involved","Dry","No Unusual Conditions","Dark - Street Light","Violation Driver 1","No Controls Present/Factor","Clear","Rear End","Non-Related","Other Vehicle","Not Applicable","Not Applicable","East Of",""
"678911","CR-0000088104","2","0","0","0","21-249-0982","False","False","0","9/6/2021 9:02:00 PM","No Pedestrians Involved","Dry","No Unusual Conditions","Dark - Street Light","Violation Driver 1","Controls Functioning","Clear","Head On","Intersection","Other Vehicle","Not Applicable","Not Applicable","At",""
"678912","CR-0000088105","0","0","0","0","21-249-0923","False","False","39","9/6/2021 9:20:00 PM","No Pedestrians Involved","Dry","Unknown","Dark - Street Light","Violation Driver 1","Unknown","Clear","Broadside","Related","Parked Vehicle","Not Applicable","Not Applicable","South Of",""
"678913","CR-0000088106","0","1","0","0","21-249-0952","False","False","0","9/6/2021 10:28:00 PM","No Pedestrians Involved","Dry","No Unusual Conditions","Dark - Street Light","Violation Driver 1","Controls Functioning","Clear","Sideswipe","Intersection","Other Vehicle","Not Applicable","Not Applicable","At",""
"677121","CR-0000086261","0","0","0","0","21-093-0032","False","False","30","4/3/2021 12:27:00 AM","No Pedestrians Involved","Dry","No Unusual Conditions","Dark - Street Light","Violation Driver 1","No Controls Present/Factor","Clear","Rear End","Related","Parked Vehicle","Not Applicable","Not Applicable","East Of",""
"677122","CR-0000086262","0","0","0","0","21-093-0038","False","False","338","4/3/2021 12:44:00 AM","No Pedestrians Involved","Dry","No Unusual Conditions","Dark - Street Light","Violation Driver 1","No Controls Present/Factor","Clear","Sideswipe","Non-Related","Parked Vehicle","Not Applicable","Not Applicable","East Of",""
"677123","CR-0000086263","0","0","0","0","21-093-0046","False","False","0","4/3/2021 12:52:00 AM","No Pedestrians Involved","Dry","No Unusual Conditions","Dark - Street Light","Violation Driver 1","Controls Functioning","Clear","Sideswipe","Intersection","Other Vehicle","Not Applicable","Not Applicable","At",""
"677124","CR-0000086264","1","0","0","0","21-093-0055","False","False","377","4/3/2021 1:03:00 AM","No Pedestrians Involved","Dry","No Unusual Conditions","Dark - Street Light","Violation Driver 1","No Controls Present/Factor","Clear","Rear End","Non-Related","Parked Vehicle","Not Applicable","Not Applicable","North Of",""
"677125","CR-0000086265","0","1","0","0","21-093-0166","False","False","0","4/3/2021 6:29:00 AM","No Pedestrians Involved","Dry","No Unusual Conditions","Dusk - Dawn","Unknown","Unknown","Cloudy","Broadside","Intersection","Other Vehicle","Not Applicable","Not Applicable","At",""
"677126","CR-0000086266","1","0","0","0","21-093-0424","False","False","60","4/3/2021 1:00:00 PM","No Pedestrians Involved","Dry","No Unusual Conditions","Daylight","Violation Driver 1","No Controls Present/Factor","Clear","Rear End","Non-Related","Other Vehicle","Not Applicable","Not Applicable","North Of",""
"677127","CR-0000086267","1","0","0","0","21-093-0521","False","False","51","4/3/2021 2:20:00 PM","No Pedestrians Involved","Dry","No Unusual Conditions","Daylight","Violation Driver 1","Controls Functioning","Clear","Rear End","Non-Related","Other Vehicle","Not Applicable","Not Applicable","South Of",""
"677128","CR-0000086268","0","0","0","0","21-093-0662","False","False","350","4/3/2021 5:37:00 PM","No Pedestrians Involved","Dry","No Unusual Conditions","Daylight","Violation Driver 1","No Controls Present/Factor","Clear","Sideswipe","Non-Related","Other Vehicle","Not Applicable","Not Applicable","South Of",""
"677129","CR-0000086269","1","0","0","0","21-093-0683","False","False","275","4/3/2021 6:02:00 PM","No Pedestrians Involved","Dry","No Unusual Conditions","Daylight","Violation Driver 1","No Controls Present/Factor","Clear","Rear End","Non-Related","Other Vehicle","Not Applicable","Not Applicable","South Of",""
"677130","CR-0000086270","0","0","0","0","21-093-0684","False","False","46","4/3/2021 6:03:00 PM","No Pedestrians Involved","Dry","No Unusual Conditions","Dark - Street Light","Violation Driver 1","Controls Functioning","Clear","Sideswipe","Related","Other Vehicle","Not Applicable","Not Applicable","South Of",""
"677131","CR-0000086271","0","0","0","0","21-093-0789","True","False","575","4/3/2021 7:45:00 PM","No Pedestrians Involved","Dry","No Unusual Conditions","Dark - Street Light","Violation Driver 1","Controls Functioning","Clear","Hit Object","Non-Related","Fixed Object","Not Applicable","Not Applicable","West Of","Light pole"
"677132","CR-0000086272","0","0","0","0","21-093-1040","False","False","62","4/3/2021 11:31:00 PM","No Pedestrians Involved","Dry","No Unusual Conditions","Dark - Street Light","Violation Driver 1","Controls Functioning","Clear","Rear End","Non-Related","Parked Vehicle","Not Applicable","Not Applicable","West Of",""
"677133","CR-0000086273","0","0","0","0","21-094-0048","False","False","92","4/4/2021 12:58:00 AM","No Pedestrians Involved","Dry","No Unusual Conditions","Dark - Street Light","Violation Driver 1","No Controls Present/Factor","Clear","Rear End","Non-Related","Parked Vehicle","Not Applicable","Not Applicable","South Of",""
"677134","CR-0000086274","0","0","0","0","21-094-0162","False","False","520","4/4/2021 5:59:00 AM","No Pedestrians Involved","Dry","No Unusual Conditions","Dusk - Dawn","Violation Driver 1","No Controls Present/Factor","Clear","Rear End","Non-Related","Parked Vehicle","Not Applicable","Not Applicable","North Of",""
"677135","CR-0000086275","0","0","0","0","21-094-0207","False","False","200","4/4/2021 8:26:00 AM","No Pedestrians Involved","Dry","No Unusual Conditions","Daylight","Violation Driver 1","No Controls Present/Factor","Clear","Sideswipe","Non-Related","Parked Vehicle","Not Applicable","Not Applicable","North Of",""
"677136","CR-0000086276","1","1","1","0","21-094-0308","False","False","0","4/4/2021 11:06:00 AM","No Pedestrians Involved","Dry","No Unusual Conditions","Daylight","Violation Driver 1","Controls Functioning","Clear","Broadside","Intersection","Other Vehicle","Not Applicable","Not Applicable","At",""
"677137","CR-0000086277","0","0","0","0","21-094-0358","False","False","0","4/4/2021 12:28:00 PM","No Pedestrians Involved","Dry","No Unusual Conditions","Daylight","Violation Driver 1","Controls Functioning","Clear","Rear End","Intersection","Other Vehicle","Not Applicable","Not Applicable","At",""
"677138","CR-0000086278","0","0","1","0","21-094-0635","False","False","0","4/4/2021 5:41:00 PM","No Pedestrians Involved","Dry","No Unusual Conditions","Daylight","Unknown","Controls Not Functioning","Clear","Vehicle/Bike","Intersection","Bike","Not Applicable","Not Applicable","At",""
"677139","CR-0000086279","0","1","0","0","21-094-0690","False","False","51","4/4/2021 6:47:00 PM","No Pedestrians Involved","Dry","No Unusual Conditions","Dusk - Dawn","Unknown","No Controls Present/Factor","Clear","Rear End","Non-Related","Parked Vehicle","Not Applicable","Not Applicable","North Of",""
"677140","CR-0000086280","0","0","0","0","21-094-0738","False","False","100","4/4/2021 7:40:00 PM","No Pedestrians Involved","Dry","No Unusual Conditions","Dusk - Dawn","Violation Driver 1","No Controls Present/Factor","Clear","Sideswipe","Non-Related","Parked Vehicle","Not Applicable","Not Applicable","North Of",""
"677141","CR-0000086281","0","1","0","0","21-094-0756","False","False","323","4/4/2021 8:21:00 PM","No Pedestrians Involved","Dry","No Unusual Conditions","Dark - Street Light","Violation Driver 1","No Controls Present/Factor","Clear","Sideswipe","Non-Related","Parked Vehicle","Not Applicable","Not Applicable","South Of",""
"677142","CR-0000086282","2","0","0","0","21-095-0744","False","False","0","4/4/2021 8:48:00 PM","No Pedestrians Involved","Dry","No Unusual Conditions","Dark - Street Light","Violation Driver 1","Controls Functioning","Clear","Broadside","Intersection","Other Vehicle","Not Applicable","Not Applicable","At",""
"677143","CR-0000086285","0","0","0","0","21-095-0061","True","False","51","4/5/2021 2:15:00 AM","No Pedestrians Involved","Dry","No Unusual Conditions","Dark - Street Light","Violation Driver 1","No Controls Present/Factor","Clear","Hit Object","Non-Related","Fixed Object","Not Applicable","Not Applicable","North Of","Light pole"
"677144","CR-0000086286","1","0","0","0","21-095-0131","False","False","0","4/5/2021 6:48:00 AM","No Pedestrians Involved","Dry","No Unusual Conditions","Daylight","Violation Driver 1","Controls Functioning","Cloudy","Head On","Intersection","Other Vehicle","Not Applicable","Not Applicable","At",""
"677145","CR-0000086287","1","0","0","0","21-095-0136","False","False","0","4/5/2021 6:56:00 AM","No Pedestrians Involved","Unknown","No Unusual Conditions","Dusk - Dawn","Violation Driver 1","Controls Functioning","Clear","Broadside","Intersection","Other Vehicle","Not Applicable","Not Applicable","At",""
"677146","CR-0000086288","2","0","0","0","21-095-0208","False","False","0","4/5/2021 9:21:00 AM","No Pedestrians Involved","Dry","No Unusual Conditions","Daylight","Violation Driver 1","Controls Functioning","Clear","Sideswipe","Intersection","Other Vehicle","Not Applicable","Not Applicable","At",""
"677147","CR-0000086289","0","1","0","0","21-095-0482","False","False","250","4/5/2021 3:35:00 PM","No Pedestrians Involved","Dry","No Unusual Conditions","Daylight","Bike At Fault","Controls Functioning","Clear","Vehicle/Bike","Non-Related","Scooter Motorized","Not Applicable","Not Applicable","South Of",""
"678914","CR-0000088107","0","0","0","0","21-250-4002","False","True","0","9/7/2021 9:05:00 AM","No Pedestrians Involved","Unknown","Unknown","Unknown","Unknown","Unknown","Unknown","Head On","Intersection","Other Vehicle","Not Applicable","Not Applicable","At",""
"678915","CR-0000088108","0","0","0","0","21-247-9708","False","True","","9/4/2021 9:00:00 PM","No Pedestrians Involved","Dry","No Unusual Conditions","Dark - Street Light","Unknown","Controls Functioning","Clear","Overturned","Related","Parked Vehicle","Not Applicable","Not Applicable","North Of",""
"678916","CR-0000088109","0","0","0","0","21-256-9706","False","False","51","9/4/2021 12:30:00 PM","No Pedestrians Involved","Dry","No Unusual Conditions","Dark - Street Light","Unknown","No Controls Present/Factor","Clear","Sideswipe","Non-Related","Parked Vehicle","Not Applicable","Not Applicable","Unknown",""
"678917","CR-0000088110","4","0","0","0","21-258-9706","False","True","","9/4/2021 7:30:00 PM","No Pedestrians Involved","Dry","No Unusual Conditions","Daylight","Unknown","Controls Functioning","Clear","Rear End","Related","Other Vehicle","Not Applicable","Not Applicable","South Of",""
"678918","CR-0000088111","0","0","0","0","21-253-9701","False","False","0","9/4/2021 10:20:00 AM","No Pedestrians Involved","Dry","No Unusual Conditions","Daylight","Unknown","No Controls Present/Factor","Clear","Broadside","Intersection","Other Vehicle","Not Applicable","Not Applicable","At",""
"678919","CR-0000088112","0","0","0","0","21-249-9704","False","True","51","9/4/2021 10:45:00 AM","No Pedestrians Involved","Dry","Unknown","Dusk - Dawn","Unknown","No Controls Present/Factor","Clear","Sideswipe","Non-Related","Other Vehicle","Not Applicable","Not Applicable","North Of",""
"678920","CR-0000088113","0","0","0","0","21-249-9703","False","True","0","9/5/2021 6:45:00 AM","No Pedestrians Involved","Dry","No Unusual Conditions","Daylight","Unknown","Controls Functioning","Clear","Overturned","Intersection","Other Vehicle","Not Applicable","Not Applicable","At",""
"678953","CR-0000088146","0","1","0","0","21-265-0940","False","False","38","9/22/2021 7:45:00 PM","No Pedestrians Involved","Dry","No Unusual Conditions","Dark - Street Light","Violation Driver 1","No Controls Present/Factor","Clear","Hit Object","Related","Fixed Object","Not Applicable","Not Applicable","North Of","Due to V1 violating 21801, V2 steered to avoid collision and ran off road to hit a streetlight. No collision between V1 & V2"
"678955","CR-0000088148","0","0","0","0","21-231-0040","False","False","78","8/19/2021 1:11:00 AM","No Pedestrians Involved","Dry","No Unusual Conditions","Dark - Street Light","Violation Driver 1","No Controls Present/Factor","Clear","Rear End","Non-Related","Fixed Object","Not Applicable","Not Applicable","West Of","PG&E Pole, Bike Rack"
"678956","CR-0000088149","1","0","0","0","21-231-0073","True","False","42","8/19/2021 2:14:00 AM","No Pedestrians Involved","Dry","No Unusual Conditions","Dark - Street Light","Violation Driver 1","Controls Functioning","Clear","Hit Object","Related","Fixed Object","Not Applicable","Not Applicable","West Of","City Signs (3)"
"678957","CR-0000088150","0","0","0","0","21-231-0148","True","False","150","8/19/2021 6:43:00 AM","No Pedestrians Involved","Dry","No Unusual Conditions","Dark - Street Light","Violation Driver 1","No Controls Present/Factor","Clear","Hit Object","Non-Related","Fixed Object","Not Applicable","Not Applicable","West Of","Light Pole"
"678958","CR-0000088151","1","0","0","0","21-231-0166","False","False","210","8/19/2021 7:28:00 AM","No Pedestrians Involved","Dry","No Unusual Conditions","Daylight","Violation Driver 1","No Controls Present/Factor","Clear","Sideswipe","Non-Related","Other Vehicle","Not Applicable","Not Applicable","West Of",""
"678959","CR-0000088152","0","0","0","0","21-233-9707","False","True","0","8/19/2021 7:45:00 PM","No Pedestrians Involved","Dry","No Unusual Conditions","Daylight","Unknown","Controls Functioning","Clear","Rear End","Intersection","Other Vehicle","Not Applicable","Not Applicable","At",""
"678960","CR-0000088153","0","0","1","0","21-231-0192","False","False","0","8/19/2021 7:50:00 AM","No Pedestrians Involved","Dry","No Unusual Conditions","Daylight","Violation Driver 1","Unknown","Clear","Broadside","Intersection","Other Vehicle","Not Applicable","Not Applicable","At",""
"678961","CR-0000088154","0","1","0","0","21-231-0544","False","False","0","8/19/2021 1:45:00 PM","No Pedestrians Involved","Dry","Construction - Repair Zone","Daylight","Violation Driver 1","Controls Functioning","Clear","Head On","Intersection","Other Vehicle","Not Applicable","Not Applicable","At",""
"678962","CR-0000088155","1","0","0","0","21-231-0771","False","False","900","8/19/2021 5:56:00 PM","No Pedestrians Involved","Dry","No Unusual Conditions","Daylight","Unknown","No Controls Present/Factor","Clear","Sideswipe","Non-Related","Parked Vehicle","Not Applicable","Not Applicable","North Of",""
"678963","CR-0000088156","1","0","0","0","21-231-0196","False","False","0","8/19/2021 7:57:00 AM","Crossing In Crosswalk - At Intersection","Dry","No Unusual Conditions","Daylight","Violation Driver 1","No Controls Present/Factor","Clear","Vehicle/Pedestrian","Intersection","Pedestrian","West","West","At","Ped"