"CrashFactId","Name","MinorInjuries","ModerateInjuries","SevereInjuries","FatalInjuries","TcrNumber","CityDamageFlag","ShortFormFlag","Distance","CrashDateTime","PedestrianAction","RoadwaySurface","RoadwayCondition","Lighting","PrimaryCollisionFactor","TrafficControl","Weather","CollisionType","ProximityToIntersection","VehicleInvolvedWith","PedestrianDirectionFrom","PedestrianDirectionTo","DirectionFromIntersection","Comment"
"678964","CR-0000088157","1","0","0","0","21-231-0206","False","False","0","8/19/2021 8:03:00 AM","Crossing In Crosswalk - At Intersection","Dry","No Unusual Conditions","Daylight","Pedestrian At Fault","Controls Functioning","Clear","Vehicle/Pedestrian","Intersection","Pedestrian","North","North","North Of","Ped"
"678965","CR-0000088158","1","0","0","0","21-231-0648","False","False","20","8/19/2021 3:25:00 PM","No Pedestrians Involved","Dry","No Unusual Conditions","Daylight","Violation Driver 1","Controls Functioning","Clear","Rear End","Related","Other Vehicle","Not Applicable","Not Applicable","East Of",""
"678966","CR-0000088161","0","0","0","0","21-231-0766","False","False","153","8/19/2021 6:04:00 PM","No Pedestrians Involved","Dry","No Unusual Conditions","Daylight","Violation Driver 1","Controls Functioning","Clear","Rear End","Non-Related","Other Vehicle","Not Applicable","Not Applicable","North Of",""
"678967","CR-0000088162","0","0","0","0","21-231-0849","False","False","320","8/19/2021 7:00:00 PM","No Pedestrians Involved","Dry","No Unusual Conditions","Dusk - Dawn","Violation Driver 1","No Controls Present/Factor","Clear","Sideswipe","Non-Related","Parked Vehicle","Not Applicable","Not Applicable","North Of",""
"678968","CR-0000088163","0","0","0","0","21-235-9708","False","True","51","8/20/2021 2:00:00 PM","No Pedestrians Involved","Unknown","Unknown","Daylight","Unknown","Unknown","Clear","Rear End","Non-Related","Parked Vehicle","Not Applicable","Not Applicable","West Of",""
"678969","CR-0000088164","0","0","0","0","21-236-9707","False","True","","8/24/2021 5:00:00 PM","No Pedestrians Involved","Dry","No Unusual Conditions","Dark - Street Light","Unknown","No Controls Present/Factor","Clear","Sideswipe","Non-Related","Parked Vehicle","Not Applicable","Not Applicable","East Of",""
"678970","CR-0000088165","0","0","0","0","21-244-9711","False","True","0","8/27/2021 5:00:00 PM","No Pedestrians Involved","Dry","No Unusual Conditions","Daylight","Unknown","Controls Functioning","Clear","Sideswipe","Intersection","Other Vehicle","Not Applicable","Not Applicable","At",""
"678971","CR-0000088166","0","0","0","0","21-241-0703","True","False","118","8/29/2021 6:26:00 PM","No Pedestrians Involved","Dry","No Unusual Conditions","Daylight","Violation Driver 1","No Controls Present/Factor","Clear","Sideswipe","Non-Related","Other Vehicle","Not Applicable","Not Applicable","North Of","Police Vehicle"
"678972","CR-0000088167","0","0","0","0","21-241-0099","False","False","","8/29/2021 1:41:00 AM","No Pedestrians Involved","Dry","Unknown","Dark - Street Light","Violation Driver 1","Controls Functioning","Clear","Other","Non-Related","Other Vehicle","Not Applicable","Not Applicable","North Of",""
"678973","CR-0000088168","0","0","1","0","21-241-0116","True","False","0","8/29/2021 2:03:00 AM","No Pedestrians Involved","Dry","No Unusual Conditions","Dark - Street Light","Violation Driver 1","No Controls Present/Factor","Clear","Hit Object","Intersection","Fixed Object","Not Applicable","Not Applicable","At",""
"678974","CR-0000088169","0","0","0","0","21-241-0162","False","False","75","8/29/2021 3:24:00 AM","No Pedestrians Involved","Dry","No Unusual Conditions","Dark - Street Light","Violation Driver 1","No Controls Present/Factor","Clear","Hit Object","Non-Related","Fixed Object","Not Applicable","Not Applicable","North Of",""
"678975","CR-0000088170","0","1","0","0","21-241-0190","False","False","51","8/29/2021 5:04:00 AM","No Pedestrians Involved","Dry","No Unusual Conditions","Dark - Street Light","Violation Driver 1","Controls Functioning","Clear","Head On","Non-Related","Fixed Object","Not Applicable","Not Applicable","West Of","PG&E Pole"
"678976","CR-0000088171","0","0","0","0","21-241-0192","False","False","0","8/29/2021 7:06:00 AM","No Pedestrians Involved","Dry","No Unusual Conditions","Dusk - Dawn","Violation Driver 1","No Controls Present/Factor","Clear","Rear End","Intersection","Other Vehicle","Not Applicable","Not Applicable","At",""
"678977","CR-0000088172","2","0","0","0","21-241-0466","False","False","400","8/29/2021 1:44:00 PM","No Pedestrians Involved","Dry","No Unusual Conditions","Daylight","Violation Driver 1","Controls Functioning","Clear","Rear End","Non-Related","Other Vehicle","Not Applicable","Not Applicable","West Of",""
"678978","CR-0000088173","1","2","0","0","21-241-0485","False","False","0","8/29/2021 2:04:00 PM","No Pedestrians Involved","Dry","No Unusual Conditions","Daylight","Violation Driver 1","Controls Functioning","Clear","Broadside","Intersection","Other Vehicle","Not Applicable","Not Applicable","At",""
"678979","CR-0000088174","0","0","0","0","21-241-0519","False","False","21","8/29/2021 2:56:00 PM","No Pedestrians Involved","Dry","No Unusual Conditions","Daylight","Violation Driver 1","Controls Functioning","Clear","Rear End","Related","Parked Vehicle","Not Applicable","Not Applicable","South Of",""
"678980","CR-0000088175","0","0","0","0","21-242-9703","False","True","0","8/29/2021 5:50:00 PM","No Pedestrians Involved","Dry","No Unusual Conditions","Daylight","Unknown","Controls Functioning","Clear","Broadside","Intersection","Other Vehicle","Not Applicable","Not Applicable","At",""
"678981","CR-0000088176","0","0","0","0","21-241-0711","False","False","34","8/29/2021 6:00:00 PM","No Pedestrians Involved","Dry","No Unusual Conditions","Daylight","Violation Driver 1","No Controls Present/Factor","Clear","Sideswipe","Related","Parked Vehicle","Not Applicable","Not Applicable","East Of",""
"678982","CR-0000088177","0","0","1","0","21-241-0826","False","False","0","8/29/2021 8:40:00 PM","No Pedestrians Involved","Dry","No Unusual Conditions","Dark - Street Light","Violation Driver 1","No Controls Present/Factor","Clear","Broadside","Intersection","Other Vehicle","Not Applicable","Not Applicable","At",""
"678983","CR-0000088178","2","0","0","0","21-241-0858","False","False","240","8/29/2021 9:31:00 PM","No Pedestrians Involved","Dry","No Unusual Conditions","Dark - Street Light","Violation Driver 1","No Controls Present/Factor","Clear","Rear End","Non-Related","Other Vehicle","Not Applicable","Not Applicable","East Of",""
"678984","CR-0000088179","1","0","0","0","21-241-0895","False","False","0","8/29/2021 10:12:00 PM","No Pedestrians Involved","Dry","No Unusual Conditions","Daylight","Violation Driver 1","Controls Functioning","Clear","Vehicle/Bike","Intersection","Scooter Motorized","Not Applicable","Not Applicable","At","E Scooter/Bike"
"678985","CR-0000088180","0","0","0","0","21-242-0683","False","False","30","8/29/2021 11:00:00 PM","No Pedestrians Involved","Dry","No Unusual Conditions","Dark - Street Light","Violation Driver 1","No Controls Present/Factor","Clear","Rear End","Related","Parked Vehicle","Not Applicable","Not Applicable","South Of",""
"678986","CR-0000088181","2","0","0","0","21-260-0618","False","False","255","9/17/2021 4:18:00 PM","No Pedestrians Involved","Dry","No Unusual Conditions","Daylight","Violation Driver 1","Controls Functioning","Clear","Rear End","Non-Related","Other Vehicle","Not Applicable","Not Applicable","West Of",""
"678987","CR-0000088182","1","0","0","0","21-260-0167","False","False","0","9/17/2021 6:25:00 AM","No Pedestrians Involved","Dry","No Unusual Conditions","Dark - Street Light","Violation Driver 1","Controls Functioning","Cloudy","Head On","Intersection","Other Vehicle","Not Applicable","Not Applicable","At",""
"677148","CR-0000086290","1","0","0","0","21-095-0696","False","False","","4/5/2021 7:30:00 PM","No Pedestrians Involved","Dry","No Unusual Conditions","Dark - Street Light","Violation Driver 1","Controls Functioning","Clear","Sideswipe","Related","Other Vehicle","Not Applicable","Not Applicable","South Of",""
"677149","CR-0000086291","0","0","0","0","21-095-0741","False","False","0","4/5/2021 8:37:00 PM","No Pedestrians Involved","Dry","No Unusual Conditions","Dark - Street Light","Violation Driver 1","Controls Functioning","Clear","Broadside","Intersection","Other Vehicle","Not Applicable","Not Applicable","At",""
"677150","CR-0000086292","0","0","1","0","21-095-0753","False","False","0","4/5/2021 9:01:00 PM","No Pedestrians Involved","Dry","No Unusual Conditions","Dark - Street Light","Bike At Fault","Controls Functioning","Clear","Vehicle/Bike","Intersection","Bike","Not Applicable","Not Applicable","At",""
"677151","CR-0000086293","0","0","0","0","21-096-0008","False","False","138","4/6/2021 12:10:00 AM","No Pedestrians Involved","Dry","No Unusual Conditions","Dark - Street Light","Violation Driver 1","No Controls Present/Factor","Clear","Rear End","Non-Related","Parked Vehicle","Not Applicable","Not Applicable","West Of",""
"677152","CR-0000086294","0","0","0","0","21-096-0099","True","False","28","4/6/2021 3:14:00 AM","No Pedestrians Involved","Dry","No Unusual Conditions","Dark - Street Light","Violation Driver 1","Controls Functioning","Clear","Hit Object","Related","Fixed Object","Not Applicable","Not Applicable","North Of","Fence, sign post"
"677153","CR-0000086295","0","1","0","0","21-096-0370","True","False","160","4/6/2021 11:10:00 AM","No Pedestrians Involved","Dry","Construction - Repair Zone","Daylight","Violation Driver 1","No Controls Present/Factor","Clear","Hit Object","Non-Related","Fixed Object","Not Applicable","Not Applicable","East Of","Light pole"
"677154","CR-0000086296","0","0","0","0","21-096-0472","False","False","0","4/6/2021 12:51:00 PM","No Pedestrians Involved","Dry","No Unusual Conditions","Daylight","Violation Driver 1","Controls Functioning","Clear","Broadside","Intersection","Other Vehicle","Not Applicable","Not Applicable","At",""
"677155","CR-0000086297","1","1","0","0","21-096-0679","False","False","0","4/6/2021 4:16:00 PM","No Pedestrians Involved","Dry","No Unusual Conditions","Daylight","Violation Driver 1","Controls Functioning","Clear","Broadside","Intersection","Other Vehicle","Not Applicable","Not Applicable","At",""
"677156","CR-0000086298","1","1","0","0","21-097-0411","False","False","0","4/7/2021 11:23:00 AM","No Pedestrians Involved","Dry","No Unusual Conditions","Daylight","Violation Driver 1","Controls Functioning","Clear","Broadside","Intersection","Other Vehicle","Not Applicable","Not Applicable","At",""
"677157","CR-0000086299","1","0","0","0","21-097-0507","False","False","425","4/7/2021 1:01:00 PM","No Pedestrians Involved","Dry","No Unusual Conditions","Daylight","Violation Driver 1","Controls Functioning","Clear","Broadside","Non-Related","Other Vehicle","Not Applicable","Not Applicable","South Of",""
"677158","CR-0000086300","1","0","0","0","21-097-0685","False","False","0","4/7/2021 7:18:00 PM","No Pedestrians Involved","Dry","No Unusual Conditions","Daylight","Violation Driver 1","No Controls Present/Factor","Clear","Broadside","Intersection","Other Vehicle","Not Applicable","Not Applicable","At",""
"677159","CR-0000086301","0","0","0","0","21-097-1012","False","False","0","4/7/2021 9:39:00 PM","No Pedestrians Involved","Dry","No Unusual Conditions","Dark - Street Light","Violation Driver 1","Controls Functioning","Clear","Broadside","Intersection","Other Vehicle","Not Applicable","Not Applicable","At",""
"677160","CR-0000086302","1","0","0","0","21-097-1027","False","False","51","4/7/2021 10:20:00 PM","No Pedestrians Involved","Dry","No Unusual Conditions","Dark - Street Light","Violation Driver 1","No Controls Present/Factor","Clear","Hit Object","Non-Related","Fixed Object","Not Applicable","Not Applicable","West Of","PG&E pole"
"678988","CR-0000088183","1","0","0","0","21-260-0452","True","False","388","9/17/2021 7:55:00 AM","No Pedestrians Involved","Dry","No Unusual Conditions","Daylight","Violation Driver 1","Controls Functioning","Clear","Hit Object","Non-Related","Fixed Object","Not Applicable","Not Applicable","West Of","Tree"
"678989","CR-0000088184","0","0","0","0","21-260-0252","False","False","0","9/17/2021 8:55:00 AM","No Pedestrians Involved","Dry","No Unusual Conditions","Daylight","Unknown","Controls Functioning","Cloudy","Broadside","Intersection","Other Vehicle","Not Applicable","Not Applicable","At",""
"678990","CR-0000088185","2","0","0","0","21-260-0567","False","False","0","9/17/2021 3:18:00 PM","No Pedestrians Involved","Dry","No Unusual Conditions","Daylight","Violation Driver 1","No Controls Present/Factor","Clear","Sideswipe","Intersection","Other Vehicle","Not Applicable","Not Applicable","At",""
"678991","CR-0000088186","0","0","0","0","21-260-0981","False","False","51","9/17/2021 10:33:00 PM","No Pedestrians Involved","Dry","Unknown","Dark - Street Light","Violation Driver 1","Controls Functioning","Clear","Head On","Non-Related","Parked Vehicle","Not Applicable","Not Applicable","South Of",""
"678992","CR-0000088187","0","0","0","0","21-260-1062","False","False","","9/17/2021 11:49:00 PM","No Pedestrians Involved","Dry","No Unusual Conditions","Dark - Street Light","Violation Driver 1","Controls Functioning","Clear","Sideswipe","Non-Related","Other Vehicle","Not Applicable","Not Applicable","Unknown",""
"678993","CR-0000088188","0","0","0","0","21-261-4000","False","True","0","9/17/2021 6:00:00 PM","No Pedestrians Involved","Unknown","Unknown","Unknown","Unknown","Unknown","Unknown","Sideswipe","Intersection","Other Vehicle","Not Applicable","Not Applicable","At",""
"678994","CR-0000088189","0","0","0","0","21-261-4001","False","True","51","9/17/2021 10:35:00 PM","No Pedestrians Involved","Unknown","Unknown","Unknown","Unknown","Unknown","Unknown","Other","Non-Related","Other Vehicle","Not Applicable","Not Applicable","South Of",""
"678995","CR-0000088190","0","0","0","0","21-261-4002","False","True","51","9/17/2021 7:15:00 PM","No Pedestrians Involved","Unknown","Unknown","Unknown","Unknown","Unknown","Unknown","Sideswipe","Non-Related","Other Vehicle","Not Applicable","Not Applicable","North Of",""
"678996","CR-0000088191","0","0","0","0","21-261-4003","False","True","0","9/17/2021 1:40:00 PM","No Pedestrians Involved","Unknown","Unknown","Unknown","Unknown","Unknown","Unknown","Vehicle/Bike","Intersection","Bike","Not Applicable","Not Applicable","At",""
"678997","CR-0000088192","1","0","0","0","21-260-0080","False","False","38","9/17/2021 2:06:00 AM","No Pedestrians Involved","Dry","No Unusual Conditions","Dark - Street Light","Violation Driver 1","No Controls Present/Factor","Clear","Rear End","Related","Parked Vehicle","Not Applicable","Not Applicable","North Of",""
"678998","CR-0000088193","0","1","0","0","21-260-0432","False","False","51","9/17/2021 12:35:00 PM","No Pedestrians Involved","Dry","No Unusual Conditions","Daylight","Bike At Fault","No Controls Present/Factor","Clear","Vehicle/Bike","Non-Related","Bike","Not Applicable","Not Applicable","South Of","Bike"
"678999","CR-0000088194","1","1","0","0","21-260-0440","False","False","194","9/17/2021 12:44:00 PM","No Pedestrians Involved","Dry","No Unusual Conditions","Daylight","Violation Driver 1","No Controls Present/Factor","Clear","Broadside","Non-Related","Other Vehicle","Not Applicable","Not Applicable","North Of",""
"679000","CR-0000088195","1","0","0","0","21-260-0451","False","False","0","9/17/2021 12:58:00 PM","No Pedestrians Involved","Dry","No Unusual Conditions","Daylight","Unknown","Controls Functioning","Clear","Broadside","Intersection","Other Vehicle","Not Applicable","Not Applicable","At",""
"679001","CR-0000088196","0","0","0","0","21-260-0776","False","False","","9/17/2021 4:15:00 PM","No Pedestrians Involved","Dry","Other","Daylight","Violation Driver 1","Controls Functioning","Clear","Broadside","Non-Related","Other Vehicle","Not Applicable","Not Applicable","South Of",""
"677161","CR-0000086303","0","0","0","0","21-097-0835","False","False","0","4/7/2021 10:30:00 PM","No Pedestrians Involved","Dry","No Unusual Conditions","Daylight","Violation Driver 1","Controls Functioning","Clear","Head On","Intersection","Other Vehicle","Not Applicable","Not Applicable","At",""
"677162","CR-0000086304","0","1","0","0","21-098-0056","False","False","87","4/8/2021 2:14:00 AM","No Pedestrians Involved","Dry","No Unusual Conditions","Dark - Street Light","Violation Driver 1","Controls Functioning","Cloudy","Head On","Non-Related","Parked Vehicle","Not Applicable","Not Applicable","East Of",""
"677163","CR-0000086305","0","1","0","0","21-098-0534","False","False","0","4/8/2021 3:14:00 PM","No Pedestrians Involved","Dry","Unknown","Daylight","Bike At Fault","Controls Functioning","Clear","Vehicle/Bike","Intersection","Bike","Not Applicable","Not Applicable","At",""
"677164","CR-0000086306","0","0","0","0","21-095-0825","False","False","51","4/5/2021 10:51:00 PM","No Pedestrians Involved","Dry","No Unusual Conditions","Dark - Street Light","Violation Driver 1","No Controls Present/Factor","Clear","Rear End","Non-Related","Parked Vehicle","Not Applicable","Not Applicable","North Of",""
"677165","CR-0000086307","0","0","0","0","21-096-0649","False","False","51","4/6/2021 3:43:00 PM","No Pedestrians Involved","Dry","No Unusual Conditions","Daylight","Violation Driver 1","No Controls Present/Factor","Clear","Sideswipe","Non-Related","Other Vehicle","Not Applicable","Not Applicable","East Of",""
"677166","CR-0000086308","0","0","0","0","21-097-0528","True","False","192","4/7/2021 1:23:00 PM","No Pedestrians Involved","Unknown","No Unusual Conditions","Daylight","Violation Driver 1","Controls Functioning","Clear","Hit Object","Non-Related","Fixed Object","Not Applicable","Not Applicable","North Of","Tree, light pole"
"677167","CR-0000086309","1","0","0","0","21-097-0624","False","False","0","4/7/2021 2:49:00 PM","No Pedestrians Involved","Dry","No Unusual Conditions","Daylight","Violation Driver 1","Controls Functioning","Clear","Rear End","Intersection","Other Vehicle","Not Applicable","Not Applicable","At",""
"677168","CR-0000086310","0","0","0","0","21-098-0111","True","False","2500","4/8/2021 5:41:00 AM","No Pedestrians Involved","Dry","No Unusual Conditions","Dark - Street Light","Violation Driver 1","No Controls Present/Factor","Clear","Hit Object","Non-Related","Fixed Object","Not Applicable","Not Applicable","North Of",""
"677169","CR-0000086311","1","0","0","0","21-098-0243","False","False","171","4/8/2021 9:40:00 AM","No Pedestrians Involved","Dry","No Unusual Conditions","Daylight","Violation Driver 1","No Controls Present/Factor","Clear","Broadside","Non-Related","Motorcycle","Not Applicable","Not Applicable","West Of",""
"677170","CR-0000086312","1","0","0","0","21-098-0821","False","False","0","4/8/2021 7:58:00 PM","No Pedestrians Involved","Dry","No Unusual Conditions","Dark - Street Light","Violation Driver 1","Controls Functioning","Clear","Broadside","Intersection","Other Vehicle","Not Applicable","Not Applicable","At",""
"677171","CR-0000086313","0","0","0","0","21-098-0884","False","False","262","4/8/2021 9:36:00 PM","No Pedestrians Involved","Dry","No Unusual Conditions","Dark - No Street Light","Violation Driver 1","No Controls Present/Factor","Clear","Head On","Non-Related","Parked Vehicle","Not Applicable","Not Applicable","West Of",""
"677172","CR-0000086314","1","0","0","0","21-099-0173","False","False","150","4/9/2021 8:30:00 AM","No Pedestrians Involved","Dry","No Unusual Conditions","Daylight","Violation Driver 1","Controls Functioning","Clear","Broadside","Non-Related","Other Vehicle","Not Applicable","Not Applicable","West Of",""
"677173","CR-0000086315","0","0","0","0","21-099-0199","False","False","30","4/9/2021 9:09:00 AM","No Pedestrians Involved","Dry","No Unusual Conditions","Daylight","Violation Driver 1","Controls Functioning","Clear","Rear End","Related","Other Vehicle","Not Applicable","Not Applicable","West Of",""
"677174","CR-0000086316","0","1","0","0","21-099-0515","False","False","552","4/9/2021 3:30:00 PM","In Road - Includes Shoulder","Dry","No Unusual Conditions","Daylight","Pedestrian At Fault","No Controls Present/Factor","Clear","Vehicle/Pedestrian","Non-Related","Pedestrian","East","West","South Of","3 year old ran onto the road"
"679002","CR-0000088197","0","0","0","0","21-260-0717","False","False","0","9/17/2021 6:00:00 PM","No Pedestrians Involved","Dry","No Unusual Conditions","Daylight","Violation Driver 1","Controls Functioning","Clear","Sideswipe","Intersection","Other Vehicle","Not Applicable","Not Applicable","At",""
"679003","CR-0000088198","1","0","0","0","21-256-0921","False","False","0","9/13/2021 6:54:00 PM","No Pedestrians Involved","Dry","No Unusual Conditions","Daylight","Violation Driver 1","Controls Functioning","Clear","Sideswipe","Intersection","Other Vehicle","Not Applicable","Not Applicable","At",""
"679004","CR-0000088199","1","0","0","0","21-256-0978","False","False","39","9/13/2021 7:43:00 PM","No Pedestrians Involved","Unknown","No Unusual Conditions","Dark - Street Light","Violation Driver 1","No Controls Present/Factor","Clear","Vehicle/Pedestrian","Related","Pedestrian","Not Applicable","Not Applicable","North Of","Ped"
"679005","CR-0000088200","0","0","0","0","21-256-0017","False","False","48","9/13/2021 12:26:00 AM","No Pedestrians Involved","Dry","No Unusual Conditions","Dark - Street Light","Violation Driver 1","No Controls Present/Factor","Clear","Sideswipe","Related","Parked Vehicle","Not Applicable","Not Applicable","North Of",""
"679006","CR-0000088201","0","0","0","0","21-256-0516","False","False","200","9/13/2021 1:37:00 AM","No Pedestrians Involved","Dry","No Unusual Conditions","Dark - Street Light","Violation Driver 1","No Controls Present/Factor","Clear","Rear End","Non-Related","Parked Vehicle","Not Applicable","Not Applicable","South Of",""
"679007","CR-0000088202","0","2","0","0","21-256-0070","True","False","82","9/13/2021 1:45:00 AM","No Pedestrians Involved","Dry","No Unusual Conditions","Dark - Street Light","Violation Driver 1","Controls Functioning","Clear","Hit Object","Non-Related","Fixed Object","Not Applicable","Not Applicable","West Of","Tree"
"679008","CR-0000088203","0","0","0","0","21-256-0124","False","False","46","9/13/2021 3:39:00 AM","No Pedestrians Involved","Dry","No Unusual Conditions","Dark - Street Light","Violation Driver 1","No Controls Present/Factor","Clear","Sideswipe","Related","Parked Vehicle","Not Applicable","Not Applicable","South Of",""
"679009","CR-0000088204","0","0","0","0","21-256-0143","False","False","250","9/13/2021 4:42:00 AM","No Pedestrians Involved","Unknown","No Unusual Conditions","Dark - Street Light","Violation Driver 1","No Controls Present/Factor","Clear","Head On","Non-Related","Other Vehicle","Not Applicable","Not Applicable","North Of",""
"679010","CR-0000088205","0","0","0","0","21-256-0498","False","False","","9/13/2021 11:54:00 AM","No Pedestrians Involved","Dry","No Unusual Conditions","Daylight","Violation Driver 1","Controls Functioning","Clear","Rear End","Non-Related","Other Vehicle","Not Applicable","Not Applicable","North Of",""
"679011","CR-0000088206","1","0","0","0","21-256-0697","False","False","","9/13/2021 3:06:00 PM","No Pedestrians Involved","Dry","No Unusual Conditions","Daylight","Violation Driver 1","Controls Functioning","Clear","Rear End","Non-Related","Other Vehicle","Not Applicable","Not Applicable","North Of",""
"679012","CR-0000088207","0","0","0","0","21-256-0757","False","False","0","9/13/2021 4:21:00 PM","No Pedestrians Involved","Dry","No Unusual Conditions","Daylight","Violation Driver 1","No Controls Present/Factor","Clear","Broadside","Intersection","Other Vehicle","Not Applicable","Not Applicable","At",""
"679013","CR-0000088208","0","0","0","0","21-256-0843","False","False","56","9/13/2021 5:53:00 PM","No Pedestrians Involved","Dry","No Unusual Conditions","Daylight","Violation Driver 1","Controls Functioning","Clear","Sideswipe","Non-Related","Parked Vehicle","Not Applicable","Not Applicable","East Of",""
"679014","CR-0000088209","0","0","0","0","21-256-1027","False","False","530","9/13/2021 8:45:00 PM","No Pedestrians Involved","Dry","No Unusual Conditions","Dark - No Street Light","Violation Driver 1","No Controls Present/Factor","Clear","Rear End","Non-Related","Parked Vehicle","Not Applicable","Not Applicable","North Of",""
"679015","CR-0000088210","0","0","0","0","21-256-1050","False","False","0","9/13/2021 10:08:00 PM","No Pedestrians Involved","Dry","No Unusual Conditions","Dark - Street Light","Violation Driver 1","No Controls Present/Factor","Clear","Sideswipe","Intersection","Other Vehicle","Not Applicable","Not Applicable","At",""
"679016","CR-0000088211","0","0","0","0","21-256-0779","True","False","125","9/13/2021 11:58:00 PM","No Pedestrians Involved","Dry","No Unusual Conditions","Daylight","Violation Driver 1","Controls Functioning","Clear","Head On","Non-Related","Fixed Object","Not Applicable","Not Applicable","South Of","Electric Box Street Sign"
"679017","CR-0000088212","0","0","0","0","21-257-0383","True","False","155","9/14/2021 10:07:00 AM","No Pedestrians Involved","Dry","No Unusual Conditions","Daylight","Violation Driver 1","No Controls Present/Factor","Clear","Hit Object","Non-Related","Fixed Object","Not Applicable","Not Applicable","South Of","signs"
"679018","CR-0000088213","0","0","0","0","21-258-0471","False","False","347","9/14/2021 2:30:00 PM","No Pedestrians Involved","Dry","No Unusual Conditions","Daylight","Violation Driver 1","No Controls Present/Factor","Clear","Other","Non-Related","Parked Vehicle","Not Applicable","Not Applicable","South Of",""
"679019","CR-0000088214","1","0","0","0","21-257-0529","False","False","0","9/14/2021 6:40:00 AM","No Pedestrians Involved","Dry","No Unusual Conditions","Daylight","Violation Driver 1","No Controls Present/Factor","Clear","Vehicle/Bike","Intersection","Bike","Not Applicable","Not Applicable","At","Electric Scooter Bike"
"679020","CR-0000088215","1","0","0","0","21-257-0297","False","False","0","9/14/2021 8:46:00 AM","No Pedestrians Involved","Dry","No Unusual Conditions","Daylight","Violation Driver 1","No Controls Present/Factor","Clear","Vehicle/Bike","Intersection","Bike","Not Applicable","Not Applicable","At","Bike"
"679021","CR-0000088216","2","0","0","0","21-257-0433","False","False","0","9/14/2021 11:04:00 AM","No Pedestrians Involved","Dry","No Unusual Conditions","Daylight","Violation Driver 1","Controls Functioning","Clear","Broadside","Intersection","Other Vehicle","Not Applicable","Not Applicable","At",""
"679022","CR-0000088217","2","0","0","0","21-257-0511","False","False","72","9/14/2021 12:26:00 PM","No Pedestrians Involved","Dry","No Unusual Conditions","Daylight","Violation Driver 1","Controls Functioning","Clear","Broadside","Non-Related","Other Vehicle","Not Applicable","Not Applicable","North Of",""
"679023","CR-0000088218","1","0","0","0","21-257-0803","True","False","0","9/14/2021 5:04:00 PM","No Pedestrians Involved","Dry","No Unusual Conditions","Daylight","Violation Driver 1","Controls Functioning","Clear","Broadside","Intersection","Other Vehicle","Not Applicable","Not Applicable","At","Light Pole"
"679024","CR-0000088219","1","0","0","0","21-257-0970","False","False","200","9/14/2021 8:01:00 PM","Not In Road","Dry","No Unusual Conditions","Dark - Street Light","Pedestrian At Fault","Unknown","Clear","Vehicle/Pedestrian","Non-Related","Skateboard","East","East","North Of","SkateBoard"
"679025","CR-0000088220","3","0","0","0","21-267-9801","False","False","1760","9/13/2021 2:40:00 PM","No Pedestrians Involved","Dry","No Unusual Conditions","Daylight","Violation Driver 1","No Controls Present/Factor","Clear","Broadside","Non-Related","Other Vehicle","Not Applicable","Not Applicable","West Of",""
"679026","CR-0000088221","1","0","0","0","21-256-0762","False","False","0","9/13/2021 4:28:00 PM","No Pedestrians Involved","Unknown","Unknown","Unknown","Violation Driver 1","Unknown","Unknown","Rear End","Intersection","Other Vehicle","Not Applicable","Not Applicable","At",""
"679027","CR-0000088222","1","0","0","0","21-256-0844","False","False","40","9/13/2021 6:18:00 PM","No Pedestrians Involved","Dry","No Unusual Conditions","Daylight","Violation Driver 1","Unknown","Clear","Sideswipe","Related","Other Vehicle","Not Applicable","Not Applicable","East Of",""
"679028","CR-0000088223","0","0","0","0","21-254-0119","False","False","30","9/11/2021 3:27:00 AM","No Pedestrians Involved","Dry","No Unusual Conditions","Dark - Street Light","Violation Driver 1","Controls Functioning","Clear","Sideswipe","Related","Other Vehicle","Not Applicable","Not Applicable","North Of",""
"679029","CR-0000088224","0","1","0","0","21-254-0192","False","False","87","9/11/2021 7:27:00 AM","No Pedestrians Involved","Dry","No Unusual Conditions","Daylight","Violation Driver 1","No Controls Present/Factor","Clear","Sideswipe","Non-Related","Parked Vehicle","Not Applicable","Not Applicable","West Of",""
"679030","CR-0000088225","1","1","0","0","21-254-0229","False","False","0","9/11/2021 8:59:00 AM","No Pedestrians Involved","Dry","No Unusual Conditions","Daylight","Violation Driver 1","Controls Functioning","Clear","Broadside","Intersection","Other Vehicle","Not Applicable","Not Applicable","At",""
"679031","CR-0000088226","1","0","0","0","21-254-0512","False","False","0","9/11/2021 3:37:00 PM","No Pedestrians Involved","Dry","No Unusual Conditions","Daylight","Violation Driver 1","No Controls Present/Factor","Clear","Head On","Intersection","Parked Vehicle","Not Applicable","Not Applicable","At",""
"679032","CR-0000088227","0","0","1","0","21-254-0676","False","False","93","9/11/2021 6:31:00 PM","No Pedestrians Involved","Dry","No Unusual Conditions","Daylight","Violation Driver 1","No Controls Present/Factor","Clear","Broadside","Non-Related","Other Vehicle","Not Applicable","Not Applicable","East Of",""
"679033","CR-0000088228","0","1","0","0","21-254-0984","True","False","240","9/11/2021 7:37:00 PM","No Pedestrians Involved","Dry","No Unusual Conditions","Daylight","Violation Driver 1","No Controls Present/Factor","Clear","Hit Object","Non-Related","Fixed Object","Not Applicable","Not Applicable","South Of","Tree"