"CrashFactId","Name","MinorInjuries","ModerateInjuries","SevereInjuries","FatalInjuries","TcrNumber","CityDamageFlag","ShortFormFlag","Distance","CrashDateTime","PedestrianAction","RoadwaySurface","RoadwayCondition","Lighting","PrimaryCollisionFactor","TrafficControl","Weather","CollisionType","ProximityToIntersection","VehicleInvolvedWith","PedestrianDirectionFrom","PedestrianDirectionTo","DirectionFromIntersection","Comment"
"679034","CR-0000088229","0","0","0","0","21-255-0673","False","False","80","9/12/2021 5:36:00 PM","No Pedestrians Involved","Dry","No Unusual Conditions","Daylight","Violation Driver 1","No Controls Present/Factor","Clear","Head On","Non-Related","Parked Vehicle","Not Applicable","Not Applicable","East Of","PD"
"679035","CR-0000088230","2","0","0","0","21-255-0442","False","False","1276","9/12/2021 12:22:00 PM","No Pedestrians Involved","Dry","No Unusual Conditions","Daylight","Violation Driver 1","No Controls Present/Factor","Clear","Broadside","Non-Related","Other Vehicle","Not Applicable","Not Applicable","South Of",""
"679036","CR-0000088231","1","0","0","0","21-255-0564","False","False","0","9/12/2021 3:34:00 PM","No Pedestrians Involved","Dry","No Unusual Conditions","Daylight","Violation Driver 1","Controls Functioning","Clear","Broadside","Intersection","Other Vehicle","Not Applicable","Not Applicable","At",""
"679037","CR-0000088232","0","0","0","0","21-255-0604","False","False","170","9/12/2021 3:57:00 PM","No Pedestrians Involved","Dry","No Unusual Conditions","Daylight","Violation Driver 1","Controls Functioning","Clear","Sideswipe","Non-Related","Other Vehicle","Not Applicable","Not Applicable","East Of",""
"679038","CR-0000088233","0","0","0","0","21-255-0774","False","False","39","9/12/2021 8:00:00 PM","No Pedestrians Involved","Dry","No Unusual Conditions","Daylight","Violation Driver 1","Controls Functioning","Clear","Rear End","Related","Parked Vehicle","Not Applicable","Not Applicable","South Of",""
"679039","CR-0000088234","0","1","0","0","21-254-0597","False","False","45","9/11/2021 5:28:00 PM","In Road - Includes Shoulder","Dry","No Unusual Conditions","Daylight","Violation Driver 1","Controls Functioning","Cloudy","Vehicle/Bike","Related","Bike","East","East","East Of","Bike"
"679040","CR-0000088235","0","0","0","0","21-254-0768","False","False","330","9/11/2021 8:09:00 PM","No Pedestrians Involved","Dry","No Unusual Conditions","Dark - Street Light","Violation Driver 1","No Controls Present/Factor","Clear","Rear End","Non-Related","Other Vehicle","Not Applicable","Not Applicable","West Of","Sheriffs Office Vehicle"
"679041","CR-0000088236","0","1","0","0","21-254-0787","False","False","0","9/11/2021 8:23:00 PM","In Road - Includes Shoulder","Dry","No Unusual Conditions","Dusk - Dawn","Pedestrian At Fault","No Controls Present/Factor","Clear","Vehicle/Pedestrian","Intersection","Pedestrian","Not Applicable","Not Applicable","At","Ped"
"679042","CR-0000088237","0","1","0","0","21-259-0112","False","False","40","9/16/2021 5:01:00 AM","No Pedestrians Involved","Dry","No Unusual Conditions","Dark - Street Light","Violation Driver 1","Controls Functioning","Clear","Broadside","Related","Other Vehicle","Not Applicable","Not Applicable","West Of",""
"677175","CR-0000086317","0","2","0","0","21-099-0887","False","False","153","4/9/2021 9:47:00 PM","No Pedestrians Involved","Dry","No Unusual Conditions","Dark - Street Light","Violation Driver 1","Controls Functioning","Clear","Broadside","Non-Related","Other Vehicle","Not Applicable","Not Applicable","North Of",""
"677176","CR-0000086318","0","0","0","0","21-099-1005","False","False","300","4/10/2021 12:01:00 AM","No Pedestrians Involved","Dry","No Unusual Conditions","Dark - Street Light","Violation Driver 1","No Controls Present/Factor","Clear","Sideswipe","Non-Related","Parked Vehicle","Not Applicable","Not Applicable","South Of",""
"677177","CR-0000086319","0","0","0","0","21-100-0041","True","False","28","4/10/2021 12:55:00 AM","No Pedestrians Involved","Dry","No Unusual Conditions","Dark - Street Light","Violation Driver 1","Controls Functioning","Clear","Hit Object","Related","Fixed Object","Not Applicable","Not Applicable","East Of","Traffic light pole"
"677178","CR-0000086320","0","0","0","0","21-100-0051","False","False","51","4/10/2021 1:10:00 AM","No Pedestrians Involved","Dry","No Unusual Conditions","Dark - Street Light","Violation Driver 1","Controls Functioning","Clear","Sideswipe","Non-Related","Other Vehicle","Not Applicable","Not Applicable","North Of",""
"677179","CR-0000086321","1","0","0","0","21-100-0151","True","False","0","4/10/2021 5:26:00 AM","No Pedestrians Involved","Dry","No Unusual Conditions","Dark - Street Light","Violation Driver 1","Unknown","Clear","Hit Object","Intersection","Fixed Object","Not Applicable","Not Applicable","At","Small tree"
"677180","CR-0000086322","0","0","0","0","21-100-0175","False","False","16","4/10/2021 6:40:00 AM","No Pedestrians Involved","Dry","No Unusual Conditions","Daylight","Violation Driver 1","No Controls Present/Factor","Clear","Broadside","Related","Parked Vehicle","Not Applicable","Not Applicable","South Of",""
"677181","CR-0000086323","1","0","0","0","21-100-0657","False","False","0","4/10/2021 5:59:00 PM","No Pedestrians Involved","Dry","No Unusual Conditions","Daylight","Bike At Fault","Controls Functioning","Clear","Vehicle/Bike","Intersection","Bike","Not Applicable","Not Applicable","At",""
"677182","CR-0000086324","0","2","0","0","21-100-0667","False","False","215","4/10/2021 6:03:00 PM","No Pedestrians Involved","Dry","No Unusual Conditions","Daylight","Violation Driver 1","No Controls Present/Factor","Clear","Sideswipe","Non-Related","Parked Vehicle","Not Applicable","Not Applicable","South Of",""
"677183","CR-0000086325","1","2","0","0","21-100-0754","False","False","0","4/10/2021 7:42:00 PM","No Pedestrians Involved","Dry","No Unusual Conditions","Dusk - Dawn","Violation Driver 1","No Controls Present/Factor","Clear","Broadside","Intersection","Other Vehicle","Not Applicable","Not Applicable","At",""
"677184","CR-0000086326","0","0","0","0","21-100-0785","False","False","30","4/10/2021 8:17:00 PM","No Pedestrians Involved","Dry","No Unusual Conditions","Dark - Street Light","Violation Driver 1","Controls Functioning","Clear","Broadside","Related","Parked Vehicle","Not Applicable","Not Applicable","East Of",""
"677185","CR-0000086327","0","0","0","0","21-100-0820","False","False","138","4/10/2021 8:59:00 PM","No Pedestrians Involved","Unknown","No Unusual Conditions","Dark - Street Light","Violation Driver 1","Controls Functioning","Clear","Hit Object","Non-Related","Fixed Object","Not Applicable","Not Applicable","North Of","Fence"
"677186","CR-0000086328","0","0","0","0","21-100-0875","False","False","0","4/10/2021 9:30:00 PM","No Pedestrians Involved","Dry","No Unusual Conditions","Dark - Street Light","Violation Driver 1","Controls Functioning","Clear","Broadside","Intersection","Other Vehicle","Not Applicable","Not Applicable","At",""
"677187","CR-0000086329","0","0","0","0","21-100-0893","False","False","42","4/10/2021 10:11:00 PM","No Pedestrians Involved","Dry","No Unusual Conditions","Dark - Street Light","Violation Driver 1","No Controls Present/Factor","Clear","Sideswipe","Related","Parked Vehicle","Not Applicable","No Direction (Not Walking)","West Of",""
"677188","CR-0000086330","0","0","0","0","21-101-4001","False","True","","4/10/2021 5:26:00 PM","No Pedestrians Involved","Unknown","Unknown","Dusk - Dawn","Unknown","Unknown","Unknown","Other","Related","Motorcycle","Not Applicable","Not Applicable","West Of",""
"677189","CR-0000086331","0","0","0","0","21-101-0198","False","False","35","4/11/2021 3:49:00 AM","No Pedestrians Involved","Dry","No Unusual Conditions","Dark - Street Light","Violation Driver 1","Controls Functioning","Clear","Hit Object","Related","Fixed Object","Not Applicable","Not Applicable","South Of","Reflective sign, VTA light pole, VTA pole"
"677190","CR-0000086332","0","0","0","0","21-101-0224","False","False","154","4/11/2021 5:18:00 AM","No Pedestrians Involved","Dry","No Unusual Conditions","Dusk - Dawn","Unknown","No Controls Present/Factor","Clear","Broadside","Non-Related","Parked Vehicle","Not Applicable","Not Applicable","South Of",""
"677191","CR-0000086333","2","0","0","0","21-101-0399","False","False","0","4/11/2021 11:18:00 AM","No Pedestrians Involved","Dry","No Unusual Conditions","Daylight","Violation Driver 1","Controls Functioning","Clear","Broadside","Intersection","Other Vehicle","Not Applicable","Not Applicable","At",""
"677192","CR-0000086334","0","0","0","0","21-101-0571","False","False","180","4/11/2021 3:03:00 PM","No Pedestrians Involved","Dry","No Unusual Conditions","Daylight","Violation Driver 1","No Controls Present/Factor","Clear","Rear End","Non-Related","Other Vehicle","Not Applicable","Not Applicable","South Of",""
"677193","CR-0000086335","0","1","0","0","21-101-0796","True","False","55","4/11/2021 7:56:00 PM","No Pedestrians Involved","Dry","No Unusual Conditions","Dark - Street Light","Violation Driver 1","No Controls Present/Factor","Clear","Hit Object","Non-Related","Fixed Object","Not Applicable","Not Applicable","South Of","Tree"
"677194","CR-0000086336","0","0","0","0","21-101-0967","True","False","39","4/11/2021 11:46:00 PM","No Pedestrians Involved","Dry","No Unusual Conditions","Dark - Street Light","Unknown","Controls Functioning","Clear","Head On","Related","Parked Vehicle","Not Applicable","Not Applicable","West Of","Tree"
"677195","CR-0000086337","1","1","0","0","21-102-0551","False","False","0","4/12/2021 1:42:00 PM","No Pedestrians Involved","Dry","No Unusual Conditions","Daylight","Violation Driver 1","Controls Functioning","Clear","Broadside","Intersection","Other Vehicle","Not Applicable","Not Applicable","At",""
"677196","CR-0000086338","0","0","0","0","21-102-0867","False","False","51","4/12/2021 6:40:00 PM","No Pedestrians Involved","Dry","No Unusual Conditions","Daylight","Violation Driver 1","No Controls Present/Factor","Clear","Sideswipe","Non-Related","Parked Vehicle","Not Applicable","Not Applicable","South Of",""
"677197","CR-0000086339","1","0","0","0","21-102-0970","True","False","0","4/12/2021 9:05:00 PM","No Pedestrians Involved","Dry","No Unusual Conditions","Dark - Street Light","Violation Driver 1","No Controls Present/Factor","Clear","Hit Object","Intersection","Fixed Object","Not Applicable","Not Applicable","At","Curb, sign, fence"
"677198","CR-0000086340","0","0","0","0","21-102-1013","False","False","59","4/12/2021 9:59:00 PM","No Pedestrians Involved","Dry","No Unusual Conditions","Dark - Street Light","Violation Driver 1","No Controls Present/Factor","Clear","Sideswipe","Non-Related","Parked Vehicle","Not Applicable","Not Applicable","North Of",""
"677199","CR-0000086341","0","1","0","0","21-103-0612","False","False","51","4/13/2021 2:20:00 PM","Not In Road","Dry","No Unusual Conditions","Daylight","Violation Driver 1","No Controls Present/Factor","Clear","Vehicle/Pedestrian","Non-Related","Pedestrian","No Direction (Not Walking)","No Direction (Not Walking)","West Of","Towing vehicle (D1) hit a parked motorcycle which in-turn hit a pedestrian standing nearby."
"677200","CR-0000086342","0","0","1","0","21-103-0624","False","False","20","4/13/2021 2:29:00 PM","Crossing In Crosswalk - At Intersection","Dry","No Unusual Conditions","Daylight","Violation Driver 1","Controls Functioning","Clear","Vehicle/Pedestrian","Related","Pedestrian","West","East","South Of",""
"679043","CR-0000088238","1","0","0","0","21-259-0197","False","False","65","9/16/2021 11:12:00 AM","No Pedestrians Involved","Dry","No Unusual Conditions","Daylight","Violation Driver 1","No Controls Present/Factor","Clear","Rear End","Non-Related","Other Vehicle","Not Applicable","Not Applicable","North Of",""
"679045","CR-0000088247","1","0","0","0","21-258-0782","False","False","90","9/15/2021 6:17:00 PM","No Pedestrians Involved","Dry","No Unusual Conditions","Daylight","Violation Driver 1","Unknown","Clear","Rear End","Non-Related","Other Vehicle","Not Applicable","Not Applicable","East Of",""
"679046","CR-0000088278","0","0","0","0","21-264-9707","False","True","51","9/16/2021 1:00:00 PM","No Pedestrians Involved","Dry","No Unusual Conditions","Daylight","Unknown","No Controls Present/Factor","Clear","Other","Non-Related","Other Vehicle","Not Applicable","Not Applicable","North Of",""
"679047","CR-0000088268","0","0","2","0","21-232-0924","True","False","190","8/20/2021 9:55:00 PM","No Pedestrians Involved","Dry","No Unusual Conditions","Dark - Street Light","Violation Driver 1","No Controls Present/Factor","Clear","Hit Object","Non-Related","Fixed Object","Not Applicable","Not Applicable","North Of","Light pole Tree"
"679048","CR-0000088258","0","0","0","0","21-233-9706","False","True","0","8/20/2021 4:00:00 PM","No Pedestrians Involved","Dry","No Unusual Conditions","Daylight","Unknown","Controls Functioning","Clear","Rear End","Intersection","Other Vehicle","Not Applicable","Not Applicable","At",""
"679050","CR-0000088264","2","0","0","0","21-232-0556","False","False","90","8/20/2021 3:41:00 PM","No Pedestrians Involved","Dry","No Unusual Conditions","Daylight","Violation Driver 1","No Controls Present/Factor","Clear","Rear End","Non-Related","Other Vehicle","Not Applicable","Not Applicable","North Of",""
"679051","CR-0000088274","0","0","0","0","21-259-9704","False","False","0","9/15/2021 1:45:00 PM","No Pedestrians Involved","Dry","No Unusual Conditions","Daylight","Violation Driver 1","Controls Functioning","Clear","Sideswipe","Intersection","Other Vehicle","Not Applicable","Not Applicable","At",""
"679052","CR-0000088243","0","0","0","0","21-258-0347","False","False","475","9/15/2021 10:24:00 AM","No Pedestrians Involved","Dry","No Unusual Conditions","Daylight","Violation Driver 1","No Controls Present/Factor","Clear","Broadside","Non-Related","Parked Vehicle","Not Applicable","Not Applicable","West Of",""
"679053","CR-0000088259","0","0","0","0","21-232-0973","False","False","50","8/20/2021 10:48:00 PM","No Pedestrians Involved","Dry","No Unusual Conditions","Dark - Street Light","Violation Driver 1","Controls Functioning","Clear","Sideswipe","Related","Other Vehicle","Not Applicable","Not Applicable","South Of",""
"679054","CR-0000088267","3","0","0","0","21-232-0895","False","False","0","8/20/2021 9:16:00 PM","No Pedestrians Involved","Dry","No Unusual Conditions","Dark - Street Light","Violation Driver 1","Controls Functioning","Clear","Rear End","Intersection","Other Vehicle","Not Applicable","Not Applicable","At",""
"679055","CR-0000088277","0","0","0","0","21-260-9703","False","True","0","9/16/2021 12:40:00 PM","No Pedestrians Involved","Dry","No Unusual Conditions","Daylight","Unknown","Controls Functioning","Clear","Sideswipe","Intersection","Other Vehicle","Not Applicable","Not Applicable","At",""
"679056","CR-0000088257","1","0","0","0","21-264-0182","False","False","0","9/21/2021 6:17:00 AM","No Pedestrians Involved","Dry","No Unusual Conditions","Dusk - Dawn","Violation Driver 1","Controls Functioning","Clear","Broadside","Intersection","Other Vehicle","Not Applicable","Not Applicable","At",""
"679057","CR-0000088240","0","1","0","0","21-259-0639","False","False","26","9/16/2021 4:10:00 PM","Crossing In Crosswalk - At Intersection","Dry","No Unusual Conditions","Daylight","Violation Driver 1","Controls Functioning","Clear","Vehicle/Pedestrian","Related","Pedestrian","West","West","North Of","PED"
"679058","CR-0000088279","0","0","0","0","21-264-9708","False","True","300","9/16/2021 4:58:00 PM","No Pedestrians Involved","Dry","No Unusual Conditions","Daylight","Unknown","Controls Functioning","Clear","Broadside","Non-Related","Other Vehicle","Not Applicable","Not Applicable","East Of",""
"677201","CR-0000086343","0","0","0","0","21-103-0689","True","False","900","4/13/2021 3:41:00 PM","No Pedestrians Involved","Dry","No Unusual Conditions","Daylight","Violation Driver 1","Controls Functioning","Clear","Hit Object","Non-Related","Fixed Object","Not Applicable","Not Applicable","South Of","Tree"
"677202","CR-0000086344","1","0","0","0","21-103-0715","False","False","0","4/13/2021 4:00:00 PM","No Pedestrians Involved","Dry","No Unusual Conditions","Daylight","Violation Driver 1","No Controls Present/Factor","Clear","Broadside","Intersection","Other Vehicle","Not Applicable","Not Applicable","At",""
"677203","CR-0000086345","2","0","0","0","21-103-0739","False","False","800","4/13/2021 4:24:00 PM","No Pedestrians Involved","Dry","No Unusual Conditions","Daylight","Violation Driver 1","Controls Functioning","Clear","Rear End","Non-Related","Other Vehicle","Not Applicable","Not Applicable","East Of",""
"677204","CR-0000086346","0","1","0","0","21-103-0932","True","False","1350","4/13/2021 7:52:00 PM","No Pedestrians Involved","Dry","No Unusual Conditions","Dark - Street Light","Violation Driver 1","No Controls Present/Factor","Clear","Hit Object","Non-Related","Fixed Object","Not Applicable","Not Applicable","North Of","Street sign"
"677205","CR-0000086347","0","0","0","0","21-103-4001","False","True","51","4/13/2021 12:00:00 PM","No Pedestrians Involved","Unknown","Unknown","Daylight","Unknown","Unknown","Unknown","Rear End","Non-Related","Other Vehicle","Not Applicable","Not Applicable","North Of",""
"677206","CR-0000086348","0","1","0","0","21-104-0477","False","False","65","4/14/2021 2:11:00 PM","In Road - Includes Shoulder","Dry","No Unusual Conditions","Daylight","Unknown","No Controls Present/Factor","Clear","Vehicle/Pedestrian","Non-Related","Pedestrian","No Direction (Not Walking)","No Direction (Not Walking)","West Of",""
"677207","CR-0000086349","0","1","0","0","21-104-0529","True","False","0","4/14/2021 3:04:00 PM","No Pedestrians Involved","Dry","No Unusual Conditions","Daylight","Violation Driver 1","No Controls Present/Factor","Clear","Hit Object","Intersection","Fixed Object","Not Applicable","Not Applicable","At","Signal pole"
"677208","CR-0000086350","0","0","0","0","21-104-0904","True","False","60","4/14/2021 10:20:00 PM","No Pedestrians Involved","Dry","No Unusual Conditions","Dark - Street Light","Unknown","Controls Functioning","Clear","Hit Object","Non-Related","Fixed Object","Not Applicable","Not Applicable","North Of","Street sign"
"677209","CR-0000086351","0","0","0","0","21-104-0908","True","False","54","4/14/2021 10:21:00 PM","No Pedestrians Involved","Dry","No Unusual Conditions","Dark - Street Light","Violation Driver 1","Controls Functioning","Clear","Hit Object","Non-Related","Fixed Object","Not Applicable","Not Applicable","North Of","Traffic light, electric box"
"677210","CR-0000086352","4","1","0","0","21-104-0933","False","False","144","4/14/2021 11:03:00 PM","No Pedestrians Involved","Dry","No Unusual Conditions","Dark - Street Light","Violation Driver 1","Controls Functioning","Clear","Rear End","Non-Related","Other Vehicle","Not Applicable","Not Applicable","East Of",""
"677211","CR-0000086353","0","0","0","1","21-108-0598","True","False","","4/18/2021 3:09:00 PM","No Pedestrians Involved","Dry","No Unusual Conditions","Daylight","Other Than Driver","Controls Functioning","Clear","Hit Object","Related","Fixed Object","Not Applicable","Not Applicable","West Of","Fatality crash. Tree"
"677212","CR-0000086354","0","1","0","0","21-105-0512","False","False","0","4/15/2021 3:10:00 PM","No Pedestrians Involved","Dry","No Unusual Conditions","Daylight","Bike At Fault","Controls Functioning","Clear","Vehicle/Bike","Intersection","Bike","Not Applicable","Not Applicable","At",""
"677213","CR-0000086355","0","0","0","0","21-106-0186","False","False","970","4/16/2021 7:55:00 AM","No Pedestrians Involved","Dry","No Unusual Conditions","Daylight","Violation Driver 1","No Controls Present/Factor","Cloudy","Sideswipe","Non-Related","Other Vehicle","Not Applicable","Not Applicable","South Of",""
"677214","CR-0000086356","0","0","0","0","21-106-0979","True","False","126","4/16/2021 10:30:00 PM","No Pedestrians Involved","Dry","No Unusual Conditions","Dark - Street Light","Violation Driver 1","No Controls Present/Factor","Clear","Hit Object","Non-Related","Fixed Object","Not Applicable","Not Applicable","North Of","Curb, sprinkler system"
"677215","CR-0000086357","0","0","0","0","21-107-0022","False","False","208","4/17/2021 12:26:00 AM","No Pedestrians Involved","Dry","No Unusual Conditions","Dark - Street Light","Violation Driver 1","Controls Functioning","Clear","Rear End","Non-Related","Other Vehicle","Not Applicable","Not Applicable","East Of",""
"677216","CR-0000086358","1","1","0","0","21-107-0360","False","False","39","4/17/2021 12:49:00 PM","No Pedestrians Involved","Dry","Unknown","Daylight","Violation Driver 1","Controls Functioning","Clear","Sideswipe","Related","Other Vehicle","Not Applicable","Not Applicable","East Of",""
"677217","CR-0000086360","1","0","0","0","21-106-0277","True","False","0","4/16/2021 10:23:00 AM","No Pedestrians Involved","Dry","No Unusual Conditions","Daylight","Violation Driver 1","Controls Functioning","Clear","Broadside","Intersection","Motor Vehicle On Other Roadway","Not Applicable","Not Applicable","At","Light pole"
"677218","CR-0000086361","1","0","0","0","21-096-0372","False","False","51","4/6/2021 11:20:00 AM","No Pedestrians Involved","Dry","No Unusual Conditions","Daylight","Violation Driver 1","No Controls Present/Factor","Clear","Broadside","Non-Related","Other Vehicle","Not Applicable","Not Applicable","East Of",""
"677219","CR-0000086362","0","0","0","0","21-108-4001","False","True","0","4/17/2021 4:15:00 PM","No Pedestrians Involved","Unknown","Unknown","Daylight","Unknown","Unknown","Unknown","Broadside","Intersection","Other Vehicle","Not Applicable","Not Applicable","At",""
"677220","CR-0000086363","0","0","0","0","21-109-4002","False","True","","4/17/2021 10:35:00 PM","No Pedestrians Involved","Unknown","Unknown","Unknown","Unknown","Unknown","Unknown","Head On","Related","Other Vehicle","Not Applicable","Not Applicable","North Of",""
"677221","CR-0000086364","0","0","0","0","21-107-4004","False","True","0","4/17/2021 8:45:00 PM","No Pedestrians Involved","Unknown","Unknown","Unknown","Unknown","Unknown","Unknown","Sideswipe","Intersection","Other Vehicle","Not Applicable","Not Applicable","At",""
"677222","CR-0000086365","1","0","0","0","21-094-0448","False","False","65","4/4/2021 2:23:00 PM","No Pedestrians Involved","Dry","No Unusual Conditions","Daylight","Violation Driver 1","Controls Functioning","Clear","Rear End","Non-Related","Other Vehicle","Not Applicable","Not Applicable","West Of",""
"677223","CR-0000086366","0","1","0","0","21-096-0600","False","False","0","4/6/2021 2:46:00 PM","No Pedestrians Involved","Dry","No Unusual Conditions","Daylight","Violation Driver 1","No Controls Present/Factor","Clear","Head On","Intersection","Other Vehicle","Not Applicable","Not Applicable","At",""
"677224","CR-0000086367","0","0","0","0","21-098-0594","False","False","0","4/8/2021 4:23:00 PM","No Pedestrians Involved","Dry","No Unusual Conditions","Daylight","Unknown","Controls Functioning","Clear","Sideswipe","Intersection","Other Vehicle","Not Applicable","Not Applicable","At",""
"677225","CR-0000086368","0","0","1","0","21-098-0836","False","False","52","4/8/2021 8:40:00 PM","No Pedestrians Involved","Dry","No Unusual Conditions","Dark - Street Light","Violation Driver 1","Controls Functioning","Clear","Vehicle/Bike","Non-Related","Scooter Motorized","Not Applicable","Not Applicable","East Of",""
"677226","CR-0000086369","0","0","0","0","21-099-0256","True","False","465","4/9/2021 10:21:00 AM","No Pedestrians Involved","Dry","No Unusual Conditions","Daylight","Violation Driver 1","No Controls Present/Factor","Clear","Hit Object","Non-Related","Fixed Object","Not Applicable","Not Applicable","West Of","Tree"
"677227","CR-0000086370","1","0","0","0","21-100-0726","False","False","50","4/10/2021 7:08:00 PM","No Pedestrians Involved","Dry","No Unusual Conditions","Dusk - Dawn","Violation Driver 1","No Controls Present/Factor","Clear","Rear End","Related","Other Vehicle","Not Applicable","Not Applicable","East Of",""
"677228","CR-0000086371","1","0","0","0","21-100-0896","False","False","","4/10/2021 10:14:00 PM","No Pedestrians Involved","Dry","No Unusual Conditions","Dark - Street Light","Violation Driver 1","Controls Functioning","Clear","Rear End","Related","Other Vehicle","Not Applicable","Not Applicable","East Of",""
"677229","CR-0000086372","0","0","0","0","21-102-0742","True","False","52","4/12/2021 4:51:00 PM","No Pedestrians Involved","Dry","No Unusual Conditions","Daylight","Violation Driver 1","No Controls Present/Factor","Clear","Hit Object","Non-Related","Fixed Object","Not Applicable","Not Applicable","North Of","Street sign"
"677230","CR-0000086373","0","0","0","0","21-103-0151","False","False","80","4/13/2021 12:00:00 AM","No Pedestrians Involved","Dry","No Unusual Conditions","Dark - Street Light","Unknown","No Controls Present/Factor","Clear","Sideswipe","Non-Related","Parked Vehicle","Not Applicable","Not Applicable","West Of",""
"677231","CR-0000086374","1","0","0","0","21-103-0203","False","False","0","4/13/2021 7:29:00 AM","No Pedestrians Involved","Dry","No Unusual Conditions","Daylight","Violation Driver 1","No Controls Present/Factor","Clear","Sideswipe","Intersection","Other Vehicle","Not Applicable","Not Applicable","At",""
"677232","CR-0000086375","0","0","0","0","21-103-0227","False","False","84","4/13/2021 8:02:00 AM","No Pedestrians Involved","Dry","No Unusual Conditions","Daylight","Violation Driver 1","Controls Functioning","Clear","Sideswipe","Non-Related","Parked Vehicle","Not Applicable","Not Applicable","East Of",""
"677233","CR-0000086376","0","0","0","0","21-103-0555","False","False","168","4/13/2021 1:27:00 PM","No Pedestrians Involved","Dry","No Unusual Conditions","Daylight","Violation Driver 1","No Controls Present/Factor","Clear","Hit Object","Non-Related","Fixed Object","Not Applicable","Not Applicable","North Of","Curb, steel gate"
"677234","CR-0000086377","0","0","0","0","21-106-0300","False","False","58","4/13/2021 4:30:00 PM","No Pedestrians Involved","Dry","No Unusual Conditions","Daylight","Violation Driver 1","Controls Functioning","Clear","Hit Object","Non-Related","Fixed Object","Not Applicable","Not Applicable","South Of","Curb, chain-link fence"
"677235","CR-0000086378","0","0","0","0","21-103-0991","False","False","186","4/13/2021 9:08:00 PM","No Pedestrians Involved","Dry","No Unusual Conditions","Dusk - Dawn","Violation Driver 1","No Controls Present/Factor","Clear","Sideswipe","Non-Related","Parked Vehicle","Not Applicable","Not Applicable","North Of",""
"677236","CR-0000086379","0","0","0","0","21-103-0758","True","False","0","4/13/2021 5:23:00 AM","No Pedestrians Involved","Dry","No Unusual Conditions","Dark - No Street Light","Violation Driver 1","No Controls Present/Factor","Clear","Hit Object","Intersection","Fixed Object","Not Applicable","Not Applicable","At","Street sign"
"677237","CR-0000086380","1","0","0","0","21-103-1019","False","False","0","4/13/2021 9:39:00 PM","No Pedestrians Involved","Dry","No Unusual Conditions","Dark - Street Light","Unknown","Controls Functioning","Clear","Broadside","Intersection","Other Vehicle","Not Applicable","Not Applicable","At",""
"677238","CR-0000086381","1","0","0","0","21-104-0449","False","False","0","4/14/2021 1:40:00 PM","No Pedestrians Involved","Dry","No Unusual Conditions","Daylight","Violation Driver 1","Controls Functioning","Clear","Vehicle/Bike","Intersection","Bike","Not Applicable","Not Applicable","At",""
"677239","CR-0000086382","1","0","0","0","21-105-0435","False","False","75","4/15/2021 1:13:00 PM","No Pedestrians Involved","Dry","No Unusual Conditions","Daylight","Violation Driver 1","Controls Functioning","Clear","Rear End","Non-Related","Other Vehicle","Not Applicable","Not Applicable","North Of",""
"677240","CR-0000086383","0","1","0","0","21-105-0737","False","False","","4/15/2021 6:25:00 PM","No Pedestrians Involved","Dry","No Unusual Conditions","Daylight","Bike At Fault","Controls Functioning","Cloudy","Vehicle/Bike","Related","Bike","Not Applicable","Not Applicable","West Of",""
"677241","CR-0000086384","0","0","0","0","21-105-0759","False","False","0","4/15/2021 6:50:00 PM","No Pedestrians Involved","Dry","No Unusual Conditions","Dusk - Dawn","Violation Driver 1","Controls Functioning","Clear","Broadside","Intersection","Other Vehicle","Not Applicable","Not Applicable","At",""
"677242","CR-0000086385","0","1","0","0","21-106-0031","False","False","","4/15/2021 9:00:00 PM","No Pedestrians Involved","Dry","No Unusual Conditions","Dark - Street Light","Violation Driver 1","Controls Functioning","Clear","Vehicle/Bike","Related","Bike","Not Applicable","Not Applicable","East Of",""
"677243","CR-0000086386","0","0","0","0","21-105-0886","False","False","30","4/15/2021 9:22:00 PM","No Pedestrians Involved","Dry","No Unusual Conditions","Dark - Street Light","Violation Driver 1","No Controls Present/Factor","Clear","Rear End","Related","Other Vehicle","Not Applicable","Not Applicable","West Of",""
"677244","CR-0000086387","0","0","0","0","21-105-0909","False","False","","4/15/2021 9:47:00 PM","No Pedestrians Involved","Dry","No Unusual Conditions","Dark - Street Light","Violation Driver 1","Controls Functioning","Clear","Rear End","Related","Other Vehicle","Not Applicable","Not Applicable","West Of",""
"677245","CR-0000086388","0","0","0","0","21-105-0938","False","False","393","4/15/2021 10:25:00 PM","No Pedestrians Involved","Dry","No Unusual Conditions","Dark - Street Light","Violation Driver 1","Controls Not Functioning","Clear","Sideswipe","Non-Related","Other Vehicle","Not Applicable","Not Applicable","East Of",""
"677246","CR-0000086389","1","0","0","0","21-106-0230","False","False","170","4/16/2021 9:43:00 AM","Crossing - Not In Crosswalk","Dry","No Unusual Conditions","Daylight","Pedestrian At Fault","No Controls Present/Factor","Clear","Vehicle/Pedestrian","Non-Related","Pedestrian","North","South","West Of",""