"CrashFactId","Name","MinorInjuries","ModerateInjuries","SevereInjuries","FatalInjuries","TcrNumber","CityDamageFlag","ShortFormFlag","Distance","CrashDateTime","PedestrianAction","RoadwaySurface","RoadwayCondition","Lighting","PrimaryCollisionFactor","TrafficControl","Weather","CollisionType","ProximityToIntersection","VehicleInvolvedWith","PedestrianDirectionFrom","PedestrianDirectionTo","DirectionFromIntersection","Comment"
"679947","CR-0000089167","0","0","0","0","21-213-4004","False","True","51","7/31/2021 9:00:00 PM","No Pedestrians Involved","Unknown","Unknown","Unknown","Unknown","Unknown","Unknown","Rear End","Non-Related","Parked Vehicle","Not Applicable","Not Applicable","East Of",""
"679950","CR-0000089168","0","0","0","0","21-212-4004","False","True","0","7/31/2021 9:20:00 PM","No Pedestrians Involved","Unknown","Unknown","Unknown","Unknown","Unknown","Unknown","Other","Intersection","Other Vehicle","Not Applicable","Not Applicable","At",""
"680109","CR-0000089331","0","0","0","0","21-190-1041","False","False","93","7/9/2021 9:39:00 PM","No Pedestrians Involved","Dry","No Unusual Conditions","Dark - Street Light","Violation Driver 1","Controls Functioning","Clear","Rear End","Non-Related","Parked Vehicle","Not Applicable","Not Applicable","East Of",""
"680110","CR-0000089332","0","0","0","0","21-184-0102","False","False","51","7/3/2021 2:06:00 AM","No Pedestrians Involved","Dry","No Unusual Conditions","Dark - Street Light","Violation Driver 1","No Controls Present/Factor","Clear","Sideswipe","Non-Related","Parked Vehicle","Not Applicable","Not Applicable","South Of",""
"680111","CR-0000089333","0","1","0","0","21-183-0840","False","False","49","7/2/2021 7:33:00 PM","No Pedestrians Involved","Dry","No Unusual Conditions","Daylight","Violation Driver 1","Controls Functioning","Clear","Sideswipe","Related","Parked Vehicle","Not Applicable","Not Applicable","East Of",""
"680164","CR-0000089386","1","0","0","0","21-208-0210","False","False","200","7/27/2021 8:37:00 AM","No Pedestrians Involved","Dry","No Unusual Conditions","Daylight","Unknown","No Controls Present/Factor","Clear","Sideswipe","Non-Related","Other Vehicle","Not Applicable","Not Applicable","East Of",""
"680471","CR-0000089710","0","1","0","0","21-259-0775","False","False","0","9/16/2021 3:40:00 PM","In Road - Includes Shoulder","Dry","No Unusual Conditions","Daylight","Violation Driver 1","Unknown","Clear","Vehicle/Pedestrian","Intersection","Pedestrian","East","West","At","SCOOTER (NO MOTOR) (PEDESTRIAN)"
"680502","CR-0000089745","1","0","0","0","21-264-0399","False","False","0","9/21/2021 9:55:00 AM","No Pedestrians Involved","Dry","No Unusual Conditions","Daylight","Violation Driver 1","Controls Functioning","Clear","Broadside","Intersection","Other Vehicle","Not Applicable","Not Applicable","At",""
"680503","CR-0000089746","0","0","0","0","21-264-0735","False","False","","9/21/2021 3:55:00 PM","No Pedestrians Involved","Dry","No Unusual Conditions","Daylight","Violation Driver 1","Controls Functioning","Clear","Rear End","Related","Other Vehicle","Not Applicable","Not Applicable","North Of",""
"680504","CR-0000089747","0","0","0","0","21-264-1144","False","False","51","9/21/2021 11:13:00 PM","No Pedestrians Involved","Dry","No Unusual Conditions","Dark - Street Light","Violation Driver 1","Controls Functioning","Clear","Rear End","Non-Related","Other Vehicle","Not Applicable","Not Applicable","West Of",""
"680505","CR-0000089748","1","1","0","0","21-264-0557","False","False","22","9/21/2021 12:42:00 PM","No Pedestrians Involved","Dry","No Unusual Conditions","Daylight","Violation Driver 1","Controls Functioning","Clear","Rear End","Related","Other Vehicle","Not Applicable","Not Applicable","North Of",""
"680506","CR-0000089749","1","0","0","0","21-264-0322","True","False","22","9/21/2021 8:39:00 AM","No Pedestrians Involved","Dry","No Unusual Conditions","Daylight","Violation Driver 1","No Controls Present/Factor","Clear","Hit Object","Related","Fixed Object","Not Applicable","Not Applicable","East Of","NO PARKING SIGN AND POWER POLE"
"680507","CR-0000089750","0","0","0","0","21-264-0983","True","False","0","9/21/2021 8:11:00 PM","No Pedestrians Involved","Dry","Unknown","Dark - Street Light","Violation Driver 1","Unknown","Clear","Hit Object","Intersection","Fixed Object","Not Applicable","Not Applicable","At",""
"680508","CR-0000089751","1","0","0","0","21-265-0228","False","False","0","9/22/2021 8:11:00 AM","Crossing In Crosswalk - At Intersection","Dry","No Unusual Conditions","Daylight","Violation Driver 1","Controls Functioning","Clear","Vehicle/Pedestrian","Intersection","Pedestrian","North","South","At","PEDESTRIAN"
"680509","CR-0000089752","0","0","0","0","21-265-0174","False","False","3556","9/22/2021 7:30:00 AM","No Pedestrians Involved","Dry","No Unusual Conditions","Daylight","Violation Driver 1","No Controls Present/Factor","Clear","Sideswipe","Non-Related","Other Vehicle","Not Applicable","Not Applicable","North Of","VTA BUS"
"680510","CR-0000089753","2","2","0","0","21-265-0789","False","False","0","9/22/2021 5:23:00 PM","No Pedestrians Involved","Dry","No Unusual Conditions","Daylight","Violation Driver 1","No Controls Present/Factor","Clear","Broadside","Intersection","Other Vehicle","Not Applicable","Not Applicable","At",""
"680225","CR-0000089447","0","0","1","0","21-063-0016","False","False","0","3/4/2021 12:09:00 AM","Crossing - Not In Crosswalk","Dry","No Unusual Conditions","Dark - Street Light","Violation Driver 1","Controls Functioning","Unknown","Vehicle/Pedestrian","Intersection","Pedestrian","East","West","At","PEDESTRIAN"
"680227","CR-0000089449","0","0","1","0","21-069-0822","False","False","0","3/10/2021 8:39:00 PM","Crossing In Crosswalk - At Intersection","Dry","No Unusual Conditions","Dark - Street Light","Violation Driver 1","Controls Functioning","Cloudy","Vehicle/Pedestrian","Intersection","Pedestrian","East","West","At","PEDESTRIAN"
"680599","CR-0000089908","0","0","0","0","21-045-4002","False","True","51","2/14/2021 6:40:00 PM","No Pedestrians Involved","Unknown","Unknown","Unknown","Unknown","Unknown","Unknown","Broadside","Non-Related","Other Vehicle","Not Applicable","Not Applicable","West Of",""
"680600","CR-0000089909","0","0","0","0","21-045-4000","False","True","","2/13/2021 3:00:00 PM","No Pedestrians Involved","Unknown","Unknown","Daylight","Unknown","Unknown","Unknown","Sideswipe","Related","Other Vehicle","Not Applicable","Not Applicable","East Of",""
"680601","CR-0000089910","0","0","0","0","21-044-4001","False","True","51","2/13/2021 9:20:00 PM","No Pedestrians Involved","Unknown","Unknown","Unknown","Unknown","Unknown","Unknown","Other","Non-Related","Parked Vehicle","Not Applicable","South","South Of",""
"680602","CR-0000089911","0","0","0","0","21-044-4000","False","True","51","2/13/2021 8:30:00 AM","No Pedestrians Involved","Unknown","Unknown","Daylight","Unknown","Unknown","Unknown","Sideswipe","Non-Related","Parked Vehicle","Not Applicable","Not Applicable","North Of",""
"680603","CR-0000089912","0","0","0","0","21-044-0500","False","True","","2/13/2021 2:00:00 PM","No Pedestrians Involved","Unknown","Unknown","Daylight","Unknown","Unknown","Unknown","Other","Related","Parked Vehicle","Not Applicable","Not Applicable","Unknown","2 ref. cards
1) (Stolen Car) 21-044-0550
2) 21-044-0484"
"680604","CR-0000089913","0","0","0","0","21-042-4000","False","True","","2/11/2021 10:30:00 AM","No Pedestrians Involved","Unknown","Unknown","Daylight","Unknown","Unknown","Unknown","Sideswipe","Related","Parked Vehicle","Not Applicable","Not Applicable","West Of",""
"680605","CR-0000089914","0","0","0","0","21-040-4002","False","True","","2/9/2021 7:45:00 AM","No Pedestrians Involved","Unknown","Unknown","Daylight","Unknown","Unknown","Unknown","Rear End","Related","Other Vehicle","Not Applicable","Not Applicable","South Of",""
"680606","CR-0000089915","0","0","0","0","21-040-4001","False","True","","2/9/2021 2:30:00 PM","No Pedestrians Involved","Unknown","Unknown","Daylight","Unknown","Unknown","Unknown","Rear End","Related","Other Vehicle","Not Applicable","Not Applicable","Unknown",""
"680607","CR-0000089916","0","0","0","0","21-040-4000","False","True","51","2/8/2021 10:10:00 PM","No Pedestrians Involved","Unknown","Unknown","Unknown","Unknown","Unknown","Unknown","Sideswipe","Non-Related","Parked Vehicle","Not Applicable","Not Applicable","East Of",""
"680608","CR-0000089917","0","0","0","0","21-038-4001","False","True","","2/7/2021 7:14:00 PM","No Pedestrians Involved","Unknown","Unknown","Unknown","Unknown","Unknown","Unknown","Rear End","Related","Other Vehicle","Not Applicable","Not Applicable","South Of",""
"680609","CR-0000089918","0","0","0","0","21-034-4000","False","True","0","2/3/2021 12:25:00 AM","No Pedestrians Involved","Unknown","Unknown","Unknown","Unknown","Unknown","Unknown","Sideswipe","Intersection","Other Vehicle","Not Applicable","Not Applicable","At",""
"680633","CR-0000089942","0","0","0","0","21-011-4001","False","True","51","1/11/2021 10:55:00 AM","No Pedestrians Involved","Unknown","Unknown","Daylight","Unknown","Unknown","Unknown","Sideswipe","Non-Related","Parked Vehicle","Not Applicable","Not Applicable","West Of",""
"680634","CR-0000089943","0","0","0","0","21-011-4003","False","True","0","1/11/2021 12:30:00 PM","No Pedestrians Involved","Unknown","Unknown","Daylight","Unknown","Unknown","Unknown","Rear End","Intersection","Other Vehicle","Not Applicable","Not Applicable","At",""
"680635","CR-0000089944","0","0","0","0","21-014-4003","False","True","51","1/12/2021 9:00:00 PM","No Pedestrians Involved","Unknown","Unknown","Unknown","Unknown","Unknown","Unknown","Broadside","Non-Related","Other Vehicle","Not Applicable","Not Applicable","South Of",""
"680636","CR-0000089945","0","0","0","0","21-014-4000","False","True","51","1/14/2021 6:35:00 AM","No Pedestrians Involved","Unknown","Unknown","Daylight","Unknown","Unknown","Unknown","Rear End","Non-Related","Other Vehicle","Not Applicable","Not Applicable","Unknown",""
"680637","CR-0000089946","0","0","0","0","21-016-4000","False","True","51","1/15/2021 12:45:00 PM","No Pedestrians Involved","Unknown","Unknown","Daylight","Unknown","Unknown","Unknown","Sideswipe","Non-Related","Other Vehicle","Not Applicable","Not Applicable","East Of",""
"680638","CR-0000089947","0","0","0","0","21-016-4001","False","True","","1/15/2021 5:00:00 PM","No Pedestrians Involved","Unknown","Unknown","Unknown","Unknown","Unknown","Unknown","Sideswipe","Related","Parked Vehicle","Not Applicable","Not Applicable","North Of",""
"680639","CR-0000089948","0","0","0","0","21-017-4002","False","True","51","1/15/2021 11:10:00 PM","No Pedestrians Involved","Unknown","Unknown","Unknown","Unknown","Unknown","Unknown","Broadside","Non-Related","Other Vehicle","Not Applicable","Not Applicable","South Of",""
"680640","CR-0000089949","0","0","0","0","21-017-4000","False","True","","1/16/2021 8:50:00 PM","No Pedestrians Involved","Unknown","Unknown","Unknown","Unknown","Unknown","Unknown","Sideswipe","Related","Other Vehicle","Not Applicable","Not Applicable","Unknown",""
"680641","CR-0000089950","0","0","0","0","21-016-4002","False","True","0","1/16/2021 5:00:00 PM","No Pedestrians Involved","Unknown","Unknown","Unknown","Unknown","Unknown","Unknown","Rear End","Intersection","Other Vehicle","Not Applicable","Not Applicable","At",""
"680685","CR-0000090002","0","0","0","0","21-065-4003","False","True","51","3/6/2021 12:05:00 PM","No Pedestrians Involved","Unknown","Unknown","Daylight","Unknown","Unknown","Unknown","Other","Non-Related","Other Vehicle","Not Applicable","Not Applicable","West Of",""
"680686","CR-0000090003","0","0","0","0","21-049-4001","False","True","","2/18/2021 12:50:00 PM","No Pedestrians Involved","Unknown","Unknown","Daylight","Unknown","Unknown","Unknown","Rear End","Related","Other Vehicle","Not Applicable","Not Applicable","Unknown",""
"680695","CR-0000090012","0","0","0","0","21-066-4000","False","True","51","3/7/2021 4:09:00 AM","No Pedestrians Involved","Unknown","Unknown","Unknown","Unknown","Unknown","Unknown","Other","Non-Related","Other Vehicle","Not Applicable","Not Applicable","North Of",""
"680696","CR-0000090013","0","0","0","0","21-064-4001","False","True","","2/27/2021 11:00:00 PM","No Pedestrians Involved","Unknown","Unknown","Unknown","Unknown","Unknown","Unknown","Sideswipe","Related","Unknown","Not Applicable","Not Applicable","Unknown",""
"680697","CR-0000090014","0","0","0","0","21-063-4001","False","True","","2/27/2021 8:00:00 PM","No Pedestrians Involved","Unknown","Unknown","Unknown","Unknown","Unknown","Unknown","Rear End","Related","Other Vehicle","Not Applicable","Not Applicable","Unknown",""
"680698","CR-0000090015","0","0","0","0","21-063-4000","False","True","51","2/24/2021 4:45:00 PM","No Pedestrians Involved","Unknown","Unknown","Daylight","Unknown","Unknown","Unknown","Sideswipe","Non-Related","Other Vehicle","Not Applicable","Not Applicable","North Of",""
"680699","CR-0000090016","1","0","0","0","21-058-4001","False","True","","2/26/2021 12:40:00 PM","No Pedestrians Involved","Unknown","Unknown","Daylight","Unknown","Unknown","Unknown","Sideswipe","Related","Other Vehicle","Not Applicable","Not Applicable","East Of",""
"680700","CR-0000090017","0","0","0","0","21-058-4002","False","True","0","2/27/2021 1:30:00 PM","No Pedestrians Involved","Unknown","Unknown","Daylight","Unknown","Unknown","Unknown","Rear End","Intersection","Other Vehicle","Not Applicable","Not Applicable","At",""
"680511","CR-0000089754","0","1","0","0","21-265-0518","False","False","0","9/22/2021 1:14:00 PM","Crossing In Crosswalk - At Intersection","Dry","No Unusual Conditions","Daylight","Violation Driver 1","Controls Functioning","Clear","Vehicle/Pedestrian","Intersection","Pedestrian","West","East","At","PEDESTRIAN"
"680512","CR-0000089755","0","0","0","0","21-265-0253","False","False","306","9/22/2021 7:00:00 AM","No Pedestrians Involved","Dry","No Unusual Conditions","Daylight","Violation Driver 1","No Controls Present/Factor","Clear","Rear End","Non-Related","Parked Vehicle","Not Applicable","Not Applicable","North Of",""
"680513","CR-0000089756","0","1","0","0","21-265-0985","False","False","180","9/22/2021 8:25:00 PM","No Pedestrians Involved","Dry","No Unusual Conditions","Dark - Street Light","Violation Driver 1","No Controls Present/Factor","Clear","Sideswipe","Non-Related","Parked Vehicle","Not Applicable","Not Applicable","West Of",""
"680514","CR-0000089757","0","1","0","0","21-265-1000","False","False","0","9/22/2021 8:56:00 PM","No Pedestrians Involved","Dry","No Unusual Conditions","Dark - Street Light","Violation Driver 1","Controls Functioning","Clear","Broadside","Intersection","Other Vehicle","Not Applicable","Not Applicable","At",""
"680515","CR-0000089758","0","0","0","0","21-265-0830","False","False","48","9/22/2021 5:48:00 PM","No Pedestrians Involved","Unknown","No Unusual Conditions","Daylight","Violation Driver 1","No Controls Present/Factor","Clear","Rear End","Related","Other Vehicle","Not Applicable","Not Applicable","South Of",""
"680516","CR-0000089759","0","0","1","0","21-265-0388","False","False","155","9/22/2021 10:40:00 AM","No Pedestrians Involved","Dry","No Unusual Conditions","Daylight","Violation Driver 1","No Controls Present/Factor","Clear","Sideswipe","Non-Related","Other Vehicle","Not Applicable","Not Applicable","South Of",""
"680588","CR-0000089849","0","0","0","1","21-223-1131","False","False","0","8/11/2021 11:41:00 PM","No Pedestrians Involved","Dry","No Unusual Conditions","Dark - Street Light","Violation Driver 1","Controls Functioning","Clear","Head On","Intersection","Motorcycle","Not Applicable","Not Applicable","At",""
"680590","CR-0000089875","0","0","0","1","21-210-0860","False","False","0","7/29/2021 9:05:00 PM","Crossing - Not In Crosswalk","Dry","No Unusual Conditions","Dark - Street Light","Unknown","Controls Functioning","Clear","Vehicle/Pedestrian","Intersection","Pedestrian","West","East","At",""
"680644","CR-0000089955","0","0","0","0","21-180-4000","False","True","51","6/29/2021 11:50:00 AM","No Pedestrians Involved","Unknown","Unknown","Daylight","Unknown","Unknown","Unknown","Sideswipe","Non-Related","Parked Vehicle","Not Applicable","Not Applicable","South Of",""
"680689","CR-0000090004","0","1","0","0","21-262-0074","False","False","30","9/19/2021 12:49:00 AM","No Pedestrians Involved","Dry","No Unusual Conditions","Dark - Street Light","Violation Driver 1","No Controls Present/Factor","Clear","Vehicle/Bike","Related","Bike","Not Applicable","Not Applicable","East Of","BIKE"
"680716","CR-0000090033","0","0","0","0","21-228-9708","False","True","51","8/10/2021 9:45:00 AM","No Pedestrians Involved","Dry","No Unusual Conditions","Daylight","Unknown","Controls Functioning","Clear","Broadside","Non-Related","Parked Vehicle","Not Applicable","Not Applicable","South Of",""
"680717","CR-0000090034","0","0","0","0","21-228-9701","False","True","0","8/15/2021 8:20:00 PM","No Pedestrians Involved","Dry","No Unusual Conditions","Dark - Street Light","Unknown","Controls Functioning","Clear","Sideswipe","Intersection","Other Vehicle","Not Applicable","Not Applicable","At",""
"680718","CR-0000090035","0","0","0","0","21-227-9701","False","True","","8/15/2021 2:00:00 AM","No Pedestrians Involved","Dry","No Unusual Conditions","Dark - Street Light","Unknown","Controls Functioning","Clear","Other","Related","Other Vehicle","Not Applicable","Not Applicable","East Of",""
"680719","CR-0000090036","0","0","0","0","21-227-0008","False","False","0","8/16/2021 12:10:00 AM","No Pedestrians Involved","Dry","No Unusual Conditions","Dark - Street Light","Violation Driver 1","No Controls Present/Factor","Clear","Rear End","Intersection","Other Vehicle","Not Applicable","Not Applicable","At",""
"680701","CR-0000090018","0","0","0","0","21-060-4003","False","True","","1/29/2021 2:35:00 PM","No Pedestrians Involved","Unknown","Unknown","Daylight","Unknown","Unknown","Unknown","Other","Related","Unknown","Not Applicable","Not Applicable","South Of",""
"680702","CR-0000090019","0","0","0","0","21-064-4000","False","True","51","3/4/2021 11:32:00 PM","No Pedestrians Involved","Unknown","Unknown","Unknown","Unknown","Unknown","Unknown","Rear End","Non-Related","Other Vehicle","Not Applicable","Not Applicable","South Of",""
"680703","CR-0000090020","0","0","0","0","21-065-4000","False","True","","3/4/2021 4:30:00 PM","No Pedestrians Involved","Unknown","Unknown","Daylight","Unknown","Unknown","Unknown","Sideswipe","Related","Unknown","Not Applicable","Not Applicable","West Of",""
"680704","CR-0000090021","0","0","0","0","21-064-4002","False","True","0","3/5/2021 3:00:00 PM","No Pedestrians Involved","Unknown","Unknown","Daylight","Unknown","Unknown","Unknown","Rear End","Intersection","Other Vehicle","Not Applicable","Not Applicable","At",""
"680705","CR-0000090022","0","0","0","0","21-066-4001","False","True","51","3/6/2021 2:10:00 AM","No Pedestrians Involved","Unknown","Unknown","Unknown","Unknown","Unknown","Unknown","Sideswipe","Non-Related","Unknown","Not Applicable","Not Applicable","South Of",""
"680708","CR-0000090025","0","0","0","0","21-054-4000","False","True","0","2/23/2021 7:00:00 AM","No Pedestrians Involved","Unknown","Unknown","Daylight","Unknown","Unknown","Unknown","Broadside","Intersection","Other Vehicle","Not Applicable","Not Applicable","At",""
"680709","CR-0000090026","0","0","0","0","21-053-4002","False","True","","2/21/2021 2:55:00 AM","No Pedestrians Involved","Unknown","Unknown","Unknown","Unknown","Unknown","Unknown","Sideswipe","Related","Parked Vehicle","Not Applicable","Not Applicable","South Of",""
"680710","CR-0000090027","0","0","0","0","21-053-4000","False","True","","2/21/2021 12:15:00 AM","No Pedestrians Involved","Unknown","Unknown","Unknown","Unknown","Unknown","Unknown","Rear End","Related","Other Vehicle","Not Applicable","Not Applicable","West Of",""
"680711","CR-0000090028","0","0","0","0","21-052-4000","False","True","51","2/20/2021 10:30:00 PM","No Pedestrians Involved","Unknown","Unknown","Unknown","Unknown","Unknown","Unknown","Sideswipe","Non-Related","Other Vehicle","Not Applicable","Not Applicable","South Of",""
"680712","CR-0000090029","0","0","0","0","21-051-4001","False","True","51","2/20/2021 9:30:00 AM","No Pedestrians Involved","Unknown","Unknown","Unknown","Unknown","Unknown","Unknown","Sideswipe","Non-Related","Unknown","Not Applicable","Not Applicable","South Of",""
"680713","CR-0000090030","0","0","0","0","21-051-4000","False","True","","2/20/2021 3:00:00 AM","No Pedestrians Involved","Wet","Unknown","Unknown","Unknown","Unknown","Rain","Other","Non-Related","Other Vehicle","Not Applicable","Not Applicable","West Of",""
"680714","CR-0000090031","0","0","0","0","21-050-4001","False","True","","2/19/2021 10:15:00 AM","No Pedestrians Involved","Unknown","Unknown","Daylight","Unknown","Unknown","Unknown","Rear End","Related","Other Vehicle","Not Applicable","Not Applicable","West Of",""
"680715","CR-0000090032","0","0","0","0","21-046-4000","False","True","","2/13/2021 7:15:00 PM","No Pedestrians Involved","Unknown","Unknown","Unknown","Unknown","Unknown","Unknown","Sideswipe","Related","Other Vehicle","Not Applicable","Not Applicable","Unknown",""
"680761","CR-0000090079","0","0","0","0","21-008-0970","False","True","","1/8/2021 11:48:00 AM","No Pedestrians Involved","Dry","No Unusual Conditions","Daylight","Unknown","No Controls Present/Factor","Clear","Other","Related","Other Vehicle","Not Applicable","Not Applicable","South Of",""
"680762","CR-0000090080","0","0","0","0","21-009-9702","False","True","51","1/8/2021 11:45:00 AM","No Pedestrians Involved","Dry","No Unusual Conditions","Daylight","Violation Driver 1","Controls Functioning","Unknown","Rear End","Non-Related","Other Vehicle","Not Applicable","Not Applicable","South Of",""
"680720","CR-0000090037","0","0","0","0","21-226-9706","False","True","0","8/14/2021 11:50:00 AM","No Pedestrians Involved","Dry","No Unusual Conditions","Daylight","Unknown","Controls Functioning","Clear","Broadside","Intersection","Other Vehicle","Not Applicable","Not Applicable","At",""
"680721","CR-0000090038","0","0","0","0","21-216-0764","False","False","78","8/4/2021 7:00:00 PM","No Pedestrians Involved","Dry","No Unusual Conditions","Unknown","Violation Driver 1","Controls Functioning","Unknown","Sideswipe","Non-Related","Other Vehicle","Not Applicable","Not Applicable","West Of",""
"680722","CR-0000090039","0","0","0","0","21-216-9703","False","True","0","8/3/2021 2:30:00 PM","No Pedestrians Involved","Dry","No Unusual Conditions","Daylight","Unknown","Controls Functioning","Clear","Broadside","Intersection","Other Vehicle","Not Applicable","Not Applicable","At",""
"680723","CR-0000090040","0","0","0","0","21-216-9706","False","True","51","8/4/2021 8:39:00 AM","No Pedestrians Involved","Dry","No Unusual Conditions","Daylight","Unknown","Controls Functioning","Clear","Sideswipe","Non-Related","Other Vehicle","Not Applicable","Not Applicable","East Of",""
"680729","CR-0000090046","1","0","0","0","21-238-0792","False","False","200","8/26/2021 1:50:00 PM","No Pedestrians Involved","Dry","No Unusual Conditions","Daylight","Violation Driver 1","No Controls Present/Factor","Clear","Sideswipe","Non-Related","Other Vehicle","Not Applicable","Not Applicable","South Of",""
"680736","CR-0000090053","1","0","0","0","21-233-9704","False","False","0","8/18/2021 8:22:00 AM","No Pedestrians Involved","Dry","No Unusual Conditions","Daylight","Violation Driver 1","No Controls Present/Factor","Clear","Broadside","Intersection","Other Vehicle","Not Applicable","Not Applicable","At",""
"680737","CR-0000090054","0","0","0","0","21-233-1063","False","False","0","8/21/2021 11:31:00 PM","No Pedestrians Involved","Dry","No Unusual Conditions","Dark - Street Light","Violation Driver 1","No Controls Present/Factor","Clear","Rear End","Intersection","Other Vehicle","Not Applicable","Not Applicable","At",""
"680738","CR-0000090055","0","0","0","0","21-233-1049","False","False","0","8/21/2021 11:05:00 PM","No Pedestrians Involved","Dry","No Unusual Conditions","Dark - Street Light","Violation Driver 1","Controls Functioning","Clear","Vehicle/Bike","Intersection","Bike","Not Applicable","Not Applicable","At","BIKE"
"680739","CR-0000090056","2","0","0","0","21-232-0771","False","False","0","8/20/2021 6:57:00 PM","No Pedestrians Involved","Dry","Unknown","Daylight","Violation Driver 1","No Controls Present/Factor","Clear","Sideswipe","Intersection","Other Vehicle","Not Applicable","Not Applicable","At",""
"680740","CR-0000090057","0","0","0","0","21-235-9702","False","True","","8/13/2021 4:18:00 PM","No Pedestrians Involved","Dry","No Unusual Conditions","Daylight","Unknown","Controls Functioning","Clear","Rear End","Related","Other Vehicle","Not Applicable","Not Applicable","North Of",""
"680741","CR-0000090058","0","0","0","0","21-235-9707","False","True","","8/21/2021 1:30:00 PM","No Pedestrians Involved","Dry","No Unusual Conditions","Daylight","Unknown","Controls Functioning","Clear","Rear End","Related","Other Vehicle","Not Applicable","Not Applicable","East Of",""
"680742","CR-0000090059","0","1","0","0","21-238-0445","False","False","124","8/26/2021 12:11:00 PM","Crossing - Not In Crosswalk","Dry","No Unusual Conditions","Daylight","Violation Driver 1","No Controls Present/Factor","Clear","Vehicle/Pedestrian","Non-Related","Pedestrian","North","South","East Of","PEDESTRIAN"
"680743","CR-0000090060","1","0","0","0","21-238-0754","False","False","0","8/26/2021 5:05:00 PM","No Pedestrians Involved","Dry","No Unusual Conditions","Daylight","Violation Driver 1","Controls Functioning","Clear","Sideswipe","Intersection","Motor Vehicle On Other Roadway","Not Applicable","Not Applicable","At",""
"680744","CR-0000090061","0","0","0","0","21-238-9708","False","True","0","8/24/2021 2:40:00 PM","No Pedestrians Involved","Dry","Unknown","Daylight","Unknown","Controls Functioning","Clear","Rear End","Intersection","Other Vehicle","Not Applicable","Not Applicable","At",""
"680763","CR-0000090081","0","0","0","0","21-008-9703","False","True","0","1/8/2021 11:12:00 AM","No Pedestrians Involved","Dry","No Unusual Conditions","Daylight","Unknown","Controls Functioning","Clear","Sideswipe","Intersection","Other Vehicle","Not Applicable","Not Applicable","At",""
"680767","CR-0000090083","0","0","0","0","21-010-9703","False","True","51","1/9/2021 4:40:00 PM","No Pedestrians Involved","Dry","No Unusual Conditions","Daylight","Unknown","No Controls Present/Factor","Clear","Broadside","Non-Related","Other Vehicle","Not Applicable","Not Applicable","South Of",""
"680770","CR-0000090087","0","0","0","0","21-010-9704","False","True","0","1/10/2021 11:00:00 AM","No Pedestrians Involved","Dry","No Unusual Conditions","Dark - Street Light","Unknown","No Controls Present/Factor","Clear","Other","Intersection","Parked Vehicle","Not Applicable","Not Applicable","At",""
"680778","CR-0000090095","0","0","0","0","21-013-9706","False","True","0","1/12/2021 6:15:00 AM","No Pedestrians Involved","Dry","No Unusual Conditions","Dusk - Dawn","Unknown","No Controls Present/Factor","Cloudy","Rear End","Intersection","Other Vehicle","Not Applicable","Not Applicable","At",""
"680779","CR-0000090096","0","0","0","0","21-016-9704","False","True","51","1/15/2021 4:05:00 AM","No Pedestrians Involved","Dry","No Unusual Conditions","Daylight","Unknown","Controls Functioning","Clear","Rear End","Non-Related","Other Vehicle","Not Applicable","Not Applicable","North Of",""
"680780","CR-0000090097","0","0","0","0","21-023-9709","False","True","0","1/22/2021 6:10:00 PM","No Pedestrians Involved","Wet","No Unusual Conditions","Dark - Street Light","Unknown","Controls Functioning","Clear","Head On","Intersection","Other Vehicle","Not Applicable","Not Applicable","At",""
"680781","CR-0000090098","0","0","0","0","21-016-9705","False","True","","1/15/2021 12:30:00 PM","No Pedestrians Involved","Dry","No Unusual Conditions","Daylight","Unknown","Controls Functioning","Clear","Rear End","Related","Other Vehicle","Not Applicable","Not Applicable","West Of",""
"680782","CR-0000090099","0","0","0","0","21-015-9718","False","True","51","1/15/2021 2:01:00 PM","No Pedestrians Involved","Dry","No Unusual Conditions","Daylight","Unknown","Controls Functioning","Clear","Sideswipe","Non-Related","Other Vehicle","Not Applicable","Not Applicable","East Of",""
"680783","CR-0000090100","0","0","0","0","21-020-9705","False","True","51","1/16/2021 7:30:00 PM","No Pedestrians Involved","Dry","No Unusual Conditions","Dark - Street Light","Unknown","Controls Functioning","Clear","Broadside","Non-Related","Other Vehicle","Not Applicable","Not Applicable","South Of",""
"680784","CR-0000090101","0","0","0","0","21-017-9701","False","True","","1/17/2021 3:00:00 AM","No Pedestrians Involved","Dry","No Unusual Conditions","Dark - Street Light","Unknown","No Controls Present/Factor","Unknown","Rear End","Related","Parked Vehicle","Not Applicable","Not Applicable","Unknown",""
"680785","CR-0000090102","0","0","0","0","21-017-9702","False","True","51","1/12/2021 9:00:00 AM","No Pedestrians Involved","Dry","No Unusual Conditions","Dark - Street Light","Unknown","No Controls Present/Factor","Clear","Rear End","Non-Related","Parked Vehicle","Not Applicable","Not Applicable","West Of",""
"680786","CR-0000090103","0","0","0","0","21-017-9703","False","True","0","1/17/2021 6:10:00 AM","No Pedestrians Involved","Dry","No Unusual Conditions","Dusk - Dawn","Unknown","Controls Functioning","Clear","Sideswipe","Intersection","Other Vehicle","Not Applicable","Not Applicable","At",""
"680787","CR-0000090104","0","0","0","0","21-022-9712","False","True","50","1/22/2021 1:10:00 AM","No Pedestrians Involved","Dry","No Unusual Conditions","Dark - Street Light","Unknown","Controls Functioning","Clear","Rear End","Related","Other Vehicle","Not Applicable","Not Applicable","South Of",""
"680829","CR-0000090148","0","0","0","0","21-043-9705","False","True","51","2/12/2021 8:00:00 AM","No Pedestrians Involved","Dry","No Unusual Conditions","Daylight","Unknown","No Controls Present/Factor","Clear","Sideswipe","Non-Related","Other Vehicle","Not Applicable","Not Applicable","North Of",""