"CrashFactId","Name","MinorInjuries","ModerateInjuries","SevereInjuries","FatalInjuries","TcrNumber","CityDamageFlag","ShortFormFlag","Distance","CrashDateTime","PedestrianAction","RoadwaySurface","RoadwayCondition","Lighting","PrimaryCollisionFactor","TrafficControl","Weather","CollisionType","ProximityToIntersection","VehicleInvolvedWith","PedestrianDirectionFrom","PedestrianDirectionTo","DirectionFromIntersection","Comment"
"680745","CR-0000090062","1","0","0","0","21-239-0189","False","False","357","8/27/2021 8:40:00 AM","No Pedestrians Involved","Dry","No Unusual Conditions","Daylight","Violation Driver 1","No Controls Present/Factor","Clear","Broadside","Non-Related","Other Vehicle","Not Applicable","Not Applicable","North Of",""
"680746","CR-0000090063","0","1","0","0","21-239-0940","False","False","324","8/27/2021 9:22:00 PM","In Road - Includes Shoulder","Dry","No Unusual Conditions","Dark - No Street Light","Violation Driver 1","No Controls Present/Factor","Clear","Vehicle/Pedestrian","Non-Related","Pedestrian","Unknown","Unknown","North Of",""
"680747","CR-0000090064","1","0","0","0","21-241-0038","False","False","77","8/29/2021 12:23:00 AM","No Pedestrians Involved","Dry","No Unusual Conditions","Dark - Street Light","Violation Driver 1","No Controls Present/Factor","Clear","Sideswipe","Non-Related","Parked Vehicle","Not Applicable","Not Applicable","South Of",""
"680748","CR-0000090065","0","0","0","0","21-241-0690","False","True","0","8/29/2021 6:12:00 PM","No Pedestrians Involved","Unknown","Unknown","Unknown","Unknown","Unknown","Unknown","Sideswipe","Intersection","Other Vehicle","Not Applicable","Not Applicable","At",""
"680749","CR-0000090066","0","0","0","0","21-242-0540","False","False","252","8/30/2021 12:25:00 PM","No Pedestrians Involved","Dry","No Unusual Conditions","Daylight","Violation Driver 1","Controls Functioning","Clear","Rear End","Non-Related","Other Vehicle","Not Applicable","Not Applicable","South Of",""
"680750","CR-0000090067","0","0","0","0","21-244-9702","False","True","51","8/26/2021 11:06:00 AM","No Pedestrians Involved","Dry","No Unusual Conditions","Daylight","Unknown","No Controls Present/Factor","Clear","Other","Non-Related","Other Vehicle","Not Applicable","Not Applicable","East Of",""
"680751","CR-0000090068","1","0","0","0","21-245-0321","False","False","21","9/2/2021 9:57:00 AM","Crossing In Crosswalk - At Intersection","Dry","No Unusual Conditions","Daylight","Violation Driver 1","Controls Functioning","Clear","Vehicle/Pedestrian","Related","Pedestrian","North","South","East Of","PEDESTRIAN"
"680752","CR-0000090069","0","0","0","0","21-244-9713","False","True","0","8/31/2021 1:45:00 PM","No Pedestrians Involved","Dry","No Unusual Conditions","Daylight","Unknown","Controls Functioning","Clear","Rear End","Intersection","Other Vehicle","Not Applicable","Not Applicable","At",""
"680753","CR-0000090070","1","0","0","0","21-244-0846","False","False","0","9/1/2021 5:36:00 PM","No Pedestrians Involved","Dry","No Unusual Conditions","Daylight","Violation Driver 1","Controls Functioning","Clear","Sideswipe","Intersection","Other Vehicle","Not Applicable","Not Applicable","At",""
"680754","CR-0000090071","0","0","0","0","21-216-9709","False","True","51","8/3/2021 5:00:00 PM","No Pedestrians Involved","Dry","No Unusual Conditions","Daylight","Unknown","Controls Functioning","Clear","Sideswipe","Non-Related","Other Vehicle","Not Applicable","Not Applicable","North Of",""
"680755","CR-0000090072","0","0","0","0","21-217-0303","False","False","0","8/5/2021 9:30:00 AM","No Pedestrians Involved","Dry","Construction - Repair Zone","Daylight","Violation Driver 1","Controls Functioning","Unknown","Rear End","Intersection","Other Vehicle","Not Applicable","Not Applicable","At",""
"680756","CR-0000090073","1","1","0","0","21-218-0871","False","False","0","8/6/2021 8:48:00 PM","No Pedestrians Involved","Dry","No Unusual Conditions","Dark - Street Light","Violation Driver 1","Controls Functioning","Clear","Broadside","Intersection","Other Vehicle","Not Applicable","Not Applicable","At",""
"680757","CR-0000090074","0","1","0","0","21-215-0352","False","False","0","8/3/2021 9:43:00 AM","No Pedestrians Involved","Dry","No Unusual Conditions","Daylight","Violation Driver 1","Controls Functioning","Clear","Vehicle/Bike","Intersection","Bike","Not Applicable","Not Applicable","At","BIKE"
"680759","CR-0000090076","1","0","0","0","21-219-0337","True","False","0","8/7/2021 11:00:00 AM","No Pedestrians Involved","Dry","No Unusual Conditions","Daylight","Violation Driver 1","Controls Functioning","Clear","Broadside","Intersection","Other Vehicle","Not Applicable","Not Applicable","At","LIGHT POLE"
"680764","CR-0000090077","0","0","1","0","21-219-0880","False","False","200","8/7/2021 9:40:00 PM","Crossing - Not In Crosswalk","Dry","No Unusual Conditions","Dark - Street Light","Violation Driver 1","No Controls Present/Factor","Clear","Vehicle/Pedestrian","Non-Related","Pedestrian","South","North","East Of","PEDESTRIAN"
"680765","CR-0000090082","0","0","0","0","21-219-9703","False","True","","8/4/2021 2:15:00 PM","No Pedestrians Involved","Dry","Construction - Repair Zone","Daylight","Unknown","Controls Functioning","Clear","Rear End","Related","Other Vehicle","Not Applicable","Not Applicable","West Of",""
"680766","CR-0000090084","0","0","0","0","21-220-9703","False","True","0","8/8/2021 11:30:00 AM","No Pedestrians Involved","Dry","No Unusual Conditions","Daylight","Unknown","Controls Functioning","Clear","Broadside","Intersection","Other Vehicle","Not Applicable","Not Applicable","At",""
"680768","CR-0000090085","0","0","1","0","21-221-1038","False","False","0","8/9/2021 9:40:00 PM","Not In Road","Dry","No Unusual Conditions","Dark - Street Light","Violation Driver 1","Unknown","Clear","Vehicle/Pedestrian","Intersection","Pedestrian","Unknown","Unknown","At","PEDESTRIAN"
"680769","CR-0000090086","0","0","0","0","21-221-4002","False","True","0","8/8/2021 11:40:00 PM","No Pedestrians Involved","Unknown","Unknown","Unknown","Unknown","Unknown","Unknown","Broadside","Intersection","Other Vehicle","Not Applicable","Not Applicable","At",""
"680771","CR-0000090088","2","0","0","0","21-210-0098","False","False","23","7/29/2021 11:56:00 PM","No Pedestrians Involved","Dry","No Unusual Conditions","Dark - Street Light","Violation Driver 1","Controls Functioning","Clear","Broadside","Related","Other Vehicle","Not Applicable","Not Applicable","South Of",""
"680772","CR-0000090089","1","0","0","0","21-211-0899","False","False","0","7/30/2021 8:22:00 PM","No Pedestrians Involved","Dry","No Unusual Conditions","Dusk - Dawn","Violation Driver 1","Controls Functioning","Unknown","Sideswipe","Intersection","Other Vehicle","Not Applicable","Not Applicable","At",""
"680773","CR-0000090090","1","0","0","0","21-212-0030","False","False","44","7/31/2021 12:25:00 AM","No Pedestrians Involved","Dry","No Unusual Conditions","Dark - Street Light","Violation Driver 1","Controls Functioning","Clear","Rear End","Related","Other Vehicle","Not Applicable","Not Applicable","East Of",""
"680774","CR-0000090091","1","0","0","0","21-211-0895","False","False","200","7/30/2021 7:59:00 PM","No Pedestrians Involved","Dry","No Unusual Conditions","Dusk - Dawn","Violation Driver 1","Controls Functioning","Clear","Broadside","Non-Related","Other Vehicle","Not Applicable","Not Applicable","North Of",""
"680775","CR-0000090092","0","0","0","0","21-222-9710","False","True","","8/9/2021 3:40:00 PM","No Pedestrians Involved","Dry","No Unusual Conditions","Daylight","Unknown","Controls Functioning","Clear","Rear End","Related","Other Vehicle","Not Applicable","Not Applicable","West Of",""
"680776","CR-0000090093","0","0","0","0","21-210-9705","False","True","51","7/28/2021 5:45:00 PM","No Pedestrians Involved","Dry","Other","Daylight","Unknown","No Controls Present/Factor","Clear","Rear End","Non-Related","Parked Vehicle","Not Applicable","Not Applicable","South Of",""
"680777","CR-0000090094","0","0","0","0","21-212-9703","False","True","0","7/30/2021 1:09:00 PM","No Pedestrians Involved","Dry","No Unusual Conditions","Daylight","Unknown","Controls Functioning","Clear","Rear End","Intersection","Other Vehicle","Not Applicable","Not Applicable","At",""
"680824","CR-0000090143","0","0","1","0","21-213-0162","False","False","0","7/31/2021 11:40:00 PM","In Road - Includes Shoulder","Dry","No Unusual Conditions","Dark - Street Light","Violation Driver 1","Controls Functioning","Clear","Vehicle/Pedestrian","Intersection","Pedestrian","Unknown","Unknown","At","PEDESTRIAN"
"680831","CR-0000090151","0","1","0","0","21-205-0551","False","False","0","7/23/2021 9:00:00 PM","No Pedestrians Involved","Dry","No Unusual Conditions","Dark - Street Light","Violation Driver 1","Controls Functioning","Clear","Vehicle/Bike","Intersection","Bike","Not Applicable","Not Applicable","At","BIKE (ELECTRIC SCOOTER)"
"680832","CR-0000090152","0","0","0","0","21-229-0872","False","False","51","8/15/2021 1:00:00 AM","In Road - Includes Shoulder","Dry","No Unusual Conditions","Dark - Street Light","Violation Driver 1","No Controls Present/Factor","Clear","Vehicle/Pedestrian","Non-Related","Pedestrian","Unknown","Unknown","Unknown","(2) PEDESTRIANS"
"680833","CR-0000090153","0","1","0","0","21-220-0152","False","False","118","8/8/2021 2:30:00 AM","No Pedestrians Involved","Dry","No Unusual Conditions","Dark - Street Light","Violation Driver 1","No Controls Present/Factor","Clear","Broadside","Non-Related","Motorcycle","Not Applicable","Not Applicable","North Of",""
"680852","CR-0000090174","0","0","0","0","21-174-0486","False","False","125","6/23/2021 1:18:00 PM","No Pedestrians Involved","Dry","No Unusual Conditions","Daylight","Violation Driver 1","Controls Functioning","Clear","Rear End","Non-Related","Other Vehicle","Not Applicable","Not Applicable","East Of",""
"680853","CR-0000090175","0","0","0","0","21-177-9701","False","True","","6/26/2021 10:13:00 AM","No Pedestrians Involved","Dry","No Unusual Conditions","Daylight","Unknown","Controls Functioning","Clear","Sideswipe","Related","Motor Vehicle On Other Roadway","Not Applicable","Not Applicable","West Of",""
"680854","CR-0000090176","0","0","0","0","21-179-0716","False","False","49","6/28/2021 4:00:00 PM","No Pedestrians Involved","Dry","No Unusual Conditions","Daylight","Violation Driver 1","Controls Functioning","Clear","Sideswipe","Related","Other Vehicle","Not Applicable","Not Applicable","South Of",""
"680855","CR-0000090177","1","0","0","0","21-184-1116","False","False","66","7/3/2021 11:29:00 PM","No Pedestrians Involved","Dry","No Unusual Conditions","Dark - Street Light","Violation Driver 1","Controls Functioning","Clear","Sideswipe","Non-Related","Parked Vehicle","Not Applicable","Not Applicable","West Of",""
"680856","CR-0000090178","1","0","0","0","21-187-1064","False","False","40","7/6/2021 8:34:00 PM","No Pedestrians Involved","Dry","No Unusual Conditions","Dusk - Dawn","Violation Driver 1","Controls Functioning","Clear","Rear End","Related","Other Vehicle","Not Applicable","Not Applicable","West Of",""
"680857","CR-0000090179","0","0","0","0","21-278-9709","False","True","0","9/7/2021 6:30:00 AM","No Pedestrians Involved","Dry","No Unusual Conditions","Daylight","Unknown","No Controls Present/Factor","Clear","Broadside","Intersection","Other Vehicle","Not Applicable","Not Applicable","At",""
"680883","CR-0000090205","0","0","0","0","21-230-9709","False","True","","8/18/2021 9:40:00 AM","No Pedestrians Involved","Dry","No Unusual Conditions","Daylight","Unknown","Controls Functioning","Clear","Rear End","Related","Other Vehicle","Not Applicable","Not Applicable","South Of",""
"680884","CR-0000090206","0","0","0","0","21-231-0622","False","False","0","8/19/2021 2:58:00 PM","No Pedestrians Involved","Dry","No Unusual Conditions","Daylight","Violation Driver 1","Controls Functioning","Clear","Broadside","Intersection","Other Vehicle","Not Applicable","Not Applicable","At",""
"680885","CR-0000090207","0","0","0","0","21-232-0215","False","False","202","8/20/2021 9:00:00 AM","No Pedestrians Involved","Dry","No Unusual Conditions","Daylight","Violation Driver 1","No Controls Present/Factor","Cloudy","Rear End","Non-Related","Parked Vehicle","Not Applicable","Not Applicable","North Of",""
"680886","CR-0000090208","0","0","0","0","21-226-9703","False","True","","6/23/2021 4:00:00 PM","No Pedestrians Involved","Dry","No Unusual Conditions","Daylight","Unknown","Unknown","Clear","Sideswipe","Related","Parked Vehicle","Not Applicable","Not Applicable","East Of",""
"680887","CR-0000090209","0","0","0","0","21-266-0211","False","True","51","8/14/2021 1:15:00 AM","No Pedestrians Involved","Dry","Unknown","Dark - Street Light","Unknown","No Controls Present/Factor","Clear","Sideswipe","Non-Related","Parked Vehicle","Not Applicable","Not Applicable","West Of",""
"680889","CR-0000090211","0","0","0","0","21-247-9704","False","True","0","9/2/2021 6:43:00 PM","No Pedestrians Involved","Dry","No Unusual Conditions","Dark - Street Light","Unknown","No Controls Present/Factor","Clear","Sideswipe","Intersection","Parked Vehicle","Not Applicable","Not Applicable","At",""
"680830","CR-0000090150","0","0","0","0","21-026-9702","False","True","51","1/23/2021 9:05:00 PM","No Pedestrians Involved","Dry","No Unusual Conditions","Dark - Street Light","Unknown","No Controls Present/Factor","Clear","Rear End","Non-Related","Parked Vehicle","Not Applicable","Not Applicable","South Of",""
"680846","CR-0000090168","0","0","0","0","21-336-9705","False","True","","1/29/2021 8:30:00 AM","No Pedestrians Involved","Dry","No Unusual Conditions","Daylight","Unknown","Controls Functioning","Clear","Rear End","Related","Other Vehicle","Not Applicable","Not Applicable","West Of",""
"680888","CR-0000090210","0","0","0","0","21-226-9705","False","True","51","2/14/2021 11:15:00 AM","No Pedestrians Involved","Dry","No Unusual Conditions","Daylight","Unknown","No Controls Present/Factor","Clear","Sideswipe","Non-Related","Parked Vehicle","Not Applicable","Not Applicable","South Of",""
"680907","CR-0000090229","0","0","0","0","21-026-0828","True","False","0","1/26/2021 9:50:00 PM","No Pedestrians Involved","Wet","No Unusual Conditions","Dark - Street Light","Unknown","No Controls Present/Factor","Rain","Other","Intersection","Fixed Object","Not Applicable","Not Applicable","At","Concrete Island SJPD Vehicle"
"680908","CR-0000090230","0","0","0","0","21-029-9704","False","True","","1/26/2021 2:14:00 PM","No Pedestrians Involved","Dry","No Unusual Conditions","Daylight","Unknown","No Controls Present/Factor","Cloudy","Rear End","Related","Parked Vehicle","Not Applicable","Not Applicable","West Of",""
"680909","CR-0000090231","0","0","0","0","21-028-9702","False","True","0","1/28/2021 7:45:00 AM","No Pedestrians Involved","Wet","No Unusual Conditions","Daylight","Unknown","Controls Not Functioning","Rain","Broadside","Intersection","Other Vehicle","Not Applicable","Not Applicable","At",""
"680910","CR-0000090232","0","0","0","0","21-029-9706","False","True","","1/28/2021 7:30:00 PM","No Pedestrians Involved","Wet","No Unusual Conditions","Dark - Street Light","Unknown","Controls Functioning","Clear","Rear End","Related","Other Vehicle","Not Applicable","Not Applicable","South Of",""
"680911","CR-0000090233","0","0","0","0","21-035-9707","False","True","51","1/30/2021 11:00:00 PM","No Pedestrians Involved","Dry","No Unusual Conditions","Dark - Street Light","Unknown","No Controls Present/Factor","Cloudy","Sideswipe","Non-Related","Parked Vehicle","Not Applicable","Not Applicable","West Of",""
"680912","CR-0000090234","0","0","0","0","21-032-9732","False","True","","1/31/2021 4:45:00 PM","No Pedestrians Involved","Dry","No Unusual Conditions","Daylight","Unknown","Controls Functioning","Clear","Rear End","Related","Other Vehicle","Not Applicable","Not Applicable","South Of",""
"680913","CR-0000090235","0","0","0","0","21-032-9734","False","True","0","1/31/2021 10:40:00 PM","No Pedestrians Involved","Dry","No Unusual Conditions","Dark - Street Light","Unknown","Unknown","Unknown","Broadside","Intersection","Other Vehicle","Not Applicable","Not Applicable","At",""
"680914","CR-0000090236","0","0","0","0","21-036-9701","False","True","","2/3/2021 6:20:00 PM","No Pedestrians Involved","Dry","No Unusual Conditions","Dark - Street Light","Unknown","Controls Functioning","Other","Rear End","Related","Other Vehicle","Not Applicable","Not Applicable","East Of",""
"680915","CR-0000090237","0","0","0","0","21-034-9706","False","True","255","2/3/2021 12:00:00 AM","No Pedestrians Involved","Dry","No Unusual Conditions","Daylight","Unknown","Controls Functioning","Clear","Sideswipe","Non-Related","Parked Vehicle","Not Applicable","Not Applicable","East Of",""
"680916","CR-0000090240","0","0","0","0","21-043-9702","False","True","0","2/10/2021 5:40:00 PM","No Pedestrians Involved","Dry","No Unusual Conditions","Daylight","Unknown","Controls Functioning","Clear","Overturned","Intersection","Other Vehicle","Not Applicable","Not Applicable","At",""
"680917","CR-0000090241","0","0","0","0","21-043-9701","False","True","","2/11/2021 6:02:00 PM","No Pedestrians Involved","Wet","Unknown","Dark - Street Light","Unknown","No Controls Present/Factor","Rain","Sideswipe","Related","Parked Vehicle","Not Applicable","Not Applicable","East Of",""
"680918","CR-0000090242","0","0","0","0","21-043-0536","False","True","0","2/12/2021 2:20:00 PM","No Pedestrians Involved","Dry","No Unusual Conditions","Daylight","Unknown","Controls Functioning","Clear","Rear End","Intersection","Other Vehicle","Not Applicable","Not Applicable","At",""
"681037","CR-0000090404","0","0","0","0","21-076-9710","False","True","0","2/25/2021 6:20:00 PM","No Pedestrians Involved","Dry","No Unusual Conditions","Dark - Street Light","Unknown","Controls Functioning","Cloudy","Rear End","Intersection","Other Vehicle","Not Applicable","Not Applicable","At",""
"681038","CR-0000090405","0","0","0","0","21-073-9718","False","True","","3/11/2021 2:59:00 PM","No Pedestrians Involved","Dry","No Unusual Conditions","Daylight","Unknown","Controls Functioning","Clear","Rear End","Related","Other Vehicle","Not Applicable","Not Applicable","West Of",""
"681039","CR-0000090406","0","0","0","0","21-072-9711","False","True","51","3/13/2021 1:30:00 AM","No Pedestrians Involved","Dry","Unknown","Dark - Street Light","Unknown","Controls Functioning","Clear","Broadside","Non-Related","Parked Vehicle","Not Applicable","Not Applicable","North Of",""
"681040","CR-0000090407","0","0","0","0","21-078-9707","False","True","","3/19/2021 2:00:00 PM","No Pedestrians Involved","Wet","No Unusual Conditions","Daylight","Unknown","Unknown","Cloudy","Rear End","Related","Other Vehicle","Not Applicable","Not Applicable","West Of",""
"681041","CR-0000090408","0","0","0","0","21-101-4000","False","True","51","4/10/2021 11:09:00 PM","No Pedestrians Involved","Unknown","Unknown","Unknown","Unknown","Unknown","Unknown","Sideswipe","Non-Related","Parked Vehicle","Not Applicable","Not Applicable","South Of",""
"681042","CR-0000090409","0","0","0","0","21-105-4002","False","True","","4/11/2021 12:20:00 PM","No Pedestrians Involved","Unknown","Unknown","Daylight","Unknown","Unknown","Unknown","Sideswipe","Related","Other Vehicle","Not Applicable","Not Applicable","East Of",""
"681043","CR-0000090410","0","0","0","0","21-106-4000","False","True","51","4/14/2021 6:00:00 PM","No Pedestrians Involved","Unknown","Unknown","Daylight","Unknown","Unknown","Unknown","Sideswipe","Non-Related","Parked Vehicle","Not Applicable","Not Applicable","West Of",""
"681044","CR-0000090411","0","0","0","0","21-113-4000","False","True","51","4/10/2021 8:20:00 PM","No Pedestrians Involved","Unknown","Unknown","Unknown","Unknown","Unknown","Unknown","Rear End","Non-Related","Parked Vehicle","Not Applicable","Not Applicable","North Of",""
"681047","CR-0000090414","0","0","0","0","21-073-4001","False","True","51","3/11/2021 12:55:00 PM","No Pedestrians Involved","Unknown","Unknown","Daylight","Unknown","Unknown","Unknown","Sideswipe","Non-Related","Parked Vehicle","Not Applicable","Not Applicable","East Of",""
"681048","CR-0000090415","0","0","0","0","21-084-0127","False","True","51","3/25/2021 5:26:00 AM","No Pedestrians Involved","Dry","No Unusual Conditions","Dark - Street Light","Unknown","No Controls Present/Factor","Clear","Other","Non-Related","Parked Vehicle","Not Applicable","Not Applicable","North Of",""
"681049","CR-0000090416","0","0","0","0","21-084-9711","False","True","51","3/25/2021 6:30:00 AM","No Pedestrians Involved","Dry","Other","Daylight","Unknown","Unknown","Clear","Other","Non-Related","Parked Vehicle","Not Applicable","Not Applicable","South Of",""
"681050","CR-0000090417","0","0","0","0","21-092-9702","False","True","0","3/26/2021 6:33:00 AM","No Pedestrians Involved","Dry","No Unusual Conditions","Daylight","Unknown","Unknown","Clear","Head On","Intersection","Other Vehicle","Not Applicable","Not Applicable","At",""
"681051","CR-0000090418","0","0","0","0","21-089-9706","False","True","51","3/28/2021 12:15:00 AM","No Pedestrians Involved","Dry","No Unusual Conditions","Dark - Street Light","Unknown","No Controls Present/Factor","Clear","Rear End","Non-Related","Parked Vehicle","Not Applicable","Not Applicable","East Of",""
"681052","CR-0000090419","0","0","0","0","21-089-9713","False","True","51","3/30/2021 2:00:00 AM","No Pedestrians Involved","Dry","No Unusual Conditions","Dark - Street Light","Unknown","No Controls Present/Factor","Clear","Rear End","Non-Related","Parked Vehicle","Not Applicable","Not Applicable","East Of",""
"680890","CR-0000090212","1","0","0","0","21-248-0191","True","False","630","9/5/2021 3:46:00 AM","No Pedestrians Involved","Dry","No Unusual Conditions","Dark - Street Light","Violation Driver 1","No Controls Present/Factor","Clear","Other","Non-Related","Motor Vehicle On Other Roadway","Not Applicable","Not Applicable","South Of","LIGHT POLE"
"680891","CR-0000090213","0","0","1","0","21-248-0871","False","False","","9/5/2021 8:30:00 PM","Crossing - Not In Crosswalk","Dry","No Unusual Conditions","Dark - Street Light","Pedestrian At Fault","No Controls Present/Factor","Clear","Vehicle/Pedestrian","Related","Pedestrian","South","North","West Of","PEDESTRIAN"
"680892","CR-0000090214","1","2","0","0","21-248-0891","False","False","0","9/5/2021 8:45:00 PM","No Pedestrians Involved","Dry","No Unusual Conditions","Dark - Street Light","Violation Driver 1","Controls Functioning","Clear","Broadside","Intersection","Other Vehicle","Not Applicable","Not Applicable","At",""
"680893","CR-0000090215","1","1","2","0","21-251-0691","False","False","0","9/8/2021 4:49:00 PM","No Pedestrians Involved","Dry","No Unusual Conditions","Daylight","Violation Driver 1","Controls Functioning","Clear","Head On","Intersection","Other Vehicle","Not Applicable","Not Applicable","At",""
"680894","CR-0000090216","0","0","0","0","21-251-9704","False","True","0","9/8/2021 11:05:00 AM","No Pedestrians Involved","Dry","No Unusual Conditions","Daylight","Unknown","Controls Functioning","Clear","Broadside","Intersection","Other Vehicle","Not Applicable","Not Applicable","At",""
"680895","CR-0000090217","0","0","0","0","21-253-9705","False","True","","9/10/2021 3:46:00 PM","No Pedestrians Involved","Dry","No Unusual Conditions","Daylight","Unknown","Controls Functioning","Clear","Sideswipe","Related","Other Vehicle","Not Applicable","Not Applicable","Unknown",""
"680896","CR-0000090218","0","0","0","0","21-257-9714","False","True","","9/11/2021 9:57:00 PM","No Pedestrians Involved","Dry","No Unusual Conditions","Dark - Street Light","Unknown","Controls Functioning","Clear","Sideswipe","Related","Other Vehicle","Not Applicable","Not Applicable","West Of",""
"680897","CR-0000090219","1","0","0","0","21-255-0024","False","False","0","9/12/2021 12:16:00 AM","No Pedestrians Involved","Dry","No Unusual Conditions","Dark - Street Light","Violation Driver 1","Controls Functioning","Clear","Broadside","Intersection","Parked Vehicle","Not Applicable","Not Applicable","At",""
"680898","CR-0000090220","0","0","0","0","21-257-0671","False","False","42","9/14/2021 2:33:00 PM","No Pedestrians Involved","Dry","No Unusual Conditions","Daylight","Violation Driver 1","No Controls Present/Factor","Clear","Rear End","Related","Other Vehicle","Not Applicable","Not Applicable","East Of",""
"680899","CR-0000090221","0","0","0","0","21-259-9709","False","True","","9/15/2021 10:43:00 AM","No Pedestrians Involved","Dry","Unknown","Daylight","Unknown","Controls Functioning","Clear","Rear End","Related","Other Vehicle","Not Applicable","Not Applicable","West Of",""
"680900","CR-0000090222","0","1","0","0","21-259-0322","False","False","147","9/16/2021 10:28:00 AM","No Pedestrians Involved","Dry","No Unusual Conditions","Daylight","Violation Driver 1","No Controls Present/Factor","Clear","Sideswipe","Non-Related","Parked Vehicle","Not Applicable","Not Applicable","South Of",""
"680901","CR-0000090223","0","1","0","0","21-259-0417","False","False","0","9/16/2021 12:11:00 PM","No Pedestrians Involved","Dry","No Unusual Conditions","Daylight","Violation Driver 1","Controls Functioning","Clear","Vehicle/Bike","Intersection","Scooter Motorized","Not Applicable","Not Applicable","At","BIKE (ELEC. SCOOTER)"
"680902","CR-0000090224","0","0","0","0","21-259-9714","False","True","0","9/16/2021 12:25:00 PM","No Pedestrians Involved","Dry","No Unusual Conditions","Daylight","Unknown","Controls Functioning","Clear","Rear End","Intersection","Other Vehicle","Not Applicable","Not Applicable","At",""
"680903","CR-0000090225","0","0","0","0","21-261-9701","False","True","51","9/17/2021 4:30:00 PM","No Pedestrians Involved","Dry","No Unusual Conditions","Daylight","Unknown","No Controls Present/Factor","Clear","Sideswipe","Non-Related","Other Vehicle","Not Applicable","Not Applicable","South Of",""
"681053","CR-0000090420","0","0","0","0","21-092-9704","False","True","51","4/1/2021 5:30:00 PM","No Pedestrians Involved","Dry","No Unusual Conditions","Daylight","Unknown","Unknown","Clear","Sideswipe","Non-Related","Other Vehicle","Not Applicable","Not Applicable","West Of",""
"681054","CR-0000090421","0","0","0","0","21-093-9702","False","True","0","4/2/2021 6:50:00 PM","No Pedestrians Involved","Dry","No Unusual Conditions","Daylight","Unknown","Unknown","Clear","Rear End","Intersection","Other Vehicle","Not Applicable","Not Applicable","At",""
"681055","CR-0000090422","0","0","0","0","21-093-9705","False","True","0","4/2/2021 10:55:00 PM","No Pedestrians Involved","Dry","No Unusual Conditions","Dark - Street Light","Unknown","No Controls Present/Factor","Clear","Sideswipe","Intersection","Other Vehicle","Not Applicable","Not Applicable","At",""
"681060","CR-0000090427","0","0","0","0","21-162-9851","False","False","0","3/9/2021 8:15:00 AM","No Pedestrians Involved","Dry","No Unusual Conditions","Daylight","Unknown","Controls Functioning","Cloudy","Sideswipe","Intersection","Other Vehicle","Not Applicable","Not Applicable","At",""
"681061","CR-0000090428","0","0","0","0","21-162-9852","False","False","50","3/24/2021 1:28:00 AM","No Pedestrians Involved","Dry","No Unusual Conditions","Dark - No Street Light","Unknown","No Controls Present/Factor","Clear","Sideswipe","Related","Parked Vehicle","Not Applicable","Not Applicable","South Of",""
"681062","CR-0000090429","0","0","0","0","21-162-9853","False","False","0","4/14/2021 2:28:00 PM","No Pedestrians Involved","Dry","Construction - Repair Zone","Daylight","Unknown","Controls Functioning","Clear","Sideswipe","Intersection","Other Vehicle","Not Applicable","Not Applicable","At",""
"681075","CR-0000090446","0","0","0","0","21-096-4001","False","True","","4/6/2021 3:00:00 PM","No Pedestrians Involved","Unknown","Unknown","Unknown","Unknown","Unknown","Unknown","Rear End","Related","Other Vehicle","Not Applicable","Not Applicable","Unknown",""
"681077","CR-0000090458","0","0","0","0","21-061-9703","False","True","51","3/21/2021 12:00:00 PM","No Pedestrians Involved","Dry","Other","Daylight","Unknown","Controls Functioning","Clear","Sideswipe","Non-Related","Other Vehicle","Not Applicable","Not Applicable","West Of",""
"681078","CR-0000090456","0","0","0","0","21-058-9703","False","True","","2/27/2021 5:00:00 AM","No Pedestrians Involved","Dry","No Unusual Conditions","Dark - Street Light","Unknown","Controls Functioning","Clear","Broadside","Related","Parked Vehicle","Not Applicable","Not Applicable","East Of",""
"681083","CR-0000090451","0","0","0","0","21-049-9705","False","False","","2/18/2021 12:55:00 PM","No Pedestrians Involved","Dry","No Unusual Conditions","Daylight","Unknown","Controls Functioning","Clear","Rear End","Related","Other Vehicle","Not Applicable","Not Applicable","Unknown",""
"681086","CR-0000090453","0","0","0","0","21-055-9708","False","True","51","2/23/2021 11:18:00 AM","No Pedestrians Involved","Dry","No Unusual Conditions","Daylight","Unknown","No Controls Present/Factor","Clear","Rear End","Non-Related","Parked Vehicle","Not Applicable","Not Applicable","East Of",""
"681091","CR-0000090493","0","0","0","0","21-073-4002","False","True","","3/11/2021 2:30:00 PM","No Pedestrians Involved","Unknown","Unknown","Daylight","Unknown","Unknown","Unknown","Rear End","Related","Other Vehicle","Not Applicable","Not Applicable","East Of",""
"681093","CR-0000090448","0","0","0","0","21-046-0326","False","True","0","2/13/2021 12:30:00 PM","No Pedestrians Involved","Dry","No Unusual Conditions","Daylight","Unknown","Controls Functioning","Cloudy","Sideswipe","Intersection","Other Vehicle","Not Applicable","Not Applicable","At",""
"681095","CR-0000090455","0","0","0","0","21-056-9707","False","True","","2/24/2021 10:00:00 PM","No Pedestrians Involved","Dry","No Unusual Conditions","Dark - Street Light","Unknown","Controls Functioning","Clear","Sideswipe","Related","Parked Vehicle","Not Applicable","Not Applicable","West Of",""