"CrashFactId","Name","MinorInjuries","ModerateInjuries","SevereInjuries","FatalInjuries","TcrNumber","CityDamageFlag","ShortFormFlag","Distance","CrashDateTime","PedestrianAction","RoadwaySurface","RoadwayCondition","Lighting","PrimaryCollisionFactor","TrafficControl","Weather","CollisionType","ProximityToIntersection","VehicleInvolvedWith","PedestrianDirectionFrom","PedestrianDirectionTo","DirectionFromIntersection","Comment"
"681101","CR-0000090501","0","0","0","0","21-080-4000","False","True","51","3/21/2021 10:00:00 AM","No Pedestrians Involved","Unknown","Unknown","Unknown","Unknown","Unknown","Unknown","Sideswipe","Non-Related","Parked Vehicle","Not Applicable","Not Applicable","East Of",""
"680904","CR-0000090226","0","0","0","0","21-261-9702","False","True","51","9/11/2021 7:30:00 AM","No Pedestrians Involved","Unknown","Unknown","Unknown","Unknown","Unknown","Unknown","Broadside","Non-Related","Other Vehicle","Not Applicable","Not Applicable","West Of",""
"680905","CR-0000090227","1","0","0","0","21-263-9706","False","True","0","9/17/2021 7:40:00 AM","No Pedestrians Involved","Unknown","No Unusual Conditions","Daylight","Unknown","Controls Functioning","Clear","Sideswipe","Intersection","Other Vehicle","Not Applicable","Not Applicable","At",""
"680925","CR-0000090250","0","0","1","0","21-261-1033","True","False","0","9/18/2021 10:37:00 PM","No Pedestrians Involved","Dry","No Unusual Conditions","Dark - Street Light","Violation Driver 1","No Controls Present/Factor","Clear","Broadside","Intersection","Parked Vehicle","Not Applicable","Not Applicable","At","LIGHT POLE"
"680926","CR-0000090249","0","1","0","0","21-261-0866","False","False","0","9/18/2021 8:18:00 PM","No Pedestrians Involved","Dry","No Unusual Conditions","Dark - Street Light","Violation Driver 1","No Controls Present/Factor","Clear","Broadside","Intersection","Motorcycle","Not Applicable","Not Applicable","At",""
"680927","CR-0000090251","2","0","0","0","21-262-0154","False","False","63","9/19/2021 2:11:00 AM","No Pedestrians Involved","Dry","No Unusual Conditions","Dark - Street Light","Violation Driver 1","Controls Functioning","Clear","Rear End","Non-Related","Other Vehicle","Not Applicable","Not Applicable","East Of",""
"680928","CR-0000090252","0","0","1","0","21-262-0839","False","False","182","9/19/2021 8:52:00 PM","No Pedestrians Involved","Dry","No Unusual Conditions","Dark - Street Light","Violation Driver 1","Controls Functioning","Clear","Broadside","Non-Related","Other Vehicle","Not Applicable","Not Applicable","South Of",""
"680929","CR-0000090254","0","0","0","0","21-266-0215","False","False","0","9/23/2021 7:53:00 AM","No Pedestrians Involved","Dry","No Unusual Conditions","Daylight","Violation Driver 1","Controls Functioning","Clear","Rear End","Intersection","Other Vehicle","Not Applicable","Not Applicable","At",""
"680930","CR-0000090255","0","0","0","0","21-273-9704","False","True","0","9/10/2021 12:00:00 PM","No Pedestrians Involved","Dry","No Unusual Conditions","Daylight","Unknown","No Controls Present/Factor","Clear","Sideswipe","Intersection","Other Vehicle","Not Applicable","Not Applicable","At",""
"680931","CR-0000090256","0","1","0","0","21-273-9708","False","True","0","9/16/2021 7:30:00 PM","No Pedestrians Involved","Dry","No Unusual Conditions","Dusk - Dawn","Unknown","Controls Functioning","Clear","Vehicle/Bike","Intersection","Bike","Not Applicable","Not Applicable","At","BIKE"
"680932","CR-0000090257","2","0","0","0","21-265-0545","False","False","13","9/22/2021 1:43:00 PM","No Pedestrians Involved","Wet","No Unusual Conditions","Daylight","Violation Driver 1","No Controls Present/Factor","Clear","Sideswipe","Related","Other Vehicle","Not Applicable","Not Applicable","North Of",""
"680933","CR-0000090258","1","0","0","0","21-265-0792","False","False","51","9/22/2021 5:24:00 PM","No Pedestrians Involved","Dry","No Unusual Conditions","Daylight","Violation Driver 1","No Controls Present/Factor","Clear","Sideswipe","Non-Related","Other Vehicle","Not Applicable","Not Applicable","North Of",""
"680934","CR-0000090259","0","0","0","0","21-267-9707","False","True","51","9/22/2021 7:40:00 AM","No Pedestrians Involved","Dry","No Unusual Conditions","Daylight","Unknown","No Controls Present/Factor","Clear","Head On","Non-Related","Parked Vehicle","Not Applicable","Not Applicable","North Of",""
"680935","CR-0000090260","1","0","0","0","21-273-9707","False","True","","9/22/2021 1:30:00 PM","No Pedestrians Involved","Dry","No Unusual Conditions","Daylight","Unknown","Controls Functioning","Clear","Rear End","Related","Motorcycle","Not Applicable","Not Applicable","South Of",""
"680936","CR-0000090261","0","0","0","0","21-265-1108","True","False","490","9/22/2021 11:23:00 PM","No Pedestrians Involved","Dry","No Unusual Conditions","Dark - Street Light","Violation Driver 1","Controls Functioning","Clear","Hit Object","Non-Related","Other Object","Not Applicable","Not Applicable","East Of","CURB"
"681102","CR-0000090499","0","0","0","0","21-078-4002","False","True","0","3/19/2021 8:35:00 PM","No Pedestrians Involved","Unknown","Unknown","Dusk - Dawn","Unknown","Unknown","Unknown","Rear End","Intersection","Other Vehicle","Not Applicable","Not Applicable","At",""
"681105","CR-0000090449","0","0","0","0","21-048-9706","False","True","0","2/16/2021 10:18:00 PM","No Pedestrians Involved","Dry","No Unusual Conditions","Dark - Street Light","Unknown","Unknown","Clear","Sideswipe","Intersection","Other Vehicle","Not Applicable","Not Applicable","At",""
"681107","CR-0000090450","0","0","0","0","21-048-0483","False","False","0","2/17/2021 1:54:00 PM","No Pedestrians Involved","Wet","No Unusual Conditions","Daylight","Violation Driver 1","Controls Functioning","Clear","Rear End","Intersection","Other Vehicle","Not Applicable","Not Applicable","At",""
"681120","CR-0000090459","0","0","0","0","21-063-0454","False","False","40","3/4/2021 1:22:00 PM","No Pedestrians Involved","Slippery (Muddy Oily etc.)","Loose Material On Roadway","Daylight","Violation Driver 1","Controls Functioning","Clear","Hit Object","Related","Fixed Object","Not Applicable","Not Applicable","East Of","hit curb"
"681124","CR-0000090461","0","0","0","0","21-125-9707","False","True","0","4/5/2021 1:00:00 PM","No Pedestrians Involved","Dry","No Unusual Conditions","Dark - Street Light","Unknown","No Controls Present/Factor","Clear","Sideswipe","Intersection","Parked Vehicle","Not Applicable","Not Applicable","At",""
"681127","CR-0000090492","0","0","0","0","21-001-0948","False","False","50","1/1/2021 10:25:00 PM","No Pedestrians Involved","Dry","No Unusual Conditions","Dark - Street Light","Unknown","No Controls Present/Factor","Clear","Sideswipe","Related","Parked Vehicle","Not Applicable","Not Applicable","North Of",""
"681128","CR-0000090457","0","0","0","0","21-064-9721","False","True","51","2/28/2021 10:00:00 AM","No Pedestrians Involved","Dry","No Unusual Conditions","Daylight","Unknown","Controls Functioning","Clear","Sideswipe","Non-Related","Other Vehicle","Not Applicable","Not Applicable","East Of",""
"681129","CR-0000090454","0","0","0","0","21-056-9701","False","True","0","2/24/2021 1:47:00 PM","No Pedestrians Involved","Dry","No Unusual Conditions","Daylight","Unknown","No Controls Present/Factor","Clear","Sideswipe","Intersection","Other Vehicle","Unknown","Unknown","At",""
"681130","CR-0000090497","0","0","0","0","21-074-4001","False","True","","3/12/2021 11:28:00 PM","No Pedestrians Involved","Unknown","Unknown","Unknown","Unknown","Unknown","Unknown","Sideswipe","Related","Parked Vehicle","Not Applicable","Not Applicable","East Of",""
"681133","CR-0000090452","0","0","0","0","21-055-9705","False","True","51","2/23/2021 7:50:00 PM","No Pedestrians Involved","Dry","No Unusual Conditions","Dark - Street Light","Unknown","No Controls Present/Factor","Unknown","Sideswipe","Non-Related","Other Vehicle","Not Applicable","Not Applicable","East Of",""
"681134","CR-0000090503","0","0","0","0","21-084-4000","False","True","","3/24/2021 4:30:00 PM","No Pedestrians Involved","Unknown","Unknown","Unknown","Unknown","Unknown","Unknown","Sideswipe","Related","Other Vehicle","Not Applicable","Not Applicable","Unknown",""
"681136","CR-0000090517","0","0","0","0","21-095-4000","False","True","0","4/4/2021 1:40:00 PM","No Pedestrians Involved","Unknown","Unknown","Daylight","Unknown","Unknown","Unknown","Rear End","Intersection","Other Vehicle","Not Applicable","Not Applicable","At",""
"681137","CR-0000090514","0","0","0","0","21-091-4002","False","True","0","3/31/2021 6:00:00 PM","No Pedestrians Involved","Unknown","Unknown","Unknown","Unknown","Unknown","Unknown","Sideswipe","Intersection","Parked Vehicle","Not Applicable","Not Applicable","At",""
"681138","CR-0000090519","0","0","0","0","21-096-4000","False","True","0","4/6/2021 10:40:00 AM","No Pedestrians Involved","Unknown","Unknown","Unknown","Unknown","Unknown","Unknown","Other","Intersection","Other Vehicle","Not Applicable","Not Applicable","At",""
"681139","CR-0000090513","0","0","0","0","21-091-4000","False","True","","3/29/2021 3:00:00 PM","No Pedestrians Involved","Unknown","No Unusual Conditions","Daylight","Unknown","Unknown","Unknown","Other","Related","Fixed Object","Not Applicable","Not Applicable","South Of","Curb"
"680950","CR-0000090277","0","0","0","0","21-204-4005","False","True","","7/23/2021 4:19:00 PM","No Pedestrians Involved","Unknown","Unknown","Daylight","Unknown","Unknown","Unknown","Rear End","Related","Other Vehicle","Not Applicable","Not Applicable","Unknown",""
"680975","CR-0000090303","0","0","0","0","21-187-9706","False","True","","7/1/2021 3:52:00 PM","No Pedestrians Involved","Dry","No Unusual Conditions","Daylight","Unknown","No Controls Present/Factor","Clear","Other","Related","Parked Vehicle","Not Applicable","Not Applicable","West Of",""
"680976","CR-0000090304","0","0","0","0","21-200-9704","False","True","0","7/6/2021 5:25:00 PM","No Pedestrians Involved","Dry","No Unusual Conditions","Daylight","Unknown","Controls Functioning","Clear","Broadside","Intersection","Other Vehicle","Not Applicable","Not Applicable","At",""
"680977","CR-0000090305","1","0","0","0","21-188-0346","False","False","0","7/7/2021 10:49:00 AM","No Pedestrians Involved","Dry","No Unusual Conditions","Daylight","Violation Driver 1","Controls Functioning","Clear","Broadside","Intersection","Other Vehicle","Not Applicable","Not Applicable","At",""
"680978","CR-0000090306","1","0","0","0","21-188-0920","False","False","402","7/7/2021 7:01:00 PM","In Road - Includes Shoulder","Dry","No Unusual Conditions","Daylight","Violation Driver 1","No Controls Present/Factor","Clear","Vehicle/Pedestrian","Non-Related","Pedestrian","Unknown","Unknown","West Of","PEDESTRIAN"
"680979","CR-0000090307","0","0","0","0","21-191-9702","False","True","","7/9/2021 5:45:00 PM","No Pedestrians Involved","Dry","No Unusual Conditions","Daylight","Unknown","Controls Functioning","Clear","Rear End","Related","Other Vehicle","Not Applicable","Not Applicable","West Of",""
"680980","CR-0000090308","0","0","0","0","21-196-9704","False","True","51","7/9/2021 9:40:00 PM","No Pedestrians Involved","Dry","No Unusual Conditions","Dark - Street Light","Unknown","No Controls Present/Factor","Clear","Broadside","Non-Related","Motor Vehicle On Other Roadway","Not Applicable","Not Applicable","East Of",""
"680981","CR-0000090309","0","1","0","0","21-192-0793","False","False","0","7/11/2021 8:00:00 PM","No Pedestrians Involved","Dry","No Unusual Conditions","Daylight","Violation Driver 1","No Controls Present/Factor","Clear","Rear End","Intersection","Other Vehicle","Not Applicable","Not Applicable","At",""
"680982","CR-0000090310","0","0","0","0","21-209-9702","False","True","","7/12/2021 8:22:00 AM","No Pedestrians Involved","Dry","No Unusual Conditions","Daylight","Unknown","Controls Functioning","Clear","Sideswipe","Related","Other Vehicle","Not Applicable","Not Applicable","East Of",""
"680983","CR-0000090311","1","1","0","0","21-196-0921","False","False","150","7/15/2021 7:38:00 PM","Not In Road","Dry","No Unusual Conditions","Daylight","Violation Driver 1","No Controls Present/Factor","Clear","Vehicle/Pedestrian","Non-Related","Pedestrian","Unknown","Unknown","West Of","PEDESTRIAN"
"680984","CR-0000090312","0","0","0","0","21-200-9707","False","True","","7/17/2021 3:05:00 PM","No Pedestrians Involved","Dry","No Unusual Conditions","Daylight","Unknown","Controls Functioning","Clear","Broadside","Related","Other Vehicle","Not Applicable","Not Applicable","East Of",""
"680985","CR-0000090313","1","0","0","0","21-199-0477","False","False","322","7/18/2021 1:30:00 PM","No Pedestrians Involved","Dry","No Unusual Conditions","Daylight","Violation Driver 1","No Controls Present/Factor","Clear","Rear End","Non-Related","Parked Vehicle","Not Applicable","Not Applicable","North Of",""
"680986","CR-0000090314","0","0","0","0","21-199-0545","False","True","51","7/18/2021 3:41:00 PM","No Pedestrians Involved","Dry","No Unusual Conditions","Daylight","Violation Driver 1","No Controls Present/Factor","Clear","Hit Object","Non-Related","Fixed Object","Not Applicable","Not Applicable","West Of","POLE  (STOLEN VEHICLE)"
"680987","CR-0000090315","0","0","0","0","21-198-9701","False","True","","7/16/2021 11:15:00 PM","No Pedestrians Involved","Dry","No Unusual Conditions","Dark - Street Light","Unknown","Controls Functioning","Clear","Rear End","Related","Other Vehicle","Not Applicable","Not Applicable","Unknown",""
"680988","CR-0000090316","0","0","0","0","21-199-9704","False","True","","7/18/2021 8:10:00 AM","No Pedestrians Involved","Dry","No Unusual Conditions","Daylight","Unknown","Controls Functioning","Clear","Sideswipe","Related","Other Vehicle","Not Applicable","Not Applicable","East Of",""
"680989","CR-0000090317","0","0","1","0","21-200-1011","False","False","0","7/19/2021 10:32:00 PM","No Pedestrians Involved","Dry","No Unusual Conditions","Dark - Street Light","Violation Driver 1","No Controls Present/Factor","Clear","Broadside","Intersection","Motorcycle","Not Applicable","Not Applicable","At",""
"680990","CR-0000090318","1","0","0","0","21-202-9712","False","True","0","7/19/2021 9:05:00 PM","No Pedestrians Involved","Dry","No Unusual Conditions","Dark - Street Light","Unknown","Controls Functioning","Clear","Broadside","Intersection","Other Vehicle","Not Applicable","Not Applicable","At",""
"680991","CR-0000090319","0","0","0","0","21-203-9705","False","True","51","7/20/2021 4:00:00 PM","No Pedestrians Involved","Dry","No Unusual Conditions","Daylight","Unknown","Controls Functioning","Clear","Other","Non-Related","Parked Vehicle","Not Applicable","Not Applicable","West Of",""
"680992","CR-0000090320","0","0","0","0","21-202-0630","False","True","0","7/21/2021 3:42:00 PM","No Pedestrians Involved","Unknown","No Unusual Conditions","Daylight","Unknown","Unknown","Unknown","Other","Intersection","Other Vehicle","Not Applicable","Not Applicable","At",""
"680993","CR-0000090321","2","0","0","0","21-202-0950","False","False","165","7/21/2021 9:26:00 PM","No Pedestrians Involved","Dry","No Unusual Conditions","Daylight","Violation Driver 1","No Controls Present/Factor","Clear","Sideswipe","Non-Related","Other Vehicle","Not Applicable","Not Applicable","East Of",""
"680994","CR-0000090322","0","0","0","0","21-205-9703","False","True","51","7/22/2021 9:50:00 PM","No Pedestrians Involved","Dry","No Unusual Conditions","Dark - Street Light","Unknown","Controls Functioning","Clear","Broadside","Non-Related","Other Vehicle","Not Applicable","Not Applicable","West Of",""
"680995","CR-0000090324","0","0","0","0","21-205-9704","False","True","","7/24/2021 1:00:00 AM","No Pedestrians Involved","Dry","No Unusual Conditions","Dark - Street Light","Unknown","Controls Functioning","Clear","Rear End","Related","Other Vehicle","Not Applicable","Not Applicable","West Of",""
"680996","CR-0000090325","0","1","1","0","21-206-0882","False","False","0","7/25/2021 10:05:00 PM","In Road - Includes Shoulder","Dry","No Unusual Conditions","Dark - Street Light","Violation Driver 1","No Controls Present/Factor","Clear","Vehicle/Pedestrian","Intersection","Pedestrian","Unknown","Unknown","At","(2) PEDESTRIANS"
"680997","CR-0000090327","1","0","0","0","21-208-0246","False","False","42","7/27/2021 9:11:00 AM","No Pedestrians Involved","Dry","No Unusual Conditions","Daylight","Violation Driver 1","Unknown","Clear","Rear End","Related","Other Vehicle","Not Applicable","Not Applicable","West Of",""
"680998","CR-0000090326","1","1","0","0","21-207-0203","False","False","51","7/26/2021 7:30:00 AM","No Pedestrians Involved","Dry","Holes Deep Rut","Daylight","Violation Driver 1","No Controls Present/Factor","Clear","Rear End","Non-Related","Parked Vehicle","Not Applicable","Not Applicable","East Of",""
"680999","CR-0000090328","1","0","0","0","21-208-0758","False","False","333","7/27/2021 6:45:00 PM","No Pedestrians Involved","Dry","No Unusual Conditions","Daylight","Violation Driver 1","Controls Functioning","Clear","Rear End","Non-Related","Other Vehicle","Not Applicable","Not Applicable","West Of",""
"681000","CR-0000090329","1","0","0","0","21-209-0641","False","False","420","7/28/2021 3:02:00 PM","No Pedestrians Involved","Dry","No Unusual Conditions","Daylight","Violation Driver 1","No Controls Present/Factor","Clear","Broadside","Non-Related","Other Vehicle","Not Applicable","Not Applicable","West Of",""
"681001","CR-0000090330","0","0","0","0","21-209-9707","False","True","","7/28/2021 11:59:00 AM","No Pedestrians Involved","Dry","No Unusual Conditions","Daylight","Unknown","Controls Functioning","Clear","Rear End","Related","Other Vehicle","Not Applicable","Not Applicable","North Of",""
"681140","CR-0000090516","0","0","0","0","21-093-4001","False","True","","3/31/2021 4:30:00 AM","No Pedestrians Involved","Unknown","Unknown","Unknown","Unknown","Unknown","Unknown","Sideswipe","Related","Parked Vehicle","Not Applicable","Not Applicable","Unknown",""
"681141","CR-0000090512","0","0","0","0","21-085-4001","False","True","","3/25/2021 8:09:00 PM","No Pedestrians Involved","Unknown","Unknown","Dusk - Dawn","Unknown","Unknown","Unknown","Other","Related","Other Vehicle","Not Applicable","Not Applicable","West Of",""
"681142","CR-0000090515","0","0","0","0","21-093-4000","False","True","","4/1/2021 2:00:00 PM","No Pedestrians Involved","Unknown","Unknown","Daylight","Unknown","Unknown","Unknown","Rear End","Related","Other Vehicle","Not Applicable","Not Applicable","South Of",""
"681143","CR-0000090523","0","0","0","0","21-069-4001","False","True","51","3/7/2021 12:10:00 AM","No Pedestrians Involved","Unknown","Unknown","Unknown","Unknown","Unknown","Unknown","Rear End","Non-Related","Parked Vehicle","Not Applicable","Not Applicable","North Of",""
"681144","CR-0000090522","0","0","0","0","21-067-4004","False","True","","3/8/2021 4:40:00 PM","No Pedestrians Involved","Unknown","Unknown","Unknown","Unknown","Unknown","Unknown","Vehicle/Bike","Related","Bike","Not Applicable","Not Applicable","East Of","bike"
"681145","CR-0000090520","0","0","0","0","21-098-4000","False","True","","3/21/2021 1:05:00 PM","No Pedestrians Involved","Unknown","Unknown","Daylight","Unknown","Unknown","Unknown","Other","Related","Parked Vehicle","Not Applicable","Not Applicable","West Of",""
"681146","CR-0000090518","0","0","0","0","21-095-4002","False","True","51","4/4/2021 12:45:00 PM","No Pedestrians Involved","Unknown","Unknown","Unknown","Unknown","Unknown","Unknown","Sideswipe","Non-Related","Motorcycle","Not Applicable","Not Applicable","North Of","MC"
"681147","CR-0000090521","0","0","0","0","21-097-4000","False","True","51","3/31/2021 1:55:00 PM","No Pedestrians Involved","Unknown","Unknown","Unknown","Unknown","Unknown","Unknown","Other","Non-Related","Parked Vehicle","Not Applicable","Not Applicable","South Of",""
"681148","CR-0000090524","0","0","0","0","21-070-4000","False","True","","2/21/2021 9:40:00 AM","No Pedestrians Involved","Unknown","Unknown","Unknown","Unknown","Unknown","Unknown","Rear End","Related","Other Vehicle","Not Applicable","Not Applicable","West Of",""
"681149","CR-0000090528","0","0","0","0","21-114-4002","False","True","51","4/16/2021 1:00:00 PM","No Pedestrians Involved","Unknown","Unknown","Unknown","Unknown","Unknown","Unknown","Other","Non-Related","Parked Vehicle","Not Applicable","Not Applicable","South Of",""
"681151","CR-0000090529","0","0","0","0","21-564-4001","False","True","51","2/24/2021 5:00:00 PM","No Pedestrians Involved","Unknown","Unknown","Unknown","Unknown","Unknown","Unknown","Rear End","Non-Related","Other Vehicle","Not Applicable","Not Applicable","North Of",""
"677283","CR-0000086426","0","0","0","0","21-110-0113","False","False","105","4/20/2021 4:57:00 AM","No Pedestrians Involved","Dry","No Unusual Conditions","Dark - Street Light","Violation Driver 1","No Controls Present/Factor","Clear","Broadside","Non-Related","Parked Vehicle","Not Applicable","Not Applicable","East Of",""
"677284","CR-0000086427","1","0","0","0","21-110-0171","False","False","250","4/20/2021 8:25:00 AM","No Pedestrians Involved","Dry","No Unusual Conditions","Daylight","Violation Driver 1","No Controls Present/Factor","Clear","Rear End","Non-Related","Parked Vehicle","Not Applicable","Not Applicable","North Of",""
"677285","CR-0000086428","3","0","0","0","21-110-0261","False","False","0","4/20/2021 9:24:00 AM","No Pedestrians Involved","Dry","No Unusual Conditions","Daylight","Violation Driver 1","Controls Functioning","Clear","Broadside","Intersection","Other Vehicle","Not Applicable","Not Applicable","At",""
"677286","CR-0000086429","0","0","0","0","21-110-0289","False","False","51","4/20/2021 9:45:00 AM","No Pedestrians Involved","Dry","No Unusual Conditions","Daylight","Violation Driver 1","Controls Functioning","Clear","Rear End","Non-Related","Other Vehicle","Not Applicable","Not Applicable","South Of",""
"677287","CR-0000086430","0","0","0","0","21-110-0483","False","False","250","4/20/2021 1:00:00 PM","No Pedestrians Involved","Dry","No Unusual Conditions","Daylight","Violation Driver 1","Unknown","Clear","Sideswipe","Non-Related","Parked Vehicle","Not Applicable","Not Applicable","East Of",""
"677288","CR-0000086431","0","1","0","0","21-110-0708","False","False","0","4/20/2021 6:19:00 PM","No Pedestrians Involved","Dry","No Unusual Conditions","Daylight","Bike At Fault","No Controls Present/Factor","Wind","Vehicle/Bike","Intersection","Bike","Not Applicable","Not Applicable","At",""
"677289","CR-0000086432","1","1","0","0","21-110-0820","False","False","0","4/20/2021 9:43:00 PM","No Pedestrians Involved","Dry","No Unusual Conditions","Dark - Street Light","Unknown","Controls Functioning","Clear","Broadside","Intersection","Other Vehicle","Not Applicable","Not Applicable","At",""
"677290","CR-0000086433","1","0","0","0","21-111-0339","True","False","250","4/21/2021 10:54:00 AM","No Pedestrians Involved","Dry","No Unusual Conditions","Daylight","Violation Driver 1","No Controls Present/Factor","Clear","Hit Object","Non-Related","Fixed Object","Not Applicable","Not Applicable","West Of","Light pole"
"677291","CR-0000086434","0","0","0","0","21-111-0433","False","False","31","4/21/2021 12:15:00 PM","No Pedestrians Involved","Dry","No Unusual Conditions","Daylight","Violation Driver 1","Controls Functioning","Clear","Rear End","Related","Other Vehicle","Not Applicable","Not Applicable","South Of",""
"677292","CR-0000086435","0","0","0","0","21-111-0715","False","False","0","4/21/2021 5:57:00 PM","No Pedestrians Involved","Dry","No Unusual Conditions","Daylight","Violation Driver 1","Controls Functioning","Clear","Rear End","Intersection","Other Vehicle","Not Applicable","Not Applicable","At",""
"677293","CR-0000086436","0","0","0","0","21-111-0736","False","False","","4/21/2021 6:44:00 PM","No Pedestrians Involved","Dry","No Unusual Conditions","Daylight","Violation Driver 1","Controls Functioning","Clear","Other","Related","Other Vehicle","Not Applicable","Not Applicable","South Of",""
"677294","CR-0000086437","0","1","0","0","21-111-0848","False","False","150","4/21/2021 9:05:00 PM","No Pedestrians Involved","Dry","No Unusual Conditions","Dark - Street Light","Violation Driver 1","No Controls Present/Factor","Clear","Sideswipe","Non-Related","Motorcycle","Not Applicable","Not Applicable","North Of",""
"677295","CR-0000086438","0","0","0","0","21-112-0009","False","False","203","4/21/2021 11:29:00 PM","No Pedestrians Involved","Dry","No Unusual Conditions","Dark - Street Light","Violation Driver 1","No Controls Present/Factor","Clear","Rear End","Non-Related","Other Vehicle","Not Applicable","Not Applicable","South Of",""
"677296","CR-0000086439","0","0","0","0","21-112-4000","False","True","51","4/21/2021 10:00:00 PM","No Pedestrians Involved","Unknown","Unknown","Unknown","Unknown","Unknown","Unknown","Broadside","Non-Related","Parked Vehicle","Not Applicable","Not Applicable","South Of",""
"677297","CR-0000086440","0","0","0","0","21-112-0917","False","False","0","4/22/2021 8:44:00 PM","No Pedestrians Involved","Dry","No Unusual Conditions","Dark - Street Light","Violation Driver 1","Controls Functioning","Clear","Broadside","Intersection","Other Vehicle","Not Applicable","Not Applicable","At",""
"677298","CR-0000086441","0","0","0","0","21-113-0041","False","False","93","4/23/2021 12:59:00 AM","No Pedestrians Involved","Dry","No Unusual Conditions","Dark - Street Light","Violation Driver 1","Controls Functioning","Clear","Rear End","Non-Related","Other Vehicle","Not Applicable","Not Applicable","North Of",""
"677299","CR-0000086442","0","1","0","0","21-113-0109","True","False","433","4/23/2021 4:19:00 AM","No Pedestrians Involved","Dry","No Unusual Conditions","Dark - Street Light","Violation Driver 1","Controls Functioning","Clear","Hit Object","Non-Related","Fixed Object","Not Applicable","Not Applicable","North Of","Barrier, center median"
"677300","CR-0000086443","0","0","0","0","21-113-0457","False","False","61","4/23/2021 2:30:00 PM","No Pedestrians Involved","Dry","No Unusual Conditions","Daylight","Violation Driver 1","No Controls Present/Factor","Clear","Sideswipe","Non-Related","Other Vehicle","Not Applicable","Not Applicable","South Of",""
"677301","CR-0000086444","2","0","0","0","21-113-0531","False","False","0","4/23/2021 2:36:00 PM","No Pedestrians Involved","Dry","No Unusual Conditions","Daylight","Violation Driver 1","Controls Functioning","Clear","Broadside","Intersection","Other Vehicle","Not Applicable","Not Applicable","At",""
"677302","CR-0000086445","0","0","0","0","21-113-0547","True","False","","4/23/2021 2:57:00 PM","No Pedestrians Involved","Dry","No Unusual Conditions","Daylight","Violation Driver 1","No Controls Present/Factor","Clear","Sideswipe","Related","Parked Vehicle","Not Applicable","Not Applicable","East Of","Street sign"
"677303","CR-0000086446","0","0","0","0","21-113-0555","False","False","39","4/23/2021 3:07:00 PM","No Pedestrians Involved","Dry","No Unusual Conditions","Daylight","Violation Driver 1","No Controls Present/Factor","Clear","Rear End","Related","Parked Vehicle","Not Applicable","Not Applicable","South Of",""
"677304","CR-0000086447","0","0","0","0","21-113-0565","False","False","75","4/23/2021 3:10:00 PM","No Pedestrians Involved","Dry","No Unusual Conditions","Daylight","Violation Driver 1","Controls Functioning","Clear","Rear End","Non-Related","Other Vehicle","Not Applicable","Not Applicable","South Of",""
"677305","CR-0000086448","0","1","0","0","21-113-0794","False","False","40","4/23/2021 6:53:00 PM","No Pedestrians Involved","Dry","No Unusual Conditions","Daylight","Violation Driver 1","Controls Functioning","Clear","Vehicle/Bike","Related","Bike","Not Applicable","Not Applicable","South Of",""
"677317","CR-0000086461","1","0","0","0","21-110-0371","False","False","125","4/20/2021 11:25:00 AM","No Pedestrians Involved","Dry","No Unusual Conditions","Daylight","Violation Driver 1","No Controls Present/Factor","Cloudy","Rear End","Non-Related","Parked Vehicle","Not Applicable","Not Applicable","West Of",""
"677318","CR-0000086462","1","0","0","0","21-110-0460","False","False","0","4/20/2021 12:39:00 PM","No Pedestrians Involved","Dry","No Unusual Conditions","Daylight","Violation Driver 1","Controls Functioning","Clear","Broadside","Intersection","Other Vehicle","Not Applicable","Not Applicable","At",""
"677319","CR-0000086463","0","0","0","0","21-110-0566","False","False","0","4/20/2021 2:59:00 PM","No Pedestrians Involved","Dry","No Unusual Conditions","Daylight","Violation Driver 1","Controls Functioning","Clear","Broadside","Intersection","Other Vehicle","Not Applicable","Not Applicable","At",""
"677320","CR-0000086464","0","0","0","0","21-112-0013","False","False","355","4/22/2021 12:10:00 AM","No Pedestrians Involved","Dry","No Unusual Conditions","Dark - Street Light","Violation Driver 1","No Controls Present/Factor","Clear","Rear End","Non-Related","Parked Vehicle","Not Applicable","Not Applicable","East Of",""
"677321","CR-0000086465","0","0","0","0","21-112-0167","False","False","468","4/22/2021 6:50:00 AM","No Pedestrians Involved","Unknown","No Unusual Conditions","Dusk - Dawn","Violation Driver 1","Unknown","Unknown","Hit Object","Non-Related","Fixed Object","Not Applicable","Not Applicable","East Of","Center median, fence"
"677322","CR-0000086466","0","0","0","0","21-112-0197","False","False","263","4/22/2021 7:45:00 AM","No Pedestrians Involved","Dry","Unknown","Daylight","Violation Driver 1","No Controls Present/Factor","Clear","Hit Object","Non-Related","Fixed Object","Not Applicable","Not Applicable","South Of","Fire hydrant"
"677323","CR-0000086467","0","1","0","0","21-112-0228","False","False","0","4/22/2021 8:40:00 AM","No Pedestrians Involved","Dry","No Unusual Conditions","Daylight","Violation Driver 1","Controls Functioning","Clear","Broadside","Intersection","Other Vehicle","Not Applicable","Not Applicable","At",""
"677324","CR-0000086468","1","0","0","0","21-112-0316","False","False","0","4/22/2021 10:16:00 AM","No Pedestrians Involved","Dry","No Unusual Conditions","Daylight","Violation Driver 1","Controls Functioning","Clear","Broadside","Intersection","Other Vehicle","Not Applicable","Not Applicable","At",""