"CrashFactId","Name","MinorInjuries","ModerateInjuries","SevereInjuries","FatalInjuries","TcrNumber","CityDamageFlag","ShortFormFlag","Distance","CrashDateTime","PedestrianAction","RoadwaySurface","RoadwayCondition","Lighting","PrimaryCollisionFactor","TrafficControl","Weather","CollisionType","ProximityToIntersection","VehicleInvolvedWith","PedestrianDirectionFrom","PedestrianDirectionTo","DirectionFromIntersection","Comment"
"677621","CR-0000086783","1","0","0","0","21-150-0662","False","False","0","5/30/2021 5:42:00 PM","No Pedestrians Involved","Dry","No Unusual Conditions","Daylight","Violation Driver 1","No Controls Present/Factor","Clear","Sideswipe","Intersection","Other Vehicle","Not Applicable","Not Applicable","At",""
"677622","CR-0000086784","0","0","0","0","21-150-0959","True","False","0","5/30/2021 11:09:00 PM","No Pedestrians Involved","Dry","No Unusual Conditions","Dark - Street Light","Violation Driver 1","Controls Functioning","Clear","Hit Object","Intersection","Fixed Object","Not Applicable","Not Applicable","At","No Parking Sign"
"677623","CR-0000086785","0","2","0","0","21-151-0358","True","False","51","5/31/2021 10:44:00 AM","No Pedestrians Involved","Dry","Loose Material On Roadway","Daylight","Violation Driver 1","No Controls Present/Factor","Clear","Hit Object","Non-Related","Fixed Object","Not Applicable","Not Applicable","South Of","Tree"
"677624","CR-0000086786","0","1","0","0","21-151-0472","False","False","21","5/31/2021 1:08:00 PM","Not In Road","Dry","No Unusual Conditions","Daylight","Violation Driver 1","Controls Functioning","Clear","Vehicle/Pedestrian","Related","Pedestrian","No Direction (Not Walking)","No Direction (Not Walking)","South Of",""
"677625","CR-0000086788","0","1","0","0","21-151-0465","False","False","36","5/31/2021 12:58:00 PM","No Pedestrians Involved","Dry","No Unusual Conditions","Daylight","Violation Driver 1","Controls Functioning","Clear","Sideswipe","Related","Parked Vehicle","Not Applicable","Not Applicable","North Of",""
"677626","CR-0000086789","0","2","0","0","21-151-0576","False","False","0","5/31/2021 3:30:00 PM","No Pedestrians Involved","Dry","No Unusual Conditions","Daylight","Violation Driver 1","Controls Functioning","Clear","Broadside","Intersection","Other Vehicle","Not Applicable","Not Applicable","At",""
"677627","CR-0000086790","1","0","0","0","21-151-0668","False","False","42","5/31/2021 5:58:00 PM","No Pedestrians Involved","Dry","No Unusual Conditions","Daylight","Violation Driver 1","No Controls Present/Factor","Clear","Sideswipe","Related","Other Vehicle","Not Applicable","Not Applicable","South Of",""
"677628","CR-0000086791","0","0","0","0","21-151-0866","False","False","51","5/31/2021 9:14:00 PM","No Pedestrians Involved","Dry","No Unusual Conditions","Dark - Street Light","Violation Driver 1","No Controls Present/Factor","Clear","Rear End","Non-Related","Parked Vehicle","Not Applicable","Not Applicable","Unknown",""
"677629","CR-0000086794","0","0","0","0","21-136-0008","True","False","32","5/16/2021 12:04:00 AM","No Pedestrians Involved","Dry","No Unusual Conditions","Dark - Street Light","Violation Driver 1","No Controls Present/Factor","Unknown","Hit Object","Related","Fixed Object","Not Applicable","Not Applicable","South Of","Light pole"
"677630","CR-0000086820","0","0","0","0","21-140-0551","False","False","18","5/20/2021 4:08:00 PM","No Pedestrians Involved","Dry","No Unusual Conditions","Daylight","Violation Driver 1","Controls Functioning","Clear","Sideswipe","Related","Other Vehicle","Not Applicable","Not Applicable","East Of",""
"677631","CR-0000086818","0","0","0","0","21-139-0307","False","False","370","5/19/2021 10:41:00 AM","No Pedestrians Involved","Dry","No Unusual Conditions","Daylight","Violation Driver 1","No Controls Present/Factor","Clear","Broadside","Non-Related","Other Vehicle","Not Applicable","Not Applicable","South Of",""
"677632","CR-0000086806","1","0","0","0","21-137-0914","False","False","0","5/17/2021 8:55:00 PM","No Pedestrians Involved","Dry","No Unusual Conditions","Daylight","Violation Driver 1","Controls Functioning","Clear","Broadside","Intersection","Other Vehicle","Not Applicable","Not Applicable","At",""
"677633","CR-0000086812","0","1","0","0","21-138-0774","False","False","0","5/18/2021 4:59:00 PM","Crossing In Crosswalk - At Intersection","Dry","No Unusual Conditions","Daylight","Pedestrian At Fault","Controls Functioning","Clear","Vehicle/Pedestrian","Intersection","Pedestrian","West","East","At",""
"677634","CR-0000086792","0","0","0","0","21-118-0549","False","False","0","4/28/2021 3:13:00 PM","No Pedestrians Involved","Dry","No Unusual Conditions","Daylight","Unknown","No Controls Present/Factor","Clear","Other","Intersection","Other Object","Not Applicable","Not Applicable","At",""
"677635","CR-0000086826","0","0","1","0","21-141-0563","False","False","23","5/21/2021 3:45:00 PM","No Pedestrians Involved","Dry","No Unusual Conditions","Daylight","Violation Driver 1","Controls Functioning","Clear","Vehicle/Bike","Related","Bike","Not Applicable","Not Applicable","East Of",""
"677636","CR-0000086809","0","1","0","0","21-139-0039","False","False","750","5/18/2021 12:45:00 PM","No Pedestrians Involved","Dry","No Unusual Conditions","Dark - Street Light","Unknown","No Controls Present/Factor","Clear","Sideswipe","Non-Related","Other Vehicle","Not Applicable","Not Applicable","West Of",""
"677637","CR-0000086800","0","0","0","0","21-136-0627","False","False","0","5/16/2021 5:57:00 PM","No Pedestrians Involved","Dry","No Unusual Conditions","Daylight","Violation Driver 1","No Controls Present/Factor","Clear","Broadside","Intersection","Other Vehicle","Not Applicable","Not Applicable","At",""
"677638","CR-0000086832","0","0","0","0","21-149-0077","False","False","129","5/29/2021 1:39:00 AM","No Pedestrians Involved","Dry","No Unusual Conditions","Dark - Street Light","Violation Driver 1","Controls Functioning","Clear","Rear End","Non-Related","Parked Vehicle","Not Applicable","Not Applicable","South Of",""
"677639","CR-0000086829","0","0","1","0","21-142-0057","False","False","0","5/22/2021 1:18:00 AM","No Pedestrians Involved","Dry","No Unusual Conditions","Dark - Street Light","Unknown","Controls Functioning","Clear","Broadside","Intersection","Other Vehicle","Not Applicable","Not Applicable","At",""
"677640","CR-0000086823","0","0","1","0","21-141-0863","False","False","378","5/21/2021 8:35:00 PM","In Road - Includes Shoulder","Dry","No Unusual Conditions","Dark - Street Light","Pedestrian At Fault","No Controls Present/Factor","Clear","Vehicle/Pedestrian","Non-Related","Skateboard","North","South","North Of",""
"677641","CR-0000086805","2","0","0","0","21-137-0865","False","False","0","5/17/2021 7:52:00 PM","No Pedestrians Involved","Dry","No Unusual Conditions","Daylight","Violation Driver 1","Controls Functioning","Clear","Broadside","Intersection","Other Vehicle","Not Applicable","Not Applicable","At",""
"677642","CR-0000086793","0","0","0","0","21-128-0778","True","False","0","5/8/2021 7:28:00 PM","No Pedestrians Involved","Dry","No Unusual Conditions","Dusk - Dawn","Violation Driver 1","No Controls Present/Factor","Clear","Sideswipe","Intersection","Parked Vehicle","Not Applicable","Not Applicable","At","Stop sign"
"677643","CR-0000086825","1","0","0","0","21-141-0300","False","False","76","5/21/2021 11:01:00 AM","No Pedestrians Involved","Dry","No Unusual Conditions","Daylight","Violation Driver 1","No Controls Present/Factor","Clear","Sideswipe","Non-Related","Other Vehicle","Not Applicable","Not Applicable","East Of",""
"677644","CR-0000086799","1","1","0","0","21-136-0573","False","False","0","5/16/2021 4:48:00 PM","No Pedestrians Involved","Dry","No Unusual Conditions","Daylight","Violation Driver 1","Controls Functioning","Clear","Broadside","Intersection","Other Vehicle","Not Applicable","Not Applicable","At",""
"677645","CR-0000086803","0","0","0","0","21-137-0221","False","False","115","5/17/2021 8:47:00 AM","No Pedestrians Involved","Dry","No Unusual Conditions","Daylight","Violation Driver 1","No Controls Present/Factor","Clear","Rear End","Non-Related","Parked Vehicle","Not Applicable","Not Applicable","North Of",""
"677646","CR-0000086827","0","0","1","0","21-141-0794","False","False","134","5/21/2021 7:26:00 PM","Crossing - Not In Crosswalk","Dry","No Unusual Conditions","Daylight","Pedestrian At Fault","No Controls Present/Factor","Clear","Vehicle/Pedestrian","Non-Related","Scooter Non-Motorized","West","East","North Of",""
"677647","CR-0000086836","0","1","0","0","21-151-0812","False","False","237","5/31/2021 8:14:00 PM","No Pedestrians Involved","Dry","No Unusual Conditions","Daylight","Unknown","No Controls Present/Factor","Clear","Hit Object","Non-Related","Fixed Object","Not Applicable","Not Applicable","South Of","PG&E pole. An uninvolved vehicle cut off V1 which led D1 to lose control and veer off the road"
"677648","CR-0000086810","1","1","0","0","21-138-0561","True","False","232","5/18/2021 1:41:00 PM","Not In Road","Dry","No Unusual Conditions","Daylight","Violation Driver 1","Unknown","Clear","Hit Object","Non-Related","Fixed Object","South","North","South Of","2 light poles were hit and the debris from them hit 2 pedestrians"
"677649","CR-0000086808","0","0","0","0","21-138-0255","False","False","0","5/18/2021 8:36:00 AM","No Pedestrians Involved","Dry","No Unusual Conditions","Daylight","Violation Driver 1","Controls Functioning","Clear","Rear End","Intersection","Other Vehicle","Not Applicable","Not Applicable","At",""
"677650","CR-0000086830","0","2","0","0","21-142-0099","False","False","120","5/22/2021 2:40:00 AM","No Pedestrians Involved","Dry","No Unusual Conditions","Dark - Street Light","Violation Driver 1","No Controls Present/Factor","Clear","Hit Object","Non-Related","Fixed Object","Not Applicable","Not Applicable","South Of",""
"677651","CR-0000086807","2","0","0","0","21-138-0015","False","False","0","5/18/2021 12:19:00 AM","No Pedestrians Involved","Dry","No Unusual Conditions","Dark - Street Light","Violation Driver 1","Controls Functioning","Clear","Broadside","Intersection","Other Vehicle","Not Applicable","Not Applicable","At",""
"677652","CR-0000086828","0","0","1","0","21-142-0047","False","False","0","5/22/2021 1:04:00 AM","No Pedestrians Involved","Dry","No Unusual Conditions","Dark - Street Light","Unknown","Controls Functioning","Clear","Vehicle/Bike","Intersection","Bike","Not Applicable","Not Applicable","At",""
"677653","CR-0000086816","2","0","0","0","21-139-0118","False","False","20","5/19/2021 5:30:00 AM","No Pedestrians Involved","Dry","No Unusual Conditions","Daylight","Violation Driver 1","Controls Functioning","Clear","Broadside","Related","Other Vehicle","Not Applicable","Not Applicable","West Of",""
"677654","CR-0000086797","1","0","0","0","21-136-0465","False","False","0","5/16/2021 1:40:00 PM","No Pedestrians Involved","Dry","No Unusual Conditions","Daylight","Violation Driver 1","No Controls Present/Factor","Clear","Broadside","Intersection","Other Vehicle","Not Applicable","Not Applicable","At",""
"677655","CR-0000086801","0","0","0","0","21-136-0847","False","False","0","5/16/2021 10:22:00 PM","No Pedestrians Involved","Dry","No Unusual Conditions","Dark - Street Light","Unknown","Controls Functioning","Clear","Broadside","Intersection","Other Vehicle","Not Applicable","Not Applicable","At",""
"677656","CR-0000086835","0","0","0","0","21-150-0859","True","False","0","5/30/2021 9:34:00 PM","No Pedestrians Involved","Dry","No Unusual Conditions","Dark - Street Light","Violation Driver 1","Controls Functioning","Clear","Hit Object","Intersection","Fixed Object","Not Applicable","Not Applicable","At","Median"
"677657","CR-0000086813","0","0","1","0","21-138-1130","False","False","0","5/18/2021 10:09:00 PM","Crossing In Crosswalk - At Intersection","Dry","No Unusual Conditions","Dark - Street Light","Pedestrian At Fault","Controls Functioning","Clear","Vehicle/Pedestrian","Intersection","Pedestrian","East","West","At",""
"681002","CR-0000090331","1","0","0","0","21-298-0525","False","False","","9/3/2021 11:50:00 AM","No Pedestrians Involved","Unknown","Unknown","Daylight","Violation Driver 1","Unknown","Unknown","Vehicle/Bike","Non-Related","Scooter Motorized","Not Applicable","Not Applicable","Unknown","BIKE (ELECTRIC SCOOTER)"
"681003","CR-0000090332","0","0","0","0","21-263-9708","False","True","","9/18/2021 8:47:00 PM","No Pedestrians Involved","Dry","No Unusual Conditions","Dark - Street Light","Unknown","Controls Functioning","Clear","Rear End","Related","Other Vehicle","Not Applicable","Not Applicable","West Of",""
"681059","CR-0000090426","0","0","0","0","21-266-9706","False","True","0","8/31/2021 2:50:00 PM","No Pedestrians Involved","Dry","No Unusual Conditions","Daylight","Unknown","Controls Functioning","Clear","Sideswipe","Intersection","Other Vehicle","Not Applicable","Not Applicable","At",""
"681087","CR-0000090491","1","0","0","0","21-246-0523","False","False","150","9/3/2021 2:30:00 PM","Crossing - Not In Crosswalk","Dry","No Unusual Conditions","Daylight","Violation Driver 1","Controls Functioning","Clear","Vehicle/Pedestrian","Non-Related","Pedestrian","West","East","South Of",""
"682121","CR-0000091641","0","0","0","0","22-035-9701","False","True","","8/26/2021 1:50:00 AM","No Pedestrians Involved","Dry","Other","Dark - Street Light","Unknown","Controls Functioning","Clear","Rear End","Related","Other Vehicle","Not Applicable","Not Applicable","South Of",""
"683367","CR-0000092958","0","0","0","0","22-083-9711","False","True","51","8/31/2021 12:55:00 PM","No Pedestrians Involved","Dry","No Unusual Conditions","Daylight","Unknown","No Controls Present/Factor","Clear","Rear End","Non-Related","Parked Vehicle","Not Applicable","Not Applicable","West Of",""
"678767","CR-0000087955","0","1","2","1","21-271-0997","True","False","30","9/28/2021 10:10:00 PM","No Pedestrians Involved","Dry","No Unusual Conditions","Dark - Street Light","Violation Driver 1","No Controls Present/Factor","Clear","Hit Object","Related","Fixed Object","Not Applicable","Not Applicable","North Of","Tree"
"678774","CR-0000087963","0","0","0","0","21-266-0936","False","False","","9/23/2021 8:56:00 PM","No Pedestrians Involved","Dry","No Unusual Conditions","Dark - Street Light","Violation Driver 1","Controls Functioning","Clear","Sideswipe","Related","Other Vehicle","Not Applicable","Not Applicable","West Of",""
"678775","CR-0000087964","0","0","0","0","21-268-0472","False","False","0","9/25/2021 2:39:00 PM","No Pedestrians Involved","Dry","No Unusual Conditions","Daylight","Violation Driver 1","Controls Functioning","Clear","Rear End","Intersection","Parked Vehicle","Not Applicable","Not Applicable","At",""
"678776","CR-0000087965","0","0","0","0","21-271-0123","False","False","176","9/28/2021 8:30:00 AM","No Pedestrians Involved","Dry","Holes Deep Rut","Daylight","Violation Driver 1","No Controls Present/Factor","Clear","Other","Non-Related","Parked Vehicle","Not Applicable","Not Applicable","South Of",""
"678777","CR-0000087966","0","0","0","0","21-268-0885","False","False","","9/25/2021 10:20:00 PM","No Pedestrians Involved","Dry","No Unusual Conditions","Dark - Street Light","Unknown","Controls Functioning","Clear","Hit Object","Related","Fixed Object","Not Applicable","Not Applicable","North Of","Center median"
"678778","CR-0000087967","1","0","0","0","21-272-0883","False","False","0","9/29/2021 9:28:00 PM","No Pedestrians Involved","Dry","No Unusual Conditions","Dark - Street Light","Violation Driver 1","Controls Functioning","Clear","Broadside","Intersection","Other Vehicle","Not Applicable","Not Applicable","At",""
"678779","CR-0000087968","0","0","0","0","21-273-0818","True","False","0","9/30/2021 6:15:00 PM","No Pedestrians Involved","Dry","No Unusual Conditions","Daylight","Violation Driver 1","No Controls Present/Factor","Clear","Broadside","Intersection","Other Vehicle","Not Applicable","Not Applicable","At","Xwalk pole"
"678780","CR-0000087969","3","0","0","0","21-273-0822","False","False","187","9/30/2021 6:20:00 PM","No Pedestrians Involved","Dry","No Unusual Conditions","Daylight","Violation Driver 1","No Controls Present/Factor","Clear","Broadside","Non-Related","Other Vehicle","Not Applicable","Not Applicable","South Of",""
"678781","CR-0000087970","0","0","0","1","21-294-0972","False","False","6038","10/21/2021 10:12:00 PM","No Pedestrians Involved","Dry","No Unusual Conditions","Dark - No Street Light","Unknown","No Controls Present/Factor","Clear","Hit Object","Non-Related","Fixed Object","Not Applicable","Not Applicable","East Of","Rockwall/embankment"
"678921","CR-0000088114","0","0","0","0","21-271-0055","False","False","25","9/28/2021 1:46:00 AM","No Pedestrians Involved","Dry","No Unusual Conditions","Dark - Street Light","Violation Driver 1","Unknown","Clear","Rear End","Related","Other Vehicle","Not Applicable","Not Applicable","North Of",""
"678922","CR-0000088115","0","0","0","0","21-272-0438","False","False","55","9/28/2021 3:30:00 PM","No Pedestrians Involved","Dry","No Unusual Conditions","Daylight","Unknown","Controls Functioning","Clear","Sideswipe","Non-Related","Other Vehicle","Not Applicable","Not Applicable","North Of",""
"678923","CR-0000088116","0","0","0","0","21-271-4000","False","True","0","9/28/2021 5:56:00 AM","No Pedestrians Involved","Unknown","Unknown","Dusk - Dawn","Unknown","Unknown","Unknown","Sideswipe","Intersection","Other Vehicle","Not Applicable","Not Applicable","At",""
"678924","CR-0000088117","0","0","0","0","21-271-4005","False","True","51","9/28/2021 7:30:00 PM","No Pedestrians Involved","Unknown","Unknown","Unknown","Unknown","Unknown","Unknown","Sideswipe","Non-Related","Other Vehicle","Not Applicable","Not Applicable","North Of",""
"678925","CR-0000088118","1","0","0","0","21-271-0169","False","False","0","9/28/2021 8:09:00 AM","No Pedestrians Involved","Dry","No Unusual Conditions","Daylight","Violation Driver 1","No Controls Present/Factor","Clear","Broadside","Intersection","Other Vehicle","Not Applicable","Not Applicable","At",""
"678926","CR-0000088119","1","0","0","0","21-271-0641","False","False","51","9/28/2021 3:53:00 PM","No Pedestrians Involved","Dry","No Unusual Conditions","Daylight","Violation Driver 1","No Controls Present/Factor","Clear","Rear End","Non-Related","Other Vehicle","Not Applicable","Not Applicable","West Of",""
"678927","CR-0000088120","1","0","0","0","21-271-0601","False","False","33","9/28/2021 3:08:00 PM","No Pedestrians Involved","Dry","No Unusual Conditions","Daylight","Violation Driver 1","Controls Functioning","Clear","Sideswipe","Related","Other Vehicle","Not Applicable","Not Applicable","South Of",""
"678928","CR-0000088121","0","0","0","0","21-271-0316","False","False","294","9/28/2021 10:07:00 AM","No Pedestrians Involved","Dry","No Unusual Conditions","Daylight","Violation Driver 1","No Controls Present/Factor","Clear","Hit Object","Non-Related","Fixed Object","Not Applicable","Not Applicable","West Of","Curb"
"678929","CR-0000088122","1","1","0","0","21-271-0782","False","False","0","9/28/2021 6:13:00 PM","No Pedestrians Involved","Dry","No Unusual Conditions","Dusk - Dawn","Violation Driver 1","Controls Functioning","Clear","Broadside","Intersection","Other Vehicle","Not Applicable","Not Applicable","At",""
"678930","CR-0000088123","0","0","0","0","21-272-0776","False","False","0","9/29/2021 6:50:00 PM","No Pedestrians Involved","Dry","No Unusual Conditions","Daylight","Violation Driver 1","No Controls Present/Factor","Clear","Sideswipe","Intersection","Other Vehicle","Not Applicable","Not Applicable","At",""
"678931","CR-0000088124","3","1","0","0","21-272-0867","True","False","28","9/29/2021 8:53:00 PM","No Pedestrians Involved","Dry","No Unusual Conditions","Dark - Street Light","Violation Driver 1","No Controls Present/Factor","Clear","Hit Object","Related","Fixed Object","Not Applicable","Not Applicable","West Of","Tree"
"678932","CR-0000088125","2","0","0","0","21-272-0756","False","False","60","9/29/2021 6:35:00 PM","No Pedestrians Involved","Dry","No Unusual Conditions","Daylight","Violation Driver 1","Controls Functioning","Clear","Rear End","Non-Related","Motor Vehicle On Other Roadway","Not Applicable","Not Applicable","West Of",""
"678933","CR-0000088126","1","0","0","0","21-272-0796","False","False","33","9/29/2021 7:27:00 PM","No Pedestrians Involved","Dry","No Unusual Conditions","Dark - Street Light","Violation Driver 1","Controls Functioning","Clear","Rear End","Related","Other Vehicle","Not Applicable","Not Applicable","East Of",""
"678934","CR-0000088127","0","0","0","0","21-272-0109","False","False","75","9/29/2021 4:21:00 AM","No Pedestrians Involved","Dry","Unknown","Dark - Street Light","Violation Driver 1","No Controls Present/Factor","Clear","Head On","Non-Related","Parked Vehicle","Not Applicable","Not Applicable","North Of",""
"678935","CR-0000088128","1","2","1","0","21-272-0144","False","False","0","9/29/2021 6:21:00 AM","No Pedestrians Involved","Dry","No Unusual Conditions","Dusk - Dawn","Violation Driver 1","Controls Functioning","Clear","Broadside","Intersection","Other Vehicle","Not Applicable","Not Applicable","At",""
"678936","CR-0000088129","1","1","0","0","21-272-0389","False","False","0","9/29/2021 11:50:00 AM","No Pedestrians Involved","Dry","No Unusual Conditions","Daylight","Violation Driver 1","No Controls Present/Factor","Clear","Broadside","Intersection","Other Vehicle","Not Applicable","Not Applicable","At",""
"678937","CR-0000088130","0","0","0","0","21-272-0460","False","False","0","9/29/2021 1:08:00 PM","No Pedestrians Involved","Dry","No Unusual Conditions","Daylight","Violation Driver 1","Controls Functioning","Clear","Sideswipe","Intersection","Other Vehicle","Not Applicable","Not Applicable","At",""
"678938","CR-0000088131","1","0","0","0","21-272-0726","False","False","100","9/29/2021 6:04:00 PM","No Pedestrians Involved","Dry","No Unusual Conditions","Daylight","Violation Driver 1","Controls Functioning","Clear","Rear End","Non-Related","Other Vehicle","Not Applicable","Not Applicable","East Of",""
"678939","CR-0000088132","0","0","0","0","21-272-4001","False","True","0","9/29/2021 8:50:00 AM","No Pedestrians Involved","Unknown","Unknown","Daylight","Unknown","Unknown","Unknown","Sideswipe","Intersection","Other Vehicle","Not Applicable","Not Applicable","At",""
"678940","CR-0000088133","0","0","0","0","21-272-4003","False","True","0","9/29/2021 5:35:00 PM","No Pedestrians Involved","Unknown","Unknown","Dusk - Dawn","Unknown","Unknown","Unknown","Rear End","Intersection","Other Vehicle","Not Applicable","Not Applicable","At",""
"678941","CR-0000088134","0","0","0","0","21-273-4001","False","True","","9/29/2021 2:25:00 PM","No Pedestrians Involved","Unknown","Unknown","Unknown","Unknown","Unknown","Unknown","Other","Related","Other Vehicle","Not Applicable","Not Applicable","East Of",""
"678942","CR-0000088135","1","1","0","0","21-272-0191","True","False","0","9/29/2021 7:59:00 AM","No Pedestrians Involved","Dry","No Unusual Conditions","Daylight","Violation Driver 1","No Controls Present/Factor","Clear","Sideswipe","Intersection","Other Vehicle","Not Applicable","Not Applicable","At","Street sign, fence"
"678943","CR-0000088136","0","1","0","0","21-272-0739","False","False","230","9/29/2021 6:17:00 PM","Crossing - Not In Crosswalk","Dry","No Unusual Conditions","Daylight","Violation Driver 1","No Controls Present/Factor","Clear","Vehicle/Pedestrian","Non-Related","Pedestrian","West","East","East Of",""
"678944","CR-0000088137","0","0","0","0","21-273-0054","False","False","55","9/30/2021 1:45:00 AM","No Pedestrians Involved","Dry","No Unusual Conditions","Dark - Street Light","Violation Driver 1","Controls Functioning","Clear","Rear End","Non-Related","Other Vehicle","Not Applicable","Not Applicable","West Of",""
"678945","CR-0000088138","0","0","0","0","21-273-0173","False","False","0","9/30/2021 9:16:00 AM","No Pedestrians Involved","Dry","No Unusual Conditions","Daylight","Violation Driver 1","Controls Functioning","Clear","Broadside","Intersection","Motorcycle","Not Applicable","Not Applicable","At",""
"678946","CR-0000088139","0","0","0","0","21-273-0718","False","False","63","9/30/2021 11:08:00 AM","No Pedestrians Involved","Dry","No Unusual Conditions","Daylight","Violation Driver 1","No Controls Present/Factor","Clear","Sideswipe","Non-Related","Parked Vehicle","Not Applicable","Not Applicable","East Of",""
"678947","CR-0000088140","2","0","0","0","21-273-0413","False","False","116","9/30/2021 11:26:00 AM","No Pedestrians Involved","Dry","No Unusual Conditions","Daylight","Violation Driver 1","Controls Functioning","Clear","Rear End","Non-Related","Other Vehicle","Not Applicable","Not Applicable","South Of",""
"678948","CR-0000088141","1","0","0","0","21-273-0657","False","False","0","9/30/2021 3:35:00 PM","No Pedestrians Involved","Dry","No Unusual Conditions","Daylight","Violation Driver 1","No Controls Present/Factor","Clear","Broadside","Intersection","Other Vehicle","Not Applicable","Not Applicable","At",""
"678949","CR-0000088142","1","0","0","0","21-273-0964","False","False","0","9/30/2021 8:47:00 PM","No Pedestrians Involved","Dry","No Unusual Conditions","Dark - Street Light","Violation Driver 1","No Controls Present/Factor","Clear","Broadside","Intersection","Other Vehicle","Not Applicable","Not Applicable","At",""
"678950","CR-0000088143","0","0","0","0","21-273-1069","False","False","0","9/30/2021 11:23:00 PM","No Pedestrians Involved","Dry","No Unusual Conditions","Dark - Street Light","Violation Driver 1","No Controls Present/Factor","Clear","Broadside","Intersection","Other Vehicle","Not Applicable","Not Applicable","At",""
"678951","CR-0000088144","1","0","0","0","21-273-1021","False","False","72","9/30/2021 10:01:00 PM","No Pedestrians Involved","Dry","No Unusual Conditions","Dark - Street Light","Violation Driver 1","No Controls Present/Factor","Clear","Rear End","Non-Related","Other Vehicle","Not Applicable","Not Applicable","South Of",""
"678952","CR-0000088145","1","0","0","0","21-273-0762","False","False","40","9/30/2021 5:27:00 PM","No Pedestrians Involved","Dry","No Unusual Conditions","Daylight","Violation Driver 1","No Controls Present/Factor","Clear","Broadside","Related","Other Vehicle","Not Applicable","Not Applicable","South Of",""
"678954","CR-0000088147","0","0","0","1","21-303-0850","False","False","183","10/30/2021 7:49:00 PM","Crossing - Not In Crosswalk","Dry","No Unusual Conditions","Dark - Street Light Not Functioning","Violation Driver 1","No Controls Present/Factor","Clear","Vehicle/Pedestrian","Non-Related","Pedestrian","West","East","North Of","Delayed Fatal - 11.05.2021"
"679044","CR-0000088284","1","0","0","0","21-266-0477","False","False","0","9/23/2021 12:21:00 PM","No Pedestrians Involved","Dry","No Unusual Conditions","Daylight","Violation Driver 1","Controls Functioning","Clear","Vehicle/Bike","Intersection","Bike","Not Applicable","Not Applicable","At","Bike"
"679049","CR-0000088285","1","0","0","0","21-266-0509","False","False","250","9/23/2021 12:57:00 PM","No Pedestrians Involved","Dry","No Unusual Conditions","Daylight","Violation Driver 1","No Controls Present/Factor","Clear","Rear End","Driveway","Parked Vehicle","Not Applicable","Not Applicable","West Of",""
"679068","CR-0000088283","2","0","0","0","21-266-0390","True","False","148","9/23/2021 10:48:00 AM","No Pedestrians Involved","Dry","No Unusual Conditions","Daylight","Violation Driver 1","Controls Functioning","Clear","Sideswipe","Non-Related","Other Vehicle","Not Applicable","Not Applicable","East Of","TREE"
"679091","CR-0000088289","1","0","0","0","21-266-0838","False","False","400","9/23/2021 7:22:00 PM","No Pedestrians Involved","Dry","No Unusual Conditions","Dark - Street Light","Bike At Fault","No Controls Present/Factor","Clear","Broadside","Non-Related","Other Vehicle","Not Applicable","Not Applicable","East Of","Bike (Motor Scooter)"
"679092","CR-0000088288","1","0","0","0","21-266-0801","False","False","0","9/23/2021 6:30:00 PM","No Pedestrians Involved","Dry","No Unusual Conditions","Daylight","Violation Driver 1","No Controls Present/Factor","Clear","Broadside","Intersection","Other Vehicle","Not Applicable","Not Applicable","At",""
"679093","CR-0000088287","0","1","0","0","21-266-0721","False","False","0","9/23/2021 5:05:00 PM","No Pedestrians Involved","Dry","No Unusual Conditions","Daylight","Bike At Fault","Controls Functioning","Clear","Vehicle/Bike","Intersection","Bike","Not Applicable","Not Applicable","At","Bike"
"679094","CR-0000088286","0","1","0","0","21-266-0579","True","False","192","9/23/2021 2:25:00 PM","No Pedestrians Involved","Dry","No Unusual Conditions","Daylight","Violation Driver 1","No Controls Present/Factor","Clear","Head On","Non-Related","Fixed Object","Not Applicable","Not Applicable","East Of","Tree"
"679095","CR-0000088291","1","2","0","0","21-270-0814","False","False","49","9/27/2021 6:01:00 PM","No Pedestrians Involved","Dry","No Unusual Conditions","Daylight","Violation Driver 1","No Controls Present/Factor","Clear","Head On","Related","Parked Vehicle","Not Applicable","Not Applicable","South Of",""
"679096","CR-0000088292","0","0","1","0","21-270-0038","True","False","0","9/27/2021 12:51:00 AM","No Pedestrians Involved","Dry","No Unusual Conditions","Dark - Street Light","Violation Driver 1","No Controls Present/Factor","Clear","Head On","Intersection","Parked Vehicle","Not Applicable","Not Applicable","At","Tree DUI"
"679097","CR-0000088290","0","0","0","0","21-270-0752","False","False","100","9/27/2021 4:56:00 PM","No Pedestrians Involved","Dry","No Unusual Conditions","Daylight","Violation Driver 1","Controls Functioning","Clear","Broadside","Non-Related","Other Vehicle","Not Applicable","Not Applicable","North Of",""
"679098","CR-0000088293","0","0","0","0","21-277-0699","False","False","46","10/4/2021 3:50:00 PM","No Pedestrians Involved","Dry","No Unusual Conditions","Daylight","Violation Driver 1","Controls Functioning","Clear","Rear End","Related","Other Object","Not Applicable","Not Applicable","West Of",""