"CrashFactId","Name","MinorInjuries","ModerateInjuries","SevereInjuries","FatalInjuries","TcrNumber","CityDamageFlag","ShortFormFlag","Distance","CrashDateTime","PedestrianAction","RoadwaySurface","RoadwayCondition","Lighting","PrimaryCollisionFactor","TrafficControl","Weather","CollisionType","ProximityToIntersection","VehicleInvolvedWith","PedestrianDirectionFrom","PedestrianDirectionTo","DirectionFromIntersection","Comment"
"679099","CR-0000088294","1","1","0","0","21-278-0816","False","False","0","10/5/2021 5:55:00 PM","No Pedestrians Involved","Dry","No Unusual Conditions","Daylight","Violation Driver 1","Controls Functioning","Clear","Broadside","Intersection","Motor Vehicle On Other Roadway","Not Applicable","Not Applicable","At",""
"679100","CR-0000088295","1","0","0","0","21-280-1027","False","False","108","10/7/2021 9:48:00 PM","No Pedestrians Involved","Dry","No Unusual Conditions","Dark - Street Light","Violation Driver 1","Controls Functioning","Clear","Rear End","Non-Related","Other Vehicle","Not Applicable","Not Applicable","South Of",""
"679101","CR-0000088296","0","0","0","0","21-280-1051","True","False","700","10/7/2021 10:27:00 PM","No Pedestrians Involved","Dry","No Unusual Conditions","Dark - Street Light","Violation Driver 1","No Controls Present/Factor","Cloudy","Hit Object","Non-Related","Fixed Object","Not Applicable","Not Applicable","North Of","Curb"
"679102","CR-0000088297","0","0","0","0","21-281-0006","False","False","52","10/8/2021 12:12:00 AM","No Pedestrians Involved","Dry","No Unusual Conditions","Dark - No Street Light","Violation Driver 1","Controls Functioning","Clear","Sideswipe","Non-Related","Parked Vehicle","Not Applicable","Not Applicable","North Of",""
"679103","CR-0000088298","0","1","0","0","21-281-0969","False","False","108","10/8/2021 9:50:00 PM","No Pedestrians Involved","Dry","No Unusual Conditions","Dark - Street Light","Violation Driver 1","No Controls Present/Factor","Clear","Sideswipe","Non-Related","Parked Vehicle","Not Applicable","Not Applicable","South Of",""
"679104","CR-0000088299","0","0","0","0","21-281-0005","False","False","0","10/8/2021 12:11:00 AM","No Pedestrians Involved","Dry","No Unusual Conditions","Dark - Street Light","Violation Driver 2","Controls Functioning","Clear","Sideswipe","Intersection","Other Vehicle","Not Applicable","Not Applicable","At",""
"679105","CR-0000088300","0","0","1","0","21-281-0055","False","False","114","10/8/2021 1:52:00 AM","No Pedestrians Involved","Dry","No Unusual Conditions","Dark - Street Light","Violation Driver 1","No Controls Present/Factor","Clear","Overturned","Non-Related","Non-Collision","Not Applicable","Not Applicable","South Of","Vehicle flipped while making a turn at high rate of speed."
"679106","CR-0000088301","0","0","0","0","21-281-0576","False","False","108","10/8/2021 2:52:00 PM","No Pedestrians Involved","Dry","No Unusual Conditions","Daylight","Violation Driver 1","No Controls Present/Factor","Clear","Broadside","Non-Related","Parked Vehicle","Not Applicable","Not Applicable","West Of",""
"679107","CR-0000088302","0","0","0","0","21-281-0716","False","False","","10/8/2021 4:50:00 PM","No Pedestrians Involved","Dry","No Unusual Conditions","Daylight","Violation Driver 1","Controls Functioning","Clear","Rear End","Related","Other Vehicle","Not Applicable","Not Applicable","West Of",""
"677658","CR-0000086795","0","0","0","0","21-136-0106","False","False","75","5/16/2021 2:01:00 AM","No Pedestrians Involved","Dry","No Unusual Conditions","Dark - Street Light","Violation Driver 1","Controls Functioning","Clear","Rear End","Non-Related","Parked Vehicle","Not Applicable","Not Applicable","West Of",""
"677659","CR-0000086798","0","0","1","0","21-136-0570","False","False","400","5/16/2021 4:45:00 PM","No Pedestrians Involved","Dry","No Unusual Conditions","Daylight","Bike At Fault","No Controls Present/Factor","Clear","Vehicle/Bike","Non-Related","Bike","Not Applicable","Not Applicable","East Of",""
"677660","CR-0000086833","0","0","0","0","21-149-0359","False","False","0","5/29/2021 11:26:00 AM","No Pedestrians Involved","Dry","No Unusual Conditions","Daylight","Unknown","Controls Functioning","Clear","Rear End","Intersection","Other Vehicle","Not Applicable","Not Applicable","At",""
"677661","CR-0000086815","0","0","0","0","21-139-0034","True","False","0","5/19/2021 12:57:00 AM","No Pedestrians Involved","Dry","No Unusual Conditions","Dark - Street Light","Violation Driver 1","Controls Functioning","Clear","Hit Object","Intersection","Fixed Object","Not Applicable","Not Applicable","At","Signage, fence"
"677662","CR-0000086824","1","0","0","0","21-141-0156","False","False","50","5/21/2021 7:20:00 AM","No Pedestrians Involved","Dry","No Unusual Conditions","Daylight","Violation Driver 1","No Controls Present/Factor","Clear","Broadside","Related","Other Vehicle","Not Applicable","Not Applicable","West Of",""
"677663","CR-0000086817","0","0","0","0","21-139-0174","False","False","0","5/19/2021 7:40:00 AM","No Pedestrians Involved","Dry","No Unusual Conditions","Daylight","Violation Driver 1","Controls Functioning","Clear","Sideswipe","Intersection","Other Vehicle","Not Applicable","Not Applicable","At",""
"677664","CR-0000086821","1","0","0","0","21-140-0216","False","False","0","5/20/2021 8:15:00 AM","No Pedestrians Involved","Dry","No Unusual Conditions","Daylight","Violation Driver 1","Controls Functioning","Clear","Rear End","Intersection","Other Vehicle","Not Applicable","Not Applicable","At",""
"677665","CR-0000086804","0","0","0","0","21-137-0707","False","False","","5/17/2021 5:00:00 PM","No Pedestrians Involved","Dry","No Unusual Conditions","Daylight","Violation Driver 1","No Controls Present/Factor","Clear","Rear End","Related","Other Vehicle","Not Applicable","Not Applicable","North Of",""
"677666","CR-0000086811","0","1","0","0","21-138-0663","False","False","40","5/18/2021 3:27:00 PM","No Pedestrians Involved","Dry","No Unusual Conditions","Daylight","Violation Driver 1","No Controls Present/Factor","Clear","Rear End","Related","Parked Vehicle","Not Applicable","Not Applicable","South Of",""
"677667","CR-0000086802","0","0","0","0","21-136-0874","False","False","0","5/16/2021 10:30:00 PM","No Pedestrians Involved","Dry","No Unusual Conditions","Dark - Street Light","Violation Driver 1","Controls Functioning","Clear","Sideswipe","Intersection","Other Vehicle","Not Applicable","Not Applicable","At",""
"677668","CR-0000086819","0","0","0","0","21-139-0740","True","False","0","5/19/2021 6:25:00 PM","No Pedestrians Involved","Dry","No Unusual Conditions","Daylight","Violation Driver 1","Controls Functioning","Clear","Hit Object","Intersection","Other Object","Not Applicable","Not Applicable","At","Orange barrier, traffic light pole, fence"
"677669","CR-0000086831","0","0","0","0","21-142-0337","False","False","29","5/22/2021 11:44:00 AM","No Pedestrians Involved","Dry","No Unusual Conditions","Daylight","Violation Driver 1","No Controls Present/Factor","Clear","Sideswipe","Related","Other Vehicle","Not Applicable","Not Applicable","East Of",""
"677670","CR-0000086814","1","0","0","0","21-138-1179","False","False","316","5/18/2021 11:23:00 PM","No Pedestrians Involved","Dry","No Unusual Conditions","Dark - Street Light","Violation Driver 1","No Controls Present/Factor","Clear","Sideswipe","Non-Related","Other Vehicle","Not Applicable","Not Applicable","West Of",""
"679108","CR-0000088303","0","0","0","0","21-281-0817","False","False","70","10/8/2021 6:58:00 PM","No Pedestrians Involved","Dry","No Unusual Conditions","Daylight","Violation Driver 1","Controls Functioning","Clear","Sideswipe","Non-Related","Other Vehicle","Not Applicable","Not Applicable","West Of",""
"679109","CR-0000088304","1","0","0","0","21-281-0638","False","False","121","10/8/2021 4:00:00 PM","No Pedestrians Involved","Dry","No Unusual Conditions","Daylight","Violation Driver 1","Controls Functioning","Clear","Rear End","Non-Related","Other Vehicle","Not Applicable","Not Applicable","West Of",""
"679110","CR-0000088305","0","0","0","0","21-281-0877","False","False","132","10/8/2021 8:04:00 PM","No Pedestrians Involved","Dry","No Unusual Conditions","Daylight","Violation Driver 1","Controls Functioning","Clear","Sideswipe","Non-Related","Other Vehicle","Not Applicable","Not Applicable","East Of",""
"679111","CR-0000088306","0","0","0","0","21-281-0976","False","False","300","10/8/2021 9:59:00 PM","No Pedestrians Involved","Dry","No Unusual Conditions","Daylight","Violation Driver 1","No Controls Present/Factor","Clear","Rear End","Non-Related","Parked Vehicle","Not Applicable","Not Applicable","South Of",""
"679112","CR-0000088307","0","0","0","0","21-282-0014","False","False","20","10/9/2021 12:10:00 AM","No Pedestrians Involved","Dry","No Unusual Conditions","Dark - Street Light","Violation Driver 1","Controls Functioning","Clear","Hit Object","Related","Fixed Object","Not Applicable","Not Applicable","South Of","Pole"
"679113","CR-0000088308","1","0","0","0","21-282-0071","True","False","0","10/9/2021 1:39:00 AM","No Pedestrians Involved","Dry","No Unusual Conditions","Dark - Street Light","Violation Driver 1","No Controls Present/Factor","Clear","Hit Object","Intersection","Fixed Object","Not Applicable","Not Applicable","At","Light pole"
"679114","CR-0000088309","0","0","0","0","21-282-0428","False","False","0","10/9/2021 12:15:00 PM","No Pedestrians Involved","Dry","No Unusual Conditions","Daylight","Violation Driver 1","Controls Functioning","Clear","Vehicle/Bike","Intersection","Bike","Not Applicable","Not Applicable","At",""
"679115","CR-0000088310","0","0","0","0","21-282-9702","False","True","51","10/9/2021 1:50:00 PM","No Pedestrians Involved","Dry","No Unusual Conditions","Daylight","Unknown","No Controls Present/Factor","Clear","Sideswipe","Non-Related","Other Vehicle","Not Applicable","Not Applicable","North Of",""
"679116","CR-0000088311","0","0","0","0","21-282-1017","True","False","","10/9/2021 10:59:00 PM","No Pedestrians Involved","Dry","No Unusual Conditions","Dark - Street Light","Violation Driver 1","No Controls Present/Factor","Clear","Hit Object","Related","Fixed Object","Not Applicable","Not Applicable","West Of","Curb, street sign, trash can, fence"
"679117","CR-0000088312","0","0","0","0","21-282-1072","False","False","415","10/9/2021 11:45:00 PM","No Pedestrians Involved","Dry","No Unusual Conditions","Dark - Street Light","Violation Driver 1","Controls Functioning","Clear","Hit Object","Non-Related","Fixed Object","Not Applicable","Not Applicable","West Of","Curb, fence, house"
"679118","CR-0000088313","1","0","0","0","21-274-0216","False","False","275","10/1/2021 8:06:00 AM","No Pedestrians Involved","Dry","Obstruction On Roadway","Daylight","Parked/Rolling","No Controls Present/Factor","Clear","Head On","Non-Related","Parked Vehicle","Not Applicable","Not Applicable","East Of",""
"679119","CR-0000088314","1","0","0","0","21-274-0196","False","False","0","10/1/2021 2:37:00 PM","No Pedestrians Involved","Dry","No Unusual Conditions","Daylight","Violation Driver 1","Controls Functioning","Clear","Broadside","Intersection","Other Vehicle","Not Applicable","Not Applicable","At",""
"679120","CR-0000088315","0","0","0","0","21-274-0211","False","False","0","10/1/2021 7:59:00 AM","No Pedestrians Involved","Dry","No Unusual Conditions","Daylight","Violation Driver 1","Controls Functioning","Clear","Broadside","Intersection","Other Vehicle","Not Applicable","Not Applicable","At",""
"677671","CR-0000086796","2","0","0","0","21-136-0306","False","False","0","5/16/2021 9:44:00 AM","No Pedestrians Involved","Dry","No Unusual Conditions","Daylight","Violation Driver 1","No Controls Present/Factor","Clear","Broadside","Intersection","Other Vehicle","Not Applicable","Not Applicable","At",""
"677672","CR-0000086822","0","1","0","0","21-140-0710","False","False","0","5/20/2021 6:34:00 PM","No Pedestrians Involved","Dry","No Unusual Conditions","Daylight","Violation Driver 1","No Controls Present/Factor","Clear","Broadside","Intersection","Other Vehicle","Not Applicable","Not Applicable","At",""
"677673","CR-0000086834","0","0","0","0","21-146-0926","False","False","","5/26/2021 10:30:00 PM","No Pedestrians Involved","Dry","No Unusual Conditions","Dark - Street Light","Violation Driver 1","Controls Functioning","Clear","Rear End","Related","Other Vehicle","Not Applicable","Not Applicable","South Of",""
"677674","CR-0000086837","0","0","0","0","21-141-4001","False","True","0","5/20/2021 5:25:00 PM","No Pedestrians Involved","Unknown","Unknown","Daylight","Unknown","Unknown","Unknown","Broadside","Intersection","Other Vehicle","Not Applicable","Not Applicable","At",""
"677675","CR-0000086838","0","0","0","0","21-142-4002","False","True","","5/22/2021 6:55:00 PM","No Pedestrians Involved","Unknown","Unknown","Dusk - Dawn","Unknown","Unknown","Unknown","Sideswipe","Related","Other Vehicle","Not Applicable","Not Applicable","Unknown",""
"677676","CR-0000086839","0","0","0","0","21-144-4001","False","True","","5/24/2021 9:45:00 PM","No Pedestrians Involved","Unknown","Unknown","Unknown","Unknown","Unknown","Unknown","Rear End","Related","Other Vehicle","Not Applicable","Not Applicable","South Of",""
"677677","CR-0000086840","1","0","0","0","21-150-0712","False","False","0","5/30/2021 6:40:00 PM","No Pedestrians Involved","Dry","No Unusual Conditions","Daylight","Violation Driver 1","Controls Functioning","Clear","Rear End","Intersection","Other Vehicle","Not Applicable","Not Applicable","At",""
"677678","CR-0000086841","1","0","0","0","21-144-0950","False","False","43","5/24/2021 8:59:00 PM","No Pedestrians Involved","Dry","No Unusual Conditions","Dark - Street Light","Violation Driver 1","Controls Functioning","Clear","Rear End","Related","Other Vehicle","Not Applicable","Not Applicable","North Of",""
"677679","CR-0000086842","1","0","0","0","21-153-1050","False","False","135","6/2/2021 4:10:00 PM","In Road - Includes Shoulder","Dry","No Unusual Conditions","Daylight","Violation Driver 1","No Controls Present/Factor","Clear","Vehicle/Pedestrian","Non-Related","Pedestrian","No Direction (Not Walking)","No Direction (Not Walking)","North Of",""
"677680","CR-0000086843","1","0","0","0","21-153-1155","False","False","0","6/2/2021 10:03:00 PM","Crossing In Crosswalk - At Intersection","Dry","No Unusual Conditions","Dark - Street Light","Violation Driver 1","Controls Functioning","Clear","Vehicle/Pedestrian","Intersection","Pedestrian","North","South","At","Pedestrian and her dog"
"677681","CR-0000086844","0","0","0","0","21-154-0596","False","False","51","6/3/2021 1:33:00 PM","No Pedestrians Involved","Dry","No Unusual Conditions","Daylight","Violation Driver 1","No Controls Present/Factor","Clear","Other","Non-Related","Other Vehicle","Not Applicable","Not Applicable","North Of",""
"677682","CR-0000086845","3","0","0","0","21-155-0729","False","False","51","6/4/2021 5:30:00 PM","No Pedestrians Involved","Dry","No Unusual Conditions","Daylight","Violation Driver 1","Controls Functioning","Clear","Rear End","Non-Related","Other Vehicle","Not Applicable","Not Applicable","North Of",""
"677683","CR-0000086846","1","0","0","0","21-155-0894","False","False","43","6/4/2021 8:08:00 PM","No Pedestrians Involved","Dry","No Unusual Conditions","Dusk - Dawn","Violation Driver 1","Controls Functioning","Clear","Rear End","Related","Other Vehicle","Not Applicable","Not Applicable","West Of",""
"677684","CR-0000086847","0","0","0","0","21-156-0063","False","False","41","6/5/2021 1:14:00 AM","No Pedestrians Involved","Dry","No Unusual Conditions","Dark - No Street Light","Violation Driver 1","No Controls Present/Factor","Clear","Broadside","Related","Parked Vehicle","Not Applicable","Not Applicable","West Of",""
"679121","CR-0000088316","0","2","0","0","21-274-0638","False","False","0","10/1/2021 4:58:00 PM","No Pedestrians Involved","Dry","No Unusual Conditions","Daylight","Violation Driver 1","Controls Functioning","Clear","Broadside","Intersection","Other Vehicle","Not Applicable","Not Applicable","At",""
"679122","CR-0000088317","1","0","0","0","21-274-0699","False","False","0","10/1/2021 5:54:00 PM","No Pedestrians Involved","Dry","No Unusual Conditions","Daylight","Violation Driver 1","No Controls Present/Factor","Clear","Vehicle/Bike","Intersection","Bike","Not Applicable","Not Applicable","At","Bike"
"679123","CR-0000088318","0","0","0","0","21-274-0176","False","False","255","10/2/2021 6:40:00 AM","No Pedestrians Involved","Dry","No Unusual Conditions","Dusk - Dawn","Violation Driver 1","Controls Functioning","Clear","Head On","Non-Related","Fixed Object","Not Applicable","Not Applicable","West Of","Fire Hydrant & Fence"
"679124","CR-0000088319","0","0","1","0","21-274-0276","False","False","0","10/1/2021 9:35:00 AM","No Pedestrians Involved","Dry","No Unusual Conditions","Daylight","Violation Driver 1","Controls Functioning","Clear","Broadside","Intersection","Motorcycle","Not Applicable","Not Applicable","At",""
"679125","CR-0000088320","2","0","0","0","21-274-0344","False","False","0","10/1/2021 11:06:00 AM","No Pedestrians Involved","Dry","No Unusual Conditions","Daylight","Violation Driver 1","Controls Functioning","Clear","Broadside","Intersection","Other Vehicle","Not Applicable","Not Applicable","At",""
"679126","CR-0000088321","1","0","0","0","21-275-0100","False","False","74","10/2/2021 2:01:00 AM","No Pedestrians Involved","Dry","No Unusual Conditions","Dark - Street Light","Violation Driver 1","Controls Functioning","Clear","Rear End","Non-Related","Other Vehicle","Not Applicable","Not Applicable","West Of",""
"679127","CR-0000088322","0","0","0","0","21-275-0323","False","False","51","10/2/2021 10:20:00 AM","No Pedestrians Involved","Dry","No Unusual Conditions","Daylight","Violation Driver 1","No Controls Present/Factor","Clear","Sideswipe","Non-Related","Other Vehicle","Not Applicable","Not Applicable","West Of",""
"679128","CR-0000088323","0","0","0","0","21-275-1001","False","False","51","10/2/2021 10:40:00 AM","No Pedestrians Involved","Dry","No Unusual Conditions","Dark - Street Light","Violation Driver 1","No Controls Present/Factor","Clear","Head On","Non-Related","Parked Vehicle","Not Applicable","Not Applicable","South Of",""
"679129","CR-0000088324","0","0","0","0","21-275-0733","False","False","0","10/2/2021 6:24:00 PM","No Pedestrians Involved","Dry","Construction - Repair Zone","Daylight","Violation Driver 1","Controls Functioning","Clear","Hit Object","Intersection","Other Object","Not Applicable","Not Applicable","At","Construction Barrier"
"679130","CR-0000088325","0","0","0","0","21-275-0783","False","False","520","10/2/2021 7:15:00 PM","No Pedestrians Involved","Dry","No Unusual Conditions","Dark - Street Light","Violation Driver 1","No Controls Present/Factor","Clear","Rear End","Non-Related","Parked Vehicle","Not Applicable","Not Applicable","North Of",""
"679131","CR-0000088326","0","0","0","0","21-275-0966","False","False","1580","10/2/2021 10:09:00 PM","No Pedestrians Involved","Dry","No Unusual Conditions","Dark - Street Light","Violation Driver 1","No Controls Present/Factor","Clear","Hit Object","Non-Related","Other Object","Not Applicable","Not Applicable","East Of","Fence"
"679132","CR-0000088327","0","0","0","0","21-275-0982","False","False","17","10/2/2021 10:30:00 PM","No Pedestrians Involved","Dry","No Unusual Conditions","Dark - Street Light","Violation Driver 1","Controls Functioning","Clear","Rear End","Related","Other Vehicle","Not Applicable","Not Applicable","East Of",""
"679133","CR-0000088328","0","1","0","0","21-275-1015","False","False","177","10/2/2021 10:54:00 PM","No Pedestrians Involved","Dry","No Unusual Conditions","Dark - Street Light","Violation Driver 1","No Controls Present/Factor","Clear","Sideswipe","Non-Related","Parked Vehicle","Not Applicable","Not Applicable","East Of",""
"677685","CR-0000086848","1","0","0","0","21-156-0374","False","False","0","6/5/2021 11:38:00 AM","No Pedestrians Involved","Dry","No Unusual Conditions","Daylight","Bike At Fault","Controls Functioning","Clear","Vehicle/Bike","Intersection","Bike","Not Applicable","Not Applicable","At",""
"677686","CR-0000086849","1","0","0","0","21-156-0557","False","False","51","6/5/2021 4:04:00 PM","No Pedestrians Involved","Dry","No Unusual Conditions","Daylight","Violation Driver 1","No Controls Present/Factor","Clear","Sideswipe","Non-Related","Parked Vehicle","Not Applicable","Not Applicable","North Of",""
"677687","CR-0000086850","0","0","0","0","21-159-0105","True","False","112","6/8/2021 4:07:00 AM","No Pedestrians Involved","Dry","No Unusual Conditions","Dark - Street Light","Violation Driver 1","Controls Functioning","Clear","Hit Object","Non-Related","Fixed Object","Not Applicable","Not Applicable","South Of","Traffic Pole"
"677688","CR-0000086851","1","0","0","0","21-159-0614","False","False","65","6/8/2021 2:00:00 PM","Crossing In Crosswalk - Not At Intersection","Dry","Holes Deep Rut","Daylight","Violation Driver 1","No Controls Present/Factor","Clear","Vehicle/Pedestrian","Non-Related","Pedestrian","East","East","West Of","Ped"
"677689","CR-0000086852","0","0","0","0","21-159-0811","False","False","0","6/8/2021 5:31:00 PM","No Pedestrians Involved","Dry","No Unusual Conditions","Daylight","Violation Driver 1","No Controls Present/Factor","Clear","Head On","Intersection","Other Vehicle","Not Applicable","Not Applicable","At",""
"677690","CR-0000086853","1","0","0","0","21-159-0816","False","False","51","6/8/2021 5:45:00 PM","No Pedestrians Involved","Dry","No Unusual Conditions","Daylight","Violation Driver 1","No Controls Present/Factor","Clear","Sideswipe","Non-Related","Parked Vehicle","Not Applicable","Not Applicable","West Of",""
"677691","CR-0000086854","0","0","0","0","21-158-0405","False","False","0","6/7/2021 9:30:00 AM","No Pedestrians Involved","Dry","No Unusual Conditions","Daylight","Violation Driver 1","Controls Functioning","Clear","Sideswipe","Intersection","Other Vehicle","Not Applicable","Not Applicable","At",""
"677692","CR-0000086855","0","1","0","0","21-158-0897","False","False","31","6/7/2021 7:16:00 PM","No Pedestrians Involved","Dry","No Unusual Conditions","Daylight","Violation Driver 1","No Controls Present/Factor","Clear","Rear End","Related","Parked Vehicle","Not Applicable","Not Applicable","East Of",""
"677693","CR-0000086856","0","0","0","0","21-158-1074","False","False","35","6/7/2021 10:01:00 PM","No Pedestrians Involved","Dry","No Unusual Conditions","Dark - Street Light","Violation Driver 1","Controls Functioning","Clear","Rear End","Related","Other Vehicle","Not Applicable","Not Applicable","East Of",""
"677694","CR-0000086857","0","0","0","0","21-158-0169","False","False","51","6/7/2021 6:28:00 AM","No Pedestrians Involved","Dry","No Unusual Conditions","Daylight","Violation Driver 1","Controls Functioning","Clear","Broadside","Non-Related","Other Vehicle","Not Applicable","Not Applicable","West Of",""
"677695","CR-0000086858","1","1","0","0","21-157-0432","False","False","0","6/6/2021 12:45:00 PM","No Pedestrians Involved","Dry","No Unusual Conditions","Daylight","Violation Driver 1","Unknown","Clear","Broadside","Intersection","Other Vehicle","Not Applicable","Not Applicable","At",""
"677696","CR-0000086859","0","0","0","0","21-157-0676","False","False","0","6/6/2021 5:59:00 PM","No Pedestrians Involved","Dry","No Unusual Conditions","Daylight","Violation Driver 1","Controls Functioning","Clear","Rear End","Intersection","Other Object","Not Applicable","Not Applicable","At",""
"677697","CR-0000086860","0","0","0","0","21-157-0941","False","False","80","6/6/2021 10:59:00 PM","No Pedestrians Involved","Dry","No Unusual Conditions","Dark - Street Light","Violation Driver 1","Controls Functioning","Clear","Rear End","Non-Related","Other Vehicle","Not Applicable","Not Applicable","West Of",""
"677698","CR-0000086861","3","0","0","0","21-157-0457","False","False","220","6/6/2021 1:20:00 PM","No Pedestrians Involved","Dry","No Unusual Conditions","Daylight","Violation Driver 1","No Controls Present/Factor","Clear","Head On","Non-Related","Other Vehicle","Not Applicable","Not Applicable","East Of",""
"679134","CR-0000088329","0","0","0","0","21-283-9703","False","True","0","10/2/2021 7:25:00 AM","No Pedestrians Involved","Dry","No Unusual Conditions","Daylight","Unknown","Controls Functioning","Clear","Broadside","Intersection","Other Vehicle","Not Applicable","Not Applicable","At",""
"679135","CR-0000088330","0","0","0","0","21-276-0014","False","False","396","10/2/2021 11:00:00 PM","No Pedestrians Involved","Dry","No Unusual Conditions","Dark - Street Light","Violation Driver 1","No Controls Present/Factor","Clear","Sideswipe","Non-Related","Parked Vehicle","Not Applicable","Not Applicable","West Of",""
"679136","CR-0000088331","0","0","0","0","21-275-0567","False","False","95","10/2/2021 3:41:00 PM","No Pedestrians Involved","Dry","No Unusual Conditions","Daylight","Violation Driver 1","No Controls Present/Factor","Clear","Sideswipe","Non-Related","Parked Vehicle","Not Applicable","Not Applicable","East Of",""
"679137","CR-0000088332","0","1","0","0","21-275-0571","False","False","40","10/2/2021 3:45:00 PM","No Pedestrians Involved","Dry","No Unusual Conditions","Daylight","Bike At Fault","No Controls Present/Factor","Clear","Vehicle/Bike","Related","Bike","Not Applicable","Not Applicable","West Of","Bike"
"679138","CR-0000088333","1","0","0","0","21-278-0532","False","False","51","10/3/2021 8:00:00 AM","No Pedestrians Involved","Dry","No Unusual Conditions","Daylight","Violation Driver 1","No Controls Present/Factor","Clear","Vehicle/Bike","Non-Related","Bike","Not Applicable","Not Applicable","Unknown",""
"679139","CR-0000088334","1","0","0","0","21-276-0583","False","False","0","10/3/2021 4:14:00 PM","No Pedestrians Involved","Dry","No Unusual Conditions","Daylight","Violation Driver 1","Controls Functioning","Clear","Broadside","Intersection","Other Vehicle","Not Applicable","Not Applicable","At",""
"679140","CR-0000088335","0","1","0","0","21-276-0782","False","False","207","10/3/2021 8:16:00 PM","No Pedestrians Involved","Dry","No Unusual Conditions","Dark - Street Light","Violation Driver 1","Controls Functioning","Clear","Hit Object","Non-Related","Fixed Object","Not Applicable","Not Applicable","West Of","PG&E Pole"
"679141","CR-0000088336","1","0","0","0","21-276-0165","False","False","0","10/3/2021 3:30:00 AM","No Pedestrians Involved","Dry","No Unusual Conditions","Dark - Street Light","Violation Driver 1","Controls Functioning","Clear","Rear End","Intersection","Other Vehicle","Not Applicable","Not Applicable","At",""
"679142","CR-0000088337","0","0","0","0","21-276-0241","False","False","0","10/3/2021 8:05:00 AM","No Pedestrians Involved","Dry","No Unusual Conditions","Daylight","Violation Driver 1","Controls Functioning","Clear","Broadside","Intersection","Other Vehicle","Not Applicable","Not Applicable","At",""
"679143","CR-0000088338","0","0","1","0","21-276-0304","False","False","0","10/3/2021 9:52:00 AM","Crossing In Crosswalk - At Intersection","Dry","No Unusual Conditions","Daylight","Violation Driver 1","Controls Functioning","Clear","Vehicle/Pedestrian","Intersection","Pedestrian","North","North","At","PED"
"679144","CR-0000088339","2","0","0","0","21-276-0356","False","False","0","10/3/2021 11:25:00 AM","No Pedestrians Involved","Dry","No Unusual Conditions","Daylight","Violation Driver 1","Controls Functioning","Clear","Broadside","Intersection","Other Vehicle","Not Applicable","Not Applicable","At",""
"679145","CR-0000088340","4","2","1","0","21-276-0673","False","False","0","10/3/2021 5:55:00 PM","No Pedestrians Involved","Dry","No Unusual Conditions","Daylight","Violation Driver 1","Controls Functioning","Clear","Head On","Intersection","Other Vehicle","Not Applicable","Not Applicable","At",""
"679146","CR-0000088341","0","0","0","0","21-276-0530","False","False","145","10/3/2021 3:13:00 PM","No Pedestrians Involved","Dry","No Unusual Conditions","Daylight","Violation Driver 1","No Controls Present/Factor","Clear","Head On","Non-Related","Parked Vehicle","Not Applicable","Not Applicable","South Of",""
"679147","CR-0000088342","0","0","0","0","21-276-0485","False","False","63","10/3/2021 2:00:00 PM","No Pedestrians Involved","Dry","No Unusual Conditions","Daylight","Violation Driver 1","No Controls Present/Factor","Clear","Hit Object","Non-Related","Fixed Object","Not Applicable","Not Applicable","North Of",""
"677699","CR-0000086862","0","0","0","0","21-157-0511","False","False","0","6/6/2021 2:39:00 PM","No Pedestrians Involved","Unknown","No Unusual Conditions","Daylight","Violation Driver 1","Controls Functioning","Clear","Broadside","Intersection","Other Vehicle","Not Applicable","Not Applicable","At",""
"677700","CR-0000086863","0","1","0","0","21-157-0663","False","False","0","6/6/2021 5:46:00 PM","No Pedestrians Involved","Dry","No Unusual Conditions","Daylight","Violation Driver 1","Controls Functioning","Clear","Vehicle/Bike","Intersection","Bike","Not Applicable","Not Applicable","South Of","Bike"
"677701","CR-0000086864","0","0","0","0","21-157-0886","True","False","0","6/6/2021 10:02:00 PM","No Pedestrians Involved","Dry","No Unusual Conditions","Dark - Street Light","Unknown","Controls Functioning","Clear","Hit Object","Intersection","Fixed Object","Not Applicable","Not Applicable","At","Signal Pole"
"677702","CR-0000086865","1","0","0","0","21-157-0549","False","False","0","6/6/2021 3:30:00 PM","No Pedestrians Involved","Dry","No Unusual Conditions","Daylight","Violation Driver 1","Unknown","Clear","Head On","Intersection","Other Vehicle","Not Applicable","Not Applicable","At",""
"677703","CR-0000086866","1","2","0","0","21-157-0482","False","False","0","6/6/2021 2:01:00 PM","No Pedestrians Involved","Dry","No Unusual Conditions","Daylight","Violation Driver 1","No Controls Present/Factor","Clear","Broadside","Intersection","Other Vehicle","Not Applicable","Not Applicable","At",""
"677704","CR-0000086867","0","1","0","0","21-157-0813","True","False","63","6/6/2021 8:39:00 PM","No Pedestrians Involved","Dry","No Unusual Conditions","Daylight","Violation Driver 1","Controls Functioning","Clear","Rear End","Non-Related","Other Vehicle","Not Applicable","Not Applicable","East Of","FD Vehicle"