"CrashFactId","Name","MinorInjuries","ModerateInjuries","SevereInjuries","FatalInjuries","TcrNumber","CityDamageFlag","ShortFormFlag","Distance","CrashDateTime","PedestrianAction","RoadwaySurface","RoadwayCondition","Lighting","PrimaryCollisionFactor","TrafficControl","Weather","CollisionType","ProximityToIntersection","VehicleInvolvedWith","PedestrianDirectionFrom","PedestrianDirectionTo","DirectionFromIntersection","Comment"
"677705","CR-0000086869","0","0","0","0","21-156-0502","False","False","0","6/5/2021 2:44:00 PM","No Pedestrians Involved","Dry","No Unusual Conditions","Daylight","Other Than Driver","No Controls Present/Factor","Clear","Head On","Intersection","Fixed Object","Not Applicable","Not Applicable","At","Telephone pole"
"677706","CR-0000086870","1","0","0","0","21-156-0027","False","False","0","6/5/2021 12:30:00 AM","No Pedestrians Involved","Dry","No Unusual Conditions","Dark - Street Light","Violation Driver 1","Controls Functioning","Clear","Rear End","Intersection","Other Vehicle","Not Applicable","Not Applicable","At",""
"677707","CR-0000086871","0","0","0","0","21-156-0118","True","False","98","6/5/2021 2:44:00 AM","No Pedestrians Involved","Dry","No Unusual Conditions","Dark - Street Light","Violation Driver 1","No Controls Present/Factor","Clear","Hit Object","Non-Related","Fixed Object","Not Applicable","Not Applicable","South Of","Light Pole & Fire Hydrant"
"677708","CR-0000086872","1","0","0","0","21-156-0379","False","False","0","6/5/2021 11:44:00 AM","No Pedestrians Involved","Dry","No Unusual Conditions","Dusk - Dawn","Violation Driver 1","Controls Functioning","Clear","Broadside","Intersection","Other Vehicle","Not Applicable","Not Applicable","At",""
"677709","CR-0000086873","0","1","0","0","21-156-0434","False","False","186","6/5/2021 1:14:00 PM","No Pedestrians Involved","Dry","No Unusual Conditions","Daylight","Violation Driver 1","Controls Functioning","Clear","Head On","Non-Related","Other Vehicle","Not Applicable","Not Applicable","West Of",""
"677710","CR-0000086874","0","1","0","0","21-156-0475","False","False","200","6/5/2021 2:13:00 PM","No Pedestrians Involved","Dry","No Unusual Conditions","Daylight","Violation Driver 1","No Controls Present/Factor","Clear","Head On","Non-Related","Other Vehicle","Not Applicable","Not Applicable","East Of",""
"677711","CR-0000086875","2","0","0","0","21-156-0849","False","False","51","6/5/2021 9:04:00 PM","No Pedestrians Involved","Dry","No Unusual Conditions","Dark - Street Light","Violation Driver 1","Controls Functioning","Clear","Head On","Non-Related","Other Vehicle","Not Applicable","Not Applicable","South Of",""
"679148","CR-0000088343","1","0","0","0","21-276-0786","False","False","0","10/3/2021 8:21:00 PM","No Pedestrians Involved","Dry","No Unusual Conditions","Dark - Street Light","Violation Driver 1","Controls Functioning","Clear","Broadside","Intersection","Other Vehicle","Not Applicable","Not Applicable","At",""
"679149","CR-0000088344","0","0","0","0","21-276-0874","False","False","50","10/3/2021 10:13:00 PM","No Pedestrians Involved","Dry","No Unusual Conditions","Dark - Street Light","Violation Driver 1","Unknown","Clear","Sideswipe","Related","Parked Vehicle","Not Applicable","Not Applicable","West Of",""
"679150","CR-0000088345","0","1","0","0","21-276-0825","False","False","76","10/3/2021 9:11:00 PM","No Pedestrians Involved","Dry","No Unusual Conditions","Dark - Street Light","Violation Driver 1","No Controls Present/Factor","Clear","Head On","Non-Related","Parked Vehicle","Not Applicable","Not Applicable","South Of",""
"679151","CR-0000088346","0","0","0","0","21-276-0935","False","False","55","10/3/2021 11:14:00 PM","No Pedestrians Involved","Dry","No Unusual Conditions","Dark - Street Light","Violation Driver 1","Controls Functioning","Clear","Rear End","Non-Related","Parked Vehicle","Not Applicable","Not Applicable","East Of",""
"679153","CR-0000088348","0","0","0","0","21-269-9702","False","True","51","9/25/2021 7:35:00 PM","No Pedestrians Involved","Dry","No Unusual Conditions","Dark - Street Light","Unknown","Controls Functioning","Clear","Sideswipe","Non-Related","Other Vehicle","Not Applicable","Not Applicable","Unknown",""
"679154","CR-0000088349","0","0","0","0","21-269-0173","False","False","2160","9/26/2021 3:03:00 AM","No Pedestrians Involved","Dry","No Unusual Conditions","Dark - Street Light","Violation Driver 1","No Controls Present/Factor","Clear","Hit Object","Non-Related","Fixed Object","Not Applicable","Not Applicable","East Of","Curb, fence"
"679155","CR-0000088350","2","0","0","0","21-269-0492","False","False","0","9/26/2021 1:15:00 PM","No Pedestrians Involved","Dry","Unknown","Daylight","Unknown","Controls Functioning","Clear","Broadside","Intersection","Other Vehicle","Not Applicable","Not Applicable","At","Lightpole"
"679156","CR-0000088351","0","0","0","0","21-269-0676","False","False","","9/26/2021 4:53:00 PM","No Pedestrians Involved","Dry","No Unusual Conditions","Daylight","Violation Driver 1","Controls Functioning","Clear","Sideswipe","Related","Other Vehicle","Not Applicable","Not Applicable","East Of",""
"679157","CR-0000088352","0","1","0","0","21-269-0658","False","False","0","9/26/2021 4:28:00 PM","Crossing In Crosswalk - At Intersection","Dry","No Unusual Conditions","Daylight","Violation Driver 1","No Controls Present/Factor","Clear","Vehicle/Pedestrian","Intersection","Pedestrian","South","North","At",""
"679158","CR-0000088353","1","0","0","0","21-269-0095","False","False","156","9/26/2021 1:12:00 AM","No Pedestrians Involved","Dry","No Unusual Conditions","Dark - Street Light","Violation Driver 1","No Controls Present/Factor","Clear","Rear End","Non-Related","Parked Vehicle","Not Applicable","Not Applicable","South Of",""
"679159","CR-0000088354","0","0","1","0","21-269-0818","False","False","22","9/26/2021 7:43:00 PM","Crossing In Crosswalk - At Intersection","Dry","No Unusual Conditions","Dark - Street Light","Pedestrian At Fault","Controls Functioning","Clear","Vehicle/Pedestrian","Related","Pedestrian","South","North","West Of",""
"679160","CR-0000088355","1","0","0","0","21-270-0356","True","False","40","9/27/2021 10:03:00 AM","No Pedestrians Involved","Dry","No Unusual Conditions","Daylight","Violation Driver 1","Unknown","Clear","Rear End","Related","Other Vehicle","Not Applicable","Not Applicable","South Of","Traffic light pole"
"679161","CR-0000088356","0","0","0","0","21-270-0158","False","False","0","9/27/2021 1:00:00 AM","No Pedestrians Involved","Dry","No Unusual Conditions","Daylight","Violation Driver 1","No Controls Present/Factor","Clear","Rear End","Intersection","Parked Vehicle","Not Applicable","Not Applicable","At",""
"679162","CR-0000088357","1","0","0","0","21-270-0410","True","False","51","9/27/2021 11:01:00 AM","No Pedestrians Involved","Dry","No Unusual Conditions","Daylight","Violation Driver 1","No Controls Present/Factor","Clear","Hit Object","Non-Related","Fixed Object","Not Applicable","Not Applicable","North Of","Tree"
"679163","CR-0000088358","0","0","0","0","21-270-0342","False","False","0","9/27/2021 9:42:00 AM","No Pedestrians Involved","Dry","No Unusual Conditions","Daylight","Violation Driver 1","Controls Functioning","Clear","Broadside","Intersection","Other Vehicle","Not Applicable","Not Applicable","At",""
"679164","CR-0000088359","0","0","0","0","21-270-0139","False","False","600","9/27/2021 2:00:00 AM","No Pedestrians Involved","Dry","No Unusual Conditions","Dark - Street Light","Violation Driver 1","No Controls Present/Factor","Clear","Sideswipe","Non-Related","Parked Vehicle","Not Applicable","Not Applicable","West Of",""
"679165","CR-0000088360","0","1","0","0","21-270-0610","False","False","0","9/27/2021 2:21:00 PM","No Pedestrians Involved","Dry","No Unusual Conditions","Daylight","Violation Driver 1","No Controls Present/Factor","Clear","Hit Object","Intersection","Fixed Object","Not Applicable","Not Applicable","At","Light pole"
"679166","CR-0000088361","0","1","1","0","21-270-0090","False","False","205","9/27/2021 2:34:00 AM","No Pedestrians Involved","Dry","No Unusual Conditions","Dark - Street Light","Violation Driver 1","No Controls Present/Factor","Clear","Hit Object","Non-Related","Fixed Object","Not Applicable","Not Applicable","South Of","Curb, fence"
"679167","CR-0000088362","0","0","0","0","21-270-4003","False","True","","9/27/2021 8:48:00 PM","No Pedestrians Involved","Unknown","Unknown","Unknown","Unknown","Unknown","Unknown","Rear End","Related","Other Vehicle","Not Applicable","Not Applicable","North Of",""
"679168","CR-0000088363","0","0","0","0","21-270-0716","False","False","","9/27/2021 4:18:00 PM","No Pedestrians Involved","Dry","No Unusual Conditions","Daylight","Violation Driver 1","Controls Functioning","Clear","Rear End","Related","Other Vehicle","Not Applicable","Not Applicable","West Of",""
"679169","CR-0000088364","0","0","1","0","21-270-0895","False","False","0","9/27/2021 7:34:00 PM","No Pedestrians Involved","Dry","No Unusual Conditions","Dark - Street Light","Violation Driver 1","No Controls Present/Factor","Clear","Broadside","Intersection","Motorcycle","Not Applicable","Not Applicable","At",""
"679170","CR-0000088366","1","0","0","0","21-270-0671","False","False","0","9/27/2021 3:26:00 PM","No Pedestrians Involved","Dry","No Unusual Conditions","Daylight","Violation Driver 1","No Controls Present/Factor","Clear","Broadside","Intersection","Other Vehicle","Not Applicable","Not Applicable","At",""
"679171","CR-0000088368","0","0","0","0","21-270-0797","False","False","","9/27/2021 4:39:00 PM","No Pedestrians Involved","Dry","No Unusual Conditions","Daylight","Violation Driver 1","No Controls Present/Factor","Clear","Sideswipe","Related","Parked Vehicle","Not Applicable","Not Applicable","East Of",""
"679176","CR-0000088373","0","0","0","0","21-279-4000","False","True","51","9/29/2021 5:15:00 PM","No Pedestrians Involved","Unknown","Unknown","Dusk - Dawn","Unknown","Unknown","Unknown","Rear End","Non-Related","Parked Vehicle","Not Applicable","Not Applicable","East Of",""
"679177","CR-0000088374","0","0","0","0","21-282-4000","False","True","51","10/1/2021 12:01:00 AM","No Pedestrians Involved","Unknown","Unknown","Unknown","Unknown","Unknown","Unknown","Rear End","Non-Related","Unknown","Not Applicable","Not Applicable","West Of",""
"679178","CR-0000088375","0","0","0","0","21-277-4004","False","True","51","10/3/2021 9:00:00 PM","No Pedestrians Involved","Unknown","Unknown","Unknown","Unknown","Unknown","Unknown","Other","Non-Related","Parked Vehicle","Not Applicable","Not Applicable","East Of",""
"679179","CR-0000088376","0","1","0","0","21-277-0811","False","False","36","10/4/2021 5:32:00 PM","No Pedestrians Involved","Dry","No Unusual Conditions","Daylight","Bike At Fault","No Controls Present/Factor","Clear","Vehicle/Bike","Related","Bike","Not Applicable","Not Applicable","North Of",""
"679180","CR-0000088377","2","0","0","0","21-277-0199","False","False","237","10/4/2021 8:03:00 AM","No Pedestrians Involved","Dry","No Unusual Conditions","Daylight","Violation Driver 1","No Controls Present/Factor","Cloudy","Rear End","Non-Related","Other Vehicle","Not Applicable","Not Applicable","East Of",""
"679181","CR-0000088378","3","0","0","0","21-277-0517","False","False","182","10/4/2021 12:42:00 PM","No Pedestrians Involved","Dry","No Unusual Conditions","Daylight","Violation Driver 1","Controls Functioning","Clear","Rear End","Non-Related","Other Vehicle","Not Applicable","Not Applicable","South Of",""
"679182","CR-0000088379","3","0","0","0","21-277-0663","False","False","60","10/4/2021 3:05:00 PM","No Pedestrians Involved","Dry","Holes Deep Rut","Daylight","Violation Driver 1","No Controls Present/Factor","Clear","Rear End","Non-Related","Other Vehicle","Not Applicable","Not Applicable","West Of",""
"679183","CR-0000088380","0","0","0","1","21-312-0152","True","False","190","11/8/2021 6:20:00 AM","No Pedestrians Involved","Dry","No Unusual Conditions","Dusk - Dawn","Violation Driver 1","Controls Functioning","Clear","Hit Object","Non-Related","Other Object","Not Applicable","Not Applicable","West Of","Rocks, tree"
"679184","CR-0000088382","0","0","1","0","21-277-0922","False","False","0","10/4/2021 7:28:00 PM","No Pedestrians Involved","Dry","No Unusual Conditions","Dark - Street Light","Violation Driver 1","Controls Functioning","Clear","Broadside","Intersection","Motorcycle","Not Applicable","Not Applicable","At",""
"679185","CR-0000088383","3","0","0","0","21-277-0994","False","False","0","10/4/2021 8:56:00 PM","No Pedestrians Involved","Dry","No Unusual Conditions","Dark - Street Light","Violation Driver 1","Controls Functioning","Clear","Head On","Intersection","Other Vehicle","Not Applicable","Not Applicable","At",""
"679186","CR-0000088384","0","0","0","0","21-277-0084","False","False","16","10/4/2021 1:48:00 AM","No Pedestrians Involved","Dry","Other","Dark - Street Light","Violation Driver 1","Controls Functioning","Clear","Broadside","Related","Parked Vehicle","Not Applicable","Not Applicable","North Of",""
"679187","CR-0000088385","0","0","0","0","21-277-0328","False","False","51","10/4/2021 9:30:00 AM","No Pedestrians Involved","Dry","No Unusual Conditions","Daylight","Violation Driver 1","No Controls Present/Factor","Clear","Rear End","Non-Related","Other Vehicle","Not Applicable","Not Applicable","South Of",""
"679188","CR-0000088386","0","0","0","0","21-277-0730","False","False","25","10/4/2021 4:18:00 PM","No Pedestrians Involved","Dry","No Unusual Conditions","Daylight","Violation Driver 1","Controls Functioning","Clear","Sideswipe","Related","Other Vehicle","Not Applicable","Not Applicable","East Of",""
"679189","CR-0000088387","0","0","3","0","21-277-0028","True","False","694","10/4/2021 12:22:00 AM","No Pedestrians Involved","Dry","No Unusual Conditions","Dark - Street Light","Violation Driver 1","No Controls Present/Factor","Clear","Rear End","Non-Related","Other Vehicle","Not Applicable","Not Applicable","North Of","Tree"
"679190","CR-0000088388","0","0","0","0","21-276-0136","False","False","44","10/3/2021 2:33:00 AM","No Pedestrians Involved","Dry","No Unusual Conditions","Dark - Street Light","Violation Driver 1","No Controls Present/Factor","Clear","Sideswipe","Related","Parked Vehicle","Not Applicable","Not Applicable","East Of",""
"679191","CR-0000088389","0","0","0","0","21-277-0216","False","False","69","10/4/2021 8:04:00 AM","No Pedestrians Involved","Dry","No Unusual Conditions","Daylight","Violation Driver 1","No Controls Present/Factor","Clear","Sideswipe","Non-Related","Other Vehicle","Not Applicable","Not Applicable","South Of",""
"679192","CR-0000088390","0","0","0","0","21-277-4005","False","True","51","10/4/2021 12:35:00 PM","No Pedestrians Involved","Unknown","Unknown","Daylight","Unknown","Unknown","Unknown","Hit Object","Non-Related","Parked Vehicle","Not Applicable","Not Applicable","South Of","Tree trimming resulted in branches falling on the car and damaging it"
"679193","CR-0000088391","0","0","0","0","21-278-4000","False","True","51","10/4/2021 10:25:00 AM","No Pedestrians Involved","Unknown","Unknown","Daylight","Unknown","Unknown","Unknown","Sideswipe","Non-Related","Parked Vehicle","Not Applicable","Not Applicable","South Of",""
"679194","CR-0000088392","1","0","0","0","21-278-0171","False","False","102","10/5/2021 6:59:00 AM","No Pedestrians Involved","Dry","No Unusual Conditions","Daylight","Other Improper Driving","No Controls Present/Factor","Clear","Vehicle/Bike","Non-Related","Bike","Not Applicable","Not Applicable","North Of",""
"679195","CR-0000088393","1","0","0","0","21-278-0211","False","False","50","10/5/2021 8:11:00 AM","No Pedestrians Involved","Dry","No Unusual Conditions","Daylight","Violation Driver 1","Controls Functioning","Clear","Rear End","Related","Other Vehicle","Not Applicable","Not Applicable","East Of",""
"679196","CR-0000088394","2","0","0","0","21-278-0907","False","False","0","10/5/2021 7:00:00 PM","No Pedestrians Involved","Dry","No Unusual Conditions","Dark - Street Light","Violation Driver 1","No Controls Present/Factor","Clear","Head On","Intersection","Other Vehicle","Not Applicable","Not Applicable","At",""
"679197","CR-0000088395","0","0","1","0","21-279-0234","False","False","69","10/6/2021 8:16:00 AM","Crossing - Not In Crosswalk","Dry","No Unusual Conditions","Daylight","Pedestrian At Fault","Controls Functioning","Clear","Vehicle/Pedestrian","Non-Related","Pedestrian","West","West","South Of","Ped"
"679198","CR-0000088396","0","0","0","0","21-279-9705","False","True","0","10/5/2021 4:30:00 PM","No Pedestrians Involved","Dry","No Unusual Conditions","Daylight","Unknown","No Controls Present/Factor","Clear","Rear End","Intersection","Other Vehicle","Not Applicable","Not Applicable","At",""
"679199","CR-0000088398","0","0","0","0","21-278-0540","False","False","24","10/5/2021 1:37:00 PM","No Pedestrians Involved","Dry","No Unusual Conditions","Daylight","Violation Driver 1","Controls Functioning","Clear","Head On","Related","Other Vehicle","Not Applicable","Not Applicable","North Of",""
"679200","CR-0000088397","1","0","0","0","21-279-0613","False","False","0","10/6/2021 2:52:00 PM","No Pedestrians Involved","Dry","Unknown","Daylight","Violation Driver 1","Controls Functioning","Cloudy","Broadside","Intersection","Other Vehicle","Not Applicable","Not Applicable","At",""
"679201","CR-0000088399","0","0","0","0","21-278-1089","False","False","35","10/5/2021 10:46:00 PM","No Pedestrians Involved","Dry","No Unusual Conditions","Dark - Street Light","Other Improper Driving","No Controls Present/Factor","Clear","Sideswipe","Related","Parked Vehicle","Not Applicable","Not Applicable","South Of","Fence"
"679202","CR-0000088400","0","1","0","0","21-279-0771","False","False","47","10/6/2021 4:53:00 PM","No Pedestrians Involved","Dry","No Unusual Conditions","Daylight","Violation Driver 1","Controls Functioning","Cloudy","Vehicle/Bike","Driveway","Bike","Not Applicable","Not Applicable","West Of","Bike"
"679203","CR-0000088401","1","0","0","0","21-279-0832","False","False","0","10/6/2021 5:20:00 PM","No Pedestrians Involved","Dry","No Unusual Conditions","Daylight","Violation Driver 1","Controls Functioning","Cloudy","Broadside","Intersection","Other Vehicle","Not Applicable","Not Applicable","At",""
"679204","CR-0000088402","0","0","0","0","21-281-4003","False","True","","10/6/2021 7:08:00 PM","No Pedestrians Involved","Unknown","Unknown","Unknown","Unknown","Unknown","Unknown","Rear End","Related","Other Vehicle","Not Applicable","Not Applicable","Unknown",""
"679205","CR-0000088403","0","0","0","0","21-280-4000","False","True","","10/6/2021 7:30:00 PM","No Pedestrians Involved","Unknown","Unknown","Unknown","Unknown","Unknown","Unknown","Rear End","Related","Other Vehicle","Not Applicable","Not Applicable","East Of",""
"679206","CR-0000088404","0","0","0","0","21-279-0837","False","True","","10/6/2021 5:05:00 PM","No Pedestrians Involved","Unknown","Unknown","Dusk - Dawn","Unknown","Unknown","Unknown","Sideswipe","Related","Other Vehicle","Not Applicable","Not Applicable","North Of",""
"679207","CR-0000088405","5","0","0","0","21-281-0640","False","False","135","10/8/2021 3:15:00 PM","No Pedestrians Involved","Dry","No Unusual Conditions","Daylight","Violation Driver 1","No Controls Present/Factor","Clear","Rear End","Non-Related","Other Vehicle","Not Applicable","Not Applicable","West Of",""
"679208","CR-0000088406","0","0","1","0","21-281-0842","False","False","480","10/8/2021 7:16:00 PM","In Road - Includes Shoulder","Dry","No Unusual Conditions","Dark - Street Light","Pedestrian At Fault","No Controls Present/Factor","Clear","Vehicle/Pedestrian","Non-Related","Pedestrian","No Direction (Not Walking)","No Direction (Not Walking)","West Of",""
"679209","CR-0000088407","0","0","0","0","21-281-4001","False","True","","10/8/2021 7:00:00 AM","No Pedestrians Involved","Unknown","Unknown","Daylight","Unknown","Unknown","Unknown","Rear End","Related","Parked Vehicle","Not Applicable","Not Applicable","South Of",""
"679210","CR-0000088408","1","1","0","0","21-283-0312","False","False","74","10/10/2021 9:21:00 AM","No Pedestrians Involved","Dry","No Unusual Conditions","Daylight","Violation Driver 1","No Controls Present/Factor","Clear","Hit Object","Non-Related","Fixed Object","Not Applicable","Not Applicable","North Of","PGE pole"
"679211","CR-0000088409","1","0","0","0","21-283-0425","False","False","215","10/10/2021 12:27:00 PM","No Pedestrians Involved","Dry","No Unusual Conditions","Daylight","Violation Driver 1","Controls Functioning","Clear","Vehicle/Bike","Non-Related","Bike","Not Applicable","Not Applicable","South Of",""
"679212","CR-0000088410","0","0","0","0","21-283-0439","False","False","142","10/10/2021 12:13:00 PM","No Pedestrians Involved","Dry","No Unusual Conditions","Daylight","Violation Driver 1","No Controls Present/Factor","Clear","Sideswipe","Non-Related","Parked Vehicle","Not Applicable","Not Applicable","South Of",""
"679213","CR-0000088411","1","0","0","0","21-283-0793","False","False","520","10/10/2021 7:00:00 PM","No Pedestrians Involved","Dry","No Unusual Conditions","Dusk - Dawn","Violation Driver 1","No Controls Present/Factor","Clear","Broadside","Non-Related","Other Vehicle","Not Applicable","Not Applicable","South Of",""
"679214","CR-0000088412","0","1","0","0","21-283-0881","False","False","0","10/10/2021 8:30:00 PM","Crossing In Crosswalk - At Intersection","Dry","No Unusual Conditions","Dark - Street Light","Violation Driver 1","Controls Functioning","Clear","Vehicle/Pedestrian","Intersection","Parked Vehicle","South","North","At",""
"679215","CR-0000088413","1","0","0","0","21-284-0165","False","False","75","10/11/2021 6:50:00 AM","In Road - Includes Shoulder","Dry","No Unusual Conditions","Daylight","Violation Driver 1","Controls Functioning","Clear","Vehicle/Pedestrian","Non-Related","Pedestrian","No Direction (Not Walking)","No Direction (Not Walking)","West Of",""
"679216","CR-0000088414","0","1","0","0","21-284-0218","False","False","0","10/11/2021 8:27:00 AM","No Pedestrians Involved","Dry","No Unusual Conditions","Daylight","Bike At Fault","Controls Functioning","Clear","Vehicle/Bike","Intersection","Bike","Not Applicable","Not Applicable","At",""
"679217","CR-0000088422","1","0","0","0","21-279-0981","False","False","0","10/6/2021 7:43:00 PM","Crossing In Crosswalk - At Intersection","Dry","No Unusual Conditions","Dark - Street Light","Pedestrian At Fault","Controls Functioning","Clear","Vehicle/Pedestrian","Intersection","Pedestrian","West","West","At","Ped"
"679218","CR-0000088423","1","0","0","0","21-279-1031","False","False","18","10/6/2021 8:29:00 PM","No Pedestrians Involved","Dry","No Unusual Conditions","Dark - Street Light","Violation Driver 1","Controls Functioning","Clear","Sideswipe","Related","Other Vehicle","Not Applicable","Not Applicable","West Of",""
"679219","CR-0000088424","0","0","0","0","21-279-1166","False","False","0","10/6/2021 11:50:00 PM","No Pedestrians Involved","Dry","No Unusual Conditions","Dark - Street Light","Violation Driver 1","No Controls Present/Factor","Clear","Rear End","Intersection","Parked Vehicle","Not Applicable","Not Applicable","At",""
"677712","CR-0000086876","0","1","0","0","21-156-0486","False","False","0","6/5/2021 2:25:00 PM","No Pedestrians Involved","Dry","No Unusual Conditions","Daylight","Bike At Fault","Controls Functioning","Clear","Vehicle/Bike","Intersection","Bike","Not Applicable","Not Applicable","At","Bike"
"677713","CR-0000086877","0","0","0","0","21-155-0093","False","False","44","6/4/2021 2:05:00 AM","No Pedestrians Involved","Dry","No Unusual Conditions","Dark - Street Light","Violation Driver 1","No Controls Present/Factor","Clear","Hit Object","Related","Fixed Object","Not Applicable","Not Applicable","South Of","Median"
"677714","CR-0000086878","0","0","0","0","21-155-0097","False","False","0","6/4/2021 2:15:00 AM","No Pedestrians Involved","Dry","No Unusual Conditions","Dark - Street Light","Violation Driver 1","Controls Functioning","Clear","Sideswipe","Intersection","Other Vehicle","Not Applicable","Not Applicable","At",""
"677715","CR-0000086879","0","0","0","0","21-155-0544","True","False","21","6/4/2021 2:10:00 PM","No Pedestrians Involved","Dry","No Unusual Conditions","Daylight","Violation Driver 1","Controls Functioning","Clear","Hit Object","Related","Fixed Object","Not Applicable","Not Applicable","East Of","Signal Pole"
"677716","CR-0000086880","0","1","0","0","21-155-0704","False","False","38","6/4/2021 5:07:00 PM","No Pedestrians Involved","Dry","No Unusual Conditions","Daylight","Violation Driver 1","Controls Functioning","Clear","Rear End","Related","Motorcycle","Not Applicable","Not Applicable","South Of",""
"677717","CR-0000086881","0","0","0","0","21-155-0748","False","False","390","6/4/2021 5:53:00 PM","No Pedestrians Involved","Dry","No Unusual Conditions","Daylight","Violation Driver 1","No Controls Present/Factor","Clear","Sideswipe","Non-Related","Other Vehicle","Not Applicable","Not Applicable","East Of",""
"677718","CR-0000086882","0","0","0","0","21-155-0828","False","False","0","6/4/2021 7:15:00 PM","No Pedestrians Involved","Dry","No Unusual Conditions","Daylight","Violation Driver 1","Controls Functioning","Clear","Head On","Intersection","Other Vehicle","Not Applicable","Not Applicable","At",""
"677719","CR-0000086883","2","0","0","0","21-155-0765","False","False","30","6/4/2021 6:00:00 PM","No Pedestrians Involved","Dry","No Unusual Conditions","Daylight","Violation Driver 1","Unknown","Clear","Rear End","Related","Other Vehicle","Not Applicable","Not Applicable","East Of",""
"677720","CR-0000086884","0","0","1","0","21-155-0939","False","False","1050","6/4/2021 9:21:00 PM","No Pedestrians Involved","Dry","No Unusual Conditions","Dark - Street Light","Violation Driver 1","Controls Functioning","Clear","Rear End","Non-Related","Other Vehicle","Not Applicable","Not Applicable","North Of",""
"677721","CR-0000086885","0","0","0","0","21-158-9703","False","True","0","6/4/2021 6:00:00 PM","No Pedestrians Involved","Dry","No Unusual Conditions","Daylight","Unknown","Controls Functioning","Clear","Rear End","Intersection","Other Vehicle","Not Applicable","Not Applicable","At",""
"677722","CR-0000086886","0","0","0","0","21-154-0370","True","False","0","6/3/2021 10:06:00 AM","No Pedestrians Involved","Dry","No Unusual Conditions","Daylight","Violation Driver 1","Controls Functioning","Clear","Broadside","Intersection","Other Vehicle","Not Applicable","Not Applicable","At","Traffic Light"
"677723","CR-0000086887","0","0","0","0","21-154-0858","False","False","","6/3/2021 6:33:00 PM","No Pedestrians Involved","Dry","No Unusual Conditions","Daylight","Violation Driver 1","Controls Functioning","Clear","Rear End","Related","Other Vehicle","Not Applicable","Not Applicable","South Of",""
"677724","CR-0000086888","0","0","0","0","21-154-0014","False","False","0","6/3/2021 12:07:00 AM","No Pedestrians Involved","Dry","No Unusual Conditions","Dark - Street Light","Violation Driver 1","No Controls Present/Factor","Clear","Broadside","Intersection","Other Vehicle","Not Applicable","Not Applicable","At",""
"677725","CR-0000086889","0","1","0","0","21-153-0526","False","False","375","6/2/2021 12:59:00 PM","No Pedestrians Involved","Dry","No Unusual Conditions","Daylight","Violation Driver 1","Unknown","Clear","Broadside","Non-Related","Other Vehicle","Not Applicable","Not Applicable","West Of",""
"679220","CR-0000088425","0","1","0","0","21-279-0577","False","False","314","10/6/2021 2:27:00 PM","No Pedestrians Involved","Dry","No Unusual Conditions","Daylight","Violation Driver 1","No Controls Present/Factor","Clear","Sideswipe","Non-Related","Other Vehicle","Not Applicable","Not Applicable","East Of",""
"679221","CR-0000088426","0","1","1","0","21-279-0685","False","False","416","10/6/2021 3:30:00 PM","No Pedestrians Involved","Dry","No Unusual Conditions","Daylight","Violation Driver 1","Controls Functioning","Clear","Broadside","Non-Related","Other Vehicle","Not Applicable","Not Applicable","South Of",""
"679222","CR-0000088427","0","0","0","0","21-279-0995","False","False","","10/6/2021 5:10:00 PM","No Pedestrians Involved","Dry","No Unusual Conditions","Daylight","Violation Driver 1","Controls Functioning","Clear","Sideswipe","Non-Related","Other Vehicle","Not Applicable","Not Applicable","North Of",""
"679223","CR-0000088428","0","0","1","0","21-279-1101","False","False","16","10/6/2021 10:05:00 PM","No Pedestrians Involved","Dry","No Unusual Conditions","Dark - Street Light","Violation Driver 1","Controls Functioning","Clear","Other","Related","Non-Collision","Not Applicable","Not Applicable","South Of",""
"679224","CR-0000088429","0","0","0","0","21-279-1115","False","False","225","10/6/2021 10:31:00 PM","No Pedestrians Involved","Dry","No Unusual Conditions","Dark - Street Light","Violation Driver 1","No Controls Present/Factor","Clear","Sideswipe","Non-Related","Other Vehicle","Not Applicable","Not Applicable","South Of","S.D"
"679225","CR-0000088430","0","1","0","0","21-280-0701","True","False","1240","10/7/2021 4:18:00 PM","No Pedestrians Involved","Dry","Unknown","Daylight","Violation Driver 1","No Controls Present/Factor","Clear","Hit Object","Non-Related","Fixed Object","Not Applicable","Not Applicable","South Of","Light Pole"
"679226","CR-0000088431","1","0","0","0","21-290-0128","True","False","","10/17/2021 2:18:00 AM","No Pedestrians Involved","Dry","No Unusual Conditions","Dark - Street Light","Other Than Driver","Controls Functioning","Clear","Hit Object","Related","Fixed Object","Not Applicable","Not Applicable","West Of","Median island. Mechanical trouble in MC distracted D1"
"679227","CR-0000088432","1","0","0","0","21-280-0910","False","False","0","10/7/2021 7:09:00 PM","No Pedestrians Involved","Dry","No Unusual Conditions","Dark - Street Light","Violation Driver 1","Controls Functioning","Clear","Head On","Intersection","Motor Vehicle On Other Roadway","Not Applicable","Not Applicable","At",""