"CrashFactId","Name","MinorInjuries","ModerateInjuries","SevereInjuries","FatalInjuries","TcrNumber","CityDamageFlag","ShortFormFlag","Distance","CrashDateTime","PedestrianAction","RoadwaySurface","RoadwayCondition","Lighting","PrimaryCollisionFactor","TrafficControl","Weather","CollisionType","ProximityToIntersection","VehicleInvolvedWith","PedestrianDirectionFrom","PedestrianDirectionTo","DirectionFromIntersection","Comment"
"677908","CR-0000087075","1","0","0","0","21-169-0557","False","False","0","6/18/2021 3:51:00 PM","No Pedestrians Involved","Dry","Unknown","Daylight","Violation Driver 1","Controls Functioning","Clear","Other","Intersection","Other Vehicle","Not Applicable","Not Applicable","At",""
"677909","CR-0000087076","1","0","0","0","21-169-0583","False","False","0","6/18/2021 4:16:00 PM","No Pedestrians Involved","Dry","No Unusual Conditions","Daylight","Violation Driver 1","Controls Functioning","Clear","Broadside","Intersection","Motor Vehicle On Other Roadway","Not Applicable","Not Applicable","At",""
"677910","CR-0000087077","0","0","0","0","21-169-0643","False","False","0","6/18/2021 5:00:00 PM","No Pedestrians Involved","Dry","No Unusual Conditions","Daylight","Violation Driver 1","Controls Functioning","Clear","Broadside","Intersection","Other Vehicle","Not Applicable","Not Applicable","At",""
"677911","CR-0000087078","1","0","0","0","21-169-1027","False","False","196","6/18/2021 10:50:00 PM","No Pedestrians Involved","Dry","No Unusual Conditions","Dark - Street Light","Violation Driver 1","No Controls Present/Factor","Clear","Hit Object","Non-Related","Fixed Object","Not Applicable","Not Applicable","North Of","PG&E Pole"
"677912","CR-0000087079","0","0","0","0","21-169-4003","False","False","","6/18/2021 5:15:00 PM","No Pedestrians Involved","Unknown","Unknown","Daylight","Violation Driver 2","Unknown","Unknown","Rear End","Related","Other Vehicle","Not Applicable","Not Applicable","North Of",""
"677919","CR-0000087089","0","0","0","0","21-125-9705","False","True","51","4/29/2021 4:30:00 PM","No Pedestrians Involved","Dry","No Unusual Conditions","Daylight","Unknown","No Controls Present/Factor","Clear","Sideswipe","Non-Related","Parked Vehicle","Not Applicable","Not Applicable","South Of",""
"677920","CR-0000087088","0","0","0","0","21-119-0379","False","True","50","4/29/2021 12:06:00 PM","No Pedestrians Involved","Unknown","Unknown","Daylight","Unknown","Unknown","Unknown","Other","Related","Parked Vehicle","Not Applicable","Not Applicable","East Of",""
"677921","CR-0000087090","0","0","0","0","21-122-0234","False","True","350","5/2/2021 7:08:00 AM","No Pedestrians Involved","Dry","No Unusual Conditions","Daylight","Violation Driver 1","No Controls Present/Factor","Clear","Hit Object","Non-Related","Fixed Object","Not Applicable","Not Applicable","East Of","Tree"
"677922","CR-0000087091","1","0","0","0","21-131-9707","False","False","0","5/4/2021 11:38:00 AM","Crossing In Crosswalk - At Intersection","Dry","No Unusual Conditions","Daylight","Unknown","Controls Functioning","Clear","Vehicle/Pedestrian","Intersection","Pedestrian","Unknown","Unknown","At",""
"677923","CR-0000087092","1","0","0","0","21-125-0693","False","False","405","5/5/2021 5:30:00 PM","No Pedestrians Involved","Dry","No Unusual Conditions","Daylight","Violation Driver 1","No Controls Present/Factor","Clear","Rear End","Non-Related","Other Vehicle","Not Applicable","Not Applicable","East Of",""
"677924","CR-0000087093","2","0","0","0","21-140-9706","False","False","","5/9/2021 12:00:00 PM","No Pedestrians Involved","Unknown","No Unusual Conditions","Daylight","Unknown","Controls Functioning","Clear","Broadside","Related","Other Vehicle","Not Applicable","Not Applicable","Unknown",""
"677925","CR-0000087094","0","0","0","0","21-167-9712","False","True","","5/11/2021 10:00:00 AM","No Pedestrians Involved","Dry","No Unusual Conditions","Daylight","Unknown","Controls Functioning","Clear","Broadside","Related","Other Vehicle","Not Applicable","Not Applicable","South Of",""
"677926","CR-0000087096","0","0","0","0","21-133-9708","False","True","51","5/13/2021 11:20:00 AM","No Pedestrians Involved","Dry","No Unusual Conditions","Daylight","Unknown","Controls Functioning","Clear","Other","Non-Related","Parked Vehicle","Not Applicable","Not Applicable","South Of",""
"677927","CR-0000087097","0","0","0","0","21-133-0407","False","True","51","5/13/2021 11:55:00 AM","No Pedestrians Involved","Dry","No Unusual Conditions","Daylight","Violation Driver 1","No Controls Present/Factor","Clear","Sideswipe","Non-Related","Other Vehicle","Not Applicable","Not Applicable","East Of",""
"677928","CR-0000087098","0","0","0","0","21-136-9701","False","True","51","5/16/2021 2:00:00 AM","No Pedestrians Involved","Dry","No Unusual Conditions","Dark - Street Light","Unknown","No Controls Present/Factor","Clear","Sideswipe","Non-Related","Parked Vehicle","Not Applicable","Not Applicable","North Of",""
"677929","CR-0000087099","0","0","0","0","21-142-9703","False","True","51","5/17/2021 7:00:00 PM","No Pedestrians Involved","Dry","No Unusual Conditions","Daylight","Unknown","No Controls Present/Factor","Clear","Rear End","Non-Related","Parked Vehicle","Not Applicable","Not Applicable","West Of",""
"677930","CR-0000087100","0","0","0","0","21-139-9714","False","True","","5/18/2021 8:00:00 PM","No Pedestrians Involved","Dry","No Unusual Conditions","Dark - Street Light","Unknown","Controls Functioning","Clear","Sideswipe","Related","Other Vehicle","Not Applicable","Not Applicable","South Of",""
"677931","CR-0000087101","0","0","0","0","21-141-9701","False","True","51","5/20/2021 11:00:00 PM","No Pedestrians Involved","Dry","No Unusual Conditions","Dark - Street Light","Unknown","No Controls Present/Factor","Unknown","Rear End","Non-Related","Parked Vehicle","Not Applicable","Not Applicable","East Of",""
"679383","CR-0000088593","0","0","0","0","21-295-0410","False","False","0","10/21/2021 9:15:00 PM","No Pedestrians Involved","Dry","No Unusual Conditions","Dark - No Street Light","Violation Driver 1","No Controls Present/Factor","Clear","Sideswipe","Intersection","Parked Vehicle","Not Applicable","Not Applicable","At",""
"679384","CR-0000088594","1","0","0","0","21-296-9701","False","False","0","10/22/2021 7:05:00 AM","Not In Road","Wet","No Unusual Conditions","Dark - No Street Light","Unknown","No Controls Present/Factor","Rain","Vehicle/Pedestrian","Intersection","Pedestrian","West","Unknown","At","Pedestrian"
"679385","CR-0000088595","1","0","0","0","21-295-0824","False","False","0","10/22/2021 7:19:00 PM","No Pedestrians Involved","Dry","No Unusual Conditions","Dark - Street Light","Violation Driver 1","No Controls Present/Factor","Clear","Sideswipe","Intersection","Other Vehicle","Not Applicable","Not Applicable","At",""
"679386","CR-0000088596","0","1","0","0","21-295-0193","False","False","0","10/22/2021 8:15:00 AM","No Pedestrians Involved","Wet","No Unusual Conditions","Daylight","Violation Driver 1","Controls Functioning","Rain","Broadside","Intersection","Other Vehicle","Not Applicable","Not Applicable","At",""
"679387","CR-0000088597","1","0","0","0","21-295-0800","False","False","0","10/22/2021 6:56:00 PM","No Pedestrians Involved","Dry","No Unusual Conditions","Dark - Street Light","Violation Driver 1","Controls Functioning","Clear","Head On","Intersection","Other Vehicle","Not Applicable","Not Applicable","At",""
"679388","CR-0000088598","0","0","0","0","21-295-9711","False","True","0","10/22/2021 12:15:00 PM","No Pedestrians Involved","Dry","No Unusual Conditions","Daylight","Unknown","Unknown","Clear","Rear End","Intersection","Other Vehicle","Not Applicable","Not Applicable","At",""
"679389","CR-0000088599","1","1","0","0","21-302-0543","True","False","122","10/29/2021 2:37:00 PM","No Pedestrians Involved","Dry","No Unusual Conditions","Daylight","Violation Driver 1","No Controls Present/Factor","Clear","Hit Object","Non-Related","Fixed Object","Not Applicable","Not Applicable","West Of","Tree"
"679390","CR-0000088600","0","0","0","0","21-295-0112","False","False","133","10/22/2021 4:50:00 AM","No Pedestrians Involved","Dry","No Unusual Conditions","Dark - Street Light","Violation Driver 1","No Controls Present/Factor","Cloudy","Sideswipe","Non-Related","Parked Vehicle","Not Applicable","Not Applicable","South Of",""
"679391","CR-0000088602","0","0","0","0","21-296-9706","False","True","0","10/22/2021 7:45:00 AM","No Pedestrians Involved","Wet","No Unusual Conditions","Daylight","Unknown","No Controls Present/Factor","Rain","Sideswipe","Intersection","Other Vehicle","Not Applicable","Not Applicable","At",""
"679392","CR-0000088603","0","0","0","0","21-296-0468","False","False","410","10/22/2021 10:05:00 AM","No Pedestrians Involved","Dry","No Unusual Conditions","Daylight","Violation Driver 1","No Controls Present/Factor","Clear","Sideswipe","Non-Related","Parked Vehicle","Not Applicable","Not Applicable","South Of",""
"679393","CR-0000088604","0","0","0","0","21-298-9709","False","True","0","10/22/2021 12:05:00 PM","No Pedestrians Involved","Dry","No Unusual Conditions","Daylight","Unknown","Controls Functioning","Cloudy","Sideswipe","Intersection","Other Vehicle","Not Applicable","Not Applicable","At",""
"679394","CR-0000088601","1","0","0","0","21-303-0138","False","False","95","10/30/2021 2:32:00 AM","Crossing - Not In Crosswalk","Dry","No Unusual Conditions","Dark - Street Light","Violation Driver 1","Unknown","Clear","Vehicle/Pedestrian","Non-Related","Pedestrian","South","North","East Of",""
"679395","CR-0000088605","0","0","0","0","21-296-9707","False","True","0","10/22/2021 4:06:00 PM","No Pedestrians Involved","Dry","No Unusual Conditions","Daylight","Unknown","No Controls Present/Factor","Clear","Sideswipe","Intersection","Other Vehicle","Not Applicable","Not Applicable","At",""
"679396","CR-0000088606","0","0","0","0","21-296-9704","False","True","0","10/22/2021 5:00:00 PM","No Pedestrians Involved","Dry","No Unusual Conditions","Daylight","Unknown","Controls Functioning","Clear","Rear End","Intersection","Other Vehicle","Not Applicable","Not Applicable","South Of",""
"677932","CR-0000087102","0","0","0","0","21-144-9703","False","True","0","5/22/2021 7:25:00 PM","No Pedestrians Involved","Dry","No Unusual Conditions","Daylight","Unknown","Controls Functioning","Clear","Rear End","Intersection","Other Vehicle","Not Applicable","Not Applicable","At",""
"677933","CR-0000087103","0","0","0","0","21-145-9702","False","True","0","5/23/2021 10:45:00 AM","No Pedestrians Involved","Dry","No Unusual Conditions","Daylight","Unknown","Controls Functioning","Clear","Rear End","Intersection","Other Vehicle","Not Applicable","Not Applicable","At",""
"677934","CR-0000087104","0","0","0","0","21-145-9703","False","True","","5/24/2021 5:35:00 AM","No Pedestrians Involved","Dry","No Unusual Conditions","Daylight","Unknown","Controls Functioning","Clear","Rear End","Related","Other Vehicle","Not Applicable","Not Applicable","West Of",""
"677935","CR-0000087105","0","0","0","0","21-146-9705","False","True","0","5/24/2021 8:45:00 AM","No Pedestrians Involved","Dry","No Unusual Conditions","Daylight","Unknown","Controls Functioning","Clear","Rear End","Intersection","Other Vehicle","Not Applicable","Not Applicable","At",""
"677936","CR-0000087106","0","0","0","0","21-145-9714","False","True","51","5/25/2021 2:30:00 PM","No Pedestrians Involved","Dry","No Unusual Conditions","Dark - Street Light","Unknown","No Controls Present/Factor","Clear","Sideswipe","Non-Related","Parked Vehicle","Not Applicable","Not Applicable","West Of",""
"677937","CR-0000087107","0","0","0","0","21-154-9703","False","True","51","5/26/2021 5:45:00 PM","No Pedestrians Involved","Dry","No Unusual Conditions","Daylight","Unknown","Unknown","Clear","Broadside","Non-Related","Other Vehicle","Not Applicable","Not Applicable","West Of",""
"677938","CR-0000087108","0","0","0","0","21-147-9701","False","True","","5/26/2021 5:30:00 PM","No Pedestrians Involved","Dry","No Unusual Conditions","Daylight","Unknown","No Controls Present/Factor","Clear","Rear End","Related","Parked Vehicle","Not Applicable","Not Applicable","North Of",""
"677939","CR-0000087109","1","0","0","0","21-147-9710","False","False","0","5/26/2021 7:05:00 AM","Crossing In Crosswalk - At Intersection","Dry","No Unusual Conditions","Daylight","Unknown","Controls Functioning","Clear","Vehicle/Pedestrian","Intersection","Pedestrian","West","East","At",""
"677940","CR-0000087110","0","0","0","0","21-148-9704","False","True","0","5/27/2021 5:00:00 PM","No Pedestrians Involved","Dry","No Unusual Conditions","Daylight","Unknown","Controls Functioning","Clear","Broadside","Intersection","Other Vehicle","Not Applicable","Not Applicable","At",""
"677941","CR-0000087111","1","0","0","0","21-154-9702","False","False","0","6/1/2021 6:23:00 PM","No Pedestrians Involved","Dry","No Unusual Conditions","Daylight","Unknown","Controls Functioning","Clear","Vehicle/Bike","Intersection","Bike","Not Applicable","Not Applicable","At",""
"677942","CR-0000087112","0","0","0","0","21-154-0179","False","True","51","6/1/2021 8:00:00 PM","No Pedestrians Involved","Unknown","No Unusual Conditions","Dark - Street Light","Violation Driver 1","Controls Functioning","Clear","Sideswipe","Non-Related","Parked Vehicle","Not Applicable","Not Applicable","East Of",""
"677943","CR-0000087113","0","0","0","0","21-153-9709","False","True","51","6/1/2021 2:20:00 PM","No Pedestrians Involved","Dry","No Unusual Conditions","Daylight","Unknown","Controls Functioning","Clear","Broadside","Non-Related","Other Vehicle","Not Applicable","Not Applicable","North Of",""
"677944","CR-0000087114","0","0","0","0","21-153-0366","False","True","51","6/2/2021 10:48:00 AM","No Pedestrians Involved","Unknown","Unknown","Daylight","Unknown","Unknown","Unknown","Other","Non-Related","Parked Vehicle","Not Applicable","Not Applicable","North Of",""
"677945","CR-0000087115","3","0","0","0","21-156-9706","False","False","0","6/3/2021 9:40:00 PM","Crossing In Crosswalk - At Intersection","Dry","No Unusual Conditions","Dark - Street Light","Unknown","No Controls Present/Factor","Clear","Vehicle/Pedestrian","Intersection","Pedestrian","Unknown","Unknown","At",""
"677946","CR-0000087116","0","0","0","0","21-156-9707","False","True","51","6/3/2021 5:10:00 PM","No Pedestrians Involved","Dry","No Unusual Conditions","Daylight","Unknown","Unknown","Clear","Head On","Non-Related","Parked Vehicle","Not Applicable","Not Applicable","West Of",""
"677947","CR-0000087117","0","0","0","0","21-159-9703","False","True","51","6/3/2021 4:29:00 PM","No Pedestrians Involved","Dry","No Unusual Conditions","Daylight","Unknown","Controls Functioning","Clear","Rear End","Non-Related","Other Vehicle","Not Applicable","Not Applicable","West Of",""
"677948","CR-0000087118","0","0","0","0","21-156-9708","False","True","","6/4/2021 10:30:00 PM","No Pedestrians Involved","Dry","No Unusual Conditions","Dark - Street Light","Unknown","Controls Functioning","Unknown","Head On","Related","Other Vehicle","Not Applicable","Not Applicable","West Of",""
"677949","CR-0000087119","0","0","0","0","21-157-9705","False","True","51","6/4/2021 2:40:00 AM","No Pedestrians Involved","Dry","No Unusual Conditions","Dark - Street Light","Unknown","No Controls Present/Factor","Clear","Sideswipe","Non-Related","Parked Vehicle","Not Applicable","Not Applicable","North Of",""
"677950","CR-0000087120","0","0","0","0","21-159-9708","False","True","0","6/6/2021 2:40:00 PM","No Pedestrians Involved","Dry","No Unusual Conditions","Daylight","Unknown","Controls Functioning","Clear","Broadside","Intersection","Other Vehicle","Not Applicable","Not Applicable","At",""
"677951","CR-0000087121","0","0","0","0","21-160-9703","False","True","51","6/8/2021 2:00:00 PM","No Pedestrians Involved","Dry","No Unusual Conditions","Daylight","Unknown","No Controls Present/Factor","Clear","Sideswipe","Non-Related","Parked Vehicle","Not Applicable","Not Applicable","North Of",""
"677952","CR-0000087122","1","0","0","0","21-163-9708","False","False","","6/8/2021 2:20:00 PM","No Pedestrians Involved","Dry","No Unusual Conditions","Daylight","Unknown","Controls Functioning","Clear","Broadside","Related","Other Vehicle","Not Applicable","Not Applicable","South Of",""
"677953","CR-0000087123","1","0","0","0","21-163-9706","False","False","0","6/10/2021 10:52:00 AM","No Pedestrians Involved","Dry","Obstruction On Roadway","Daylight","Unknown","Controls Functioning","Clear","Rear End","Intersection","Other Vehicle","Not Applicable","Not Applicable","At",""
"677954","CR-0000087124","0","1","0","0","21-170-0033","True","False","105","6/19/2021 12:22:00 AM","No Pedestrians Involved","Dry","No Unusual Conditions","Dark - Street Light","Violation Driver 1","No Controls Present/Factor","Clear","Head On","Non-Related","Fixed Object","Not Applicable","Not Applicable","South Of","Signage"
"677955","CR-0000087125","0","0","0","0","21-170-0245","False","False","0","6/19/2021 8:10:00 AM","No Pedestrians Involved","Dry","No Unusual Conditions","Daylight","Violation Driver 1","Controls Functioning","Clear","Broadside","Intersection","Other Vehicle","Not Applicable","Not Applicable","At",""
"677956","CR-0000087126","2","0","0","0","21-170-0483","False","False","395","6/19/2021 1:16:00 PM","No Pedestrians Involved","Dry","No Unusual Conditions","Daylight","Unknown","No Controls Present/Factor","Clear","Sideswipe","Non-Related","Other Vehicle","Not Applicable","Not Applicable","North Of",""
"677957","CR-0000087127","0","1","0","0","21-170-0517","False","False","50","6/17/2021 1:41:00 PM","No Pedestrians Involved","Dry","No Unusual Conditions","Daylight","Violation Driver 1","No Controls Present/Factor","Clear","Sideswipe","Related","Other Vehicle","Not Applicable","Not Applicable","West Of",""
"677958","CR-0000087128","0","1","0","0","21-170-0805","True","False","110","6/19/2021 6:56:00 PM","No Pedestrians Involved","Dry","No Unusual Conditions","Daylight","Violation Driver 1","No Controls Present/Factor","Clear","Hit Object","Non-Related","Fixed Object","Not Applicable","Not Applicable","West Of","Tree"
"677959","CR-0000087129","0","0","1","0","21-170-0987","False","False","572","6/19/2021 9:41:00 PM","Crossing - Not In Crosswalk","Dry","No Unusual Conditions","Unknown","Pedestrian At Fault","Unknown","Clear","Vehicle/Pedestrian","Non-Related","Pedestrian","East","East","South Of","Pedestrian"
"679397","CR-0000088607","2","0","0","0","21-303-0554","False","False","0","10/30/2021 2:23:00 PM","No Pedestrians Involved","Dry","No Unusual Conditions","Daylight","Violation Driver 1","Controls Functioning","Clear","Broadside","Intersection","Motor Vehicle On Other Roadway","Not Applicable","Not Applicable","At",""
"679398","CR-0000088608","2","0","0","0","21-295-0382","False","False","300","10/22/2021 11:57:00 AM","No Pedestrians Involved","Dry","No Unusual Conditions","Daylight","Violation Driver 1","Controls Functioning","Clear","Broadside","Non-Related","Other Vehicle","Not Applicable","Not Applicable","North Of",""
"679399","CR-0000088609","1","0","0","0","21-295-0620","False","False","0","10/22/2021 4:29:00 PM","No Pedestrians Involved","Unknown","Unknown","Daylight","Unknown","Unknown","Unknown","Broadside","Intersection","Other Vehicle","Not Applicable","Not Applicable","At",""
"679400","CR-0000088610","0","0","0","0","21-296-0893","False","False","0","10/22/2021 8:18:00 PM","No Pedestrians Involved","Wet","No Unusual Conditions","Dark - Street Light","Violation Driver 1","No Controls Present/Factor","Cloudy","Sideswipe","Intersection","Parked Vehicle","Not Applicable","Not Applicable","At",""
"679401","CR-0000088611","0","1","0","0","21-304-0181","False","False","100","10/31/2021 2:15:00 AM","No Pedestrians Involved","Dry","No Unusual Conditions","Dark - Street Light","Violation Driver 1","Controls Functioning","Clear","Sideswipe","Non-Related","Other Vehicle","Not Applicable","Not Applicable","North Of",""
"679402","CR-0000088612","0","0","0","0","21-295-0934","False","False","0","10/22/2021 8:46:00 PM","No Pedestrians Involved","Dry","No Unusual Conditions","Dark - Street Light","Violation Driver 1","Controls Functioning","Clear","Rear End","Intersection","Other Vehicle","Not Applicable","Not Applicable","At",""
"679403","CR-0000088614","0","1","0","0","21-304-0199","True","False","148","10/31/2021 2:35:00 AM","No Pedestrians Involved","Dry","Other","Dark - Street Light","Other Than Driver","No Controls Present/Factor","Cloudy","Hit Object","Non-Related","Other Object","Not Applicable","Not Applicable","South Of","Tree branch, tree"
"679404","CR-0000088613","0","0","0","0","21-295-0909","False","False","0","10/22/2021 8:53:00 PM","No Pedestrians Involved","Dry","No Unusual Conditions","Dark - Street Light","Violation Driver 1","Controls Functioning","Clear","Rear End","Intersection","Other Vehicle","Not Applicable","Not Applicable","At",""
"679405","CR-0000088615","0","0","0","0","21-295-0963","False","False","0","10/22/2021 9:56:00 PM","No Pedestrians Involved","Dry","No Unusual Conditions","Dark - Street Light","Violation Driver 1","No Controls Present/Factor","Clear","Broadside","Intersection","Other Vehicle","Not Applicable","Not Applicable","At",""
"679406","CR-0000088616","1","0","0","0","21-304-0567","False","False","0","10/31/2021 1:42:00 PM","No Pedestrians Involved","Dry","No Unusual Conditions","Daylight","Violation Driver 1","Controls Functioning","Clear","Broadside","Intersection","Other Vehicle","Not Applicable","Not Applicable","At",""
"679407","CR-0000088617","3","0","0","0","21-296-0273","False","False","105","10/23/2021 8:30:00 AM","No Pedestrians Involved","Dry","No Unusual Conditions","Daylight","Violation Driver 1","Controls Functioning","Clear","Rear End","Non-Related","Other Vehicle","Not Applicable","Not Applicable","East Of",""
"679408","CR-0000088618","0","1","0","0","21-304-0850","False","False","53","10/31/2021 8:33:00 PM","No Pedestrians Involved","Dry","No Unusual Conditions","Dark - Street Light","Violation Driver 1","Controls Functioning","Clear","Vehicle/Bike","Non-Related","Bike","Not Applicable","Not Applicable","East Of",""
"679409","CR-0000088619","1","0","0","0","21-296-0494","False","False","0","10/23/2021 1:12:00 PM","No Pedestrians Involved","Dry","No Unusual Conditions","Daylight","Violation Driver 1","Controls Functioning","Clear","Rear End","Intersection","Other Vehicle","Not Applicable","Not Applicable","At",""
"679410","CR-0000088620","0","1","0","0","21-296-0701","False","False","73","10/23/2021 5:24:00 PM","No Pedestrians Involved","Dry","No Unusual Conditions","Daylight","Violation Driver 1","Controls Functioning","Clear","Rear End","Non-Related","Motorcycle","Not Applicable","Not Applicable","North Of",""
"677960","CR-0000087130","0","0","0","0","21-170-0151","True","False","150","6/19/2021 5:06:00 AM","No Pedestrians Involved","Dry","No Unusual Conditions","Dark - Street Light","Violation Driver 1","Controls Functioning","Clear","Hit Object","Non-Related","Fixed Object","Not Applicable","Not Applicable","South Of","Curb"
"677961","CR-0000087131","0","1","0","0","21-170-0070","False","False","180","6/19/2021 1:10:00 AM","No Pedestrians Involved","Dry","Unknown","Dark - Street Light","Violation Driver 1","No Controls Present/Factor","Clear","Sideswipe","Non-Related","Parked Vehicle","Not Applicable","Not Applicable","West Of",""
"677962","CR-0000087132","0","0","0","0","21-170-0048","False","False","30","6/19/2021 12:30:00 AM","No Pedestrians Involved","Dry","No Unusual Conditions","Dark - Street Light","Violation Driver 1","No Controls Present/Factor","Clear","Head On","Related","Parked Vehicle","Not Applicable","Not Applicable","North Of",""
"677963","CR-0000087133","1","0","0","0","21-170-0016","False","False","115","6/19/2021 12:07:00 AM","No Pedestrians Involved","Dry","No Unusual Conditions","Daylight","Violation Driver 1","Controls Functioning","Clear","Vehicle/Bike","Non-Related","Bike","Not Applicable","Not Applicable","North Of","Bike"
"677964","CR-0000087134","1","0","0","0","21-170-0098","True","False","53","6/19/2021 2:06:00 AM","No Pedestrians Involved","Dry","No Unusual Conditions","Dark - Street Light","Violation Driver 1","No Controls Present/Factor","Clear","Hit Object","Non-Related","Fixed Object","Not Applicable","Not Applicable","North Of","Street Light"
"677965","CR-0000087135","0","0","0","0","21-170-0195","False","False","170","6/19/2021 5:58:00 AM","No Pedestrians Involved","Dry","No Unusual Conditions","Dark - Street Light","Violation Driver 1","No Controls Present/Factor","Clear","Broadside","Non-Related","Parked Vehicle","Not Applicable","Not Applicable","North Of",""
"677966","CR-0000087136","0","0","0","0","21-170-0190","False","False","0","6/19/2021 6:16:00 AM","No Pedestrians Involved","Dry","No Unusual Conditions","Dusk - Dawn","Violation Driver 1","No Controls Present/Factor","Clear","Head On","Intersection","Other Vehicle","Not Applicable","Not Applicable","At",""
"677967","CR-0000087137","0","0","0","0","21-170-0420","False","False","252","6/19/2021 12:00:00 PM","No Pedestrians Involved","Dry","No Unusual Conditions","Daylight","Violation Driver 1","No Controls Present/Factor","Clear","Rear End","Non-Related","Other Vehicle","Not Applicable","Not Applicable","South Of",""
"677968","CR-0000087138","0","0","0","0","21-170-9706","False","True","51","6/21/2021 2:30:00 AM","No Pedestrians Involved","Dry","No Unusual Conditions","Dark - Street Light","Violation Driver 1","No Controls Present/Factor","Clear","Head On","Non-Related","Other Vehicle","Not Applicable","Not Applicable","East Of",""
"677969","CR-0000087139","0","1","0","0","21-171-0594","True","False","27","6/20/2021 5:30:00 PM","No Pedestrians Involved","Dry","No Unusual Conditions","Daylight","Violation Driver 1","No Controls Present/Factor","Clear","Hit Object","Related","Fixed Object","Not Applicable","Not Applicable","East Of","Signal Light"
"677970","CR-0000087140","0","1","0","0","21-171-0722","False","False","171","6/20/2021 7:16:00 PM","In Road - Includes Shoulder","Dry","No Unusual Conditions","Daylight","Violation Driver 1","No Controls Present/Factor","Clear","Vehicle/Pedestrian","Non-Related","Pedestrian","South","South","East Of","Pedestrian"
"677971","CR-0000087141","0","1","0","0","21-171-0072","False","False","37","6/20/2021 1:16:00 AM","No Pedestrians Involved","Dry","No Unusual Conditions","Dark - Street Light","Violation Driver 1","Unknown","Clear","Rear End","Related","Parked Vehicle","Not Applicable","Not Applicable","West Of",""
"677972","CR-0000087142","0","0","0","0","21-171-0113","True","False","340","6/20/2021 2:00:00 AM","No Pedestrians Involved","Dry","No Unusual Conditions","Dark - Street Light","Violation Driver 1","Unknown","Clear","Hit Object","Non-Related","Other Object","Not Applicable","Not Applicable","South Of","Street Light"
"679411","CR-0000088621","0","0","0","0","21-296-0361","False","False","0","10/23/2021 10:41:00 AM","No Pedestrians Involved","Dry","No Unusual Conditions","Daylight","Violation Driver 1","Controls Functioning","Clear","Broadside","Intersection","Other Vehicle","Not Applicable","Not Applicable","At",""
"679412","CR-0000088622","0","0","0","0","21-295-0774","False","False","528","10/23/2021 6:38:00 PM","No Pedestrians Involved","Dry","No Unusual Conditions","Daylight","Violation Driver 1","Unknown","Clear","Sideswipe","Non-Related","Other Vehicle","Not Applicable","Not Applicable","West Of",""
"679413","CR-0000088623","1","0","0","0","21-296-0258","False","False","0","10/23/2021 8:23:00 AM","No Pedestrians Involved","Dry","No Unusual Conditions","Daylight","Unknown","No Controls Present/Factor","Clear","Broadside","Intersection","Other Vehicle","Not Applicable","Not Applicable","At",""
"679414","CR-0000088624","0","0","0","0","21-297-9702","False","True","0","10/23/2021 10:27:00 AM","No Pedestrians Involved","Dry","No Unusual Conditions","Daylight","Unknown","No Controls Present/Factor","Clear","Other","Intersection","Animal","Not Applicable","Not Applicable","At",""
"679415","CR-0000088625","0","0","0","0","21-297-9701","False","True","0","10/23/2021 2:00:00 PM","No Pedestrians Involved","Dry","No Unusual Conditions","Daylight","Unknown","No Controls Present/Factor","Clear","Hit Object","Intersection","Other Object","Not Applicable","Not Applicable","At","Garbage bin"
"679416","CR-0000088626","2","0","0","0","21-296-0574","False","False","0","10/23/2021 3:11:00 PM","No Pedestrians Involved","Dry","No Unusual Conditions","Daylight","Violation Driver 1","Controls Functioning","Clear","Broadside","Intersection","Other Vehicle","Not Applicable","Not Applicable","At",""
"679417","CR-0000088627","1","0","0","0","21-296-0200","True","False","570","10/23/2021 5:43:00 AM","No Pedestrians Involved","Dry","No Unusual Conditions","Dark - Street Light","Violation Driver 1","Controls Functioning","Clear","Hit Object","Non-Related","Fixed Object","Not Applicable","Not Applicable","North Of","Light Pole(2)"
"679418","CR-0000088628","0","0","0","0","21-296-0855","False","False","0","10/23/2021 7:45:00 PM","No Pedestrians Involved","Wet","No Unusual Conditions","Dark - Street Light","Violation Driver 1","Controls Functioning","Rain","Rear End","Intersection","Other Vehicle","Not Applicable","Not Applicable","At",""
"679419","CR-0000088629","1","0","0","0","21-296-0861","False","False","103","10/23/2021 8:29:00 PM","No Pedestrians Involved","Wet","No Unusual Conditions","Dark - Street Light","Violation Driver 1","No Controls Present/Factor","Rain","Head On","Non-Related","Parked Vehicle","Not Applicable","Not Applicable","North Of",""
"679420","CR-0000088630","1","0","0","0","21-297-0126","True","False","0","10/24/2021 2:15:00 AM","No Pedestrians Involved","Wet","No Unusual Conditions","Dark - Street Light","Violation Driver 1","Controls Functioning","Rain","Hit Object","Intersection","Fixed Object","Not Applicable","Not Applicable","At","Xing sign"
"679421","CR-0000088631","0","0","0","0","21-297-0146","True","False","400","10/24/2021 2:52:00 AM","No Pedestrians Involved","Wet","No Unusual Conditions","Dark - Street Light","Violation Driver 1","No Controls Present/Factor","Clear","Hit Object","Non-Related","Fixed Object","Not Applicable","Not Applicable","East Of","Guard Rail"