"CrashFactId","Name","MinorInjuries","ModerateInjuries","SevereInjuries","FatalInjuries","TcrNumber","CityDamageFlag","ShortFormFlag","Distance","CrashDateTime","PedestrianAction","RoadwaySurface","RoadwayCondition","Lighting","PrimaryCollisionFactor","TrafficControl","Weather","CollisionType","ProximityToIntersection","VehicleInvolvedWith","PedestrianDirectionFrom","PedestrianDirectionTo","DirectionFromIntersection","Comment"
"679422","CR-0000088632","0","0","0","0","21-297-0651","False","False","142","10/24/2021 5:00:00 PM","No Pedestrians Involved","Wet","Obstruction On Roadway","Dark - Street Light Not Functioning","Violation Driver 1","Controls Not Functioning","Rain","Hit Object","Non-Related","Fixed Object","Not Applicable","Not Applicable","East Of","PG&E pole"
"679423","CR-0000088633","1","0","0","0","21-297-0778","False","False","0","10/24/2021 7:09:00 PM","No Pedestrians Involved","Wet","No Unusual Conditions","Dark - Street Light","Violation Driver 1","Controls Functioning","Rain","Broadside","Intersection","Other Vehicle","Not Applicable","Not Applicable","At",""
"677973","CR-0000087143","0","0","0","0","21-171-0041","True","False","0","6/20/2021 12:40:00 AM","No Pedestrians Involved","Dry","No Unusual Conditions","Dark - Street Light","Violation Driver 1","No Controls Present/Factor","Clear","Hit Object","Intersection","Fixed Object","Not Applicable","Not Applicable","At","Signage"
"677974","CR-0000087144","0","2","0","0","21-171-0383","False","False","51","6/20/2021 11:40:00 AM","No Pedestrians Involved","Dry","No Unusual Conditions","Daylight","Violation Driver 1","No Controls Present/Factor","Clear","Broadside","Non-Related","Other Vehicle","Not Applicable","Not Applicable","North Of",""
"677975","CR-0000087145","0","0","0","0","21-171-0432","False","False","126","6/20/2021 1:04:00 PM","No Pedestrians Involved","Dry","No Unusual Conditions","Daylight","Violation Driver 1","Controls Functioning","Clear","Broadside","Non-Related","Parked Vehicle","Not Applicable","Not Applicable","East Of",""
"677976","CR-0000087146","0","0","0","0","21-171-0797","False","False","250","6/20/2021 8:39:00 PM","No Pedestrians Involved","Dry","No Unusual Conditions","Dark - Street Light","Violation Driver 1","No Controls Present/Factor","Clear","Rear End","Non-Related","Parked Vehicle","Not Applicable","Not Applicable","North Of",""
"677977","CR-0000087147","1","0","0","0","21-168-0405","False","False","0","6/17/2021 12:20:00 PM","No Pedestrians Involved","Dry","No Unusual Conditions","Daylight","Violation Driver 1","No Controls Present/Factor","Clear","Broadside","Intersection","Other Vehicle","Not Applicable","Not Applicable","At",""
"677978","CR-0000087148","1","0","0","0","21-170-0810","False","False","0","6/19/2021 7:00:00 PM","No Pedestrians Involved","Dry","No Unusual Conditions","Daylight","Violation Driver 1","No Controls Present/Factor","Clear","Broadside","Intersection","Other Vehicle","Not Applicable","Not Applicable","At",""
"677986","CR-0000087156","1","1","0","0","21-172-0132","False","False","0","6/21/2021 5:25:00 AM","No Pedestrians Involved","Dry","No Unusual Conditions","Daylight","Violation Driver 1","Controls Functioning","Clear","Sideswipe","Intersection","Other Vehicle","Not Applicable","Not Applicable","At",""
"677987","CR-0000087157","0","2","0","0","21-172-0504","False","False","0","6/21/2021 12:12:00 PM","No Pedestrians Involved","Dry","No Unusual Conditions","Daylight","Violation Driver 1","Controls Functioning","Clear","Other","Intersection","Other Vehicle","Not Applicable","Not Applicable","At",""
"677988","CR-0000087158","3","0","0","0","21-172-0894","False","False","0","6/21/2021 7:13:00 PM","No Pedestrians Involved","Dry","No Unusual Conditions","Daylight","Violation Driver 1","Controls Functioning","Clear","Broadside","Intersection","Motor Vehicle On Other Roadway","Not Applicable","Not Applicable","At",""
"677989","CR-0000087159","0","0","0","0","21-173-0280","False","False","180","6/21/2021 9:50:00 PM","No Pedestrians Involved","Dry","No Unusual Conditions","Dark - Street Light","Unknown","No Controls Present/Factor","Clear","Sideswipe","Non-Related","Parked Vehicle","Not Applicable","Not Applicable","North Of",""
"677990","CR-0000087160","0","0","0","0","21-172-0866","True","False","76","6/21/2021 6:53:00 PM","No Pedestrians Involved","Dry","No Unusual Conditions","Daylight","Violation Driver 1","Controls Functioning","Clear","Other","Non-Related","Other Vehicle","Not Applicable","Not Applicable","West Of","Emergency Vehicle"
"677991","CR-0000087161","0","0","0","0","21-172-0055","True","False","0","6/21/2021 1:29:00 AM","No Pedestrians Involved","Dry","Unknown","Dark - Street Light","Violation Driver 1","Unknown","Clear","Head On","Intersection","Fixed Object","Not Applicable","Not Applicable","At","Speed Limit Sign"
"677992","CR-0000087162","0","0","0","0","21-172-0191","True","False","48","6/21/2021 7:36:00 AM","No Pedestrians Involved","Dry","No Unusual Conditions","Daylight","Violation Driver 1","Controls Functioning","Clear","Rear End","Related","Other Vehicle","Not Applicable","Not Applicable","West Of",""
"677993","CR-0000087163","0","0","0","0","21-172-0746","True","False","170","6/21/2021 4:56:00 PM","No Pedestrians Involved","Dry","No Unusual Conditions","Daylight","Violation Driver 1","Controls Functioning","Clear","Hit Object","Non-Related","Fixed Object","Not Applicable","Not Applicable","West Of","Tree"
"679424","CR-0000088634","0","0","0","0","21-297-0812","False","False","84","10/24/2021 7:56:00 PM","No Pedestrians Involved","Wet","No Unusual Conditions","Dark - Street Light","Violation Driver 1","No Controls Present/Factor","Rain","Sideswipe","Non-Related","Parked Vehicle","Not Applicable","Not Applicable","East Of",""
"679425","CR-0000088635","0","0","0","0","21-297-0893","False","False","0","10/24/2021 9:15:00 PM","No Pedestrians Involved","Wet","No Unusual Conditions","Dark - Street Light","Violation Driver 1","Controls Functioning","Rain","Sideswipe","Intersection","Parked Vehicle","Not Applicable","Not Applicable","At",""
"679426","CR-0000088636","0","0","0","0","21-298-0124","False","False","147","10/24/2021 8:00:00 PM","No Pedestrians Involved","Wet","No Unusual Conditions","Dark - Street Light","Violation Driver 1","No Controls Present/Factor","Rain","Rear End","Non-Related","Parked Vehicle","Not Applicable","Not Applicable","East Of",""
"679427","CR-0000088637","1","0","0","0","21-297-0909","False","False","0","10/24/2021 9:42:00 PM","No Pedestrians Involved","Wet","No Unusual Conditions","Dark - Street Light","Violation Driver 1","No Controls Present/Factor","Rain","Overturned","Intersection","Parked Vehicle","Not Applicable","Not Applicable","At",""
"679428","CR-0000088638","0","0","0","0","21-297-0965","False","False","0","10/24/2021 10:44:00 PM","No Pedestrians Involved","Wet","No Unusual Conditions","Dark - Street Light","Violation Driver 1","No Controls Present/Factor","Rain","Sideswipe","Intersection","Parked Vehicle","Not Applicable","Not Applicable","At",""
"679429","CR-0000088639","2","1","0","0","21-297-0973","False","False","0","10/24/2021 10:59:00 PM","No Pedestrians Involved","Wet","No Unusual Conditions","Dark - Street Light","Violation Driver 1","No Controls Present/Factor","Rain","Broadside","Intersection","Other Vehicle","Not Applicable","Not Applicable","At",""
"679430","CR-0000088640","0","1","0","0","21-298-0223","False","False","92","10/25/2021 8:35:00 AM","No Pedestrians Involved","Wet","Other","Daylight","Violation Driver 1","Controls Functioning","Rain","Rear End","Non-Related","Other Vehicle","Not Applicable","Not Applicable","East Of",""
"679431","CR-0000088641","0","0","0","0","21-298-0018","False","False","0","10/25/2021 12:18:00 AM","No Pedestrians Involved","Wet","No Unusual Conditions","Dark - Street Light","Violation Driver 1","No Controls Present/Factor","Rain","Hit Object","Intersection","Fixed Object","Not Applicable","Not Applicable","At","Fence"
"679432","CR-0000088642","0","0","0","0","21-298-0605","False","False","0","10/25/2021 4:18:00 PM","No Pedestrians Involved","Dry","No Unusual Conditions","Daylight","Violation Driver 1","Controls Functioning","Clear","Rear End","Intersection","Other Vehicle","Not Applicable","Not Applicable","At",""
"679433","CR-0000088643","1","0","0","0","21-298-0393","False","False","206","10/25/2021 11:56:00 AM","No Pedestrians Involved","Dry","No Unusual Conditions","Daylight","Violation Driver 1","Controls Functioning","Clear","Rear End","Non-Related","Other Vehicle","Not Applicable","Not Applicable","West Of",""
"679434","CR-0000088644","0","0","0","0","21-298-0682","False","False","0","10/25/2021 5:32:00 PM","No Pedestrians Involved","Dry","No Unusual Conditions","Daylight","Violation Driver 1","Controls Functioning","Clear","Sideswipe","Intersection","Other Vehicle","Not Applicable","Not Applicable","At",""
"679435","CR-0000088645","0","0","0","0","21-299-0184","False","False","115","10/25/2021 8:00:00 PM","No Pedestrians Involved","Unknown","No Unusual Conditions","Unknown","Violation Driver 1","Controls Functioning","Unknown","Other","Non-Related","Parked Vehicle","Not Applicable","Not Applicable","East Of",""
"679436","CR-0000088646","0","0","0","0","21-298-0932","False","False","0","10/25/2021 10:34:00 PM","No Pedestrians Involved","Dry","No Unusual Conditions","Dark - Street Light","Violation Driver 1","No Controls Present/Factor","Clear","Sideswipe","Intersection","Other Vehicle","Not Applicable","Not Applicable","North Of",""
"679437","CR-0000088647","0","0","0","0","21-298-0978","True","False","176","10/25/2021 11:36:00 PM","No Pedestrians Involved","Wet","No Unusual Conditions","Dark - Street Light","Violation Driver 1","No Controls Present/Factor","Cloudy","Hit Object","Non-Related","Fixed Object","Not Applicable","Not Applicable","North Of","Street light, tree"
"677994","CR-0000087164","0","0","0","0","21-173-0162","False","False","0","6/21/2021 6:30:00 PM","No Pedestrians Involved","Dry","No Unusual Conditions","Dusk - Dawn","Violation Driver 1","No Controls Present/Factor","Clear","Sideswipe","Intersection","Parked Vehicle","Not Applicable","Not Applicable","At",""
"677995","CR-0000087165","0","1","0","0","21-172-0852","False","False","164","6/21/2021 6:36:00 PM","No Pedestrians Involved","Dry","No Unusual Conditions","Daylight","Violation Driver 1","No Controls Present/Factor","Clear","Vehicle/Bike","Non-Related","Bike","Not Applicable","Not Applicable","East Of","Bike"
"677996","CR-0000087166","0","0","0","0","21-172-0893","True","False","54","6/21/2021 7:11:00 PM","No Pedestrians Involved","Dry","No Unusual Conditions","Daylight","Violation Driver 1","No Controls Present/Factor","Clear","Hit Object","Non-Related","Fixed Object","Not Applicable","Not Applicable","South Of","Tree"
"677997","CR-0000087167","0","0","0","0","21-172-9707","False","True","20","6/21/2021 11:23:00 AM","No Pedestrians Involved","Dry","No Unusual Conditions","Daylight","Unknown","Controls Functioning","Clear","Broadside","Related","Other Vehicle","Not Applicable","Not Applicable","South Of",""
"678033","CR-0000087203","0","0","0","0","21-111-9713","False","True","51","4/19/2021 11:30:00 PM","No Pedestrians Involved","Dry","No Unusual Conditions","Dark - Street Light","Unknown","No Controls Present/Factor","Clear","Sideswipe","Non-Related","Parked Vehicle","Not Applicable","Not Applicable","West Of",""
"678034","CR-0000087204","0","0","0","0","21-115-9702","False","True","","4/24/2021 11:00:00 PM","No Pedestrians Involved","Dry","No Unusual Conditions","Dark - Street Light","Unknown","No Controls Present/Factor","Clear","Other","Related","Other Vehicle","Not Applicable","Not Applicable","North Of",""
"678035","CR-0000087205","0","0","0","0","21-116-9705","False","True","51","4/25/2021 12:00:00 PM","No Pedestrians Involved","Wet","No Unusual Conditions","Dark - Street Light","Unknown","No Controls Present/Factor","Rain","Sideswipe","Non-Related","Parked Vehicle","Not Applicable","Not Applicable","West Of",""
"678036","CR-0000087206","0","0","0","0","21-166-9704","False","True","","6/14/2021 2:20:00 PM","No Pedestrians Involved","Dry","Unknown","Daylight","Unknown","Controls Functioning","Clear","Hit Object","Related","Other Vehicle","Not Applicable","Not Applicable","Unknown",""
"678037","CR-0000087207","0","0","0","0","21-167-9709","False","True","51","6/14/2021 6:40:00 PM","No Pedestrians Involved","Dry","No Unusual Conditions","Daylight","Unknown","No Controls Present/Factor","Clear","Sideswipe","Non-Related","Parked Vehicle","Not Applicable","Not Applicable","South Of",""
"678039","CR-0000087209","0","0","0","0","21-164-4701","False","True","0","6/12/2021 6:00:00 PM","No Pedestrians Involved","Dry","No Unusual Conditions","Daylight","Unknown","Controls Functioning","Clear","Rear End","Intersection","Other Vehicle","Not Applicable","Not Applicable","At",""
"678042","CR-0000087212","0","0","0","0","21-119-9709","False","True","51","4/27/2021 12:50:00 PM","No Pedestrians Involved","Dry","No Unusual Conditions","Daylight","Unknown","Controls Functioning","Clear","Sideswipe","Non-Related","Other Vehicle","Not Applicable","Not Applicable","South Of",""
"678043","CR-0000087213","0","0","0","0","21-124-9706","False","True","51","4/29/2021 5:37:00 PM","No Pedestrians Involved","Dry","No Unusual Conditions","Daylight","Unknown","No Controls Present/Factor","Clear","Rear End","Non-Related","Parked Vehicle","Not Applicable","Not Applicable","North Of",""
"678044","CR-0000087214","0","0","0","0","21-175-9705","False","True","0","6/10/2021 6:45:00 PM","No Pedestrians Involved","Dry","No Unusual Conditions","Daylight","Unknown","Controls Functioning","Clear","Broadside","Intersection","Other Vehicle","Not Applicable","Not Applicable","At",""
"678045","CR-0000087215","0","0","0","0","21-166-9705","False","False","51","5/14/2021 11:00:00 PM","No Pedestrians Involved","Dry","No Unusual Conditions","Dark - Street Light","Unknown","No Controls Present/Factor","Clear","Rear End","Non-Related","Parked Vehicle","Not Applicable","Not Applicable","West Of",""
"678046","CR-0000087216","1","0","0","0","21-164-0221","False","False","0","6/13/2021 6:24:00 AM","No Pedestrians Involved","Dry","No Unusual Conditions","Daylight","Violation Driver 1","Controls Functioning","Clear","Broadside","Intersection","Motor Vehicle On Other Roadway","Not Applicable","Not Applicable","At",""
"678047","CR-0000087217","5","3","0","0","21-165-0935","False","False","0","6/14/2021 8:59:00 PM","No Pedestrians Involved","Dry","No Unusual Conditions","Dark - Street Light","Violation Driver 1","Controls Functioning","Clear","Head On","Intersection","Other Vehicle","Not Applicable","Not Applicable","At",""
"678048","CR-0000087218","1","0","0","0","21-166-0926","False","False","0","6/15/2021 9:09:00 PM","No Pedestrians Involved","Dry","No Unusual Conditions","Dark - Street Light","Violation Driver 1","Controls Functioning","Clear","Broadside","Intersection","Other Vehicle","Not Applicable","Not Applicable","At",""
"678049","CR-0000087219","0","1","0","0","21-170-0962","False","False","0","6/19/2021 9:18:00 PM","Crossing In Crosswalk - Not At Intersection","Dry","No Unusual Conditions","Dark - Street Light","Violation Driver 1","Controls Functioning","Clear","Vehicle/Bike","Intersection","Bike","Not Applicable","Not Applicable","At","Bike"
"678050","CR-0000087220","1","0","0","0","21-172-0787","False","False","250","6/21/2021 5:36:00 PM","No Pedestrians Involved","Dry","No Unusual Conditions","Unknown","Violation Driver 1","No Controls Present/Factor","Clear","Sideswipe","Non-Related","Parked Vehicle","Not Applicable","Not Applicable","North Of",""
"678054","CR-0000087224","1","0","0","0","21-163-0406","False","False","617","6/12/2021 12:51:00 PM","No Pedestrians Involved","Unknown","No Unusual Conditions","Daylight","Violation Driver 1","Unknown","Unknown","Broadside","Non-Related","Other Vehicle","Not Applicable","Not Applicable","North Of",""
"678055","CR-0000087226","0","1","0","0","21-167-0861","False","False","146","6/16/2021 7:00:00 PM","No Pedestrians Involved","Dry","No Unusual Conditions","Daylight","Bike At Fault","No Controls Present/Factor","Clear","Vehicle/Bike","Non-Related","Bike","Not Applicable","Not Applicable","North Of",""
"678059","CR-0000087229","1","0","0","0","21-172-0961","False","False","21","6/21/2021 8:22:00 PM","No Pedestrians Involved","Dry","No Unusual Conditions","Daylight","Violation Driver 1","Controls Functioning","Clear","Rear End","Related","Motor Vehicle On Other Roadway","Not Applicable","Not Applicable","East Of",""
"678061","CR-0000087231","1","0","0","0","21-172-9701","False","False","0","6/19/2021 1:30:00 PM","No Pedestrians Involved","Dry","No Unusual Conditions","Daylight","Unknown","Unknown","Clear","Other","Intersection","Unknown","Not Applicable","Not Applicable","At",""
"678064","CR-0000087234","1","2","1","0","21-170-0873","False","False","51","6/19/2021 7:55:00 PM","No Pedestrians Involved","Dry","No Unusual Conditions","Daylight","Violation Driver 1","No Controls Present/Factor","Clear","Head On","Non-Related","Other Vehicle","Not Applicable","Not Applicable","South Of",""
"678070","CR-0000087240","1","0","0","0","21-167-9708","False","False","51","6/13/2021 9:45:00 AM","No Pedestrians Involved","Dry","No Unusual Conditions","Dark - Street Light","Unknown","Controls Functioning","Clear","Rear End","Non-Related","Other Vehicle","Not Applicable","Not Applicable","East Of",""
"678118","CR-0000087290","0","0","0","0","21-208-9702","False","False","51","5/29/2021 9:00:00 AM","No Pedestrians Involved","Dry","Unknown","Daylight","Unknown","No Controls Present/Factor","Clear","Rear End","Non-Related","Parked Vehicle","Not Applicable","Not Applicable","East Of",""
"678185","CR-0000087359","0","0","0","0","21-164-0856","False","False","350","6/13/2021 8:53:00 PM","No Pedestrians Involved","Dry","Unknown","Dusk - Dawn","Violation Driver 1","No Controls Present/Factor","Clear","Rear End","Non-Related","Parked Vehicle","Not Applicable","Not Applicable","West Of",""
"678278","CR-0000087458","0","1","0","0","21-239-0589","False","False","0","6/18/2021 9:00:00 PM","Crossing - Not In Crosswalk","Dry","No Unusual Conditions","Dark - No Street Light","Pedestrian At Fault","No Controls Present/Factor","Clear","Vehicle/Pedestrian","Intersection","Pedestrian","West","East","At",""
"678279","CR-0000087460","0","1","0","0","21-170-0137","True","False","50","6/19/2021 3:08:00 AM","No Pedestrians Involved","Dry","No Unusual Conditions","Dark - Street Light","Violation Driver 1","No Controls Present/Factor","Unknown","Hit Object","Related","Fixed Object","Not Applicable","Not Applicable","East Of","Tree"
"678340","CR-0000087521","1","0","0","0","21-185-9703","False","False","","6/3/2021 2:00:00 AM","No Pedestrians Involved","Dry","No Unusual Conditions","Dark - Street Light","Unknown","Controls Functioning","Clear","Rear End","Related","Other Vehicle","Not Applicable","Not Applicable","East Of",""
"678550","CR-0000087736","0","1","0","0","21-168-0994","False","False","","6/17/2021 9:10:00 PM","Crossing - Not In Crosswalk","Dry","No Unusual Conditions","Dark - Street Light","Pedestrian At Fault","No Controls Present/Factor","Clear","Vehicle/Pedestrian","Related","Pedestrian","West","East","South Of",""
"678568","CR-0000087754","0","0","0","0","21-258-9710","False","True","51","6/21/2021 6:00:00 AM","No Pedestrians Involved","Dry","No Unusual Conditions","Daylight","Unknown","No Controls Present/Factor","Clear","Rear End","Non-Related","Parked Vehicle","Not Applicable","Not Applicable","East Of",""
"679440","CR-0000088653","1","1","0","0","21-118-0380","False","False","123","4/28/2021 12:01:00 PM","No Pedestrians Involved","Dry","No Unusual Conditions","Daylight","Violation Driver 2","No Controls Present/Factor","Clear","Head On","Non-Related","Other Vehicle","Not Applicable","Not Applicable","West Of",""
"679453","CR-0000088657","1","0","2","0","21-126-0615","False","False","375","5/6/2021 3:30:00 PM","No Pedestrians Involved","Dry","No Unusual Conditions","Daylight","Violation Driver 1","No Controls Present/Factor","Clear","Broadside","Non-Related","Other Vehicle","Not Applicable","Not Applicable","North Of",""
"679460","CR-0000088658","1","0","0","0","21-125-0987","False","False","0","5/6/2021 6:55:00 AM","No Pedestrians Involved","Dry","No Unusual Conditions","Dark - Street Light","Violation Driver 1","Controls Functioning","Clear","Broadside","Intersection","Other Vehicle","Not Applicable","Not Applicable","At",""
"679470","CR-0000088659","0","0","1","0","21-152-0248","True","False","36","6/1/2021 8:30:00 AM","No Pedestrians Involved","Dry","No Unusual Conditions","Daylight","Violation Driver 1","Controls Functioning","Clear","Hit Object","Related","Fixed Object","Not Applicable","North","South Of","Traffic signal"
"679473","CR-0000088656","0","0","1","0","21-124-0423","False","False","51","5/3/2021 1:00:00 PM","No Pedestrians Involved","Dry","No Unusual Conditions","Daylight","Violation Driver 1","Controls Functioning","Clear","Vehicle/Bike","Non-Related","Bike","Not Applicable","Not Applicable","North Of",""
"679478","CR-0000088660","1","0","0","0","21-168-0158","False","False","90","6/11/2021 7:06:00 AM","No Pedestrians Involved","Dry","No Unusual Conditions","Daylight","Bike At Fault","Controls Functioning","Clear","Vehicle/Bike","Non-Related","Bike","Not Applicable","Not Applicable","East Of",""
"679483","CR-0000088661","1","0","0","0","21-169-0582","False","False","0","6/18/2021 4:16:00 PM","No Pedestrians Involved","Dry","No Unusual Conditions","Daylight","Violation Driver 1","Controls Functioning","Clear","Broadside","Intersection","Motor Vehicle On Other Roadway","Not Applicable","Not Applicable","At",""
"679487","CR-0000088654","0","1","0","0","21-119-0010","False","False","0","4/29/2021 12:09:00 AM","No Pedestrians Involved","Dry","No Unusual Conditions","Dark - Street Light","Violation Driver 1","Controls Functioning","Clear","Broadside","Intersection","Train","Not Applicable","Not Applicable","At",""
"679488","CR-0000088655","4","0","1","0","21-122-0524","False","False","0","5/2/2021 2:14:00 PM","No Pedestrians Involved","Dry","No Unusual Conditions","Daylight","Violation Driver 1","No Controls Present/Factor","Clear","Broadside","Intersection","Other Vehicle","Not Applicable","Not Applicable","At",""
"679491","CR-0000088652","3","0","0","0","21-117-0294","False","False","0","4/27/2021 9:00:00 AM","No Pedestrians Involved","Dry","No Unusual Conditions","Daylight","Violation Driver 1","No Controls Present/Factor","Clear","Broadside","Intersection","Other Vehicle","Not Applicable","Not Applicable","At",""
"679812","CR-0000089030","1","0","0","0","21-122-0844","False","False","0","5/2/2021 7:24:00 PM","No Pedestrians Involved","Dry","No Unusual Conditions","Daylight","Violation Driver 1","No Controls Present/Factor","Clear","Broadside","Intersection","Other Vehicle","Not Applicable","Not Applicable","At",""
"679813","CR-0000089031","0","1","0","0","21-122-0810","False","False","0","5/2/2021 7:00:00 PM","No Pedestrians Involved","Dry","No Unusual Conditions","Daylight","Violation Driver 1","Controls Functioning","Clear","Broadside","Intersection","Other Vehicle","Not Applicable","Not Applicable","At",""
"679814","CR-0000089032","1","0","0","0","21-122-0514","False","False","385","5/2/2021 2:02:00 PM","No Pedestrians Involved","Dry","No Unusual Conditions","Daylight","Violation Driver 1","No Controls Present/Factor","Clear","Broadside","Non-Related","Other Vehicle","Not Applicable","Not Applicable","North Of",""
"679864","CR-0000089085","0","0","0","0","21-165-4002","False","True","","6/14/2021 1:40:00 PM","No Pedestrians Involved","Unknown","Unknown","Unknown","Unknown","Unknown","Unknown","Rear End","Related","Unknown","Not Applicable","Not Applicable","North Of",""
"679865","CR-0000089086","0","0","0","0","21-166-4003","False","True","0","6/12/2021 2:45:00 PM","No Pedestrians Involved","Unknown","Unknown","Unknown","Unknown","Unknown","Unknown","Other","Intersection","Other Vehicle","Not Applicable","Not Applicable","At",""
"679866","CR-0000089087","0","0","0","0","21-167-4000","False","True","","6/15/2021 6:15:00 PM","No Pedestrians Involved","Unknown","Unknown","Unknown","Unknown","Unknown","Unknown","Rear End","Related","Other Vehicle","Not Applicable","Not Applicable","Unknown",""
"679867","CR-0000089088","0","0","0","0","21-168-4000","False","True","0","6/17/2021 12:05:00 PM","No Pedestrians Involved","Unknown","Unknown","Unknown","Unknown","Unknown","Unknown","Rear End","Intersection","Other Vehicle","Not Applicable","Not Applicable","At",""
"679868","CR-0000089089","0","0","0","0","21-169-4001","False","True","51","6/16/2021 3:03:00 AM","No Pedestrians Involved","Unknown","Unknown","Unknown","Unknown","Unknown","Unknown","Other","Non-Related","Parked Vehicle","Not Applicable","Not Applicable","East Of",""
"679869","CR-0000089090","0","0","0","0","21-170-4003","False","True","51","6/19/2021 6:20:00 PM","No Pedestrians Involved","Unknown","Unknown","Unknown","Unknown","Unknown","Unknown","Other","Non-Related","Parked Vehicle","Not Applicable","Not Applicable","North Of",""
"679870","CR-0000089091","0","0","0","0","21-172-4002","False","True","51","6/17/2021 4:00:00 AM","No Pedestrians Involved","Unknown","Unknown","Unknown","Unknown","Unknown","Unknown","Sideswipe","Non-Related","Parked Vehicle","Not Applicable","Not Applicable","North Of",""
"679871","CR-0000089092","0","0","0","0","21-175-4001","False","True","0","6/17/2021 6:30:00 PM","No Pedestrians Involved","Unknown","Unknown","Unknown","Unknown","Unknown","Unknown","Rear End","Intersection","Other Vehicle","Not Applicable","Not Applicable","At",""
"679875","CR-0000089096","0","0","0","0","21-178-4001","False","True","51","6/15/2021 12:00:00 PM","No Pedestrians Involved","Unknown","Unknown","Unknown","Unknown","Unknown","Unknown","Sideswipe","Non-Related","Parked Vehicle","Not Applicable","Not Applicable","South Of",""
"679885","CR-0000089106","0","0","0","1","21-131-0912","False","False","0","5/11/2021 7:54:00 PM","No Pedestrians Involved","Dry","No Unusual Conditions","Daylight","Violation Driver 1","Controls Functioning","Clear","Broadside","Intersection","Motorcycle","Not Applicable","Not Applicable","At",""
"679926","CR-0000089161","0","0","0","0","21-165-4001","False","True","51","6/14/2021 8:30:00 AM","No Pedestrians Involved","Unknown","Unknown","Unknown","Unknown","Unknown","Unknown","Other","Non-Related","Other Vehicle","Not Applicable","Not Applicable","East Of",""
"679927","CR-0000089156","0","0","0","0","21-160-4003","False","True","0","6/9/2021 3:55:00 PM","No Pedestrians Involved","Unknown","Unknown","Unknown","Unknown","Unknown","Unknown","Rear End","Intersection","Other Vehicle","Not Applicable","Not Applicable","At",""
"679929","CR-0000089162","0","0","0","0","21-157-4000","False","True","51","6/5/2021 9:20:00 PM","No Pedestrians Involved","Unknown","Unknown","Unknown","Unknown","Unknown","Unknown","Rear End","Non-Related","Other Vehicle","Not Applicable","Not Applicable","East Of",""
"679933","CR-0000089158","0","0","0","0","21-163-4001","True","False","0","6/11/2021 3:57:00 PM","No Pedestrians Involved","Unknown","Unknown","Unknown","Unknown","Unknown","Unknown","Rear End","Intersection","Other Vehicle","Not Applicable","Not Applicable","At",""
"679936","CR-0000089159","0","0","0","0","21-164-4000","False","True","51","6/13/2021 9:35:00 AM","No Pedestrians Involved","Unknown","Unknown","Unknown","Unknown","Unknown","Unknown","Other","Non-Related","Parked Vehicle","Not Applicable","Not Applicable","East Of",""
"679937","CR-0000089160","0","0","0","0","21-165-4000","False","True","","6/13/2021 10:00:00 PM","No Pedestrians Involved","Unknown","Unknown","Unknown","Unknown","Unknown","Unknown","Rear End","Related","Other Vehicle","Not Applicable","Not Applicable","Unknown",""
"679940","CR-0000089157","0","0","0","0","21-162-4001","False","True","","6/11/2021 10:25:00 AM","No Pedestrians Involved","Unknown","Unknown","Unknown","Unknown","Unknown","Unknown","Other","Related","Parked Vehicle","Not Applicable","Not Applicable","Unknown",""
"679943","CR-0000089166","0","0","0","0","21-160-4002","False","True","0","5/27/2021 6:02:00 PM","No Pedestrians Involved","Unknown","Unknown","Unknown","Unknown","Unknown","Unknown","Broadside","Intersection","Other Vehicle","Not Applicable","Not Applicable","At",""
"679944","CR-0000089163","0","0","0","0","21-157-4001","False","True","0","6/6/2021 7:30:00 PM","No Pedestrians Involved","Unknown","Unknown","Unknown","Unknown","Unknown","Unknown","Other","Intersection","Other Vehicle","Not Applicable","Not Applicable","At",""
"679946","CR-0000089165","0","0","0","0","21-158-4003","False","True","","6/5/2021 3:25:00 PM","No Pedestrians Involved","Unknown","Unknown","Unknown","Unknown","Unknown","Unknown","Rear End","Related","Other Vehicle","Not Applicable","Not Applicable","Unknown",""
"679948","CR-0000089164","0","0","0","0","21-158-4001","False","True","","6/6/2021 5:00:00 PM","No Pedestrians Involved","Unknown","Unknown","Unknown","Unknown","Unknown","Unknown","Sideswipe","Related","Parked Vehicle","Not Applicable","Not Applicable","East Of",""
"679951","CR-0000089201","1","0","0","0","21-149-0170","False","False","122","5/29/2021 6:21:00 AM","No Pedestrians Involved","Dry","Loose Material On Roadway","Daylight","Violation Driver 1","Unknown","Cloudy","Head On","Non-Related","Other Vehicle","Not Applicable","Not Applicable","North Of",""
"679952","CR-0000089197","2","0","0","0","21-141-0771","False","False","75","5/21/2021 7:11:00 PM","No Pedestrians Involved","Dry","No Unusual Conditions","Daylight","Violation Driver 1","Controls Functioning","Clear","Rear End","Non-Related","Other Vehicle","Not Applicable","Not Applicable","East Of",""
"679953","CR-0000089174","1","0","0","0","21-123-0497","False","False","0","5/3/2021 2:23:00 PM","No Pedestrians Involved","Dry","No Unusual Conditions","Daylight","Violation Driver 1","No Controls Present/Factor","Clear","Broadside","Intersection","Other Vehicle","Not Applicable","Not Applicable","At",""