"CrashFactId","Name","MinorInjuries","ModerateInjuries","SevereInjuries","FatalInjuries","TcrNumber","CityDamageFlag","ShortFormFlag","Distance","CrashDateTime","PedestrianAction","RoadwaySurface","RoadwayCondition","Lighting","PrimaryCollisionFactor","TrafficControl","Weather","CollisionType","ProximityToIntersection","VehicleInvolvedWith","PedestrianDirectionFrom","PedestrianDirectionTo","DirectionFromIntersection","Comment"
"679515","CR-0000088726","0","0","0","0","21-299-0950","False","False","150","10/26/2021 9:55:00 PM","No Pedestrians Involved","Dry","No Unusual Conditions","Dark - Street Light","Violation Driver 1","No Controls Present/Factor","Clear","Sideswipe","Non-Related","Parked Vehicle","Not Applicable","Not Applicable","West Of",""
"679516","CR-0000088727","0","0","0","0","21-299-1007","False","False","90","10/26/2021 11:36:00 PM","No Pedestrians Involved","Dry","No Unusual Conditions","Dark - Street Light","Violation Driver 1","No Controls Present/Factor","Clear","Rear End","Non-Related","Parked Vehicle","Not Applicable","Not Applicable","North Of",""
"679517","CR-0000088728","0","1","0","0","21-300-0523","False","False","0","10/27/2021 1:38:00 PM","No Pedestrians Involved","Dry","No Unusual Conditions","Daylight","Violation Driver 1","Controls Functioning","Clear","Broadside","Intersection","Other Vehicle","Not Applicable","Not Applicable","At",""
"679518","CR-0000088729","0","0","0","0","21-300-0178","False","False","54","10/27/2021 7:00:00 AM","No Pedestrians Involved","Unknown","No Unusual Conditions","Dusk - Dawn","Violation Driver 1","Controls Functioning","Unknown","Rear End","Non-Related","Other Vehicle","Not Applicable","Not Applicable","West Of",""
"679519","CR-0000088730","0","0","0","0","21-300-0163","False","False","0","10/27/2021 9:00:00 AM","No Pedestrians Involved","Dry","No Unusual Conditions","Dark - Street Light","Violation Driver 1","No Controls Present/Factor","Clear","Head On","Intersection","Parked Vehicle","Not Applicable","Not Applicable","At",""
"679520","CR-0000088731","1","0","0","0","21-300-0700","False","False","0","10/27/2021 6:18:00 PM","No Pedestrians Involved","Dry","No Unusual Conditions","Daylight","Violation Driver 1","No Controls Present/Factor","Clear","Broadside","Intersection","Other Vehicle","Not Applicable","Not Applicable","At",""
"679521","CR-0000088732","0","0","0","0","21-300-0243","False","False","105","10/27/2021 9:03:00 AM","No Pedestrians Involved","Dry","No Unusual Conditions","Daylight","Violation Driver 1","No Controls Present/Factor","Clear","Rear End","Non-Related","Parked Vehicle","Not Applicable","Not Applicable","South Of",""
"679522","CR-0000088733","0","0","0","0","21-300-0593","False","False","68","10/27/2021 2:54:00 PM","No Pedestrians Involved","Dry","No Unusual Conditions","Daylight","Violation Driver 1","No Controls Present/Factor","Clear","Rear End","Non-Related","Parked Vehicle","Not Applicable","Not Applicable","West Of",""
"679523","CR-0000088734","0","0","0","0","21-300-0911","False","False","150","10/27/2021 8:20:00 PM","No Pedestrians Involved","Dry","No Unusual Conditions","Dark - Street Light","Violation Driver 1","No Controls Present/Factor","Clear","Broadside","Non-Related","Parked Vehicle","Not Applicable","Not Applicable","North Of",""
"679524","CR-0000088735","0","0","0","0","21-300-0268","False","False","145","10/27/2021 3:00:00 AM","No Pedestrians Involved","Dry","No Unusual Conditions","Dark - Street Light","Violation Driver 1","No Controls Present/Factor","Clear","Rear End","Non-Related","Other Vehicle","Not Applicable","Not Applicable","West Of",""
"679525","CR-0000088736","1","0","0","0","21-300-9710","False","True","0","10/18/2021 4:30:00 PM","Crossing In Crosswalk - At Intersection","Unknown","Unknown","Unknown","Unknown","Unknown","Unknown","Vehicle/Pedestrian","Intersection","Pedestrian","Unknown","Unknown","At","Pedestrian"
"679526","CR-0000088737","1","0","0","0","21-300-0190","False","False","0","10/27/2021 7:26:00 AM","No Pedestrians Involved","Dry","No Unusual Conditions","Daylight","Violation Driver 1","No Controls Present/Factor","Clear","Broadside","Intersection","Other Vehicle","Not Applicable","Not Applicable","At",""
"679527","CR-0000088738","0","0","0","0","21-300-0193","False","False","0","10/27/2021 7:31:00 AM","No Pedestrians Involved","Dry","No Unusual Conditions","Daylight","Violation Driver 1","No Controls Present/Factor","Clear","Rear End","Intersection","Other Vehicle","Not Applicable","Not Applicable","At",""
"679528","CR-0000088739","0","0","0","0","21-300-0249","False","False","0","10/27/2021 8:00:00 AM","No Pedestrians Involved","Dry","No Unusual Conditions","Daylight","Violation Driver 2","Controls Functioning","Clear","Sideswipe","Intersection","Other Vehicle","Not Applicable","Not Applicable","At",""
"679529","CR-0000088740","0","0","0","0","21-311-9703","False","True","0","10/27/2021 5:30:00 PM","No Pedestrians Involved","Dry","No Unusual Conditions","Daylight","Unknown","Controls Functioning","Clear","Sideswipe","Intersection","Other Vehicle","Not Applicable","Not Applicable","South Of",""
"679530","CR-0000088741","0","0","0","0","21-300-1031","True","False","0","10/27/2021 10:53:00 PM","No Pedestrians Involved","Dry","No Unusual Conditions","Dark - Street Light","Violation Driver 1","No Controls Present/Factor","Clear","Hit Object","Intersection","Fixed Object","Not Applicable","Not Applicable","At","Fire hydrant, light pole"
"679531","CR-0000088742","0","0","0","0","21-300-0761","False","False","736","10/27/2021 5:32:00 PM","No Pedestrians Involved","Dry","No Unusual Conditions","Daylight","Violation Driver 1","No Controls Present/Factor","Clear","Broadside","Non-Related","Parked Vehicle","Not Applicable","Not Applicable","West Of",""
"679532","CR-0000088743","0","0","0","0","21-305-0331","False","False","220","11/1/2021 9:57:00 AM","In Road - Includes Shoulder","Wet","No Unusual Conditions","Daylight","Violation Driver 1","No Controls Present/Factor","Rain","Vehicle/Pedestrian","Non-Related","Pedestrian","No Direction (Not Walking)","No Direction (Not Walking)","South Of","Pedestrian"
"679533","CR-0000088744","4","1","0","0","21-305-0280","False","False","0","11/1/2021 8:44:00 AM","No Pedestrians Involved","Dry","No Unusual Conditions","Daylight","Violation Driver 1","Controls Functioning","Cloudy","Sideswipe","Intersection","Other Vehicle","Not Applicable","Not Applicable","At",""
"679534","CR-0000088745","0","1","0","0","21-305-0512","False","False","100","11/1/2021 1:19:00 PM","In Road - Includes Shoulder","Wet","No Unusual Conditions","Daylight","Violation Driver 1","No Controls Present/Factor","Cloudy","Vehicle/Pedestrian","Non-Related","Pedestrian","West","West","East Of","Pedestrian"
"679535","CR-0000088746","1","0","0","0","21-305-0505","False","False","0","11/1/2021 2:06:00 PM","No Pedestrians Involved","Dry","No Unusual Conditions","Daylight","Violation Driver 1","Controls Functioning","Clear","Broadside","Intersection","Other Vehicle","Not Applicable","Not Applicable","At",""
"679536","CR-0000088747","1","1","0","0","21-305-0849","False","False","0","11/1/2021 7:56:00 PM","No Pedestrians Involved","Dry","No Unusual Conditions","Dark - Street Light","Violation Driver 1","Controls Functioning","Clear","Broadside","Intersection","Train","Not Applicable","Not Applicable","At","VTA train"
"679537","CR-0000088748","0","0","0","0","21-305-0006","False","False","0","11/1/2021 12:14:00 AM","No Pedestrians Involved","Dry","No Unusual Conditions","Dark - Street Light","Violation Driver 1","Controls Functioning","Clear","Sideswipe","Intersection","Other Vehicle","Not Applicable","Not Applicable","At",""
"679538","CR-0000088749","0","0","0","0","21-305-0291","True","False","0","11/1/2021 8:56:00 AM","No Pedestrians Involved","Dry","No Unusual Conditions","Daylight","Violation Driver 1","Controls Functioning","Cloudy","Sideswipe","Intersection","Parked Vehicle","Not Applicable","Not Applicable","West Of","City Vehicle DOT"
"679539","CR-0000088750","0","0","0","0","21-305-0400","False","False","0","11/1/2021 11:04:00 AM","No Pedestrians Involved","Wet","No Unusual Conditions","Daylight","Violation Driver 1","No Controls Present/Factor","Rain","Other","Intersection","Parked Vehicle","Not Applicable","Not Applicable","At",""
"679540","CR-0000088751","0","0","0","0","21-305-0474","False","False","320","11/1/2021 1:16:00 PM","No Pedestrians Involved","Wet","Unknown","Daylight","Violation Driver 1","No Controls Present/Factor","Rain","Broadside","Non-Related","Other Vehicle","Not Applicable","Not Applicable","North Of",""
"679541","CR-0000088752","0","0","0","0","21-305-9712","False","True","0","11/1/2021 1:36:00 PM","No Pedestrians Involved","Wet","No Unusual Conditions","Daylight","Unknown","Controls Functioning","Clear","Rear End","Intersection","Other Vehicle","Not Applicable","Not Applicable","East Of",""
"679542","CR-0000088753","0","0","0","0","21-305-0751","False","False","0","11/1/2021 6:10:00 PM","No Pedestrians Involved","Dry","No Unusual Conditions","Daylight","Violation Driver 1","Controls Functioning","Clear","Rear End","Intersection","Other Vehicle","Not Applicable","Not Applicable","East Of",""
"679543","CR-0000088754","0","0","0","0","21-295-0161","False","False","0","10/22/2021 7:05:00 AM","No Pedestrians Involved","Wet","No Unusual Conditions","Daylight","Unknown","Controls Not Functioning","Rain","Other","Intersection","Other Vehicle","Not Applicable","Not Applicable","At",""
"679544","CR-0000088755","1","1","0","0","21-306-0235","False","False","0","11/2/2021 9:00:00 AM","No Pedestrians Involved","Dry","No Unusual Conditions","Daylight","Violation Driver 1","Controls Functioning","Clear","Broadside","Intersection","Other Vehicle","Not Applicable","Not Applicable","At",""
"680130","CR-0000089352","0","1","0","0","21-121-0577","False","False","0","5/1/2021 3:44:00 PM","No Pedestrians Involved","Dry","No Unusual Conditions","Daylight","Violation Driver 1","Controls Functioning","Clear","Rear End","Intersection","Parked Vehicle","Not Applicable","Not Applicable","At",""
"680143","CR-0000089365","3","0","0","0","21-113-0846","False","False","40","4/23/2021 10:04:00 PM","No Pedestrians Involved","Dry","No Unusual Conditions","Dark - Street Light","Violation Driver 1","No Controls Present/Factor","Clear","Rear End","Related","Other Vehicle","Not Applicable","Not Applicable","North Of",""
"680144","CR-0000089366","2","0","0","0","21-114-0826","False","False","238","4/24/2021 8:55:00 PM","No Pedestrians Involved","Dry","No Unusual Conditions","Dark - No Street Light","Violation Driver 1","No Controls Present/Factor","Clear","Rear End","Non-Related","Other Vehicle","Not Applicable","Not Applicable","South Of",""
"680145","CR-0000089367","0","1","0","0","21-156-0086","False","False","0","5/5/2021 1:45:00 AM","Crossing In Crosswalk - At Intersection","Dry","Other","Dark - Street Light","Violation Driver 1","Controls Functioning","Clear","Vehicle/Pedestrian","Intersection","Pedestrian","South","North","At","PEDESTRIAN"
"680146","CR-0000089368","2","0","0","0","21-156-0480","False","False","91","6/5/2021 2:20:00 PM","No Pedestrians Involved","Dry","No Unusual Conditions","Daylight","Violation Driver 1","Controls Functioning","Clear","Rear End","Non-Related","Other Vehicle","Not Applicable","Not Applicable","South Of",""
"680147","CR-0000089369","1","0","0","0","21-157-0490","False","False","120","6/6/2021 2:15:00 PM","No Pedestrians Involved","Unknown","Unknown","Daylight","Violation Driver 1","Unknown","Unknown","Sideswipe","Non-Related","Parked Vehicle","Not Applicable","Not Applicable","South Of",""
"680148","CR-0000089370","2","0","0","0","21-157-0564","False","False","0","6/6/2021 3:50:00 PM","No Pedestrians Involved","Dry","No Unusual Conditions","Daylight","Violation Driver 1","Controls Functioning","Clear","Broadside","Intersection","Other Vehicle","Not Applicable","Not Applicable","At",""
"680149","CR-0000089371","2","0","0","0","21-157-0745","False","False","0","6/6/2021 7:26:00 PM","No Pedestrians Involved","Dry","No Unusual Conditions","Daylight","Violation Driver 1","No Controls Present/Factor","Clear","Sideswipe","Intersection","Other Vehicle","Not Applicable","Not Applicable","At",""
"680150","CR-0000089372","1","0","0","0","21-158-0817","False","False","51","6/7/2021 6:00:00 PM","No Pedestrians Involved","Dry","No Unusual Conditions","Daylight","Violation Driver 1","Controls Functioning","Clear","Rear End","Non-Related","Other Vehicle","Not Applicable","Not Applicable","South Of",""
"680151","CR-0000089373","0","0","1","0","21-158-0955","False","False","18","6/7/2021 8:15:00 PM","No Pedestrians Involved","Dry","No Unusual Conditions","Dusk - Dawn","Violation Driver 1","Controls Functioning","Clear","Rear End","Related","Other Vehicle","Not Applicable","Not Applicable","East Of",""
"680152","CR-0000089374","1","0","0","0","21-161-0518","False","False","232","6/10/2021 2:13:00 PM","No Pedestrians Involved","Dry","No Unusual Conditions","Daylight","Violation Driver 1","No Controls Present/Factor","Clear","Head On","Non-Related","Motor Vehicle On Other Roadway","Not Applicable","Not Applicable","South Of",""
"680153","CR-0000089375","0","1","0","0","21-163-0111","False","False","0","6/12/2021 2:26:00 AM","No Pedestrians Involved","Dry","No Unusual Conditions","Dark - Street Light","Violation Driver 1","Controls Functioning","Clear","Broadside","Intersection","Other Vehicle","Not Applicable","Not Applicable","At",""
"680154","CR-0000089376","2","0","0","0","21-168-0430","False","False","267","6/17/2021 12:41:00 PM","No Pedestrians Involved","Dry","No Unusual Conditions","Daylight","Violation Driver 1","No Controls Present/Factor","Clear","Head On","Non-Related","Other Vehicle","Not Applicable","Not Applicable","North Of",""
"680155","CR-0000089377","2","0","0","0","21-168-1059","False","False","32","6/17/2021 11:00:00 PM","No Pedestrians Involved","Dry","No Unusual Conditions","Dark - Street Light","Violation Driver 1","No Controls Present/Factor","Clear","Sideswipe","Related","Other Vehicle","Not Applicable","Not Applicable","West Of",""
"679545","CR-0000088756","0","1","0","0","21-306-0366","False","False","230","11/2/2021 11:43:00 AM","No Pedestrians Involved","Dry","No Unusual Conditions","Daylight","Bike At Fault","No Controls Present/Factor","Clear","Vehicle/Bike","Non-Related","Bike","Not Applicable","Not Applicable","North Of","Bike"
"679546","CR-0000088757","1","0","0","0","21-306-0465","False","False","0","11/2/2021 1:11:00 PM","No Pedestrians Involved","Dry","Unknown","Daylight","Violation Driver 1","Controls Functioning","Clear","Sideswipe","Intersection","Other Vehicle","Not Applicable","Not Applicable","At",""
"679547","CR-0000088758","0","1","0","0","21-306-0628","False","False","300","11/2/2021 3:48:00 PM","No Pedestrians Involved","Dry","No Unusual Conditions","Daylight","Violation Driver 1","No Controls Present/Factor","Clear","Rear End","Non-Related","Other Vehicle","Not Applicable","Not Applicable","West Of",""
"679548","CR-0000088759","1","0","0","0","21-306-0645","False","False","0","11/2/2021 4:01:00 PM","No Pedestrians Involved","Dry","No Unusual Conditions","Daylight","Violation Driver 1","Controls Functioning","Clear","Rear End","Intersection","Other Vehicle","Not Applicable","Not Applicable","At",""
"679549","CR-0000088760","0","1","0","0","21-306-0680","False","False","0","11/2/2021 4:32:00 PM","No Pedestrians Involved","Dry","No Unusual Conditions","Daylight","Violation Driver 1","Controls Functioning","Clear","Broadside","Intersection","Other Vehicle","Not Applicable","Not Applicable","At",""
"679550","CR-0000088761","0","0","0","0","21-306-0020","False","False","210","11/2/2021 12:25:00 AM","No Pedestrians Involved","Dry","No Unusual Conditions","Dark - Street Light","Violation Driver 1","No Controls Present/Factor","Clear","Sideswipe","Non-Related","Parked Vehicle","Not Applicable","Not Applicable","North Of",""
"679551","CR-0000088762","1","0","0","0","21-306-0222","False","False","0","11/2/2021 8:37:00 AM","No Pedestrians Involved","Dry","No Unusual Conditions","Daylight","Violation Driver 1","Controls Functioning","Cloudy","Sideswipe","Intersection","Other Vehicle","Not Applicable","Not Applicable","East Of",""
"679552","CR-0000088763","1","0","0","0","21-307-0318","False","False","0","11/2/2021 11:00:00 AM","In Road - Includes Shoulder","Dry","No Unusual Conditions","Dark - Street Light","Violation Driver 1","No Controls Present/Factor","Clear","Vehicle/Pedestrian","Intersection","Pedestrian","North","North","At","Pedestrian, Electric skateboard"
"679553","CR-0000088764","0","0","0","0","21-306-0669","False","False","200","11/2/2021 4:22:00 PM","No Pedestrians Involved","Dry","No Unusual Conditions","Daylight","Violation Driver 1","Controls Functioning","Clear","Rear End","Non-Related","Other Vehicle","Not Applicable","Not Applicable","South Of",""
"679554","CR-0000088765","0","0","0","0","21-306-0675","True","False","0","11/2/2021 4:27:00 PM","No Pedestrians Involved","Dry","No Unusual Conditions","Daylight","Violation Driver 1","Controls Functioning","Clear","Hit Object","Intersection","Fixed Object","Not Applicable","Not Applicable","At","Signal light"
"679555","CR-0000088766","1","0","0","0","21-306-0888","False","False","0","11/2/2021 8:05:00 PM","No Pedestrians Involved","Dry","No Unusual Conditions","Dark - Street Light","Unknown","Controls Not Functioning","Clear","Rear End","Intersection","Other Vehicle","Not Applicable","Not Applicable","East Of",""
"679556","CR-0000088767","0","0","0","0","21-306-1019","False","False","0","11/2/2021 10:51:00 PM","No Pedestrians Involved","Dry","No Unusual Conditions","Dark - Street Light","Violation Driver 1","Controls Functioning","Clear","Hit Object","Intersection","Fixed Object","Not Applicable","Not Applicable","West Of","Fire Hydrant"
"679557","CR-0000088768","1","0","0","0","21-306-1048","False","False","318","11/2/2021 11:22:00 PM","No Pedestrians Involved","Dry","No Unusual Conditions","Dark - Street Light","Violation Driver 1","No Controls Present/Factor","Clear","Sideswipe","Non-Related","Parked Vehicle","Not Applicable","Not Applicable","East Of",""
"679558","CR-0000088769","0","1","0","0","21-307-0498","False","False","0","11/3/2021 1:45:00 PM","No Pedestrians Involved","Dry","No Unusual Conditions","Daylight","Violation Driver 1","Controls Functioning","Clear","Broadside","Intersection","Other Vehicle","Not Applicable","Not Applicable","At",""
"679559","CR-0000088770","1","1","0","0","21-307-0348","False","False","0","11/3/2021 10:48:00 AM","No Pedestrians Involved","Dry","No Unusual Conditions","Daylight","Unknown","Controls Functioning","Clear","Broadside","Intersection","Other Vehicle","Not Applicable","Not Applicable","At",""
"679560","CR-0000088771","1","1","0","0","21-307-0379","False","False","0","11/3/2021 11:30:00 AM","No Pedestrians Involved","Dry","No Unusual Conditions","Daylight","Violation Driver 1","Unknown","Clear","Rear End","Intersection","Other Vehicle","Not Applicable","Not Applicable","North Of",""
"679561","CR-0000088772","0","1","0","0","21-307-0481","False","False","0","11/3/2021 1:30:00 PM","No Pedestrians Involved","Dry","No Unusual Conditions","Daylight","Violation Driver 1","Controls Functioning","Clear","Vehicle/Bike","Intersection","Bike","Not Applicable","Not Applicable","At","Bike"
"679562","CR-0000088773","0","1","0","0","21-307-0581","True","False","0","11/3/2021 3:00:00 PM","No Pedestrians Involved","Dry","No Unusual Conditions","Daylight","Violation Driver 1","Controls Functioning","Clear","Hit Object","Intersection","Fixed Object","Not Applicable","Not Applicable","At","Signal pole"
"679563","CR-0000088774","2","0","0","0","21-307-0658","False","False","240","11/3/2021 4:07:00 PM","No Pedestrians Involved","Dry","No Unusual Conditions","Daylight","Violation Driver 1","Unknown","Clear","Rear End","Non-Related","Other Vehicle","Not Applicable","Not Applicable","North Of",""
"679564","CR-0000088775","1","0","0","0","21-307-0804","False","False","0","11/3/2021 6:38:00 PM","In Road - Includes Shoulder","Dry","No Unusual Conditions","Daylight","Violation Driver 1","No Controls Present/Factor","Clear","Vehicle/Pedestrian","Intersection","Pedestrian","Unknown","Unknown","North Of","Pedestrian"
"679565","CR-0000088776","0","0","0","0","21-307-0027","False","False","378","11/3/2021 12:45:00 AM","No Pedestrians Involved","Dry","No Unusual Conditions","Dark - Street Light","Violation Driver 1","No Controls Present/Factor","Clear","Sideswipe","Non-Related","Parked Vehicle","Not Applicable","Not Applicable","West Of",""
"679566","CR-0000088777","0","0","0","0","21-307-0042","False","False","85","11/3/2021 1:23:00 AM","No Pedestrians Involved","Dry","No Unusual Conditions","Dark - Street Light","Violation Driver 1","Controls Functioning","Clear","Sideswipe","Non-Related","Parked Vehicle","Not Applicable","Not Applicable","West Of",""
"679567","CR-0000088778","0","0","0","0","21-307-0122","True","False","0","11/3/2021 7:28:00 AM","No Pedestrians Involved","Dry","No Unusual Conditions","Dark - Street Light","Violation Driver 1","Controls Functioning","Clear","Hit Object","Intersection","Fixed Object","Not Applicable","Not Applicable","At","Traffic signal"
"679568","CR-0000088779","0","0","0","0","21-307-0697","True","False","830","11/3/2021 4:43:00 PM","No Pedestrians Involved","Dry","No Unusual Conditions","Daylight","Violation Driver 1","No Controls Present/Factor","Clear","Hit Object","Non-Related","Fixed Object","Not Applicable","Not Applicable","West Of","Light pole"
"679569","CR-0000088780","0","0","0","0","21-307-0819","False","False","0","11/3/2021 6:59:00 PM","No Pedestrians Involved","Dry","No Unusual Conditions","Dark - Street Light","Violation Driver 1","No Controls Present/Factor","Clear","Broadside","Intersection","Other Vehicle","Not Applicable","Not Applicable","East Of",""
"679570","CR-0000088781","0","0","0","0","21-307-0756","False","False","184","11/3/2021 5:41:00 PM","No Pedestrians Involved","Dry","No Unusual Conditions","Dusk - Dawn","Violation Driver 1","Controls Functioning","Clear","Sideswipe","Non-Related","Other Vehicle","Not Applicable","Not Applicable","East Of",""
"679626","CR-0000088861","0","0","0","0","21-311-0061","False","False","0","11/7/2021 12:59:00 AM","No Pedestrians Involved","Dry","No Unusual Conditions","Dark - Street Light","Violation Driver 1","No Controls Present/Factor","Clear","Hit Object","Intersection","Parked Vehicle","Not Applicable","Not Applicable","At",""
"679631","CR-0000088862","0","0","0","0","21-311-0108","False","False","0","11/7/2021 4:44:00 AM","No Pedestrians Involved","Dry","No Unusual Conditions","Dark - No Street Light","Violation Driver 1","Controls Functioning","Clear","Head On","Intersection","Parked Vehicle","Not Applicable","Not Applicable","West Of",""
"679635","CR-0000088860","0","0","0","0","21-310-1043","False","False","110","11/7/2021 12:12:00 AM","No Pedestrians Involved","Dry","No Unusual Conditions","Dark - Street Light","Violation Driver 1","Controls Functioning","Clear","Rear End","Non-Related","Parked Vehicle","Not Applicable","Not Applicable","South Of",""
"679636","CR-0000088859","2","0","0","0","21-311-0580","False","False","0","11/7/2021 2:16:00 PM","No Pedestrians Involved","Dry","No Unusual Conditions","Daylight","Violation Driver 1","Unknown","Cloudy","Other","Intersection","Other Vehicle","Not Applicable","Not Applicable","At",""
"679650","CR-0000088864","0","0","0","0","21-311-0242","True","False","0","11/7/2021 5:31:00 AM","No Pedestrians Involved","Dry","No Unusual Conditions","Daylight","Violation Driver 1","Controls Functioning","Clear","Hit Object","Intersection","Fixed Object","Not Applicable","Not Applicable","East Of","Tree"
"679651","CR-0000088865","0","0","0","0","21-311-0891","False","False","290","11/7/2021 8:44:00 PM","No Pedestrians Involved","Dry","No Unusual Conditions","Dark - Street Light","Violation Driver 1","No Controls Present/Factor","Clear","Rear End","Non-Related","Parked Vehicle","Not Applicable","Not Applicable","North Of",""
"679652","CR-0000088866","0","0","1","0","21-312-0507","False","False","0","11/8/2021 1:53:00 PM","No Pedestrians Involved","Dry","No Unusual Conditions","Daylight","Violation Driver 1","Controls Functioning","Clear","Broadside","Intersection","Other Vehicle","Not Applicable","Not Applicable","North Of",""
"679653","CR-0000088867","0","0","0","0","21-312-0913","False","False","0","11/8/2021 9:56:00 PM","No Pedestrians Involved","Dry","No Unusual Conditions","Dark - Street Light","Violation Driver 1","Controls Functioning","Clear","Broadside","Intersection","Other Vehicle","Not Applicable","Not Applicable","At",""
"679654","CR-0000088868","1","0","0","0","21-312-0182","False","False","880","11/8/2021 7:55:00 AM","No Pedestrians Involved","Dry","No Unusual Conditions","Daylight","Violation Driver 1","Controls Functioning","Clear","Rear End","Non-Related","Other Vehicle","Not Applicable","Not Applicable","South Of",""
"679655","CR-0000088869","4","0","0","0","21-312-0733","False","False","0","11/8/2021 5:45:00 PM","No Pedestrians Involved","Dry","No Unusual Conditions","Dark - Street Light","Violation Driver 1","Controls Functioning","Cloudy","Rear End","Intersection","Other Vehicle","Not Applicable","Not Applicable","North Of",""
"679656","CR-0000088870","0","0","0","0","21-312-0018","True","False","820","11/8/2021 12:21:00 AM","No Pedestrians Involved","Dry","No Unusual Conditions","Dark - Street Light","Violation Driver 1","No Controls Present/Factor","Clear","Hit Object","Non-Related","Fixed Object","Not Applicable","Not Applicable","East Of","Tree, Fence"
"679657","CR-0000088871","0","0","0","0","21-312-0794","False","False","134","11/8/2021 6:40:00 PM","No Pedestrians Involved","Dry","No Unusual Conditions","Dark - Street Light","Violation Driver 1","Unknown","Cloudy","Rear End","Non-Related","Other Vehicle","Not Applicable","Not Applicable","South Of",""
"679658","CR-0000088872","0","0","0","0","21-313-0228","False","False","336","11/9/2021 6:45:00 AM","No Pedestrians Involved","Dry","No Unusual Conditions","Daylight","Unknown","No Controls Present/Factor","Cloudy","Broadside","Non-Related","Other Vehicle","Not Applicable","Not Applicable","East Of",""
"679659","CR-0000088873","0","0","0","0","21-313-0184","False","False","180","11/9/2021 8:20:00 AM","No Pedestrians Involved","Wet","No Unusual Conditions","Daylight","Violation Driver 1","Unknown","Cloudy","Sideswipe","Non-Related","Parked Vehicle","Not Applicable","Not Applicable","South Of",""
"679660","CR-0000088874","1","0","0","0","21-313-0311","False","False","160","11/9/2021 10:40:00 AM","No Pedestrians Involved","Dry","No Unusual Conditions","Daylight","Violation Driver 1","Controls Functioning","Cloudy","Rear End","Non-Related","Other Vehicle","Not Applicable","Not Applicable","West Of",""
"679661","CR-0000088875","0","0","0","0","21-313-0620","False","False","300","11/9/2021 3:27:00 PM","No Pedestrians Involved","Dry","No Unusual Conditions","Daylight","Violation Driver 1","No Controls Present/Factor","Clear","Sideswipe","Non-Related","Parked Vehicle","Not Applicable","Not Applicable","East Of",""
"679662","CR-0000088876","2","0","0","0","21-313-0711","False","False","0","11/9/2021 5:29:00 PM","No Pedestrians Involved","Dry","No Unusual Conditions","Dark - Street Light","Violation Driver 1","Unknown","Clear","Rear End","Intersection","Other Vehicle","Not Applicable","Not Applicable","East Of",""
"679663","CR-0000088877","2","0","0","0","21-313-0757","False","False","0","11/9/2021 6:28:00 PM","No Pedestrians Involved","Dry","No Unusual Conditions","Daylight","Violation Driver 1","Controls Functioning","Clear","Broadside","Intersection","Other Vehicle","Not Applicable","Not Applicable","At",""
"679664","CR-0000088878","2","0","1","0","21-313-0842","False","False","0","11/9/2021 7:54:00 PM","No Pedestrians Involved","Dry","No Unusual Conditions","Dark - Street Light","Violation Driver 1","Controls Functioning","Clear","Head On","Intersection","Other Vehicle","Not Applicable","Not Applicable","At",""
"679665","CR-0000088879","0","0","0","0","21-313-0474","True","False","515","11/9/2021 1:46:00 PM","No Pedestrians Involved","Dry","No Unusual Conditions","Daylight","Violation Driver 1","No Controls Present/Factor","Cloudy","Hit Object","Non-Related","Fixed Object","Not Applicable","Not Applicable","East Of","Light pole"
"679666","CR-0000088880","0","0","0","0","21-314-0884","False","False","0","11/10/2021 8:29:00 PM","No Pedestrians Involved","Dry","No Unusual Conditions","Dark - Street Light","Violation Driver 1","Controls Functioning","Clear","Rear End","Intersection","Other Vehicle","Not Applicable","Not Applicable","West Of",""
"679667","CR-0000088881","0","0","0","0","21-314-0084","False","False","0","11/10/2021 2:10:00 AM","No Pedestrians Involved","Dry","No Unusual Conditions","Dark - Street Light","Violation Driver 1","Controls Functioning","Clear","Sideswipe","Intersection","Other Vehicle","Not Applicable","Not Applicable","At",""
"679668","CR-0000088882","0","0","0","0","21-314-0212","True","False","0","11/10/2021 8:00:00 AM","No Pedestrians Involved","Dry","No Unusual Conditions","Daylight","Violation Driver 1","Controls Functioning","Clear","Hit Object","Intersection","Fixed Object","Not Applicable","Not Applicable","At","Signal light"
"679669","CR-0000088883","0","0","0","0","21-314-0242","False","False","0","11/10/2021 8:50:00 AM","No Pedestrians Involved","Dry","No Unusual Conditions","Daylight","Violation Driver 1","Controls Functioning","Clear","Sideswipe","Intersection","Other Vehicle","Not Applicable","Not Applicable","At",""
"679670","CR-0000088884","0","0","0","0","21-314-0300","False","False","0","11/10/2021 10:02:00 AM","No Pedestrians Involved","Dry","No Unusual Conditions","Daylight","Violation Driver 1","Controls Functioning","Clear","Sideswipe","Intersection","Other Vehicle","Not Applicable","Not Applicable","At",""
"679671","CR-0000088885","0","0","0","0","21-314-0437","False","False","0","11/10/2021 12:30:00 PM","No Pedestrians Involved","Unknown","No Unusual Conditions","Daylight","Violation Driver 1","Unknown","Unknown","Sideswipe","Intersection","Other Vehicle","Not Applicable","Not Applicable","At",""