"CrashFactId","Name","MinorInjuries","ModerateInjuries","SevereInjuries","FatalInjuries","TcrNumber","CityDamageFlag","ShortFormFlag","Distance","CrashDateTime","PedestrianAction","RoadwaySurface","RoadwayCondition","Lighting","PrimaryCollisionFactor","TrafficControl","Weather","CollisionType","ProximityToIntersection","VehicleInvolvedWith","PedestrianDirectionFrom","PedestrianDirectionTo","DirectionFromIntersection","Comment"
"681096","CR-0000090473","0","0","0","0","21-139-9709","False","True","","5/18/2021 6:10:00 PM","No Pedestrians Involved","Dry","No Unusual Conditions","Daylight","Unknown","Controls Functioning","Clear","Rear End","Related","Other Vehicle","Not Applicable","Not Applicable","South Of",""
"679834","CR-0000089053","1","0","0","0","21-314-0135","False","False","0","11/10/2021 5:20:00 AM","No Pedestrians Involved","Dry","No Unusual Conditions","Dark - Street Light","Violation Driver 1","Controls Functioning","Clear","Vehicle/Bike","Intersection","Bike","Not Applicable","Not Applicable","At","BIKE"
"679835","CR-0000089054","1","0","0","0","21-314-0255","False","False","90","11/10/2021 8:50:00 AM","No Pedestrians Involved","Dry","No Unusual Conditions","Daylight","Violation Driver 1","Controls Functioning","Cloudy","Rear End","Non-Related","Other Vehicle","Not Applicable","Not Applicable","South Of",""
"679836","CR-0000089055","0","1","0","0","21-314-0726","False","False","0","11/10/2021 7:19:00 PM","Crossing In Crosswalk - At Intersection","Dry","No Unusual Conditions","Dark - Street Light","Violation Driver 1","Controls Functioning","Clear","Vehicle/Pedestrian","Intersection","Pedestrian","East","West","At","PEDESTRIAN"
"679837","CR-0000089056","2","0","0","0","21-315-0357","False","False","0","11/11/2021 12:29:00 PM","No Pedestrians Involved","Dry","No Unusual Conditions","Daylight","Violation Driver 1","Unknown","Clear","Rear End","Intersection","Other Vehicle","Not Applicable","Not Applicable","At",""
"679838","CR-0000089057","0","1","0","0","21-315-0069","True","False","205","11/11/2021 2:25:00 AM","No Pedestrians Involved","Dry","No Unusual Conditions","Dark - Street Light","Violation Driver 1","No Controls Present/Factor","Clear","Hit Object","Non-Related","Fixed Object","Not Applicable","Not Applicable","South Of","TREE"
"679839","CR-0000089058","1","0","0","0","21-308-1027","False","False","0","11/4/2021 10:46:00 PM","No Pedestrians Involved","Dry","No Unusual Conditions","Dark - Street Light","Violation Driver 1","Controls Functioning","Clear","Broadside","Intersection","Other Vehicle","Not Applicable","Not Applicable","At",""
"679882","CR-0000089103","0","0","1","1","21-254-0194","False","False","0","12/20/2021 6:59:00 AM","Crossing - Not In Crosswalk","Dry","No Unusual Conditions","Dark - Street Light","Unknown","No Controls Present/Factor","Cloudy","Vehicle/Pedestrian","Intersection","Pedestrian","South","No Direction (Not Walking)","At",""
"679883","CR-0000089104","0","0","0","1","21-351-0758","False","False","230","12/17/2021 6:16:00 PM","No Pedestrians Involved","Dry","No Unusual Conditions","Dark - Street Light","Unknown","Controls Functioning","Clear","Rear End","Non-Related","Motorcycle","Not Applicable","Not Applicable","East Of",""
"679884","CR-0000089105","0","1","0","1","21-350-0555","False","False","0","12/16/2021 3:21:00 PM","No Pedestrians Involved","Dry","No Unusual Conditions","Daylight","Violation Driver 1","Controls Functioning","Clear","Broadside","Intersection","Other Vehicle","Not Applicable","Not Applicable","At",""
"679886","CR-0000089110","0","0","0","0","21-316-0768","False","False","0","11/12/2021 6:28:00 PM","No Pedestrians Involved","Dry","No Unusual Conditions","Dusk - Dawn","Violation Driver 1","Controls Functioning","Clear","Broadside","Intersection","Other Vehicle","Not Applicable","Not Applicable","At",""
"679887","CR-0000089108","0","0","0","0","21-316-0459","False","False","159","11/12/2021 1:00:00 PM","No Pedestrians Involved","Dry","No Unusual Conditions","Daylight","Unknown","No Controls Present/Factor","Clear","Rear End","Non-Related","Parked Vehicle","Not Applicable","Not Applicable","East Of",""
"679888","CR-0000089136","1","0","0","0","21-317-0816","True","False","0","11/13/2021 7:18:00 PM","No Pedestrians Involved","Dry","No Unusual Conditions","Dark - Street Light","Violation Driver 1","Controls Functioning","Clear","Hit Object","Intersection","Fixed Object","Not Applicable","Not Applicable","At","MEDIAN"
"679889","CR-0000089128","0","1","0","0","21-317-0540","True","False","0","11/13/2021 2:33:00 PM","No Pedestrians Involved","Dry","No Unusual Conditions","Daylight","Violation Driver 1","Unknown","Clear","Hit Object","Intersection","Fixed Object","Not Applicable","Not Applicable","At","CROSSWALK SIGN"
"679890","CR-0000089114","1","0","0","0","21-316-1115","False","False","0","11/12/2021 11:53:00 PM","No Pedestrians Involved","Dry","No Unusual Conditions","Dark - Street Light","Violation Driver 1","Controls Functioning","Clear","Vehicle/Bike","Intersection","Bike","Not Applicable","Not Applicable","At","BIKE (E-SCOOTER)"
"679891","CR-0000089125","0","0","0","0","21-317-0005","False","False","0","11/13/2021 11:50:00 PM","No Pedestrians Involved","Dry","No Unusual Conditions","Dark - Street Light","Violation Driver 1","No Controls Present/Factor","Clear","Rear End","Intersection","Parked Vehicle","Not Applicable","Not Applicable","At",""
"679892","CR-0000089117","2","0","0","0","21-316-0316","False","False","41","11/12/2021 6:29:00 AM","No Pedestrians Involved","Dry","No Unusual Conditions","Daylight","Violation Driver 1","Controls Functioning","Clear","Rear End","Related","Other Vehicle","Not Applicable","Not Applicable","North Of",""
"679893","CR-0000089122","0","0","1","0","21-316-0643","False","False","625","11/12/2021 4:40:00 PM","Crossing - Not In Crosswalk","Dry","No Unusual Conditions","Daylight","Violation Driver 1","No Controls Present/Factor","Clear","Vehicle/Pedestrian","Non-Related","Pedestrian","West","East","South Of","PEDESTRIAN"
"679894","CR-0000089146","0","0","0","0","21-316-0628","False","False","80","11/12/2021 4:15:00 PM","In Road - Includes Shoulder","Dry","No Unusual Conditions","Daylight","Violation Driver 1","Controls Functioning","Clear","Vehicle/Pedestrian","Non-Related","Pedestrian","Unknown","Unknown","South Of","PEDESTRIAN"
"679895","CR-0000089109","0","1","0","0","21-316-0480","False","False","0","11/12/2021 1:45:00 PM","No Pedestrians Involved","Dry","No Unusual Conditions","Daylight","Violation Driver 1","Controls Functioning","Clear","Broadside","Intersection","Other Vehicle","Not Applicable","Not Applicable","At",""
"679896","CR-0000089111","0","0","0","0","21-316-1036","True","False","66","11/12/2021 10:37:00 PM","No Pedestrians Involved","Dry","No Unusual Conditions","Dark - Street Light","Violation Driver 1","No Controls Present/Factor","Clear","Hit Object","Non-Related","Fixed Object","Not Applicable","Not Applicable","South Of","LIGHT POLE"
"679897","CR-0000089113","0","0","0","0","21-316-1067","False","False","51","11/12/2021 11:06:00 PM","No Pedestrians Involved","Dry","No Unusual Conditions","Dark - Street Light","Violation Driver 1","No Controls Present/Factor","Clear","Rear End","Non-Related","Parked Vehicle","Not Applicable","Not Applicable","North Of",""
"679898","CR-0000089140","0","0","0","0","21-318-0896","False","False","289","11/14/2021 10:18:00 PM","No Pedestrians Involved","Dry","No Unusual Conditions","Dark - Street Light","Violation Driver 1","No Controls Present/Factor","Clear","Rear End","Non-Related","Parked Vehicle","Not Applicable","Not Applicable","West Of",""
"679899","CR-0000089129","0","0","1","0","21-317-0718","False","False","0","11/13/2021 5:47:00 PM","No Pedestrians Involved","Dry","No Unusual Conditions","Dark - Street Light","Violation Driver 1","No Controls Present/Factor","Clear","Hit Object","Intersection","Unknown","Not Applicable","Not Applicable","At",""
"679900","CR-0000089132","0","0","0","0","21-317-1148","True","False","0","11/13/2021 11:53:00 PM","No Pedestrians Involved","Dry","No Unusual Conditions","Dark - Street Light","Violation Driver 1","Controls Functioning","Clear","Head On","Intersection","Other Vehicle","Not Applicable","Not Applicable","At","LIGHT POLE"
"679901","CR-0000089135","3","0","0","0","21-317-0488","False","False","16","11/13/2021 1:13:00 PM","No Pedestrians Involved","Dry","No Unusual Conditions","Daylight","Violation Driver 1","No Controls Present/Factor","Clear","Rear End","Related","Other Vehicle","Not Applicable","Not Applicable","East Of",""
"679902","CR-0000089118","2","0","0","0","21-316-0249","False","False","0","11/12/2021 9:10:00 AM","No Pedestrians Involved","Dry","No Unusual Conditions","Daylight","Violation Driver 1","Controls Functioning","Clear","Sideswipe","Intersection","Other Vehicle","Not Applicable","Not Applicable","At",""
"679903","CR-0000089107","0","0","0","0","21-316-0177","False","False","110","11/12/2021 7:05:00 AM","No Pedestrians Involved","Dry","No Unusual Conditions","Daylight","Violation Driver 1","No Controls Present/Factor","Clear","Hit Object","Non-Related","Fixed Object","Not Applicable","Not Applicable","East Of","Light Pole (not owned by city) and PG&E Box"
"679904","CR-0000089121","0","1","0","0","21-316-0606","False","False","0","11/12/2021 3:57:00 PM","No Pedestrians Involved","Dry","No Unusual Conditions","Daylight","Bike At Fault","Controls Functioning","Clear","Vehicle/Bike","Intersection","Bike","Not Applicable","Not Applicable","At","BIKE"
"679905","CR-0000089124","1","0","0","0","21-317-0217","False","False","0","11/13/2021 7:35:00 AM","No Pedestrians Involved","Dry","No Unusual Conditions","Daylight","Bike At Fault","Controls Functioning","Fog","Vehicle/Bike","Intersection","Bike","Not Applicable","Not Applicable","At","BIKE and CITY VEHICLE"
"679906","CR-0000089127","0","0","0","0","21-317-0391","False","False","0","11/13/2021 11:03:00 AM","No Pedestrians Involved","Dry","No Unusual Conditions","Daylight","Violation Driver 1","Controls Functioning","Clear","Sideswipe","Intersection","Other Vehicle","Not Applicable","Not Applicable","At",""
"679907","CR-0000089123","3","0","1","0","21-316-1045","False","False","0","11/12/2021 10:45:00 PM","No Pedestrians Involved","Dry","Unknown","Dark - Street Light","Violation Driver 1","Controls Functioning","Clear","Broadside","Intersection","Motor Vehicle On Other Roadway","Not Applicable","Not Applicable","At",""
"679908","CR-0000089143","0","1","0","0","21-318-0180","True","False","98","11/14/2021 3:28:00 AM","No Pedestrians Involved","Dry","No Unusual Conditions","Dark - Street Light","Violation Driver 1","No Controls Present/Factor","Clear","Hit Object","Non-Related","Fixed Object","Not Applicable","Not Applicable","North Of","TREE"
"679909","CR-0000089130","2","1","0","0","21-317-1014","False","False","0","11/13/2021 10:11:00 PM","No Pedestrians Involved","Dry","No Unusual Conditions","Dark - Street Light","Violation Driver 1","Unknown","Clear","Head On","Intersection","Other Vehicle","Not Applicable","Not Applicable","At",""
"679910","CR-0000089119","2","0","0","0","21-316-0500","False","False","268","11/12/2021 2:11:00 PM","No Pedestrians Involved","Dry","Unknown","Daylight","Violation Driver 1","Controls Functioning","Clear","Rear End","Non-Related","Other Vehicle","Not Applicable","Not Applicable","West Of",""
"679911","CR-0000089134","1","0","0","0","21-317-0354","False","False","0","11/13/2021 10:35:00 AM","No Pedestrians Involved","Dry","No Unusual Conditions","Daylight","Violation Driver 1","No Controls Present/Factor","Clear","Rear End","Intersection","Other Vehicle","Not Applicable","Not Applicable","At",""
"679912","CR-0000089137","1","0","0","0","21-317-0944","False","False","0","11/13/2021 9:13:00 PM","No Pedestrians Involved","Dry","No Unusual Conditions","Dark - Street Light","Violation Driver 1","Controls Functioning","Clear","Broadside","Intersection","Other Vehicle","Not Applicable","Not Applicable","At",""
"679913","CR-0000089141","1","0","0","0","21-318-0752","False","False","25","11/14/2021 7:13:00 PM","No Pedestrians Involved","Dry","No Unusual Conditions","Dark - Street Light","Violation Driver 1","Controls Functioning","Clear","Rear End","Related","Other Vehicle","Not Applicable","Not Applicable","North Of",""
"679914","CR-0000089145","0","0","0","0","21-317-0144","False","False","144","11/13/2021 3:30:00 AM","No Pedestrians Involved","Dry","No Unusual Conditions","Dark - Street Light","Violation Driver 1","No Controls Present/Factor","Fog","Hit Object","Non-Related","Fixed Object","Not Applicable","Not Applicable","North Of","HIT CURB BEFORE SIGN & LIGHT POLE ON PP"
"679915","CR-0000089116","1","0","0","0","21-316-0120","False","False","0","11/12/2021 4:11:00 AM","No Pedestrians Involved","Dry","No Unusual Conditions","Dark - Street Light","Violation Driver 1","Controls Functioning","Clear","Broadside","Intersection","Other Vehicle","Not Applicable","Not Applicable","At",""
"679916","CR-0000089142","1","0","0","0","21-318-0746","False","False","250","11/14/2021 7:07:00 PM","No Pedestrians Involved","Dry","No Unusual Conditions","Dark - Street Light","Violation Driver 1","Controls Functioning","Clear","Sideswipe","Non-Related","Other Vehicle","Not Applicable","Not Applicable","North Of",""
"679917","CR-0000089133","0","0","0","0","21-317-0258","False","False","0","11/13/2021 8:40:00 AM","In Road - Includes Shoulder","Dry","No Unusual Conditions","Daylight","Pedestrian At Fault","Controls Functioning","Clear","Vehicle/Pedestrian","Intersection","Skateboard","West","East","At","PEDESTRIAN (E-SKATEBOARD)"
"679918","CR-0000089115","0","0","0","0","21-316-0121","True","False","118","11/12/2021 4:18:00 AM","No Pedestrians Involved","Dry","No Unusual Conditions","Dark - Street Light","Violation Driver 1","Controls Functioning","Clear","Hit Object","Non-Related","Fixed Object","Not Applicable","Not Applicable","West Of","LIGHT POLE"
"679919","CR-0000089138","0","1","0","0","21-318-0156","False","False","0","11/14/2021 2:41:00 AM","No Pedestrians Involved","Dry","No Unusual Conditions","Dark - Street Light","Violation Driver 1","Controls Functioning","Clear","Rear End","Intersection","Parked Vehicle","Not Applicable","Not Applicable","At",""
"679920","CR-0000089144","0","0","0","0","21-317-1075","False","False","70","11/13/2021 10:54:00 PM","No Pedestrians Involved","Dry","No Unusual Conditions","Dark - Street Light","Violation Driver 1","Controls Functioning","Clear","Hit Object","Non-Related","Fixed Object","Not Applicable","Not Applicable","South Of","HIT CURB BEFORE PATIO SET"
"679921","CR-0000089131","0","0","1","0","21-317-1102","False","False","235","11/13/2021 11:13:00 PM","Crossing - Not In Crosswalk","Dry","No Unusual Conditions","Dark - Street Light","Violation Driver 1","Controls Functioning","Clear","Vehicle/Pedestrian","Non-Related","Pedestrian","South","North","West Of","PEDESTRIAN"
"679922","CR-0000089120","0","1","0","0","21-316-0508","False","False","220","11/12/2021 2:31:00 PM","No Pedestrians Involved","Dry","No Unusual Conditions","Daylight","Violation Driver 1","No Controls Present/Factor","Clear","Vehicle/Bike","Non-Related","Bike","Not Applicable","Not Applicable","West Of","BIKE"
"679923","CR-0000089139","0","0","0","0","21-317-0193","False","False","66","11/14/2021 3:50:00 AM","No Pedestrians Involved","Dry","No Unusual Conditions","Dark - Street Light","Violation Driver 1","Controls Functioning","Clear","Other","Non-Related","Non-Collision","Not Applicable","Not Applicable","South Of",""
"679924","CR-0000089112","0","1","0","0","21-316-1051","False","False","0","11/12/2021 10:52:00 PM","No Pedestrians Involved","Dry","No Unusual Conditions","Dark - Street Light","Violation Driver 1","Controls Functioning","Clear","Sideswipe","Intersection","Other Vehicle","Not Applicable","Not Applicable","At",""
"679925","CR-0000089126","0","0","0","0","21-317-0123","True","False","847","11/13/2021 2:45:00 AM","No Pedestrians Involved","Dry","No Unusual Conditions","Dark - Street Light","Violation Driver 1","Controls Functioning","Clear","Hit Object","Non-Related","Fixed Object","Not Applicable","Not Applicable","East Of","(2) SIGN POSTS"
"679928","CR-0000089150","0","0","0","0","21-347-4007","False","True","0","12/13/2021 6:28:00 PM","No Pedestrians Involved","Unknown","Unknown","Unknown","Unknown","Unknown","Unknown","Sideswipe","Intersection","Other Vehicle","Not Applicable","Not Applicable","At",""
"679930","CR-0000089151","0","0","0","0","21-347-4005","False","True","","12/13/2021 4:45:00 PM","No Pedestrians Involved","Unknown","Unknown","Unknown","Unknown","Unknown","Unknown","Rear End","Related","Other Vehicle","Not Applicable","Not Applicable","Unknown",""
"679931","CR-0000089153","0","0","0","0","21-347-4003","False","True","51","12/12/2021 4:30:00 PM","No Pedestrians Involved","Unknown","Unknown","Unknown","Unknown","Unknown","Unknown","Sideswipe","Non-Related","Other Vehicle","Not Applicable","Not Applicable","South Of",""
"679932","CR-0000089148","0","0","0","0","21-347-4002","False","True","","12/13/2021 1:15:00 PM","No Pedestrians Involved","Unknown","Unknown","Daylight","Unknown","Unknown","Unknown","Vehicle/Bike","Related","Bike","Not Applicable","Not Applicable","West Of",""
"679934","CR-0000089155","0","0","0","0","21-315-0167","False","False","51","11/11/2021 7:51:00 AM","No Pedestrians Involved","Dry","No Unusual Conditions","Daylight","Violation Driver 1","Unknown","Clear","Sideswipe","Non-Related","Other Vehicle","Not Applicable","Not Applicable","East Of",""
"679935","CR-0000089152","0","0","0","0","21-347-4004","False","True","","12/13/2021 4:38:00 PM","No Pedestrians Involved","Unknown","Unknown","Unknown","Unknown","Unknown","Unknown","Rear End","Related","Other Vehicle","Not Applicable","Not Applicable","Unknown",""
"679938","CR-0000089149","0","0","0","0","21-348-4004","False","True","","12/13/2021 6:30:00 PM","No Pedestrians Involved","Unknown","Unknown","Unknown","Unknown","Unknown","Unknown","Rear End","Related","Other Vehicle","Not Applicable","Not Applicable","East Of",""
"679939","CR-0000089154","0","0","0","0","21-315-0096","True","False","100","11/11/2021 4:08:00 AM","No Pedestrians Involved","Dry","No Unusual Conditions","Dark - Street Light","Violation Driver 1","Unknown","Clear","Other","Non-Related","Fixed Object","Not Applicable","Not Applicable","South Of","Light Pole"
"679942","CR-0000089170","0","0","0","0","22-018-0880","False","False","100","1/18/2022 9:24:00 PM","Crossing - Not In Crosswalk","Dry","No Unusual Conditions","Dark - Street Light","Unknown","Controls Functioning","Clear","Vehicle/Pedestrian","Non-Related","Pedestrian","West","East","South Of","Two of the three peds crossing outside the crosswalk were deceased."
"679945","CR-0000089171","0","0","0","0","22-022-0688","False","False","0","1/22/2022 7:33:00 PM","Crossing - Not In Crosswalk","Dry","No Unusual Conditions","Dark - Street Light","Pedestrian At Fault","Controls Functioning","Clear","Vehicle/Pedestrian","Intersection","Pedestrian","West","East","At","Hit and Run"
"679949","CR-0000089172","0","0","0","0","22-012-0159","False","False","0","1/12/2022 8:07:00 AM","No Pedestrians Involved","Dry","No Unusual Conditions","Daylight","Violation Driver 1","No Controls Present/Factor","Clear","Broadside","Intersection","Other Vehicle","Not Applicable","Not Applicable","At",""
"679961","CR-0000089204","0","0","2","0","21-319-0436","False","False","0","11/15/2021 12:30:00 PM","No Pedestrians Involved","Dry","No Unusual Conditions","Daylight","Violation Driver 1","Controls Functioning","Clear","Broadside","Intersection","Other Vehicle","Not Applicable","Not Applicable","At",""
"679968","CR-0000089205","0","1","0","0","21-319-0564","False","False","75","11/15/2021 2:50:00 PM","No Pedestrians Involved","Dry","No Unusual Conditions","Daylight","Violation Driver 1","No Controls Present/Factor","Clear","Head On","Non-Related","Parked Vehicle","Not Applicable","Not Applicable","West Of",""
"679982","CR-0000089203","0","0","0","0","21-319-0433","False","False","114","11/15/2021 12:28:00 PM","No Pedestrians Involved","Dry","No Unusual Conditions","Daylight","Violation Driver 1","No Controls Present/Factor","Clear","Rear End","Non-Related","Parked Vehicle","Not Applicable","Not Applicable","North Of",""
"679984","CR-0000089217","0","0","1","0","21-320-0196","True","False","0","11/16/2021 8:00:00 AM","No Pedestrians Involved","Dry","No Unusual Conditions","Daylight","Violation Driver 1","No Controls Present/Factor","Fog","Hit Object","Intersection","Fixed Object","Not Applicable","Not Applicable","At","CURB/TREE"
"679985","CR-0000089220","0","0","0","0","21-320-0235","False","False","23","11/16/2021 8:32:00 AM","No Pedestrians Involved","Dry","No Unusual Conditions","Daylight","Violation Driver 1","No Controls Present/Factor","Clear","Hit Object","Related","Fixed Object","Not Applicable","Not Applicable","East Of",""
"679986","CR-0000089234","0","1","0","0","21-321-0141","False","False","44","11/17/2021 7:15:00 AM","No Pedestrians Involved","Dry","No Unusual Conditions","Daylight","Violation Driver 1","Controls Functioning","Clear","Sideswipe","Related","Motorcycle","Not Applicable","Not Applicable","West Of",""
"679987","CR-0000089213","1","0","0","0","21-319-0762","False","False","0","11/15/2021 6:43:00 PM","No Pedestrians Involved","Dry","No Unusual Conditions","Dark - Street Light","Bike At Fault","Controls Functioning","Clear","Vehicle/Bike","Intersection","Bike","Not Applicable","Not Applicable","At","BIKE"
"681098","CR-0000090463","0","0","0","0","21-120-9704","False","True","0","4/27/2021 11:30:00 AM","No Pedestrians Involved","Dry","No Unusual Conditions","Daylight","Unknown","Unknown","Clear","Sideswipe","Intersection","Other Vehicle","Not Applicable","Not Applicable","At",""
"681099","CR-0000090475","1","0","0","0","21-140-0187","False","False","0","5/20/2021 8:15:00 AM","No Pedestrians Involved","Dry","No Unusual Conditions","Daylight","Violation Driver 1","Controls Functioning","Clear","Rear End","Intersection","Other Vehicle","Not Applicable","Not Applicable","At",""
"681100","CR-0000090468","1","1","0","0","21-123-0919","False","False","0","5/3/2021 10:18:00 PM","No Pedestrians Involved","Dry","No Unusual Conditions","Dark - Street Light","Violation Driver 1","Controls Functioning","Clear","Rear End","Intersection","Other Vehicle","Not Applicable","Not Applicable","At",""
"681104","CR-0000090486","0","0","0","0","21-154-0731","False","False","51","6/3/2021 1:50:00 PM","No Pedestrians Involved","Dry","No Unusual Conditions","Daylight","Violation Driver 1","No Controls Present/Factor","Clear","Sideswipe","Non-Related","Parked Vehicle","Not Applicable","Not Applicable","North Of",""
"681106","CR-0000090466","0","1","0","0","21-121-1001","False","False","92","5/1/2021 8:53:00 PM","No Pedestrians Involved","Dry","No Unusual Conditions","Dark - Street Light","Violation Driver 1","No Controls Present/Factor","Clear","Rear End","Non-Related","Other Vehicle","Not Applicable","Not Applicable","North Of",""
"681109","CR-0000090478","0","0","0","0","21-147-9705","False","True","0","5/26/2021 7:55:00 PM","No Pedestrians Involved","Dry","No Unusual Conditions","Dusk - Dawn","Unknown","Controls Functioning","Clear","Broadside","Intersection","Other Vehicle","Not Applicable","Not Applicable","At",""
"681110","CR-0000090470","0","0","0","0","21-133-9715","False","True","","5/13/2021 4:39:00 PM","No Pedestrians Involved","Dry","No Unusual Conditions","Daylight","Unknown","No Controls Present/Factor","Clear","Sideswipe","Related","Parked Vehicle","Not Applicable","Not Applicable","South Of",""
"681111","CR-0000090464","1","0","0","0","21-119-0854","False","False","41","4/29/2021 7:45:00 PM","No Pedestrians Involved","Dry","No Unusual Conditions","Daylight","Violation Driver 1","No Controls Present/Factor","Clear","Sideswipe","Related","Parked Vehicle","Not Applicable","Not Applicable","West Of",""
"681112","CR-0000090462","0","0","0","0","21-125-9702","False","True","51","4/23/2021 12:25:00 PM","No Pedestrians Involved","Dry","Reduced Roadway Width","Daylight","Unknown","No Controls Present/Factor","Clear","Head On","Non-Related","Parked Vehicle","Not Applicable","Not Applicable","South Of",""
"681115","CR-0000090469","0","0","0","0","21-125-0480","False","False","0","5/5/2021 1:30:00 PM","No Pedestrians Involved","Dry","No Unusual Conditions","Daylight","Unknown","Unknown","Clear","Broadside","Intersection","Other Vehicle","Not Applicable","Not Applicable","At",""
"681116","CR-0000090480","0","0","0","0","21-152-9713","False","True","0","5/29/2021 1:00:00 PM","No Pedestrians Involved","Unknown","Unknown","Unknown","Unknown","No Controls Present/Factor","Clear","Sideswipe","Intersection","Parked Vehicle","Not Applicable","Not Applicable","At",""
"681118","CR-0000090484","0","0","0","0","21-154-0146","True","False","100","6/3/2021 5:28:00 AM","No Pedestrians Involved","Dry","No Unusual Conditions","Dark - Street Light","Violation Driver 1","No Controls Present/Factor","Clear","Hit Object","Non-Related","Fixed Object","Not Applicable","Not Applicable","East Of","hit light pole"
"681119","CR-0000090479","0","0","0","0","21-149-9701","False","False","","5/28/2021 10:28:00 PM","No Pedestrians Involved","Dry","Unknown","Dark - Street Light","Unknown","Controls Functioning","Clear","Rear End","Related","Other Vehicle","Not Applicable","Not Applicable","East Of",""
"681122","CR-0000090481","0","0","0","0","21-152-9709","False","True","51","5/31/2021 10:41:00 PM","No Pedestrians Involved","Dry","No Unusual Conditions","Dark - Street Light","Unknown","No Controls Present/Factor","Clear","Sideswipe","Non-Related","Parked Vehicle","Not Applicable","Not Applicable","West Of",""
"679988","CR-0000089211","1","2","0","0","21-319-0634","False","False","0","11/15/2021 4:14:00 PM","No Pedestrians Involved","Dry","No Unusual Conditions","Daylight","Violation Driver 1","No Controls Present/Factor","Clear","Broadside","Intersection","Other Vehicle","Not Applicable","Not Applicable","At",""
"679989","CR-0000089206","1","0","0","0","21-319-0803","False","False","0","11/15/2021 8:23:00 PM","No Pedestrians Involved","Dry","No Unusual Conditions","Dark - Street Light","Violation Driver 1","Controls Functioning","Clear","Broadside","Intersection","Other Vehicle","Not Applicable","Not Applicable","At",""
"679990","CR-0000089222","1","1","0","0","21-320-0710","False","False","20","11/16/2021 4:02:00 PM","No Pedestrians Involved","Dry","No Unusual Conditions","Daylight","Violation Driver 1","No Controls Present/Factor","Clear","Broadside","Related","Other Vehicle","Not Applicable","Not Applicable","East Of",""
"679991","CR-0000089210","0","1","0","0","21-319-0221","False","False","0","11/15/2021 8:30:00 AM","No Pedestrians Involved","Dry","No Unusual Conditions","Daylight","Violation Driver 1","Controls Functioning","Cloudy","Hit Object","Intersection","Fixed Object","Not Applicable","Not Applicable","At","LIGHT POLE"
"679992","CR-0000089226","1","0","0","0","21-321-0692","False","False","300","11/17/2021 5:22:00 PM","Crossing - Not In Crosswalk","Dry","No Unusual Conditions","Dark - Street Light","Pedestrian At Fault","No Controls Present/Factor","Clear","Vehicle/Pedestrian","Non-Related","Pedestrian","South","North","East Of","PEDESTRIAN"
"679993","CR-0000089221","0","0","0","0","21-320-1050","False","False","95","11/16/2021 10:07:00 PM","No Pedestrians Involved","Dry","No Unusual Conditions","Dark - Street Light","Violation Driver 1","No Controls Present/Factor","Clear","Rear End","Non-Related","Parked Vehicle","Not Applicable","Not Applicable","West Of",""
"679994","CR-0000089225","0","1","0","0","21-320-0962","False","False","0","11/16/2021 8:06:00 PM","Crossing In Crosswalk - At Intersection","Dry","No Unusual Conditions","Dark - Street Light","Violation Driver 1","Unknown","Clear","Vehicle/Pedestrian","Intersection","Pedestrian","North","South","At","PEDESTRIAN"
"679995","CR-0000089216","2","1","0","0","21-320-0183","True","False","0","11/16/2021 7:37:00 AM","No Pedestrians Involved","Dry","No Unusual Conditions","Daylight","Violation Driver 1","No Controls Present/Factor","Clear","Broadside","Intersection","Other Vehicle","Not Applicable","Not Applicable","At","YIELD SIGN"
"679996","CR-0000089233","0","0","0","0","21-321-0785","False","False","100","11/17/2021 7:06:00 PM","No Pedestrians Involved","Dry","No Unusual Conditions","Dark - Street Light","Violation Driver 1","Controls Functioning","Clear","Rear End","Non-Related","Other Vehicle","Not Applicable","Not Applicable","East Of",""
"679997","CR-0000089230","0","0","0","0","21-321-0722","False","False","56","11/17/2021 6:09:00 PM","No Pedestrians Involved","Dry","No Unusual Conditions","Dark - Street Light","Violation Driver 1","No Controls Present/Factor","Clear","Sideswipe","Non-Related","Parked Vehicle","Not Applicable","Not Applicable","West Of",""
"679998","CR-0000089208","1","0","0","0","21-319-0135","False","False","0","11/15/2021 5:55:00 AM","No Pedestrians Involved","Dry","No Unusual Conditions","Dark - Street Light","Violation Driver 1","No Controls Present/Factor","Clear","Head On","Intersection","Motor Vehicle On Other Roadway","Not Applicable","Not Applicable","At",""
"679999","CR-0000089212","1","0","0","0","21-319-0706","False","False","0","11/15/2021 5:43:00 PM","Crossing In Crosswalk - At Intersection","Dry","No Unusual Conditions","Dark - Street Light","Violation Driver 1","Controls Functioning","Clear","Vehicle/Pedestrian","Intersection","Pedestrian","South","North","At","PEDESTRIAN"
"680000","CR-0000089214","0","0","0","0","21-320-0529","False","False","48","11/16/2021 1:15:00 PM","No Pedestrians Involved","Dry","No Unusual Conditions","Daylight","Violation Driver 1","No Controls Present/Factor","Clear","Sideswipe","Related","Parked Vehicle","Not Applicable","Not Applicable","South Of",""
"681123","CR-0000090483","0","0","0","0","21-155-9702","False","True","","6/2/2021 5:50:00 PM","No Pedestrians Involved","Dry","No Unusual Conditions","Daylight","Unknown","Controls Functioning","Clear","Rear End","Related","Other Vehicle","Not Applicable","Not Applicable","North Of",""