"CrashFactId","Name","MinorInjuries","ModerateInjuries","SevereInjuries","FatalInjuries","TcrNumber","CityDamageFlag","ShortFormFlag","Distance","CrashDateTime","PedestrianAction","RoadwaySurface","RoadwayCondition","Lighting","PrimaryCollisionFactor","TrafficControl","Weather","CollisionType","ProximityToIntersection","VehicleInvolvedWith","PedestrianDirectionFrom","PedestrianDirectionTo","DirectionFromIntersection","Comment"
"681126","CR-0000090477","0","0","0","0","21-147-9703","False","True","51","5/26/2021 7:30:00 PM","No Pedestrians Involved","Dry","No Unusual Conditions","Daylight","Unknown","Controls Functioning","Clear","Sideswipe","Non-Related","Other Vehicle","Not Applicable","Not Applicable","North Of",""
"681132","CR-0000090472","0","0","0","0","21-137-9707","False","True","0","5/17/2021 9:50:00 AM","No Pedestrians Involved","Dry","No Unusual Conditions","Daylight","Unknown","Controls Functioning","Clear","Sideswipe","Intersection","Other Vehicle","Not Applicable","Not Applicable","At",""
"681135","CR-0000090474","0","0","0","0","21-140-9702","False","True","0","5/19/2021 7:51:00 AM","No Pedestrians Involved","Dry","No Unusual Conditions","Daylight","Unknown","Controls Functioning","Clear","Broadside","Intersection","Other Vehicle","Not Applicable","Not Applicable","At",""
"681150","CR-0000090527","0","0","0","0","21-115-4000","False","True","51","4/25/2021 12:50:00 AM","No Pedestrians Involved","Unknown","Unknown","Unknown","Unknown","Unknown","Unknown","Rear End","Non-Related","Other Vehicle","Not Applicable","Not Applicable","South Of",""
"681153","CR-0000090526","0","0","0","0","21-115-4001","False","True","0","4/25/2021 11:30:00 AM","No Pedestrians Involved","Unknown","Unknown","Daylight","Unknown","Unknown","Unknown","Sideswipe","Intersection","Other Vehicle","Not Applicable","Not Applicable","At",""
"683489","CR-0000093088","0","0","0","0","21-163-0498","False","False","0","6/12/2021 2:57:00 PM","No Pedestrians Involved","Dry","No Unusual Conditions","Daylight","Violation Driver 1","No Controls Present/Factor","Clear","Rear End","Intersection","Other Vehicle","Not Applicable","Not Applicable","At",""
"680001","CR-0000089228","0","0","0","0","21-321-0417","False","False","0","11/17/2021 12:29:00 PM","No Pedestrians Involved","Dry","No Unusual Conditions","Daylight","Violation Driver 1","Unknown","Clear","Broadside","Intersection","Other Vehicle","Not Applicable","Not Applicable","At",""
"680002","CR-0000089219","0","0","0","0","21-320-1092","True","False","0","11/16/2021 11:28:00 PM","No Pedestrians Involved","Dry","No Unusual Conditions","Dark - Street Light","Violation Driver 1","Controls Functioning","Fog","Hit Object","Intersection","Fixed Object","Not Applicable","Not Applicable","At","LIGHT POLE"
"680003","CR-0000089215","0","0","0","0","21-320-0154","False","False","246","11/16/2021 7:04:00 AM","No Pedestrians Involved","Dry","No Unusual Conditions","Daylight","Violation Driver 1","Controls Functioning","Clear","Rear End","Non-Related","Parked Vehicle","Not Applicable","Not Applicable","South Of",""
"680004","CR-0000089224","1","0","0","0","21-320-0746","False","False","0","11/16/2021 4:29:00 PM","No Pedestrians Involved","Dry","No Unusual Conditions","Dark - Street Light","Violation Driver 1","No Controls Present/Factor","Clear","Broadside","Intersection","Other Vehicle","Not Applicable","Not Applicable","At",""
"680005","CR-0000089235","1","0","0","0","21-321-0913","False","False","0","11/17/2021 10:08:00 PM","No Pedestrians Involved","Dry","No Unusual Conditions","Dark - Street Light","Violation Driver 1","Controls Functioning","Clear","Head On","Intersection","Other Vehicle","Not Applicable","Not Applicable","At",""
"680006","CR-0000089218","3","0","0","0","21-320-1033","False","False","0","11/16/2021 9:41:00 PM","No Pedestrians Involved","Dry","Construction - Repair Zone","Dark - Street Light","Violation Driver 1","Controls Functioning","Clear","Broadside","Intersection","Other Vehicle","Not Applicable","Not Applicable","At",""
"680007","CR-0000089227","0","0","0","0","21-321-0135","False","False","618","11/17/2021 2:00:00 AM","No Pedestrians Involved","Dry","No Unusual Conditions","Unknown","Violation Driver 1","Controls Functioning","Unknown","Sideswipe","Non-Related","Parked Vehicle","Not Applicable","Not Applicable","South Of",""
"680008","CR-0000089207","1","0","0","0","21-319-0056","True","False","30","11/15/2021 1:25:00 AM","No Pedestrians Involved","Dry","No Unusual Conditions","Dark - Street Light","Violation Driver 1","Controls Functioning","Clear","Hit Object","Related","Fixed Object","Not Applicable","Not Applicable","East Of","TRAFFIC SIGNAL"
"680009","CR-0000089223","1","0","0","0","21-320-0729","False","False","35","11/16/2021 4:14:00 PM","No Pedestrians Involved","Dry","No Unusual Conditions","Dusk - Dawn","Violation Driver 1","Controls Functioning","Clear","Rear End","Related","Other Vehicle","Not Applicable","Not Applicable","East Of",""
"680010","CR-0000089231","2","0","0","0","21-321-0296","False","False","0","11/17/2021 10:33:00 AM","No Pedestrians Involved","Dry","No Unusual Conditions","Daylight","Violation Driver 1","Controls Functioning","Clear","Broadside","Intersection","Other Vehicle","Not Applicable","Not Applicable","At",""
"680011","CR-0000089209","0","1","0","0","21-319-0172","False","False","0","11/15/2021 7:38:00 AM","Crossing In Crosswalk - At Intersection","Dry","No Unusual Conditions","Daylight","Violation Driver 1","No Controls Present/Factor","Clear","Vehicle/Pedestrian","Intersection","Pedestrian","North","South","At","PEDESTRIAN"
"680012","CR-0000089232","0","0","0","0","21-321-0487","True","False","0","11/17/2021 1:55:00 PM","No Pedestrians Involved","Dry","No Unusual Conditions","Daylight","Violation Driver 1","Controls Functioning","Clear","Hit Object","Intersection","Fixed Object","Not Applicable","Not Applicable","At","STOP SIGN"
"680013","CR-0000089229","0","0","0","0","21-321-0804","False","False","27","11/17/2021 7:06:00 PM","No Pedestrians Involved","Dry","No Unusual Conditions","Daylight","Violation Driver 1","No Controls Present/Factor","Clear","Rear End","Related","Parked Vehicle","Not Applicable","Not Applicable","North Of",""
"680014","CR-0000089239","0","0","0","0","21-322-0531","False","False","79","11/18/2021 1:58:00 PM","No Pedestrians Involved","Dry","No Unusual Conditions","Daylight","Violation Driver 1","No Controls Present/Factor","Cloudy","Sideswipe","Non-Related","Other Vehicle","Not Applicable","Not Applicable","East Of","CITY VEHICLE"
"680015","CR-0000089236","0","0","0","0","21-322-0155","False","False","","11/18/2021 7:37:00 AM","No Pedestrians Involved","Dry","No Unusual Conditions","Daylight","Violation Driver 1","Controls Functioning","Clear","Sideswipe","Non-Related","Other Vehicle","Not Applicable","Not Applicable","North Of",""
"680016","CR-0000089248","2","1","0","0","21-322-0468","False","False","0","11/18/2021 1:20:00 PM","No Pedestrians Involved","Dry","No Unusual Conditions","Daylight","Violation Driver 1","Controls Functioning","Cloudy","Broadside","Intersection","Other Vehicle","Not Applicable","Not Applicable","At",""
"680017","CR-0000089258","1","0","0","0","21-323-0823","False","False","30","11/19/2021 6:44:00 PM","No Pedestrians Involved","Dry","No Unusual Conditions","Dusk - Dawn","Violation Driver 1","Controls Functioning","Clear","Rear End","Related","Other Vehicle","Not Applicable","Not Applicable","South Of",""
"680018","CR-0000089238","0","0","0","0","21-322-0063","False","False","80","11/18/2021 1:57:00 AM","No Pedestrians Involved","Dry","No Unusual Conditions","Dark - Street Light","Violation Driver 1","Controls Functioning","Clear","Head On","Non-Related","Parked Vehicle","Not Applicable","Not Applicable","East Of",""
"680019","CR-0000089247","1","0","0","0","21-322-0352","False","False","37","11/18/2021 11:10:00 AM","No Pedestrians Involved","Dry","No Unusual Conditions","Daylight","Violation Driver 1","Controls Functioning","Clear","Rear End","Related","Other Vehicle","Not Applicable","Not Applicable","South Of","CITY VEHICLE"
"680020","CR-0000089257","1","0","0","0","21-323-0664","False","False","0","11/19/2021 4:24:00 PM","Crossing In Crosswalk - At Intersection","Dry","No Unusual Conditions","Daylight","Violation Driver 1","Controls Functioning","Clear","Vehicle/Pedestrian","Intersection","Pedestrian","North","South","At","PEDESTRIAN"
"680021","CR-0000089259","0","0","0","0","21-329-9702","False","False","","11/20/2021 11:30:00 AM","No Pedestrians Involved","Dry","No Unusual Conditions","Dark - Street Light","Violation Driver 1","Controls Functioning","Clear","Sideswipe","Non-Related","Other Vehicle","Not Applicable","Not Applicable","East Of",""
"680022","CR-0000089249","0","1","0","0","21-322-0713","False","False","0","11/18/2021 5:18:00 PM","Crossing In Crosswalk - At Intersection","Dry","No Unusual Conditions","Dark - Street Light","Violation Driver 1","Controls Functioning","Clear","Vehicle/Pedestrian","Intersection","Pedestrian","South","North","At","PEDESTRIAN"
"680023","CR-0000089243","0","0","0","0","21-322-0967","False","False","60","11/18/2021 10:41:00 PM","No Pedestrians Involved","Dry","No Unusual Conditions","Dark - Street Light","Violation Driver 1","Controls Functioning","Clear","Rear End","Non-Related","Parked Vehicle","Not Applicable","Not Applicable","North Of",""
"680024","CR-0000089237","0","0","1","0","21-322-0014","True","False","21","11/18/2021 12:17:00 AM","No Pedestrians Involved","Dry","Unknown","Dark - Street Light","Violation Driver 1","No Controls Present/Factor","Clear","Head On","Related","Fixed Object","Not Applicable","Not Applicable","South Of","TREE"
"680025","CR-0000089253","0","0","0","0","21-323-0943","False","False","0","11/19/2021 8:44:00 PM","No Pedestrians Involved","Dry","No Unusual Conditions","Dark - Street Light","Violation Driver 1","Controls Functioning","Clear","Broadside","Intersection","Other Vehicle","Not Applicable","Not Applicable","At",""
"680026","CR-0000089241","0","0","0","0","21-322-0919","False","False","34","11/18/2021 9:35:00 PM","No Pedestrians Involved","Dry","No Unusual Conditions","Dark - Street Light","Violation Driver 1","Controls Functioning","Clear","Rear End","Related","Parked Vehicle","Not Applicable","Not Applicable","West Of",""
"680027","CR-0000089251","0","0","0","0","21-323-0831","False","False","276","11/19/2021 6:58:00 PM","No Pedestrians Involved","Dry","No Unusual Conditions","Dark - Street Light","Violation Driver 1","No Controls Present/Factor","Clear","Sideswipe","Non-Related","Other Vehicle","Not Applicable","Not Applicable","South Of",""
"680028","CR-0000089252","0","0","0","0","21-323-0922","False","False","94","11/19/2021 8:20:00 PM","No Pedestrians Involved","Dry","No Unusual Conditions","Dark - Street Light","Violation Driver 1","No Controls Present/Factor","Cloudy","Broadside","Non-Related","Parked Vehicle","Not Applicable","Not Applicable","West Of",""
"680029","CR-0000089242","0","0","0","0","21-321-0688","False","False","","11/17/2021 5:18:00 PM","No Pedestrians Involved","Dry","No Unusual Conditions","Daylight","Violation Driver 1","Controls Functioning","Clear","Hit Object","Non-Related","Fixed Object","Not Applicable","Not Applicable","North Of","AT&T BOX"
"680030","CR-0000089240","0","0","0","0","21-322-0741","False","False","","11/18/2021 5:44:00 PM","No Pedestrians Involved","Dry","No Unusual Conditions","Dark - Street Light","Violation Driver 1","Controls Functioning","Clear","Rear End","Non-Related","Other Vehicle","Not Applicable","Not Applicable","West Of",""
"680031","CR-0000089250","0","0","0","0","21-322-0985","True","False","0","11/18/2021 11:12:00 PM","No Pedestrians Involved","Dry","No Unusual Conditions","Dark - Street Light","Violation Driver 1","No Controls Present/Factor","Clear","Hit Object","Intersection","Fixed Object","Not Applicable","Not Applicable","At","STREET LIGHT"
"680032","CR-0000089244","0","0","1","0","21-322-0975","False","False","0","11/18/2021 10:58:00 PM","No Pedestrians Involved","Dry","No Unusual Conditions","Dark - Street Light","Violation Driver 1","Controls Functioning","Clear","Broadside","Intersection","Motorcycle","Not Applicable","Not Applicable","At",""
"680033","CR-0000089254","0","0","0","0","21-323-0527","False","False","300","11/19/2021 1:45:00 PM","No Pedestrians Involved","Dry","No Unusual Conditions","Daylight","Violation Driver 1","No Controls Present/Factor","Clear","Sideswipe","Non-Related","Other Vehicle","Not Applicable","Not Applicable","West Of",""
"680034","CR-0000089256","0","0","0","0","21-323-0368","False","False","280","11/19/2021 11:36:00 AM","No Pedestrians Involved","Dry","No Unusual Conditions","Daylight","Violation Driver 1","No Controls Present/Factor","Cloudy","Sideswipe","Non-Related","Other Vehicle","Not Applicable","Not Applicable","North Of",""
"680035","CR-0000089246","0","0","0","0","21-322-0172","False","False","37","11/18/2021 8:00:00 AM","No Pedestrians Involved","Dry","No Unusual Conditions","Daylight","Violation Driver 1","Controls Functioning","Clear","Rear End","Related","Other Vehicle","Not Applicable","Not Applicable","East Of",""
"680036","CR-0000089255","0","0","0","0","21-323-0686","False","False","51","11/19/2021 4:30:00 PM","No Pedestrians Involved","Dry","No Unusual Conditions","Daylight","Violation Driver 1","No Controls Present/Factor","Cloudy","Sideswipe","Non-Related","Other Vehicle","Not Applicable","Not Applicable","South Of",""
"680037","CR-0000089245","0","1","0","0","21-322-0147","False","False","0","11/18/2021 7:21:00 AM","No Pedestrians Involved","Dry","No Unusual Conditions","Daylight","Violation Driver 1","Controls Functioning","Clear","Broadside","Intersection","Other Vehicle","Not Applicable","Not Applicable","At","CITY VEHICLE"
"680038","CR-0000089262","0","0","0","0","21-324-0056","False","False","0","11/20/2021 1:13:00 AM","No Pedestrians Involved","Dry","No Unusual Conditions","Dark - Street Light","Violation Driver 1","Controls Functioning","Clear","Sideswipe","Intersection","Other Vehicle","Not Applicable","Not Applicable","At",""
"680039","CR-0000089261","0","0","0","0","21-324-0554","False","False","177","11/20/2021 3:53:00 PM","No Pedestrians Involved","Dry","No Unusual Conditions","Daylight","Violation Driver 1","No Controls Present/Factor","Clear","Head On","Non-Related","Parked Vehicle","Not Applicable","Not Applicable","South Of",""
"680040","CR-0000089264","0","0","0","0","21-324-0409","False","False","","11/20/2021 12:16:00 PM","No Pedestrians Involved","Dry","No Unusual Conditions","Daylight","Violation Driver 1","Controls Functioning","Clear","Rear End","Non-Related","Other Vehicle","Not Applicable","Not Applicable","East Of",""
"680041","CR-0000089263","0","0","0","0","21-324-0102","False","False","186","11/20/2021 2:14:00 AM","No Pedestrians Involved","Dry","No Unusual Conditions","Dark - Street Light","Violation Driver 1","No Controls Present/Factor","Clear","Hit Object","Non-Related","Fixed Object","Not Applicable","Not Applicable","West Of","COMMUNICATION BOX"
"680042","CR-0000089260","0","0","0","0","21-324-0477","False","False","0","11/20/2021 1:57:00 PM","No Pedestrians Involved","Dry","No Unusual Conditions","Daylight","Violation Driver 1","No Controls Present/Factor","Clear","Sideswipe","Intersection","Other Vehicle","Not Applicable","Not Applicable","At",""
"680043","CR-0000089290","0","0","0","0","21-325-0798","False","False","0","11/21/2021 8:30:00 PM","No Pedestrians Involved","Dry","No Unusual Conditions","Dark - Street Light","Violation Driver 1","Controls Functioning","Clear","Broadside","Intersection","Other Vehicle","Not Applicable","Not Applicable","At",""
"680044","CR-0000089273","1","0","0","0","21-325-0503","False","False","0","11/21/2021 3:34:00 PM","No Pedestrians Involved","Dry","No Unusual Conditions","Daylight","Violation Driver 1","No Controls Present/Factor","Unknown","Broadside","Intersection","Other Vehicle","Not Applicable","Not Applicable","At",""
"680045","CR-0000089315","0","0","0","0","21-329-0366","False","False","66","11/25/2021 2:12:00 PM","No Pedestrians Involved","Dry","No Unusual Conditions","Daylight","Violation Driver 1","No Controls Present/Factor","Clear","Broadside","Non-Related","Parked Vehicle","Not Applicable","Not Applicable","South Of",""
"680046","CR-0000089306","1","0","0","0","21-327-0712","False","False","0","11/23/2021 3:56:00 PM","No Pedestrians Involved","Dry","No Unusual Conditions","Daylight","Violation Driver 1","No Controls Present/Factor","Clear","Broadside","Intersection","Train","Not Applicable","Not Applicable","At","VTA TRAIN"
"680047","CR-0000089293","0","0","0","0","21-326-0292","True","False","78","11/22/2021 9:35:00 AM","No Pedestrians Involved","Dry","No Unusual Conditions","Daylight","Violation Driver 1","No Controls Present/Factor","Clear","Hit Object","Non-Related","Fixed Object","Not Applicable","Not Applicable","South Of","ELECTRICAL CONTROLLER BOX"
"680048","CR-0000089287","0","0","0","0","21-336-0522","False","False","0","12/2/2021 1:17:00 PM","No Pedestrians Involved","Dry","No Unusual Conditions","Daylight","Violation Driver 1","Controls Functioning","Clear","Sideswipe","Intersection","Other Vehicle","Not Applicable","Not Applicable","At",""
"680049","CR-0000089308","1","1","0","0","21-328-0269","False","False","0","11/24/2021 8:40:00 AM","No Pedestrians Involved","Dry","No Unusual Conditions","Daylight","Violation Driver 1","Controls Functioning","Clear","Broadside","Intersection","Other Vehicle","Not Applicable","Not Applicable","At",""
"680050","CR-0000089269","0","0","0","0","21-325-0102","False","False","30","11/21/2021 2:14:00 AM","No Pedestrians Involved","Dry","No Unusual Conditions","Dark - Street Light","Violation Driver 1","Controls Functioning","Clear","Head On","Related","Fixed Object","Not Applicable","Not Applicable","West Of","FENCE"
"680051","CR-0000089300","1","0","0","0","21-326-0918","False","False","0","11/22/2021 7:32:00 PM","No Pedestrians Involved","Dry","No Unusual Conditions","Dark - Street Light","Bike At Fault","Controls Functioning","Clear","Vehicle/Bike","Intersection","Bike","Not Applicable","Not Applicable","At","BIKE"
"680052","CR-0000089265","0","0","1","0","21-324-0465","False","False","0","11/20/2021 1:40:00 PM","No Pedestrians Involved","Dry","No Unusual Conditions","Daylight","Violation Driver 1","Controls Functioning","Clear","Sideswipe","Intersection","Motorcycle","Not Applicable","Not Applicable","At",""
"680053","CR-0000089317","0","0","0","0","21-329-0718","True","False","0","11/25/2021 11:48:00 PM","No Pedestrians Involved","Dry","No Unusual Conditions","Dark - Street Light","Violation Driver 1","Controls Functioning","Clear","Hit Object","Intersection","Fixed Object","Not Applicable","Not Applicable","At","TRAFFIC POLE"
"680054","CR-0000089283","1","0","0","0","21-335-0849","False","False","18","12/1/2021 8:13:00 PM","Crossing - Not In Crosswalk","Dry","No Unusual Conditions","Dark - Street Light","Pedestrian At Fault","No Controls Present/Factor","Clear","Vehicle/Pedestrian","Related","Pedestrian","West","East","South Of",""
"680055","CR-0000089266","0","0","1","0","21-324-0666","False","False","172","11/20/2021 5:45:00 PM","No Pedestrians Involved","Dry","No Unusual Conditions","Dark - Street Light","Violation Driver 1","No Controls Present/Factor","Cloudy","Broadside","Non-Related","Motorcycle","Not Applicable","Not Applicable","South Of",""
"680056","CR-0000089303","0","1","0","0","21-327-0161","False","False","0","11/23/2021 6:44:00 AM","No Pedestrians Involved","Dry","No Unusual Conditions","Daylight","Violation Driver 1","Controls Functioning","Clear","Broadside","Intersection","Other Vehicle","Not Applicable","Not Applicable","At",""
"680057","CR-0000089271","0","0","1","0","21-325-0139","False","False","3634","11/21/2021 4:00:00 AM","No Pedestrians Involved","Dry","No Unusual Conditions","Dark - Street Light","Violation Driver 1","No Controls Present/Factor","Clear","Hit Object","Non-Related","Fixed Object","Not Applicable","Not Applicable","North Of",""
"680058","CR-0000089316","1","0","0","0","21-329-0565","False","False","177","11/25/2021 8:20:00 PM","No Pedestrians Involved","Dry","Unknown","Dark - No Street Light","Violation Driver 1","No Controls Present/Factor","Clear","Rear End","Non-Related","Parked Vehicle","Not Applicable","Not Applicable","West Of","DUI INVESTIGATION"
"680059","CR-0000089309","1","0","0","0","21-328-0670","False","False","0","11/24/2021 3:28:00 PM","No Pedestrians Involved","Dry","No Unusual Conditions","Daylight","Violation Driver 1","Controls Functioning","Clear","Sideswipe","Intersection","Other Vehicle","Not Applicable","Not Applicable","At",""
"680060","CR-0000089275","2","0","0","0","21-335-0116","False","False","25","12/1/2021 6:35:00 AM","No Pedestrians Involved","Dry","No Unusual Conditions","Daylight","Violation Driver 1","Unknown","Clear","Rear End","Related","Other Vehicle","Not Applicable","Not Applicable","North Of",""
"680061","CR-0000089281","0","1","0","0","21-335-0638","False","False","200","12/1/2021 4:41:00 PM","No Pedestrians Involved","Dry","No Unusual Conditions","Daylight","Violation Driver 1","No Controls Present/Factor","Clear","Vehicle/Bike","Non-Related","Bike","Not Applicable","Not Applicable","East Of",""
"680062","CR-0000089295","0","0","0","0","21-326-0780","False","False","","11/22/2021 5:15:00 PM","No Pedestrians Involved","Dry","No Unusual Conditions","Dusk - Dawn","Violation Driver 1","Controls Functioning","Clear","Sideswipe","Non-Related","Other Vehicle","Not Applicable","Not Applicable","East Of",""
"680063","CR-0000089292","0","0","0","0","21-326-1066","True","False","51","11/22/2021 10:19:00 PM","No Pedestrians Involved","Dry","No Unusual Conditions","Dark - Street Light","Violation Driver 1","No Controls Present/Factor","Clear","Hit Object","Non-Related","Other Object","Not Applicable","Not Applicable","South Of",""
"680064","CR-0000089296","1","0","0","0","21-326-0121","False","False","0","11/22/2021 3:51:00 AM","No Pedestrians Involved","Dry","No Unusual Conditions","Dark - Street Light","Violation Driver 1","Controls Functioning","Clear","Vehicle/Bike","Intersection","Bike","Not Applicable","Not Applicable","At","BIKE"
"680065","CR-0000089272","0","0","0","0","21-325-0409","False","False","342","11/21/2021 9:30:00 AM","No Pedestrians Involved","Dry","No Unusual Conditions","Daylight","Violation Driver 1","No Controls Present/Factor","Clear","Sideswipe","Non-Related","Other Vehicle","Not Applicable","Not Applicable","North Of",""
"680066","CR-0000089313","0","1","0","0","21-328-0624","False","False","0","11/24/2021 2:36:00 PM","No Pedestrians Involved","Dry","No Unusual Conditions","Daylight","Violation Driver 1","Controls Functioning","Clear","Broadside","Intersection","Other Vehicle","Not Applicable","Not Applicable","At","EMERGENCY VEHICLE"
"680067","CR-0000089270","0","0","0","0","21-325-0313","False","False","100","11/21/2021 2:20:00 PM","No Pedestrians Involved","Dry","No Unusual Conditions","Dark - Street Light","Violation Driver 1","No Controls Present/Factor","Clear","Sideswipe","Non-Related","Parked Vehicle","Not Applicable","Not Applicable","North Of",""
"680068","CR-0000089291","0","0","0","0","21-325-0809","False","False","45","11/22/2021 8:43:00 PM","No Pedestrians Involved","Dry","No Unusual Conditions","Dark - Street Light","Violation Driver 1","No Controls Present/Factor","Clear","Sideswipe","Related","Parked Vehicle","Not Applicable","Not Applicable","North Of",""
"680069","CR-0000089318","0","1","0","0","21-329-0160","False","False","0","11/25/2021 7:05:00 AM","No Pedestrians Involved","Dry","Unknown","Daylight","Violation Driver 1","No Controls Present/Factor","Clear","Broadside","Intersection","Other Vehicle","Not Applicable","Not Applicable","At",""
"680070","CR-0000089268","1","1","0","0","21-324-0422","False","False","0","11/20/2021 12:36:00 PM","No Pedestrians Involved","Dry","No Unusual Conditions","Daylight","Violation Driver 1","Controls Functioning","Clear","Head On","Intersection","Other Vehicle","Not Applicable","Not Applicable","At",""
"680071","CR-0000089280","0","0","0","0","21-325-0709","False","False","0","11/21/2021 7:03:00 PM","No Pedestrians Involved","Dry","No Unusual Conditions","Dark - Street Light","Violation Driver 1","Controls Functioning","Clear","Broadside","Intersection","Other Vehicle","Not Applicable","Not Applicable","At",""
"680072","CR-0000089279","2","0","0","0","21-325-0634","False","False","","11/21/2021 5:54:00 PM","No Pedestrians Involved","Dry","No Unusual Conditions","Dark - Street Light","Violation Driver 1","Controls Functioning","Clear","Rear End","Non-Related","Other Vehicle","Not Applicable","Not Applicable","North Of",""
"680073","CR-0000089274","0","0","0","0","21-335-0388","False","False","","12/1/2021 10:06:00 AM","No Pedestrians Involved","Dry","No Unusual Conditions","Daylight","Violation Driver 1","Controls Functioning","Clear","Rear End","Related","Other Vehicle","Not Applicable","Not Applicable","South Of",""
"680074","CR-0000089302","0","0","0","0","21-327-0421","False","False","60","11/23/2021 11:32:00 AM","No Pedestrians Involved","Dry","No Unusual Conditions","Daylight","Violation Driver 1","Controls Functioning","Clear","Hit Object","Driveway","Fixed Object","Not Applicable","Not Applicable","North Of","FENCE"
"680075","CR-0000089276","0","1","0","0","21-335-0152","True","False","41","12/1/2021 7:40:00 AM","No Pedestrians Involved","Dry","No Unusual Conditions","Daylight","Violation Driver 1","No Controls Present/Factor","Clear","Hit Object","Related","Fixed Object","Not Applicable","Not Applicable","North Of","hit light pole"
"680076","CR-0000089282","3","0","0","0","21-325-0442","False","False","0","11/21/2021 2:16:00 PM","No Pedestrians Involved","Dry","Unknown","Daylight","Violation Driver 1","No Controls Present/Factor","Clear","Broadside","Intersection","Other Vehicle","Not Applicable","Not Applicable","At",""
"680077","CR-0000089319","0","1","0","0","21-329-0418","False","False","0","11/25/2021 3:41:00 PM","No Pedestrians Involved","Dry","No Unusual Conditions","Daylight","Bike At Fault","Controls Functioning","Clear","Vehicle/Bike","Intersection","Bike","Not Applicable","Not Applicable","At","BIKE"
"680078","CR-0000089267","0","0","0","0","21-324-1032","False","False","36","11/20/2021 11:33:00 PM","No Pedestrians Involved","Dry","No Unusual Conditions","Dark - Street Light","Violation Driver 1","Controls Functioning","Clear","Sideswipe","Related","Other Vehicle","Not Applicable","Not Applicable","North Of",""
"680079","CR-0000089301","0","0","0","0","21-327-0827","False","False","0","11/23/2021 5:51:00 PM","No Pedestrians Involved","Dry","No Unusual Conditions","Dusk - Dawn","Violation Driver 1","Controls Functioning","Clear","Head On","Intersection","Other Vehicle","Not Applicable","Not Applicable","At",""
"680080","CR-0000089298","0","1","0","0","21-326-0398","False","False","0","11/22/2021 11:37:00 AM","No Pedestrians Involved","Dry","No Unusual Conditions","Daylight","Violation Driver 1","Controls Functioning","Clear","Broadside","Intersection","Other Vehicle","Not Applicable","Not Applicable","At",""
"680081","CR-0000089289","1","0","0","0","21-336-0395","False","False","0","12/2/2021 11:20:00 AM","No Pedestrians Involved","Dry","Obstruction On Roadway","Daylight","Violation Driver 1","No Controls Present/Factor","Clear","Broadside","Intersection","Other Vehicle","Not Applicable","Not Applicable","At",""
"680082","CR-0000089285","1","0","0","0","21-336-0103","False","False","216","12/2/2021 4:45:00 AM","No Pedestrians Involved","Dry","No Unusual Conditions","Dark - Street Light","Violation Driver 1","No Controls Present/Factor","Clear","Broadside","Non-Related","Other Vehicle","Not Applicable","Not Applicable","West Of",""
"680083","CR-0000089304","0","1","0","0","21-327-0645","True","False","29","11/23/2021 2:48:00 PM","No Pedestrians Involved","Dry","No Unusual Conditions","Daylight","Violation Driver 1","Controls Functioning","Clear","Hit Object","Related","Fixed Object","Not Applicable","Not Applicable","South Of","LIGHT POLE"
"680084","CR-0000089294","0","0","0","0","21-326-0976","False","False","103","11/22/2021 10:00:00 AM","No Pedestrians Involved","Dry","No Unusual Conditions","Dark - Street Light Not Functioning","Unknown","No Controls Present/Factor","Clear","Sideswipe","Non-Related","Parked Vehicle","Not Applicable","Not Applicable","North Of",""
"680085","CR-0000089286","1","0","0","0","21-336-0247","False","False","0","12/2/2021 8:49:00 AM","Crossing In Crosswalk - At Intersection","Dry","No Unusual Conditions","Daylight","Violation Driver 1","No Controls Present/Factor","Clear","Vehicle/Pedestrian","Intersection","Pedestrian","South","North","At",""
"680086","CR-0000089297","0","0","0","0","21-326-0272","False","False","51","11/22/2021 9:00:00 AM","No Pedestrians Involved","Dry","No Unusual Conditions","Daylight","Violation Driver 1","No Controls Present/Factor","Clear","Rear End","Non-Related","Parked Vehicle","Not Applicable","Not Applicable","East Of",""
"680087","CR-0000089278","2","0","0","0","21-335-0606","False","False","0","12/1/2021 4:17:00 PM","No Pedestrians Involved","Dry","No Unusual Conditions","Daylight","Violation Driver 1","No Controls Present/Factor","Clear","Broadside","Intersection","Other Vehicle","Not Applicable","Not Applicable","At",""
"680088","CR-0000089312","0","1","0","0","21-328-0545","False","False","100","11/24/2021 1:18:00 PM","No Pedestrians Involved","Dry","No Unusual Conditions","Daylight","Bike At Fault","Controls Functioning","Clear","Vehicle/Bike","Non-Related","Scooter Motorized","Not Applicable","Not Applicable","South Of","E-SCOOTER (BIKE)"
"680089","CR-0000089305","1","0","0","0","21-327-0219","False","False","124","11/23/2021 8:13:00 AM","No Pedestrians Involved","Dry","Unknown","Daylight","Violation Driver 1","No Controls Present/Factor","Clear","Broadside","Non-Related","Other Vehicle","Not Applicable","Not Applicable","East Of",""