"CrashFactId","Name","MinorInjuries","ModerateInjuries","SevereInjuries","FatalInjuries","TcrNumber","CityDamageFlag","ShortFormFlag","Distance","CrashDateTime","PedestrianAction","RoadwaySurface","RoadwayCondition","Lighting","PrimaryCollisionFactor","TrafficControl","Weather","CollisionType","ProximityToIntersection","VehicleInvolvedWith","PedestrianDirectionFrom","PedestrianDirectionTo","DirectionFromIntersection","Comment"
"680090","CR-0000089288","0","0","0","0","21-336-0706","False","False","0","12/2/2021 3:56:00 PM","No Pedestrians Involved","Dry","No Unusual Conditions","Daylight","Violation Driver 1","Controls Functioning","Clear","Broadside","Intersection","Other Vehicle","Not Applicable","Not Applicable","At",""
"680091","CR-0000089307","1","0","0","0","21-327-0826","False","False","21","11/23/2021 5:45:00 PM","No Pedestrians Involved","Dry","No Unusual Conditions","Dark - Street Light","Violation Driver 1","No Controls Present/Factor","Clear","Broadside","Related","Other Vehicle","Not Applicable","Not Applicable","South Of",""
"680092","CR-0000089314","0","0","0","0","21-329-0049","False","False","29","11/25/2021 1:02:00 AM","No Pedestrians Involved","Dry","No Unusual Conditions","Dark - Street Light","Violation Driver 1","No Controls Present/Factor","Clear","Head On","Related","Fixed Object","Not Applicable","Not Applicable","South Of","STREET SIGN"
"680093","CR-0000089311","0","0","0","0","21-328-0788","False","False","","11/24/2021 5:33:00 PM","No Pedestrians Involved","Dry","No Unusual Conditions","Dark - Street Light Not Functioning","Violation Driver 1","Controls Functioning","Clear","Rear End","Non-Related","Other Vehicle","Not Applicable","Not Applicable","South Of","CITY VEHICLE (DOT)"
"680094","CR-0000089277","0","0","1","0","21-335-0513","False","False","31","12/1/2021 2:37:00 PM","No Pedestrians Involved","Dry","No Unusual Conditions","Daylight","Violation Driver 1","No Controls Present/Factor","Clear","Broadside","Related","Other Vehicle","Not Applicable","Not Applicable","South Of",""
"680095","CR-0000089284","0","0","0","0","21-325-0760","False","False","66","11/21/2021 7:55:00 PM","No Pedestrians Involved","Dry","No Unusual Conditions","Dark - Street Light","Violation Driver 1","Controls Functioning","Clear","Rear End","Non-Related","Other Vehicle","Not Applicable","Not Applicable","South Of",""
"680096","CR-0000089299","2","0","0","0","21-326-0606","False","False","0","11/22/2021 2:55:00 PM","No Pedestrians Involved","Dry","No Unusual Conditions","Daylight","Violation Driver 1","Controls Functioning","Clear","Broadside","Intersection","Other Vehicle","Not Applicable","Not Applicable","At",""
"680097","CR-0000089310","0","0","0","0","21-335-9702","False","True","51","11/24/2021 5:00:00 PM","No Pedestrians Involved","Dry","No Unusual Conditions","Dusk - Dawn","Violation Driver 1","No Controls Present/Factor","Clear","Sideswipe","Non-Related","Parked Vehicle","Not Applicable","Not Applicable","East Of",""
"680098","CR-0000089320","0","0","0","0","21-336-0943","False","False","39","12/2/2021 7:15:00 PM","No Pedestrians Involved","Dry","No Unusual Conditions","Dark - Street Light","Violation Driver 1","Controls Functioning","Clear","Rear End","Related","Parked Vehicle","Not Applicable","Not Applicable","West Of",""
"680099","CR-0000089321","1","0","0","0","21-336-1040","False","False","75","12/2/2021 9:10:00 PM","No Pedestrians Involved","Dry","No Unusual Conditions","Dark - Street Light","Violation Driver 1","No Controls Present/Factor","Clear","Sideswipe","Non-Related","Parked Vehicle","Not Applicable","Not Applicable","West Of",""
"680100","CR-0000089322","0","0","0","0","21-336-1110","False","False","264","12/2/2021 10:57:00 PM","No Pedestrians Involved","Dry","No Unusual Conditions","Dark - Street Light","Violation Driver 1","Controls Functioning","Clear","Head On","Non-Related","Parked Vehicle","Not Applicable","Not Applicable","North Of",""
"680101","CR-0000089323","0","0","0","0","21-336-1119","False","False","0","12/2/2021 11:06:00 PM","No Pedestrians Involved","Dry","No Unusual Conditions","Dark - Street Light","Violation Driver 1","Controls Functioning","Clear","Hit Object","Intersection","Fixed Object","Not Applicable","Not Applicable","At",""
"680102","CR-0000089325","0","0","0","0","21-337-0037","False","False","62","12/3/2021 12:34:00 AM","No Pedestrians Involved","Dry","No Unusual Conditions","Dark - Street Light","Violation Driver 1","No Controls Present/Factor","Clear","Hit Object","Non-Related","Fixed Object","Not Applicable","Not Applicable","North Of",""
"680103","CR-0000089326","2","1","0","0","21-337-0203","False","False","177","12/3/2021 8:09:00 AM","No Pedestrians Involved","Unknown","No Unusual Conditions","Daylight","Violation Driver 1","Controls Functioning","Clear","Sideswipe","Non-Related","Motor Vehicle On Other Roadway","Not Applicable","Not Applicable","North Of",""
"680104","CR-0000089327","0","1","0","0","21-337-0969","True","False","51","12/3/2021 9:49:00 PM","No Pedestrians Involved","Dry","No Unusual Conditions","Dark - Street Light","Violation Driver 1","Unknown","Clear","Hit Object","Non-Related","Fixed Object","Not Applicable","Not Applicable","West Of","hit parking sign pole"
"680105","CR-0000089328","1","0","0","0","21-337-0353","False","False","0","12/3/2021 11:25:00 AM","No Pedestrians Involved","Dry","No Unusual Conditions","Daylight","Violation Driver 1","Unknown","Clear","Broadside","Intersection","Other Vehicle","Not Applicable","Not Applicable","At",""
"680106","CR-0000089329","1","0","0","0","21-337-0501","False","False","501","12/3/2021 2:06:00 PM","No Pedestrians Involved","Dry","No Unusual Conditions","Daylight","Violation Driver 1","Controls Functioning","Clear","Broadside","Non-Related","Motorcycle","Not Applicable","Not Applicable","West Of",""
"680107","CR-0000089324","1","0","0","0","21-336-0859","False","False","0","12/2/2021 5:48:00 PM","No Pedestrians Involved","Dry","No Unusual Conditions","Dark - Street Light","Violation Driver 1","Controls Functioning","Clear","Sideswipe","Intersection","Light Rail Vehicle","Not Applicable","Not Applicable","At",""
"680108","CR-0000089330","0","0","0","0","21-337-0434","False","False","51","12/3/2021 2:17:00 PM","No Pedestrians Involved","Unknown","Unknown","Unknown","Unknown","No Controls Present/Factor","Unknown","Other","Non-Related","Parked Vehicle","Not Applicable","Not Applicable","West Of",""
"680112","CR-0000089334","0","1","0","0","21-309-0942","True","False","103","11/5/2021 9:17:00 PM","No Pedestrians Involved","Dry","No Unusual Conditions","Dark - Street Light","Violation Driver 1","No Controls Present/Factor","Clear","Hit Object","Non-Related","Fixed Object","Not Applicable","Not Applicable","West Of","Tree"
"680113","CR-0000089335","0","1","0","0","21-294-0741","False","False","50","10/21/2021 5:50:00 PM","No Pedestrians Involved","Dry","No Unusual Conditions","Daylight","Violation Driver 1","Controls Functioning","Cloudy","Rear End","Related","Other Vehicle","Not Applicable","Not Applicable","West Of",""
"680114","CR-0000089336","1","0","0","0","21-287-0714","False","False","0","10/14/2021 5:14:00 PM","No Pedestrians Involved","Dry","No Unusual Conditions","Daylight","Violation Driver 1","No Controls Present/Factor","Clear","Rear End","Intersection","Motorcycle","Not Applicable","Not Applicable","At",""
"680115","CR-0000089337","0","0","0","0","21-282-0871","True","False","240","10/9/2021 8:38:00 PM","No Pedestrians Involved","Dry","No Unusual Conditions","Dark - Street Light","Violation Driver 1","No Controls Present/Factor","Clear","Hit Object","Non-Related","Fixed Object","Not Applicable","Not Applicable","South Of","Street sign"
"680116","CR-0000089339","0","0","0","0","21-359-9703","False","True","0","11/18/2021 1:30:00 PM","No Pedestrians Involved","Dry","No Unusual Conditions","Daylight","Unknown","Controls Functioning","Clear","Head On","Intersection","Other Vehicle","Not Applicable","Not Applicable","At",""
"680118","CR-0000089340","1","0","0","0","21-351-9703","False","False","0","11/23/2021 5:35:00 PM","No Pedestrians Involved","Dry","No Unusual Conditions","Dusk - Dawn","Unknown","Unknown","Clear","Vehicle/Bike","Intersection","Bike","Not Applicable","Not Applicable","At",""
"680121","CR-0000089341","0","0","0","0","21-351-9708","False","True","","12/14/2021 1:20:00 PM","No Pedestrians Involved","Dry","No Unusual Conditions","Daylight","Unknown","Controls Functioning","Clear","Sideswipe","Related","Other Vehicle","Not Applicable","Not Applicable","South Of",""
"680124","CR-0000089347","0","0","0","0","21-352-9701","False","False","","12/17/2021 7:00:00 PM","No Pedestrians Involved","Dry","No Unusual Conditions","Dark - Street Light","Unknown","Controls Functioning","Clear","Rear End","Related","Other Vehicle","Not Applicable","Not Applicable","West Of",""
"680126","CR-0000089349","0","0","0","0","21-354-9702","False","True","","12/20/2021 8:30:00 AM","No Pedestrians Involved","Dry","No Unusual Conditions","Daylight","Unknown","Unknown","Clear","Rear End","Related","Other Vehicle","Not Applicable","Not Applicable","South Of",""
"680156","CR-0000089378","0","0","0","1","22-033-0178","False","False","524","2/2/2022 7:43:00 AM","In Road - Includes Shoulder","Dry","No Unusual Conditions","Daylight","Unknown","No Controls Present/Factor","Clear","Vehicle/Pedestrian","Non-Related","Pedestrian","East","West","East Of",""
"680157","CR-0000089379","0","0","0","1","22-036-0791","True","False","0","2/5/2022 8:20:00 PM","No Pedestrians Involved","Dry","No Unusual Conditions","Dark - Street Light","Violation Driver 1","Controls Functioning","Clear","Broadside","Intersection","Other Vehicle","Not Applicable","Not Applicable","At","Tree"
"680159","CR-0000089382","1","0","0","0","21-336-0152","False","False","51","12/2/2021 6:57:00 AM","No Pedestrians Involved","Dry","No Unusual Conditions","Daylight","Violation Driver 1","No Controls Present/Factor","Clear","Broadside","Non-Related","Other Vehicle","Not Applicable","Not Applicable","South Of",""
"680160","CR-0000089381","0","0","0","0","21-352-9705","False","False","0","12/8/2021 2:30:00 PM","No Pedestrians Involved","Dry","No Unusual Conditions","Daylight","Unknown","Controls Functioning","Clear","Broadside","Intersection","Other Vehicle","Not Applicable","Not Applicable","At",""
"680161","CR-0000089383","1","0","0","0","21-337-0617","False","False","0","12/3/2021 4:15:00 PM","No Pedestrians Involved","Dry","No Unusual Conditions","Daylight","Violation Driver 1","Controls Functioning","Clear","Broadside","Intersection","Other Vehicle","Not Applicable","Not Applicable","At",""
"680162","CR-0000089384","0","0","0","0","21-354-9709","False","True","","12/19/2021 9:00:00 PM","No Pedestrians Involved","Dry","No Unusual Conditions","Dark - Street Light","Unknown","No Controls Present/Factor","Clear","Rear End","Related","Parked Vehicle","Not Applicable","Not Applicable","East Of",""
"680163","CR-0000089385","0","0","0","0","22-026-9702","False","True","51","11/8/2021 6:40:00 AM","No Pedestrians Involved","Dry","No Unusual Conditions","Daylight","Unknown","No Controls Present/Factor","Clear","Sideswipe","Non-Related","Parked Vehicle","Not Applicable","Not Applicable","South Of",""
"680165","CR-0000089387","1","0","0","0","21-337-0699","False","False","0","12/3/2021 5:17:00 PM","No Pedestrians Involved","Dry","No Unusual Conditions","Dark - Street Light","Violation Driver 1","No Controls Present/Factor","Clear","Broadside","Intersection","Motorcycle","Not Applicable","Not Applicable","At",""
"680166","CR-0000089388","1","0","0","0","21-337-0937","False","False","375","12/3/2021 10:13:00 PM","No Pedestrians Involved","Dry","No Unusual Conditions","Dark - Street Light","Violation Driver 1","Controls Functioning","Clear","Sideswipe","Non-Related","Other Vehicle","Not Applicable","Not Applicable","South Of",""
"680167","CR-0000089389","1","0","0","0","21-338-0180","False","False","51","12/4/2021 8:15:00 AM","No Pedestrians Involved","Dry","No Unusual Conditions","Dark - Street Light","Violation Driver 1","Controls Functioning","Clear","Sideswipe","Non-Related","Parked Vehicle","Not Applicable","Not Applicable","South Of",""
"680168","CR-0000089390","0","0","0","0","21-338-0144","True","False","0","12/4/2021 3:29:00 AM","No Pedestrians Involved","Dry","No Unusual Conditions","Dark - Street Light","Violation Driver 1","Controls Functioning","Clear","Hit Object","Intersection","Fixed Object","Not Applicable","Not Applicable","At","hit traffic signal"
"680169","CR-0000089391","0","0","0","0","21-338-0159","False","False","174","12/4/2021 4:17:00 AM","No Pedestrians Involved","Dry","No Unusual Conditions","Dark - No Street Light","Violation Driver 1","No Controls Present/Factor","Clear","Broadside","Non-Related","Parked Vehicle","Not Applicable","Not Applicable","North Of",""
"680170","CR-0000089392","0","0","0","0","21-339-9703","False","True","51","12/4/2021 8:10:00 PM","No Pedestrians Involved","Dry","No Unusual Conditions","Dark - Street Light","Unknown","Unknown","Clear","Rear End","Non-Related","Parked Vehicle","Not Applicable","Not Applicable","South Of",""
"680171","CR-0000089393","1","0","0","0","21-303-0511","False","False","0","10/30/2021 2:01:00 PM","No Pedestrians Involved","Dry","No Unusual Conditions","Daylight","Violation Driver 1","Controls Functioning","Clear","Broadside","Intersection","Other Vehicle","Not Applicable","Not Applicable","At",""
"680172","CR-0000089394","0","0","0","0","21-330-0121","False","False","33","11/20/2021 4:52:00 AM","No Pedestrians Involved","Dry","Unknown","Dark - Street Light","Violation Driver 1","No Controls Present/Factor","Clear","Head On","Related","Parked Vehicle","Not Applicable","Not Applicable","West Of",""
"680173","CR-0000089395","0","0","0","0","21-275-0230","False","False","322","10/2/2021 7:36:00 AM","No Pedestrians Involved","Dry","No Unusual Conditions","Daylight","Violation Driver 1","Controls Functioning","Clear","Rear End","Non-Related","Parked Vehicle","Not Applicable","Not Applicable","East Of",""
"680196","CR-0000089418","0","1","0","0","21-338-0264","False","False","414","12/4/2021 9:29:00 AM","No Pedestrians Involved","Dry","No Unusual Conditions","Daylight","Violation Driver 1","Controls Functioning","Clear","Vehicle/Bike","Non-Related","Bike","Not Applicable","Not Applicable","North Of",""
"680197","CR-0000089419","0","0","0","0","21-338-0375","False","False","0","12/4/2021 10:00:00 AM","No Pedestrians Involved","Dry","No Unusual Conditions","Daylight","Violation Driver 1","Controls Functioning","Clear","Broadside","Intersection","Other Vehicle","Not Applicable","Not Applicable","At",""
"680198","CR-0000089420","0","1","0","0","21-338-0509","True","False","344","12/4/2021 4:11:00 PM","No Pedestrians Involved","Dry","No Unusual Conditions","Daylight","Violation Driver 1","No Controls Present/Factor","Clear","Hit Object","Non-Related","Fixed Object","North","Not Applicable","South Of","hit tree"
"680199","CR-0000089421","0","0","0","0","21-338-0695","False","False","51","12/4/2021 6:31:00 PM","No Pedestrians Involved","Dry","Unknown","Dusk - Dawn","Violation Driver 1","Controls Functioning","Clear","Sideswipe","Non-Related","Motorcycle","Not Applicable","Not Applicable","West Of",""
"680200","CR-0000089422","0","0","0","1","21-338-0713","False","False","219","12/4/2021 6:47:00 PM","Crossing - Not In Crosswalk","Dry","No Unusual Conditions","Dark - Street Light","Pedestrian At Fault","Controls Functioning","Clear","Vehicle/Pedestrian","Non-Related","Pedestrian","Unknown","Unknown","West Of","Delayed Fatal - 12/08/2021"
"680201","CR-0000089423","0","0","0","0","21-339-0099","False","False","145","12/5/2021 1:51:00 AM","No Pedestrians Involved","Dry","No Unusual Conditions","Dark - Street Light","Violation Driver 1","No Controls Present/Factor","Clear","Sideswipe","Non-Related","Parked Vehicle","Not Applicable","Not Applicable","East Of",""
"680202","CR-0000089424","1","0","0","0","21-338-0979","True","False","110","12/4/2021 10:55:00 PM","No Pedestrians Involved","Dry","No Unusual Conditions","Dark - Street Light","Violation Driver 1","Controls Functioning","Clear","Hit Object","Non-Related","Fixed Object","Not Applicable","Not Applicable","South Of","HIT TREE"
"680203","CR-0000089425","0","0","0","0","21-339-9704","False","False","0","12/5/2021 12:18:00 AM","No Pedestrians Involved","Dry","No Unusual Conditions","Dark - Street Light","Unknown","Controls Functioning","Clear","Broadside","Intersection","Other Vehicle","Not Applicable","Not Applicable","At",""
"680204","CR-0000089426","0","0","0","0","21-339-0416","False","False","0","12/5/2021 12:19:00 PM","No Pedestrians Involved","Dry","No Unusual Conditions","Daylight","Violation Driver 1","Controls Functioning","Clear","Sideswipe","Intersection","Other Vehicle","Not Applicable","Not Applicable","At",""
"680205","CR-0000089427","0","1","0","0","21-339-0515","False","False","0","12/5/2021 2:33:00 PM","No Pedestrians Involved","Dry","No Unusual Conditions","Daylight","Violation Driver 1","No Controls Present/Factor","Clear","Vehicle/Bike","Intersection","Bike","Not Applicable","Not Applicable","At",""
"680206","CR-0000089428","0","0","0","0","21-339-0686","False","False","27","12/5/2021 5:55:00 PM","No Pedestrians Involved","Dry","No Unusual Conditions","Dark - Street Light","Violation Driver 1","Controls Functioning","Clear","Head On","Related","Parked Vehicle","Not Applicable","Not Applicable","East Of",""
"680207","CR-0000089429","0","0","0","0","21-339-0711","False","False","79","12/5/2021 6:34:00 PM","No Pedestrians Involved","Dry","Unknown","Dark - Street Light","Violation Driver 1","Controls Functioning","Clear","Broadside","Non-Related","Other Vehicle","Not Applicable","Not Applicable","West Of",""
"680208","CR-0000089430","0","1","0","0","21-340-0208","False","False","0","12/6/2021 8:33:00 AM","No Pedestrians Involved","Dry","No Unusual Conditions","Daylight","Violation Driver 1","Controls Functioning","Cloudy","Broadside","Intersection","Other Vehicle","Not Applicable","Not Applicable","At",""
"680209","CR-0000089431","0","0","0","0","21-340-0930","False","False","84","12/6/2021 10:58:00 PM","No Pedestrians Involved","Wet","No Unusual Conditions","Dark - Street Light","Violation Driver 1","Unknown","Rain","Rear End","Non-Related","Parked Vehicle","Not Applicable","Not Applicable","East Of",""
"680210","CR-0000089432","0","1","0","0","21-340-0338","False","False","19","12/6/2021 11:00:00 AM","No Pedestrians Involved","Dry","No Unusual Conditions","Daylight","Violation Driver 1","No Controls Present/Factor","Clear","Broadside","Related","Other Vehicle","Not Applicable","Not Applicable","South Of",""
"680211","CR-0000089433","1","0","0","0","21-340-0444","False","False","0","12/6/2021 1:05:00 PM","No Pedestrians Involved","Dry","No Unusual Conditions","Daylight","Unknown","Controls Functioning","Cloudy","Broadside","Intersection","Other Vehicle","Not Applicable","Not Applicable","At",""
"680212","CR-0000089434","0","0","0","0","21-340-0875","False","False","211","12/6/2021 9:01:00 PM","No Pedestrians Involved","Dry","No Unusual Conditions","Dark - Street Light","Violation Driver 1","No Controls Present/Factor","Clear","Sideswipe","Non-Related","Parked Vehicle","Not Applicable","Not Applicable","East Of",""
"680223","CR-0000089445","1","0","0","0","21-341-0190","False","False","72","12/7/2021 8:31:00 AM","No Pedestrians Involved","Dry","No Unusual Conditions","Daylight","Violation Driver 1","No Controls Present/Factor","Clear","Vehicle/Bike","Non-Related","Bike","Not Applicable","Not Applicable","South Of",""
"680226","CR-0000089448","0","0","0","0","21-341-0339","False","False","0","12/7/2021 11:20:00 AM","No Pedestrians Involved","Dry","No Unusual Conditions","Daylight","Violation Driver 1","No Controls Present/Factor","Clear","Sideswipe","Intersection","Other Vehicle","Not Applicable","Not Applicable","At","city vehicle involved"
"680228","CR-0000089451","0","1","0","0","21-341-0353","False","False","0","12/7/2021 11:33:00 AM","No Pedestrians Involved","Dry","Unknown","Daylight","Violation Driver 1","Controls Functioning","Cloudy","Broadside","Intersection","Other Vehicle","Not Applicable","Not Applicable","At",""
"680229","CR-0000089450","0","0","0","0","21-330-0938","False","False","0","11/26/2021 10:50:00 PM","No Pedestrians Involved","Dry","No Unusual Conditions","Dark - Street Light","Violation Driver 1","No Controls Present/Factor","Clear","Sideswipe","Intersection","Other Vehicle","Not Applicable","Not Applicable","At","CITY EMERGENCY VEHICLE
(POLICE CAR)"
"680230","CR-0000089452","0","0","0","0","21-341-0792","False","False","51","12/7/2021 6:44:00 PM","No Pedestrians Involved","Dry","No Unusual Conditions","Dark - Street Light","Violation Driver 1","Controls Functioning","Clear","Rear End","Non-Related","Other Vehicle","Not Applicable","Not Applicable","West Of",""
"680231","CR-0000089453","0","1","0","0","21-341-0818","False","False","72","12/7/2021 7:13:00 PM","No Pedestrians Involved","Dry","No Unusual Conditions","Dark - Street Light Not Functioning","Violation Driver 1","No Controls Present/Factor","Clear","Rear End","Non-Related","Parked Vehicle","Not Applicable","Not Applicable","North Of",""
"680232","CR-0000089454","0","1","0","0","21-341-0838","False","False","0","12/7/2021 7:40:00 PM","No Pedestrians Involved","Dry","No Unusual Conditions","Dark - Street Light","Violation Driver 1","Controls Functioning","Clear","Broadside","Intersection","Other Vehicle","Not Applicable","Not Applicable","At",""
"680233","CR-0000089455","0","0","0","0","21-342-0094","False","False","0","12/8/2021 5:05:00 AM","No Pedestrians Involved","Dry","No Unusual Conditions","Dark - Street Light","Violation Driver 1","Controls Functioning","Clear","Broadside","Intersection","Other Vehicle","Not Applicable","Not Applicable","At",""
"680234","CR-0000089456","2","0","0","0","21-342-0126","False","False","350","12/8/2021 6:40:00 AM","No Pedestrians Involved","Dry","No Unusual Conditions","Dusk - Dawn","Violation Driver 1","Controls Functioning","Clear","Broadside","Non-Related","Other Vehicle","Not Applicable","Not Applicable","South Of",""
"680235","CR-0000089457","1","0","0","0","21-342-0143","False","False","0","12/8/2021 7:17:00 AM","No Pedestrians Involved","Dry","No Unusual Conditions","Daylight","Violation Driver 1","Controls Functioning","Clear","Broadside","Intersection","Other Vehicle","Not Applicable","Not Applicable","At",""
"680236","CR-0000089459","0","0","0","0","21-342-0351","False","False","242","12/8/2021 9:57:00 AM","No Pedestrians Involved","Dry","No Unusual Conditions","Daylight","Violation Driver 1","No Controls Present/Factor","Cloudy","Rear End","Non-Related","Other Vehicle","Not Applicable","Not Applicable","North Of",""
"680237","CR-0000089460","0","1","0","0","21-342-0546","False","False","165","12/8/2021 2:17:00 PM","No Pedestrians Involved","Dry","No Unusual Conditions","Daylight","Violation Driver 1","No Controls Present/Factor","Clear","Broadside","Non-Related","Motorcycle","Not Applicable","Not Applicable","North Of","0"
"680238","CR-0000089462","0","0","0","0","21-330-0063","False","False","125","11/26/2021 1:30:00 AM","No Pedestrians Involved","Dry","No Unusual Conditions","Dark - Street Light","Violation Driver 1","Controls Functioning","Clear","Sideswipe","Non-Related","Parked Vehicle","Not Applicable","Not Applicable","East Of",""
"680239","CR-0000089463","0","0","0","0","21-330-0205","False","False","0","11/26/2021 8:10:00 AM","No Pedestrians Involved","Dry","No Unusual Conditions","Daylight","Violation Driver 1","Controls Functioning","Clear","Sideswipe","Intersection","Other Vehicle","Not Applicable","Not Applicable","At",""
"680240","CR-0000089464","0","0","0","0","21-331-9701","False","True","51","11/26/2021 9:10:00 AM","No Pedestrians Involved","Dry","No Unusual Conditions","Daylight","Violation Driver 1","Controls Functioning","Clear","Sideswipe","Non-Related","Other Vehicle","Not Applicable","Not Applicable","West Of",""
"680241","CR-0000089465","1","0","0","0","21-330-0574","False","False","0","11/26/2021 4:00:00 PM","No Pedestrians Involved","Dry","No Unusual Conditions","Daylight","Violation Driver 1","Controls Functioning","Clear","Head On","Intersection","Other Vehicle","South","Not Applicable","At",""
"680242","CR-0000089466","0","0","0","0","21-330-0601","False","False","0","11/26/2021 4:44:00 PM","No Pedestrians Involved","Dry","No Unusual Conditions","Dusk - Dawn","Violation Driver 1","No Controls Present/Factor","Clear","Broadside","Intersection","Other Vehicle","Not Applicable","Not Applicable","At",""
"680243","CR-0000089467","1","0","0","0","21-330-0924","False","False","0","11/26/2021 10:16:00 PM","No Pedestrians Involved","Dry","No Unusual Conditions","Dark - Street Light","Violation Driver 1","Controls Functioning","Clear","Broadside","Intersection","Other Vehicle","Not Applicable","Not Applicable","At",""
"680244","CR-0000089468","0","0","0","0","21-331-0046","False","False","244","11/27/2021 12:50:00 AM","No Pedestrians Involved","Dry","Obstruction On Roadway","Dark - Street Light","Violation Driver 1","No Controls Present/Factor","Clear","Rear End","Non-Related","Other Vehicle","Not Applicable","Not Applicable","South Of",""
"680245","CR-0000089469","0","0","1","0","21-331-0490","False","False","0","11/27/2021 2:09:00 PM","Crossing In Crosswalk - At Intersection","Dry","No Unusual Conditions","Daylight","Violation Driver 1","Controls Functioning","Clear","Vehicle/Pedestrian","Intersection","Pedestrian","West","East","At","PEDESTRIAN"
"680246","CR-0000089471","0","0","0","0","21-332-9703","False","True","","11/27/2021 7:35:00 PM","No Pedestrians Involved","Dry","No Unusual Conditions","Dark - Street Light","Violation Driver 1","Controls Functioning","Clear","Rear End","Non-Related","Other Vehicle","Not Applicable","Not Applicable","Unknown",""
"680247","CR-0000089472","1","0","0","0","21-331-1039","True","False","300","11/27/2021 11:16:00 PM","No Pedestrians Involved","Dry","No Unusual Conditions","Dark - Street Light","Violation Driver 1","No Controls Present/Factor","Clear","Hit Object","Non-Related","Fixed Object","Not Applicable","South","South Of","TREE"
"680248","CR-0000089473","0","0","0","0","21-331-0318","True","False","0","11/27/2021 10:40:00 AM","No Pedestrians Involved","Dry","No Unusual Conditions","Daylight","Violation Driver 1","Controls Functioning","Clear","Broadside","Intersection","Other Vehicle","Not Applicable","Not Applicable","At","???"
"680249","CR-0000089474","1","1","0","0","21-331-0348","False","False","0","11/27/2021 11:16:00 AM","No Pedestrians Involved","Dry","No Unusual Conditions","Daylight","Violation Driver 1","Controls Functioning","Clear","Broadside","Intersection","Other Vehicle","Not Applicable","Not Applicable","At",""
"680250","CR-0000089475","1","0","0","0","21-331-0464","False","False","51","11/27/2021 1:38:00 PM","No Pedestrians Involved","Dry","No Unusual Conditions","Daylight","Violation Driver 1","Controls Functioning","Clear","Rear End","Non-Related","Other Vehicle","Not Applicable","Not Applicable","South Of",""
"680251","CR-0000089476","0","0","0","0","21-332-0217","False","False","78","11/28/2021 5:30:00 AM","No Pedestrians Involved","Dry","Unknown","Dusk - Dawn","Violation Driver 1","No Controls Present/Factor","Clear","Broadside","Non-Related","Parked Vehicle","Not Applicable","Not Applicable","West Of",""
"680252","CR-0000089477","1","0","0","0","21-332-0230","False","False","0","11/28/2021 6:21:00 AM","No Pedestrians Involved","Dry","No Unusual Conditions","Dusk - Dawn","Violation Driver 1","Controls Functioning","Clear","Other","Intersection","Non-Collision","Not Applicable","Not Applicable","At",""
"680253","CR-0000089478","0","0","0","0","21-332-0362","False","False","40","11/28/2021 11:17:00 AM","No Pedestrians Involved","Dry","No Unusual Conditions","Daylight","Violation Driver 1","No Controls Present/Factor","Clear","Sideswipe","Related","Other Vehicle","Not Applicable","Not Applicable","North Of",""
"680254","CR-0000089479","0","0","0","0","21-332-0399","False","False","0","11/28/2021 12:50:00 PM","No Pedestrians Involved","Dry","No Unusual Conditions","Daylight","Violation Driver 1","Controls Functioning","Clear","Sideswipe","Intersection","Motor Vehicle On Other Roadway","Not Applicable","Not Applicable","At",""
"680255","CR-0000089480","0","0","0","0","21-332-0631","False","False","38","11/28/2021 4:53:00 PM","No Pedestrians Involved","Dry","No Unusual Conditions","Daylight","Violation Driver 1","No Controls Present/Factor","Clear","Rear End","Related","Parked Vehicle","Not Applicable","Not Applicable","East Of",""
"680256","CR-0000089481","1","0","0","0","21-332-0775","True","False","0","11/28/2021 7:45:00 PM","No Pedestrians Involved","Dry","No Unusual Conditions","Daylight","Violation Driver 1","Controls Functioning","Clear","Head On","Intersection","Fixed Object","Not Applicable","Not Applicable","At","SIGN AND TREE"
"680257","CR-0000089482","0","0","0","0","21-332-0789","False","False","280","11/28/2021 8:24:00 PM","No Pedestrians Involved","Dry","No Unusual Conditions","Dark - Street Light","Violation Driver 1","No Controls Present/Factor","Clear","Sideswipe","Non-Related","Parked Vehicle","Not Applicable","Not Applicable","South Of",""
"680258","CR-0000089483","2","0","0","0","21-333-0066","True","False","22","11/29/2021 1:29:00 AM","No Pedestrians Involved","Dry","No Unusual Conditions","Dark - Street Light","Violation Driver 1","Controls Functioning","Clear","Head On","Related","Fixed Object","Not Applicable","Not Applicable","West Of","TRAFFIC SIGNAL"
"680259","CR-0000089484","0","0","0","0","21-333-0092","False","False","120","11/29/2021 3:20:00 AM","No Pedestrians Involved","Dry","No Unusual Conditions","Dark - Street Light","Violation Driver 1","No Controls Present/Factor","Clear","Head On","Non-Related","Parked Vehicle","Not Applicable","Not Applicable","West Of",""
"680260","CR-0000089485","0","0","0","0","21-333-0248","False","False","18","11/29/2021 8:50:00 AM","No Pedestrians Involved","Dry","No Unusual Conditions","Dark - Street Light","Violation Driver 1","No Controls Present/Factor","Snow","Head On","Related","Parked Vehicle","Not Applicable","Not Applicable","East Of",""