"CrashFactId","Name","MinorInjuries","ModerateInjuries","SevereInjuries","FatalInjuries","TcrNumber","CityDamageFlag","ShortFormFlag","Distance","CrashDateTime","PedestrianAction","RoadwaySurface","RoadwayCondition","Lighting","PrimaryCollisionFactor","TrafficControl","Weather","CollisionType","ProximityToIntersection","VehicleInvolvedWith","PedestrianDirectionFrom","PedestrianDirectionTo","DirectionFromIntersection","Comment"
"681184","CR-0000090577","1","0","0","0","22-002-0593","False","False","63","1/2/2022 5:51:00 PM","No Pedestrians Involved","Dry","No Unusual Conditions","Dark - Street Light","Violation Driver 1","No Controls Present/Factor","Clear","Rear End","Non-Related","Other Vehicle","Not Applicable","Not Applicable","West Of",""
"681185","CR-0000090573","0","0","0","0","22-002-0120","False","False","141","1/2/2022 1:30:00 AM","No Pedestrians Involved","Dry","No Unusual Conditions","Dark - No Street Light","Violation Driver 1","No Controls Present/Factor","Clear","Rear End","Non-Related","Parked Vehicle","Not Applicable","Not Applicable","South Of",""
"681186","CR-0000090576","1","0","0","0","22-002-0548","False","False","0","1/2/2022 5:00:00 PM","No Pedestrians Involved","Dry","No Unusual Conditions","Daylight","Violation Driver 1","No Controls Present/Factor","Clear","Broadside","Intersection","Other Vehicle","Not Applicable","Not Applicable","At",""
"681187","CR-0000090575","0","1","0","0","22-002-0482","False","False","71","1/2/2022 3:49:00 PM","No Pedestrians Involved","Dry","No Unusual Conditions","Daylight","Violation Driver 1","Controls Functioning","Clear","Broadside","Non-Related","Other Vehicle","Not Applicable","Not Applicable","East Of",""
"681188","CR-0000090578","0","1","0","0","22-002-0612","False","False","51","1/2/2022 6:00:00 PM","No Pedestrians Involved","Dry","No Unusual Conditions","Dark - Street Light","Violation Driver 1","No Controls Present/Factor","Clear","Head On","Non-Related","Parked Vehicle","Not Applicable","Not Applicable","West Of",""
"681189","CR-0000090571","1","0","0","0","22-001-0812","False","False","88","1/1/2022 8:17:00 PM","No Pedestrians Involved","Dry","No Unusual Conditions","Dark - Street Light","Violation Driver 1","Controls Functioning","Clear","Rear End","Non-Related","Other Vehicle","Not Applicable","Not Applicable","North Of",""
"681190","CR-0000090572","0","0","1","0","21-365-0847","True","False","0","1/1/2022 12:47:00 AM","No Pedestrians Involved","Dry","No Unusual Conditions","Dark - Street Light","Violation Driver 1","Controls Functioning","Clear","Broadside","Intersection","Other Vehicle","Not Applicable","Not Applicable","At","LIGHT POLE"
"681191","CR-0000090580","3","0","0","0","22-002-0671","False","False","89","1/2/2022 7:10:00 PM","No Pedestrians Involved","Dry","No Unusual Conditions","Dark - Street Light","Violation Driver 1","Controls Functioning","Clear","Rear End","Non-Related","Other Vehicle","Not Applicable","Not Applicable","North Of",""
"681192","CR-0000090561","1","0","0","0","22-023-0001","False","False","60","1/23/2022 12:01:00 AM","No Pedestrians Involved","Dry","No Unusual Conditions","Dark - Street Light","Violation Driver 1","Controls Functioning","Clear","Head On","Non-Related","Other Vehicle","Not Applicable","Not Applicable","East Of",""
"681193","CR-0000090566","0","0","0","0","22-001-0261","False","False","0","1/1/2022 6:07:00 AM","No Pedestrians Involved","Unknown","No Unusual Conditions","Dusk - Dawn","Violation Driver 1","Unknown","Clear","Broadside","Intersection","Other Vehicle","Not Applicable","Not Applicable","At",""
"681194","CR-0000090562","0","1","0","0","22-023-0081","True","False","280","1/23/2022 1:19:00 AM","No Pedestrians Involved","Dry","No Unusual Conditions","Dark - Street Light","Violation Driver 1","No Controls Present/Factor","Clear","Sideswipe","Non-Related","Fixed Object","Not Applicable","Not Applicable","South Of","CURB"
"681195","CR-0000090565","0","0","0","0","22-001-0260","False","False","190","1/1/2022 6:03:00 AM","No Pedestrians Involved","Dry","No Unusual Conditions","Dusk - Dawn","Violation Driver 1","No Controls Present/Factor","Clear","Rear End","Non-Related","Other Vehicle","Not Applicable","Not Applicable","West Of",""
"681196","CR-0000090581","0","0","1","0","22-002-0762","False","False","0","1/2/2022 8:57:00 PM","Crossing - Not In Crosswalk","Dry","No Unusual Conditions","Dark - Street Light","Pedestrian At Fault","Controls Functioning","Clear","Vehicle/Pedestrian","Intersection","Pedestrian","South","North","At","PEDESTRIAN"
"681197","CR-0000090582","0","0","0","0","22-002-0768","False","False","51","1/2/2022 9:02:00 PM","No Pedestrians Involved","Dry","No Unusual Conditions","Dark - Street Light","Violation Driver 1","No Controls Present/Factor","Clear","Sideswipe","Non-Related","Other Vehicle","Not Applicable","Not Applicable","East Of",""
"681198","CR-0000090583","0","0","0","0","22-002-0776","True","False","0","1/2/2022 9:14:00 PM","No Pedestrians Involved","Dry","No Unusual Conditions","Unknown","Violation Driver 1","No Controls Present/Factor","Clear","Hit Object","Intersection","Fixed Object","Not Applicable","Not Applicable","At","STREET SIGN"
"681199","CR-0000090584","0","0","0","0","22-002-0784","False","False","41","1/2/2022 9:27:00 PM","No Pedestrians Involved","Dry","No Unusual Conditions","Dark - Street Light","Violation Driver 1","No Controls Present/Factor","Clear","Hit Object","Related","Fixed Object","Not Applicable","Not Applicable","West Of",""
"681200","CR-0000090585","0","0","0","0","22-002-0885","True","False","","1/2/2022 11:31:00 PM","No Pedestrians Involved","Dry","No Unusual Conditions","Dark - Street Light","Violation Driver 1","Controls Functioning","Clear","Hit Object","Related","Fixed Object","Not Applicable","Not Applicable","Unknown","MEDIAN / TRAFFIC LIGHT"
"681201","CR-0000090586","0","0","0","0","22-010-9705","False","True","0","1/2/2022 10:38:00 AM","No Pedestrians Involved","Dry","No Unusual Conditions","Daylight","Violation Driver 1","Controls Functioning","Clear","Sideswipe","Related","Other Vehicle","Not Applicable","Not Applicable","At",""
"681202","CR-0000090587","0","0","0","0","22-003-0089","True","False","250","1/3/2022 2:58:00 AM","No Pedestrians Involved","Dry","No Unusual Conditions","Dark - Street Light","Violation Driver 1","Controls Functioning","Clear","Hit Object","Non-Related","Fixed Object","Not Applicable","Not Applicable","West Of","LIGHT POLE AND TREE"
"681203","CR-0000090588","0","0","0","0","22-003-0106","False","False","0","1/3/2022 3:50:00 AM","No Pedestrians Involved","Dry","No Unusual Conditions","Dark - Street Light","Violation Driver 1","Controls Functioning","Clear","Head On","Intersection","Parked Vehicle","Not Applicable","Not Applicable","At",""
"681204","CR-0000090589","0","0","0","0","22-003-0256","False","False","25","1/3/2022 5:30:00 AM","No Pedestrians Involved","Dry","No Unusual Conditions","Daylight","Violation Driver 1","No Controls Present/Factor","Clear","Rear End","Related","Parked Vehicle","Not Applicable","Not Applicable","North Of",""
"681205","CR-0000090590","1","0","0","0","22-003-0405","False","False","51","1/3/2022 11:30:00 AM","Not In Road","Dry","No Unusual Conditions","Daylight","Violation Driver 1","Controls Functioning","Clear","Vehicle/Pedestrian","Non-Related","Pedestrian","West","East","East Of","PEDESTRIAN (Sheriffs Pursuit Collision)
(VTA Bus Stop)"
"681206","CR-0000090591","0","0","0","0","22-003-0471","False","False","236","1/3/2022 11:45:00 AM","No Pedestrians Involved","Dry","No Unusual Conditions","Daylight","Violation Driver 1","Controls Functioning","Clear","Rear End","Non-Related","Other Vehicle","Not Applicable","Not Applicable","West Of",""
"681207","CR-0000090592","0","0","0","0","22-003-0553","False","False","30","1/3/2022 2:10:00 PM","No Pedestrians Involved","Dry","No Unusual Conditions","Daylight","Violation Driver 1","No Controls Present/Factor","Clear","Hit Object","Related","Fixed Object","Not Applicable","Not Applicable","West Of","FENCE"
"681208","CR-0000090593","2","0","0","0","22-003-0575","False","False","0","1/3/2022 2:33:00 PM","No Pedestrians Involved","Dry","No Unusual Conditions","Daylight","Violation Driver 1","Controls Functioning","Cloudy","Head On","Intersection","Other Vehicle","Not Applicable","Not Applicable","At",""
"681209","CR-0000090594","0","1","0","0","22-004-0761","False","False","0","1/3/2022 11:00:00 PM","Crossing In Crosswalk - At Intersection","Wet","No Unusual Conditions","Dark - Street Light","Violation Driver 1","No Controls Present/Factor","Clear","Vehicle/Pedestrian","Intersection","Pedestrian","South","North","At","PEDESTRIAN (SKATEBOARD)"
"681210","CR-0000090595","0","0","1","0","22-003-0778","False","False","0","1/3/2022 6:43:00 PM","Crossing In Crosswalk - At Intersection","Dry","Unknown","Dark - No Street Light","Violation Driver 1","No Controls Present/Factor","Clear","Vehicle/Pedestrian","Intersection","Pedestrian","North","South","At","PEDESTRIAN"
"681211","CR-0000090596","1","0","0","0","22-003-0791","False","False","0","1/3/2022 6:55:00 PM","No Pedestrians Involved","Dry","Unknown","Daylight","Violation Driver 1","Controls Functioning","Cloudy","Broadside","Intersection","Other Vehicle","Not Applicable","Not Applicable","At",""
"681212","CR-0000090597","0","0","0","0","22-012-9703","False","True","0","1/3/2022 10:34:00 AM","No Pedestrians Involved","Dry","No Unusual Conditions","Daylight","Violation Driver 1","Controls Functioning","Cloudy","Head On","Intersection","Other Vehicle","Not Applicable","North","At",""
"681213","CR-0000090598","0","1","0","0","22-004-0142","False","False","0","1/4/2022 5:58:00 AM","No Pedestrians Involved","Dry","No Unusual Conditions","Dark - Street Light","Violation Driver 1","Controls Functioning","Cloudy","Broadside","Intersection","Other Vehicle","Not Applicable","Not Applicable","At",""
"681214","CR-0000090599","1","0","0","0","22-004-0160","False","False","0","1/4/2022 6:57:00 AM","No Pedestrians Involved","Dry","No Unusual Conditions","Daylight","Violation Driver 1","Controls Functioning","Cloudy","Broadside","Intersection","Other Vehicle","Not Applicable","Not Applicable","At",""
"681215","CR-0000090600","0","0","0","0","22-004-0176","False","False","150","1/4/2022 7:25:00 AM","No Pedestrians Involved","Dry","No Unusual Conditions","Daylight","Violation Driver 1","No Controls Present/Factor","Cloudy","Rear End","Non-Related","Other Vehicle","Not Applicable","Not Applicable","East Of",""
"681216","CR-0000090601","0","0","0","0","22-004-0301","False","False","0","1/4/2022 11:45:00 AM","No Pedestrians Involved","Dry","No Unusual Conditions","Daylight","Violation Driver 1","No Controls Present/Factor","Clear","Broadside","Intersection","Other Vehicle","Not Applicable","Not Applicable","At","VTA BUS INVOLVED"
"681217","CR-0000090602","0","0","0","0","22-004-0307","False","False","0","1/4/2022 10:28:00 AM","No Pedestrians Involved","Dry","No Unusual Conditions","Daylight","Violation Driver 1","Controls Functioning","Clear","Broadside","Intersection","Other Vehicle","Not Applicable","Not Applicable","At","PROPERTY DAMAGE ONLY"
"681218","CR-0000090603","0","0","0","0","22-004-0385","False","False","89","1/4/2022 11:30:00 AM","No Pedestrians Involved","Dry","No Unusual Conditions","Daylight","Violation Driver 1","Controls Functioning","Clear","Rear End","Non-Related","Parked Vehicle","Not Applicable","Not Applicable","North Of",""
"681219","CR-0000090604","0","0","0","0","22-004-0427","False","False","52","1/4/2022 12:24:00 PM","No Pedestrians Involved","Dry","No Unusual Conditions","Daylight","Violation Driver 1","No Controls Present/Factor","Cloudy","Rear End","Non-Related","Other Vehicle","Not Applicable","Not Applicable","West Of",""
"681220","CR-0000090605","2","0","0","0","22-004-0724","False","False","255","1/4/2022 4:48:00 PM","No Pedestrians Involved","Dry","No Unusual Conditions","Daylight","Violation Driver 1","Controls Functioning","Clear","Rear End","Non-Related","Other Vehicle","Not Applicable","Not Applicable","South Of",""
"681221","CR-0000090606","0","0","0","0","22-004-0850","False","False","100","1/4/2022 7:23:00 PM","No Pedestrians Involved","Dry","No Unusual Conditions","Dark - Street Light","Violation Driver 1","No Controls Present/Factor","Clear","Rear End","Non-Related","Other Vehicle","Not Applicable","Not Applicable","West Of",""
"681222","CR-0000090607","0","1","0","0","22-004-0914","False","False","268","1/4/2022 8:55:00 PM","Crossing - Not In Crosswalk","Dry","No Unusual Conditions","Dark - Street Light","Violation Driver 1","No Controls Present/Factor","Clear","Vehicle/Pedestrian","Non-Related","Pedestrian","East","West","South Of","PEDESTRIAN"
"681223","CR-0000090608","2","0","0","0","22-004-0998","False","False","0","1/4/2022 11:16:00 PM","No Pedestrians Involved","Dry","No Unusual Conditions","Dark - Street Light","Violation Driver 1","Controls Functioning","Clear","Broadside","Intersection","Other Vehicle","Not Applicable","Not Applicable","At","POLICE VEHICLE INVOLVED"
"681224","CR-0000090609","0","0","0","0","22-005-0024","False","False","61","1/5/2022 12:45:00 AM","No Pedestrians Involved","Dry","No Unusual Conditions","Dark - Street Light","Violation Driver 1","Controls Functioning","Clear","Head On","Non-Related","Non-Collision","Not Applicable","Not Applicable","South Of","PG&E POLE"
"681225","CR-0000090610","1","0","0","0","22-005-0027","False","False","34","1/5/2022 12:50:00 AM","No Pedestrians Involved","Dry","No Unusual Conditions","Dark - Street Light","Violation Driver 1","No Controls Present/Factor","Clear","Sideswipe","Related","Parked Vehicle","Not Applicable","Not Applicable","West Of",""
"681226","CR-0000090611","0","0","0","0","22-005-0097","False","False","0","1/5/2022 4:34:00 AM","No Pedestrians Involved","Dry","No Unusual Conditions","Dark - Street Light","Violation Driver 1","Controls Functioning","Clear","Head On","Intersection","Other Vehicle","Not Applicable","Not Applicable","At",""
"681227","CR-0000090612","0","0","0","0","22-005-0291","False","False","198","1/5/2022 10:17:00 AM","No Pedestrians Involved","Dry","No Unusual Conditions","Daylight","Violation Driver 1","Controls Functioning","Clear","Rear End","Non-Related","Other Vehicle","Not Applicable","Not Applicable","North Of",""
"681228","CR-0000090613","0","0","0","0","22-005-0590","False","False","912","1/5/2022 2:42:00 PM","No Pedestrians Involved","Dry","No Unusual Conditions","Daylight","Violation Driver 1","Controls Functioning","Clear","Rear End","Non-Related","Other Vehicle","Not Applicable","Not Applicable","North Of",""
"681229","CR-0000090614","0","0","0","0","22-005-0127","False","False","180","1/5/2022 6:15:00 AM","No Pedestrians Involved","Dry","No Unusual Conditions","Daylight","Violation Driver 1","Controls Functioning","Clear","Hit Object","Non-Related","Fixed Object","Not Applicable","Not Applicable","West Of","TREE"
"681230","CR-0000090615","1","0","0","0","22-005-0271","False","False","210","1/5/2022 9:40:00 AM","No Pedestrians Involved","Dry","No Unusual Conditions","Daylight","Violation Driver 1","No Controls Present/Factor","Clear","Rear End","Non-Related","Other Vehicle","Not Applicable","Not Applicable","South Of",""
"681231","CR-0000090616","0","0","0","0","22-005-0598","False","False","0","1/5/2022 2:55:00 PM","No Pedestrians Involved","Dry","No Unusual Conditions","Daylight","Violation Driver 1","Controls Functioning","Clear","Rear End","Intersection","Other Vehicle","Not Applicable","Not Applicable","At",""
"681232","CR-0000090617","1","0","0","0","22-005-0661","False","False","54","1/5/2022 3:45:00 PM","No Pedestrians Involved","Dry","No Unusual Conditions","Daylight","Violation Driver 1","Controls Functioning","Clear","Sideswipe","Non-Related","Other Vehicle","Not Applicable","Not Applicable","South Of",""
"681233","CR-0000090618","2","0","0","0","22-005-0677","False","False","0","1/5/2022 3:58:00 PM","No Pedestrians Involved","Dry","No Unusual Conditions","Daylight","Violation Driver 1","Controls Functioning","Cloudy","Broadside","Intersection","Other Vehicle","Not Applicable","Not Applicable","At",""
"681234","CR-0000090619","0","0","0","0","22-005-0916","True","False","0","1/5/2022 8:05:00 PM","No Pedestrians Involved","Dry","No Unusual Conditions","Dark - Street Light","Violation Driver 1","Controls Functioning","Clear","Hit Object","Intersection","Fixed Object","Not Applicable","Not Applicable","At","STOP SIGN"
"681235","CR-0000090620","0","0","0","0","22-011-4001","False","True","","1/5/2022 8:50:00 PM","No Pedestrians Involved","Unknown","Unknown","Unknown","Unknown","Unknown","Unknown","Broadside","Related","Other Vehicle","Not Applicable","Not Applicable","Unknown",""
"681236","CR-0000090621","0","0","0","0","22-026-0520","False","False","51","1/26/2022 2:03:00 PM","Crossing - Not In Crosswalk","Unknown","No Unusual Conditions","Daylight","Violation Driver 1","Unknown","Clear","Vehicle/Pedestrian","Non-Related","Pedestrian","East","West","South Of","PEDESTRIAN"
"681237","CR-0000090622","0","0","0","0","22-034-4003","False","True","","1/28/2022 11:20:00 PM","No Pedestrians Involved","Unknown","Unknown","Unknown","Unknown","Unknown","Unknown","Sideswipe","Related","Other Vehicle","Not Applicable","Not Applicable","North Of",""
"681238","CR-0000090623","0","0","0","0","22-034-4001","False","True","","1/31/2022 5:14:00 PM","No Pedestrians Involved","Unknown","Unknown","Unknown","Unknown","Unknown","Unknown","Rear End","Related","Other Vehicle","Not Applicable","Not Applicable","Unknown",""
"681239","CR-0000090624","0","0","0","0","22-031-4008","False","True","51","1/31/2022 9:00:00 PM","No Pedestrians Involved","Unknown","Unknown","Unknown","Unknown","Unknown","Unknown","Other","Non-Related","Other Vehicle","Not Applicable","Not Applicable","North Of",""
"681240","CR-0000090625","0","0","0","0","22-020-4002","False","True","51","1/19/2022 11:59:00 PM","No Pedestrians Involved","Unknown","Unknown","Unknown","Unknown","Unknown","Unknown","Sideswipe","Non-Related","Other Vehicle","Not Applicable","Not Applicable","East Of",""
"681241","CR-0000090626","0","0","0","0","22-019-4002","False","True","51","1/18/2022 2:30:00 AM","No Pedestrians Involved","Unknown","Unknown","Unknown","Unknown","Unknown","Unknown","Sideswipe","Non-Related","Other Vehicle","Not Applicable","Not Applicable","Unknown",""
"681242","CR-0000090627","0","0","0","0","22-035-4001","False","True","51","1/30/2022 4:25:00 PM","No Pedestrians Involved","Unknown","Unknown","Daylight","Unknown","Unknown","Unknown","Rear End","Non-Related","Other Vehicle","Not Applicable","Not Applicable","West Of",""
"681243","CR-0000090628","0","0","0","0","22-029-0509","False","False","51","1/29/2022 2:59:00 PM","No Pedestrians Involved","Dry","No Unusual Conditions","Daylight","Violation Driver 1","No Controls Present/Factor","Clear","Sideswipe","Non-Related","Other Vehicle","Not Applicable","Not Applicable","North Of",""
"681244","CR-0000090629","0","0","0","0","22-031-9706","False","True","51","1/29/2022 3:10:00 PM","No Pedestrians Involved","Dry","No Unusual Conditions","Daylight","Violation Driver 1","No Controls Present/Factor","Clear","Rear End","Non-Related","Parked Vehicle","Not Applicable","Not Applicable","South Of",""
"681245","CR-0000090630","0","0","0","0","22-006-0007","False","False","0","1/6/2022 12:00:00 AM","No Pedestrians Involved","Dry","No Unusual Conditions","Dark - Street Light","Violation Driver 1","Controls Functioning","Clear","Head On","Intersection","Fixed Object","Not Applicable","Not Applicable","At","TRAFFIC SIGNAL"
"681246","CR-0000090631","0","0","0","0","22-006-0081","False","False","45","1/6/2022 2:38:00 AM","No Pedestrians Involved","Dry","No Unusual Conditions","Dark - Street Light","Violation Driver 1","No Controls Present/Factor","Clear","Rear End","Related","Parked Vehicle","Not Applicable","Not Applicable","South Of",""
"681247","CR-0000090632","0","0","0","0","22-006-0311","False","False","166","1/6/2022 10:00:00 AM","No Pedestrians Involved","Dry","No Unusual Conditions","Daylight","Violation Driver 1","Controls Functioning","Clear","Sideswipe","Non-Related","Parked Vehicle","Not Applicable","Not Applicable","East Of",""
"681248","CR-0000090633","2","1","0","0","22-006-0582","False","False","0","1/6/2022 3:18:00 PM","No Pedestrians Involved","Dry","No Unusual Conditions","Daylight","Violation Driver 1","Controls Functioning","Clear","Broadside","Intersection","Other Vehicle","Not Applicable","Not Applicable","At",""
"681249","CR-0000090634","0","0","0","0","22-006-0617","False","False","0","1/6/2022 4:30:00 PM","No Pedestrians Involved","Dry","No Unusual Conditions","Daylight","Violation Driver 1","No Controls Present/Factor","Clear","Sideswipe","Intersection","Parked Vehicle","Not Applicable","Not Applicable","At",""
"681250","CR-0000090635","1","0","0","0","22-006-0712","False","False","0","1/6/2022 5:07:00 PM","No Pedestrians Involved","Dry","No Unusual Conditions","Daylight","Violation Driver 1","Controls Functioning","Cloudy","Broadside","Intersection","Other Vehicle","Not Applicable","Not Applicable","At",""
"681251","CR-0000090636","2","0","0","0","22-006-0756","False","False","","1/6/2022 5:55:00 PM","No Pedestrians Involved","Dry","No Unusual Conditions","Dark - Street Light","Violation Driver 1","Controls Functioning","Clear","Rear End","Related","Other Vehicle","Not Applicable","Not Applicable","East Of",""
"681252","CR-0000090637","0","0","0","0","22-006-0815","False","False","75","1/6/2022 6:59:00 PM","No Pedestrians Involved","Dry","No Unusual Conditions","Dark - Street Light","Violation Driver 1","Controls Functioning","Cloudy","Rear End","Non-Related","Parked Vehicle","Not Applicable","Not Applicable","West Of",""
"681253","CR-0000090638","2","0","0","0","22-006-0868","False","False","0","1/6/2022 8:58:00 PM","No Pedestrians Involved","Wet","No Unusual Conditions","Dark - Street Light","Violation Driver 1","Controls Functioning","Rain","Broadside","Intersection","Other Vehicle","Not Applicable","Not Applicable","At",""
"681254","CR-0000090639","1","0","0","0","22-007-0107","False","False","30","1/7/2022 5:55:00 AM","No Pedestrians Involved","Wet","No Unusual Conditions","Dark - Street Light","Violation Driver 1","Controls Functioning","Clear","Sideswipe","Related","Other Vehicle","Not Applicable","Not Applicable","South Of",""
"681255","CR-0000090641","0","0","0","0","22-007-0139","False","False","0","1/7/2022 7:28:00 AM","No Pedestrians Involved","Dry","No Unusual Conditions","Daylight","Violation Driver 1","No Controls Present/Factor","Clear","Rear End","Intersection","Other Vehicle","Not Applicable","Not Applicable","At",""
"681256","CR-0000090642","0","0","0","0","22-007-0243","False","False","0","1/7/2022 10:02:00 AM","No Pedestrians Involved","Dry","Unknown","Daylight","Violation Driver 1","Controls Functioning","Cloudy","Head On","Intersection","Other Vehicle","Not Applicable","Not Applicable","At",""
"681257","CR-0000090643","0","0","0","0","22-007-0309","False","False","20","1/7/2022 11:40:00 AM","No Pedestrians Involved","Dry","No Unusual Conditions","Daylight","Violation Driver 1","Unknown","Clear","Rear End","Related","Other Vehicle","Not Applicable","Not Applicable","North Of",""
"681258","CR-0000090644","0","0","0","0","22-007-0383","False","False","0","1/7/2022 1:27:00 PM","No Pedestrians Involved","Dry","No Unusual Conditions","Daylight","Violation Driver 1","Controls Functioning","Cloudy","Broadside","Intersection","Other Vehicle","Not Applicable","Not Applicable","At",""
"681259","CR-0000090645","1","0","0","0","22-007-0457","False","False","180","1/7/2022 4:00:00 PM","Crossing - Not In Crosswalk","Dry","No Unusual Conditions","Daylight","Pedestrian At Fault","No Controls Present/Factor","Clear","Vehicle/Pedestrian","Non-Related","Pedestrian","East","West","North Of","PEDESTRIAN"
"681260","CR-0000090646","1","0","0","0","22-007-0470","False","False","120","1/7/2022 3:19:00 PM","No Pedestrians Involved","Dry","No Unusual Conditions","Daylight","Violation Driver 1","Controls Functioning","Cloudy","Rear End","Non-Related","Other Vehicle","Not Applicable","Not Applicable","West Of",""
"681261","CR-0000090647","0","0","0","0","22-007-0474","False","False","16","1/7/2022 3:25:00 PM","No Pedestrians Involved","Dry","No Unusual Conditions","Daylight","Violation Driver 1","Controls Functioning","Clear","Head On","Related","Other Vehicle","Not Applicable","Not Applicable","West Of",""
"681262","CR-0000090648","1","0","0","0","22-007-0523","False","False","","1/7/2022 3:45:00 PM","No Pedestrians Involved","Dry","No Unusual Conditions","Daylight","Violation Driver 1","Controls Functioning","Clear","Head On","Related","Other Vehicle","Not Applicable","Not Applicable","South Of",""
"681263","CR-0000090649","1","0","0","0","22-007-0528","False","False","300","1/7/2022 4:25:00 PM","No Pedestrians Involved","Dry","No Unusual Conditions","Dusk - Dawn","Violation Driver 1","No Controls Present/Factor","Clear","Sideswipe","Non-Related","Other Vehicle","Not Applicable","Not Applicable","South Of",""
"681264","CR-0000090650","1","0","0","0","22-007-0610","False","False","51","1/7/2022 5:46:00 PM","No Pedestrians Involved","Dry","No Unusual Conditions","Dark - Street Light","Violation Driver 1","Controls Functioning","Clear","Rear End","Non-Related","Other Vehicle","Not Applicable","Not Applicable","East Of",""
"681265","CR-0000090651","0","0","0","0","22-007-0704","False","False","60","1/7/2022 7:18:00 PM","No Pedestrians Involved","Dry","No Unusual Conditions","Dark - Street Light","Violation Driver 1","No Controls Present/Factor","Clear","Sideswipe","Non-Related","Parked Vehicle","Not Applicable","Not Applicable","West Of",""
"681266","CR-0000090652","1","0","0","0","22-007-0716","False","False","0","1/7/2022 7:30:00 PM","No Pedestrians Involved","Dry","Unknown","Dark - Street Light","Violation Driver 1","Controls Functioning","Clear","Head On","Intersection","Other Vehicle","Not Applicable","Not Applicable","At",""
"681267","CR-0000090653","0","2","0","0","22-007-0720","False","False","0","1/7/2022 7:41:00 PM","No Pedestrians Involved","Dry","No Unusual Conditions","Dark - Street Light","Violation Driver 1","Controls Functioning","Clear","Broadside","Intersection","Other Vehicle","Not Applicable","Not Applicable","At",""
"681268","CR-0000090654","4","1","0","0","22-007-0788","False","False","585","1/7/2022 9:00:00 PM","No Pedestrians Involved","Dry","No Unusual Conditions","Dark - Street Light","Violation Driver 1","Controls Functioning","Clear","Rear End","Non-Related","Other Vehicle","Not Applicable","Not Applicable","East Of",""
"681269","CR-0000090655","3","0","0","0","22-007-0801","False","False","0","1/7/2022 9:16:00 PM","No Pedestrians Involved","Dry","No Unusual Conditions","Dark - Street Light","Violation Driver 1","Controls Functioning","Unknown","Broadside","Intersection","Other Vehicle","Not Applicable","Not Applicable","At",""
"681270","CR-0000090656","0","0","0","0","22-007-0836","False","False","300","1/7/2022 10:06:00 PM","No Pedestrians Involved","Wet","Unknown","Dark - Street Light","Violation Driver 1","No Controls Present/Factor","Cloudy","Sideswipe","Non-Related","Other Vehicle","Not Applicable","Not Applicable","South Of",""
"681271","CR-0000090657","0","0","0","0","22-009-4000","False","False","51","1/7/2022 4:20:00 PM","No Pedestrians Involved","Unknown","Unknown","Daylight","Unknown","Unknown","Unknown","Sideswipe","Non-Related","Other Vehicle","Not Applicable","Not Applicable","South Of",""
"681272","CR-0000090658","0","1","0","0","22-020-9704","False","True","600","1/7/2022 3:00:00 PM","No Pedestrians Involved","Unknown","Unknown","Daylight","Violation Driver 1","Unknown","Unknown","Vehicle/Bike","Non-Related","Bike","Not Applicable","Not Applicable","East Of","BIKE"
"681273","CR-0000090659","1","0","0","0","22-008-0036","False","False","23","1/8/2022 1:01:00 AM","No Pedestrians Involved","Dry","No Unusual Conditions","Dark - Street Light","Violation Driver 1","Controls Functioning","Clear","Rear End","Related","Other Vehicle","Not Applicable","Not Applicable","North Of",""
"681274","CR-0000090660","0","1","0","0","22-008-0520","False","False","164","1/8/2022 4:27:00 PM","No Pedestrians Involved","Dry","No Unusual Conditions","Daylight","Bike At Fault","Controls Functioning","Clear","Vehicle/Bike","Non-Related","Bike","Not Applicable","Not Applicable","South Of","BIKE"
"681275","CR-0000090661","0","1","0","0","22-008-0534","False","False","0","1/8/2022 4:45:00 PM","In Road - Includes Shoulder","Dry","No Unusual Conditions","Daylight","Violation Driver 1","Controls Functioning","Clear","Vehicle/Pedestrian","Intersection","Pedestrian","North","South","At","PEDESTRIAN"
"681276","CR-0000090662","0","0","0","0","22-008-0609","False","False","0","1/8/2022 6:20:00 PM","No Pedestrians Involved","Dry","No Unusual Conditions","Dark - Street Light","Violation Driver 1","Controls Functioning","Clear","Rear End","Intersection","Other Vehicle","Not Applicable","Not Applicable","At",""
"681277","CR-0000090663","0","0","0","0","22-008-9703","False","True","0","1/8/2022 2:21:00 AM","No Pedestrians Involved","Dry","No Unusual Conditions","Dark - Street Light","Unknown","Controls Functioning","Clear","Sideswipe","Intersection","Other Vehicle","Not Applicable","Not Applicable","At",""
"681278","CR-0000090664","0","0","0","0","22-009-0021","True","False","500","1/9/2022 12:14:00 AM","No Pedestrians Involved","Dry","No Unusual Conditions","Dark - Street Light","Violation Driver 1","No Controls Present/Factor","Clear","Head On","Non-Related","Fixed Object","Not Applicable","Not Applicable","West Of","LIGHT POLE"
"681279","CR-0000090665","0","0","0","0","22-009-0169","False","False","0","1/9/2022 4:47:00 AM","No Pedestrians Involved","Dry","No Unusual Conditions","Dark - Street Light","Violation Driver 1","Controls Functioning","Clear","Rear End","Intersection","Other Vehicle","Not Applicable","Not Applicable","At","PD CITY VEHICLE"
"681280","CR-0000090666","0","0","0","0","22-009-0440","True","False","0","1/9/2022 2:16:00 PM","No Pedestrians Involved","Dry","No Unusual Conditions","Daylight","Violation Driver 1","Controls Functioning","Clear","Broadside","Intersection","Other Vehicle","Not Applicable","Not Applicable","At","PD EMERGENCY PATROL VEHICLE"