"CrashFactId","Name","MinorInjuries","ModerateInjuries","SevereInjuries","FatalInjuries","TcrNumber","CityDamageFlag","ShortFormFlag","Distance","CrashDateTime","PedestrianAction","RoadwaySurface","RoadwayCondition","Lighting","PrimaryCollisionFactor","TrafficControl","Weather","CollisionType","ProximityToIntersection","VehicleInvolvedWith","PedestrianDirectionFrom","PedestrianDirectionTo","DirectionFromIntersection","Comment"
"681281","CR-0000090668","1","0","0","0","22-009-0495","True","False","0","1/9/2022 3:43:00 PM","No Pedestrians Involved","Dry","No Unusual Conditions","Daylight","Violation Driver 1","Controls Functioning","Clear","Broadside","Intersection","Other Vehicle","Not Applicable","Not Applicable","At","TRAFFIC SIGNAL"
"681282","CR-0000090667","2","0","0","0","22-009-0445","False","False","1132","1/9/2022 2:18:00 PM","No Pedestrians Involved","Dry","No Unusual Conditions","Daylight","Violation Driver 1","No Controls Present/Factor","Clear","Hit Object","Non-Related","Fixed Object","Not Applicable","Not Applicable","North Of","PG&E POLE"
"681283","CR-0000090669","0","0","0","0","22-009-0553","False","False","10","1/9/2022 5:10:00 PM","No Pedestrians Involved","Dry","No Unusual Conditions","Dark - Street Light","Violation Driver 1","No Controls Present/Factor","Clear","Rear End","Related","Other Vehicle","Not Applicable","Not Applicable","North Of",""
"681284","CR-0000090670","0","0","0","0","22-009-0646","False","False","210","1/9/2022 5:59:00 PM","No Pedestrians Involved","Dry","No Unusual Conditions","Daylight","Violation Driver 1","Unknown","Clear","Rear End","Non-Related","Other Vehicle","Not Applicable","Not Applicable","West Of",""
"681285","CR-0000090671","0","0","0","0","22-009-0673","False","False","12","1/9/2022 8:09:00 PM","No Pedestrians Involved","Dry","No Unusual Conditions","Dark - Street Light","Violation Driver 1","Controls Functioning","Clear","Rear End","Related","Motor Vehicle On Other Roadway","Not Applicable","Not Applicable","South Of",""
"681286","CR-0000090672","1","0","0","0","22-009-0805","False","False","0","1/9/2022 10:51:00 PM","No Pedestrians Involved","Dry","No Unusual Conditions","Dark - Street Light","Violation Driver 1","No Controls Present/Factor","Clear","Rear End","Intersection","Parked Vehicle","Not Applicable","Not Applicable","At",""
"681287","CR-0000090673","0","0","0","0","22-009-4001","False","True","","1/9/2022 12:20:00 AM","No Pedestrians Involved","Unknown","Unknown","Unknown","Unknown","Unknown","Unknown","Rear End","Related","Other Vehicle","Not Applicable","Not Applicable","Unknown",""
"681288","CR-0000090674","0","0","0","0","22-010-4002","False","False","","1/9/2022 11:30:00 PM","No Pedestrians Involved","Unknown","Unknown","Unknown","Unknown","Unknown","Unknown","Sideswipe","Related","Other Vehicle","Not Applicable","Not Applicable","Unknown",""
"681289","CR-0000090675","0","0","0","0","22-013-4002","False","True","51","1/9/2022 10:00:00 AM","No Pedestrians Involved","Unknown","Unknown","Daylight","Unknown","Unknown","Unknown","Broadside","Non-Related","Parked Vehicle","Not Applicable","Not Applicable","North Of",""
"681290","CR-0000090677","0","1","0","0","22-010-0150","False","False","0","1/10/2022 6:50:00 AM","No Pedestrians Involved","Dry","No Unusual Conditions","Daylight","Violation Driver 1","Controls Functioning","Clear","Broadside","Intersection","Motor Vehicle On Other Roadway","Not Applicable","Not Applicable","At",""
"681291","CR-0000090678","0","0","0","0","22-010-0235","False","False","350","1/10/2022 9:19:00 AM","No Pedestrians Involved","Dry","No Unusual Conditions","Dusk - Dawn","Violation Driver 1","Controls Functioning","Clear","Rear End","Non-Related","Other Vehicle","Not Applicable","Not Applicable","North Of",""
"681292","CR-0000090676","0","0","1","0","22-010-0135","False","False","237","1/10/2022 5:47:00 AM","Crossing - Not In Crosswalk","Dry","No Unusual Conditions","Dark - Street Light","Pedestrian At Fault","No Controls Present/Factor","Cloudy","Vehicle/Pedestrian","Non-Related","Pedestrian","South","North","West Of","PEDESTRIAN"
"681293","CR-0000090679","0","0","0","0","22-010-0280","False","False","30","1/10/2022 10:00:00 AM","No Pedestrians Involved","Dry","No Unusual Conditions","Daylight","Violation Driver 1","Controls Functioning","Clear","Rear End","Related","Other Vehicle","Not Applicable","Not Applicable","North Of",""
"681294","CR-0000090680","1","0","0","0","22-010-0510","False","False","50","1/10/2022 2:37:00 PM","No Pedestrians Involved","Dry","No Unusual Conditions","Daylight","Violation Driver 1","No Controls Present/Factor","Clear","Rear End","Related","Other Vehicle","Not Applicable","Not Applicable","West Of",""
"681295","CR-0000090681","0","0","0","0","22-010-0705","False","False","51","1/10/2022 7:45:00 PM","No Pedestrians Involved","Dry","No Unusual Conditions","Dark - Street Light","Violation Driver 1","Controls Functioning","Clear","Rear End","Non-Related","Other Vehicle","Not Applicable","Not Applicable","South Of",""
"681296","CR-0000090682","0","0","0","0","22-011-4000","False","False","","1/10/2022 10:00:00 AM","No Pedestrians Involved","Unknown","Unknown","Daylight","Unknown","Unknown","Unknown","Rear End","Related","Unknown","Not Applicable","Not Applicable","Unknown",""
"681297","CR-0000090683","0","0","0","0","22-014-4002","False","True","","1/10/2022 11:58:00 PM","No Pedestrians Involved","Unknown","Unknown","Unknown","Unknown","Unknown","Unknown","Rear End","Related","Unknown","Not Applicable","Not Applicable","Unknown",""
"681298","CR-0000090684","0","0","0","0","22-012-4004","False","True","","1/10/2022 11:42:00 PM","No Pedestrians Involved","Unknown","Unknown","Unknown","Unknown","Unknown","Unknown","Sideswipe","Related","Parked Vehicle","Not Applicable","Not Applicable","Unknown",""
"681299","CR-0000090685","0","0","0","0","22-010-4005","False","True","","1/10/2022 4:15:00 PM","No Pedestrians Involved","Unknown","Unknown","Daylight","Unknown","Unknown","Unknown","Sideswipe","Related","Other Vehicle","Not Applicable","Not Applicable","East Of",""
"681300","CR-0000090686","0","0","0","0","22-011-0027","False","False","0","1/11/2022 12:35:00 AM","No Pedestrians Involved","Dry","No Unusual Conditions","Dark - Street Light","Violation Driver 1","Controls Functioning","Clear","Hit Object","Intersection","Fixed Object","Not Applicable","Not Applicable","At","TRAFFIC/LIGHT POLE"
"681301","CR-0000090687","1","0","0","0","22-011-0643","False","False","390","1/11/2022 8:20:00 AM","No Pedestrians Involved","Dry","No Unusual Conditions","Daylight","Violation Driver 1","No Controls Present/Factor","Clear","Rear End","Non-Related","Other Vehicle","Not Applicable","Not Applicable","East Of",""
"681302","CR-0000090688","0","0","0","0","22-011-0408","False","False","0","1/11/2022 11:54:00 AM","No Pedestrians Involved","Dry","No Unusual Conditions","Daylight","Violation Driver 1","No Controls Present/Factor","Clear","Rear End","Intersection","Other Vehicle","Not Applicable","Not Applicable","At",""
"681303","CR-0000090689","1","0","0","0","22-011-0463","False","False","32","1/11/2022 1:12:00 PM","No Pedestrians Involved","Dry","No Unusual Conditions","Daylight","Violation Driver 1","Controls Functioning","Clear","Rear End","Related","Other Vehicle","Not Applicable","Not Applicable","West Of",""
"681304","CR-0000090690","1","0","0","0","22-011-0468","False","False","29","1/11/2022 12:48:00 PM","No Pedestrians Involved","Dry","No Unusual Conditions","Daylight","Violation Driver 1","Controls Functioning","Clear","Rear End","Related","Other Vehicle","Not Applicable","Not Applicable","North Of",""
"681305","CR-0000090691","0","1","0","0","22-011-0562","False","False","51","1/11/2022 2:34:00 PM","No Pedestrians Involved","Dry","No Unusual Conditions","Daylight","Violation Driver 1","No Controls Present/Factor","Clear","Head On","Non-Related","Motorcycle","Not Applicable","Not Applicable","South Of",""
"681306","CR-0000090692","3","0","0","0","22-011-0770","False","False","0","1/11/2022 6:29:00 PM","No Pedestrians Involved","Dry","No Unusual Conditions","Dark - Street Light","Violation Driver 1","Controls Functioning","Clear","Broadside","Intersection","Other Vehicle","Not Applicable","Not Applicable","At",""
"681307","CR-0000090694","2","0","0","0","22-011-0840","False","False","143","1/11/2022 8:05:00 PM","No Pedestrians Involved","Dry","No Unusual Conditions","Dark - Street Light","Violation Driver 1","No Controls Present/Factor","Clear","Head On","Non-Related","Other Vehicle","Not Applicable","Not Applicable","South Of",""
"681308","CR-0000090695","0","0","0","0","22-020-4000","False","True","51","1/11/2022 8:30:00 AM","No Pedestrians Involved","Unknown","Unknown","Daylight","Unknown","Unknown","Unknown","Broadside","Non-Related","Other Vehicle","Not Applicable","Not Applicable","East Of",""
"681309","CR-0000090696","0","0","0","0","22-013-4001","False","True","51","1/11/2022 3:00:00 AM","No Pedestrians Involved","Unknown","Unknown","Unknown","Unknown","Unknown","Unknown","Other","Non-Related","Parked Vehicle","Not Applicable","Not Applicable","North Of",""
"681310","CR-0000090697","0","0","0","0","22-013-9706","False","True","0","1/11/2022 7:19:00 PM","No Pedestrians Involved","Dry","No Unusual Conditions","Dark - Street Light","Unknown","No Controls Present/Factor","Clear","Broadside","Intersection","Other Vehicle","Not Applicable","Not Applicable","At",""
"681311","CR-0000090698","1","0","0","0","22-012-0076","False","False","90","1/12/2022 3:25:00 AM","No Pedestrians Involved","Dry","No Unusual Conditions","Dark - No Street Light","Violation Driver 1","Controls Functioning","Clear","Vehicle/Bike","Non-Related","Bike","Not Applicable","Not Applicable","North Of","BIKE"
"681312","CR-0000090699","1","0","0","0","22-012-0206","False","False","0","1/12/2022 10:44:00 AM","No Pedestrians Involved","Dry","No Unusual Conditions","Daylight","Violation Driver 1","Controls Functioning","Clear","Broadside","Intersection","Other Vehicle","Not Applicable","Not Applicable","At",""
"681313","CR-0000090700","1","0","0","0","22-012-0465","False","False","35","1/12/2022 1:00:00 PM","No Pedestrians Involved","Dry","Unknown","Daylight","Violation Driver 1","Controls Functioning","Clear","Rear End","Related","Other Vehicle","Not Applicable","Not Applicable","South Of",""
"681314","CR-0000090701","1","0","0","0","22-012-0534","False","False","105","1/12/2022 3:17:00 PM","No Pedestrians Involved","Dry","No Unusual Conditions","Daylight","Violation Driver 1","Controls Functioning","Clear","Rear End","Non-Related","Other Vehicle","Not Applicable","Not Applicable","South Of",""
"681315","CR-0000090702","0","0","0","0","22-012-0567","False","False","850","1/12/2022 3:31:00 PM","No Pedestrians Involved","Dry","No Unusual Conditions","Dusk - Dawn","Violation Driver 1","No Controls Present/Factor","Clear","Broadside","Non-Related","Parked Vehicle","Not Applicable","Not Applicable","North Of",""
"681316","CR-0000090703","0","1","0","0","22-012-0607","False","False","0","1/12/2022 4:43:00 PM","Crossing In Crosswalk - At Intersection","Dry","No Unusual Conditions","Daylight","Violation Driver 1","Controls Functioning","Clear","Vehicle/Pedestrian","Intersection","Pedestrian","West","East","At","PEDESTRIAN"
"681317","CR-0000090704","0","0","0","0","22-012-0718","True","False","912","1/12/2022 6:52:00 PM","No Pedestrians Involved","Dry","No Unusual Conditions","Dark - Street Light","Violation Driver 1","Controls Functioning","Clear","Hit Object","Non-Related","Fixed Object","Not Applicable","Not Applicable","South Of","TRAFFIC SIGNAL"
"681318","CR-0000090705","0","0","0","0","22-012-4003","False","True","","1/12/2022 1:40:00 PM","No Pedestrians Involved","Unknown","Unknown","Daylight","Unknown","Unknown","Unknown","Sideswipe","Related","Other Vehicle","Not Applicable","Not Applicable","Unknown",""
"681319","CR-0000090706","0","0","0","0","22-033-9710","False","True","51","1/12/2022 4:10:00 PM","No Pedestrians Involved","Dry","No Unusual Conditions","Daylight","Unknown","No Controls Present/Factor","Clear","Broadside","Non-Related","Other Vehicle","Not Applicable","Not Applicable","East Of",""
"681320","CR-0000090707","2","0","0","0","22-029-0418","False","False","0","1/29/2022 1:01:00 PM","No Pedestrians Involved","Dry","No Unusual Conditions","Daylight","Violation Driver 1","Controls Functioning","Clear","Rear End","Intersection","Other Vehicle","Not Applicable","Not Applicable","At",""
"681321","CR-0000090708","1","0","0","0","21-029-0364","True","False","710","1/29/2022 11:48:00 AM","No Pedestrians Involved","Dry","No Unusual Conditions","Daylight","Violation Driver 1","No Controls Present/Factor","Clear","Head On","Non-Related","Fixed Object","Not Applicable","Not Applicable","North Of","Tree"
"681322","CR-0000090709","0","0","0","0","22-029-0443","True","False","20","1/29/2022 1:30:00 PM","No Pedestrians Involved","Dry","No Unusual Conditions","Daylight","Violation Driver 1","Unknown","Clear","Head On","Related","Fixed Object","Not Applicable","Not Applicable","North Of","Ped Xing Sign"
"681323","CR-0000090710","0","1","0","0","22-029-0632","False","False","0","1/29/2022 5:18:00 PM","No Pedestrians Involved","Dry","No Unusual Conditions","Daylight","Violation Driver 1","Controls Functioning","Clear","Broadside","Intersection","Other Vehicle","Not Applicable","Not Applicable","At",""
"681324","CR-0000090711","0","0","0","0","22-029-0201","False","False","155","1/29/2022 6:25:00 AM","No Pedestrians Involved","Dry","No Unusual Conditions","Daylight","Violation Driver 1","No Controls Present/Factor","Clear","Rear End","Non-Related","Parked Vehicle","Not Applicable","Not Applicable","West Of",""
"681325","CR-0000090712","1","0","0","0","22-029-0790","False","False","604","1/29/2022 8:17:00 PM","Crossing - Not In Crosswalk","Dry","No Unusual Conditions","Dark - Street Light","Violation Driver 1","No Controls Present/Factor","Clear","Vehicle/Bike","Non-Related","Bike","South","North","North Of","Scooter"
"681326","CR-0000090713","0","0","0","0","22-029-9703","False","True","51","1/29/2022 11:48:00 AM","No Pedestrians Involved","Dry","No Unusual Conditions","Daylight","Unknown","Controls Functioning","Clear","Rear End","Non-Related","Parked Vehicle","Not Applicable","Not Applicable","North Of",""
"681327","CR-0000090714","0","0","1","0","22-010-0491","False","False","300","1/10/2022 2:17:00 PM","No Pedestrians Involved","Dry","No Unusual Conditions","Daylight","Violation Driver 1","No Controls Present/Factor","Clear","Rear End","Non-Related","Other Vehicle","Not Applicable","Not Applicable","East Of",""
"681328","CR-0000090715","0","0","0","0","22-013-0025","False","False","35","1/13/2022 12:43:00 AM","No Pedestrians Involved","Dry","No Unusual Conditions","Dark - Street Light","Violation Driver 1","Controls Functioning","Clear","Sideswipe","Related","Parked Vehicle","Not Applicable","Not Applicable","South Of",""
"681329","CR-0000090716","0","1","0","0","22-012-0027","False","False","333","1/13/2022 12:47:00 AM","No Pedestrians Involved","Dry","No Unusual Conditions","Dark - Street Light","Violation Driver 1","No Controls Present/Factor","Clear","Sideswipe","Non-Related","Parked Vehicle","Not Applicable","Not Applicable","North Of",""
"681330","CR-0000090717","0","0","0","0","22-013-0102","True","False","0","1/13/2022 4:10:00 AM","No Pedestrians Involved","Dry","No Unusual Conditions","Dark - Street Light","Violation Driver 1","Controls Functioning","Clear","Head On","Intersection","Fixed Object","Not Applicable","Not Applicable","At","SIGN POLE"
"681331","CR-0000090718","1","0","0","0","22-013-0131","False","False","0","1/13/2022 5:22:00 AM","No Pedestrians Involved","Dry","No Unusual Conditions","Dark - Street Light","Violation Driver 1","Controls Functioning","Clear","Head On","Intersection","Motor Vehicle On Other Roadway","Not Applicable","Not Applicable","At",""
"681332","CR-0000090719","0","0","0","0","22-013-0236","False","False","520","1/13/2022 9:24:00 AM","No Pedestrians Involved","Dry","No Unusual Conditions","Daylight","Violation Driver 1","No Controls Present/Factor","Clear","Head On","Non-Related","Parked Vehicle","Not Applicable","Not Applicable","South Of",""
"681333","CR-0000090720","0","0","0","0","22-013-0401","False","False","137","1/13/2022 1:00:00 PM","No Pedestrians Involved","Dry","No Unusual Conditions","Dark - Street Light","Violation Driver 1","Controls Functioning","Clear","Rear End","Non-Related","Other Vehicle","Not Applicable","Not Applicable","South Of",""
"681334","CR-0000090721","4","0","0","0","22-013-0634","False","False","380","1/13/2022 5:57:00 PM","No Pedestrians Involved","Dry","No Unusual Conditions","Daylight","Violation Driver 1","No Controls Present/Factor","Clear","Broadside","Non-Related","Other Vehicle","Not Applicable","Not Applicable","East Of",""
"681335","CR-0000090724","0","0","0","0","22-019-9701","False","True","","1/13/2022 4:23:00 PM","No Pedestrians Involved","Dry","No Unusual Conditions","Daylight","Unknown","Controls Functioning","Clear","Rear End","Related","Other Vehicle","Not Applicable","Not Applicable","East Of",""
"681336","CR-0000090725","0","1","0","0","22-014-0172","False","False","0","1/14/2022 8:28:00 AM","No Pedestrians Involved","Dry","No Unusual Conditions","Daylight","Violation Driver 1","No Controls Present/Factor","Clear","Vehicle/Pedestrian","Intersection","Pedestrian","Not Applicable","Not Applicable","At","PEDESTRIAN"
"681337","CR-0000090726","0","0","0","0","22-014-0196","False","False","0","1/14/2022 9:12:00 AM","No Pedestrians Involved","Dry","No Unusual Conditions","Daylight","Violation Driver 1","Controls Functioning","Clear","Broadside","Intersection","Other Vehicle","Not Applicable","Not Applicable","At",""
"681338","CR-0000090727","0","0","0","0","22-014-0423","False","False","130","1/14/2022 2:32:00 PM","No Pedestrians Involved","Dry","No Unusual Conditions","Daylight","Violation Driver 1","Controls Functioning","Clear","Rear End","Non-Related","Parked Vehicle","Not Applicable","Not Applicable","South Of",""
"681339","CR-0000090728","0","1","0","0","22-015-0433","False","False","51","1/14/2022 8:11:00 AM","No Pedestrians Involved","Dry","No Unusual Conditions","Daylight","Violation Driver 1","No Controls Present/Factor","Clear","Broadside","Non-Related","Parked Vehicle","Not Applicable","Not Applicable","East Of",""
"681340","CR-0000090729","4","1","0","0","22-014-0490","False","False","0","1/14/2022 3:52:00 PM","No Pedestrians Involved","Dry","No Unusual Conditions","Daylight","Violation Driver 1","Controls Functioning","Clear","Broadside","Intersection","Other Vehicle","Not Applicable","Not Applicable","At",""
"681341","CR-0000090730","0","1","0","0","22-014-0610","False","False","0","1/14/2022 6:13:00 PM","No Pedestrians Involved","Dry","No Unusual Conditions","Dark - Street Light","Violation Driver 1","Controls Functioning","Clear","Other","Intersection","Non-Collision","Not Applicable","Not Applicable","At",""
"681342","CR-0000090731","0","0","0","0","22-014-0738","False","False","59","1/14/2022 9:10:00 PM","No Pedestrians Involved","Dry","No Unusual Conditions","Dark - Street Light","Violation Driver 1","Controls Functioning","Clear","Head On","Non-Related","Parked Vehicle","Not Applicable","Not Applicable","East Of",""
"681343","CR-0000090732","0","0","0","0","22-014-0748","False","False","0","1/14/2022 9:23:00 PM","No Pedestrians Involved","Dry","No Unusual Conditions","Dark - Street Light","Violation Driver 1","Controls Functioning","Clear","Broadside","Intersection","Other Vehicle","Not Applicable","Not Applicable","At",""
"681344","CR-0000090734","0","0","0","0","22-015-4002","False","True","","1/14/2022 8:00:00 AM","No Pedestrians Involved","Unknown","Unknown","Daylight","Unknown","Unknown","Unknown","Other","Related","Unknown","Not Applicable","Not Applicable","West Of",""
"681345","CR-0000090735","0","0","0","0","22-014-4004","False","True","","1/14/2022 8:00:00 PM","No Pedestrians Involved","Unknown","Unknown","Unknown","Unknown","Unknown","Unknown","Rear End","Related","Other Vehicle","Not Applicable","Not Applicable","Unknown",""
"681346","CR-0000090736","0","0","0","0","22-015-4004","False","True","","1/14/2022 6:55:00 PM","No Pedestrians Involved","Unknown","Unknown","Unknown","Unknown","Unknown","Unknown","Sideswipe","Related","Other Vehicle","Not Applicable","Not Applicable","Unknown",""
"681347","CR-0000090733","0","0","0","0","22-015-4000","False","True","51","1/14/2022 9:55:00 PM","No Pedestrians Involved","Unknown","Unknown","Unknown","Unknown","Unknown","Unknown","Sideswipe","Non-Related","Parked Vehicle","Not Applicable","Not Applicable","South Of",""
"681348","CR-0000090722","0","0","0","0","22-014-4000","False","True","","1/13/2022 11:11:00 PM","No Pedestrians Involved","Unknown","Unknown","Unknown","Unknown","Unknown","Unknown","Rear End","Related","Parked Vehicle","Not Applicable","Not Applicable","East Of",""
"681349","CR-0000090723","0","0","0","0","22-013-4003","False","True","0","1/13/2022 10:05:00 AM","No Pedestrians Involved","Unknown","Unknown","Daylight","Unknown","Unknown","Unknown","Sideswipe","Intersection","Other Vehicle","Not Applicable","Not Applicable","At",""
"681350","CR-0000090737","0","0","0","0","22-015-0043","True","False","450","1/15/2022 1:00:00 AM","No Pedestrians Involved","Dry","No Unusual Conditions","Dark - Street Light","Violation Driver 1","Controls Functioning","Clear","Broadside","Non-Related","Other Object","Not Applicable","Not Applicable","North Of","MEDIAN"
"681351","CR-0000090738","0","0","0","0","22-015-4001","False","False","","1/15/2022 12:40:00 AM","No Pedestrians Involved","Unknown","Unknown","Unknown","Unknown","Unknown","Unknown","Other","Related","Parked Vehicle","Not Applicable","Not Applicable","Unknown",""
"681352","CR-0000090739","0","0","0","0","22-016-0031","False","False","0","1/16/2022 12:32:00 AM","No Pedestrians Involved","Dry","Unknown","Dark - Street Light","Violation Driver 1","Unknown","Clear","Head On","Intersection","Fixed Object","Not Applicable","Not Applicable","At","PG&E POLE"
"681353","CR-0000090740","0","0","0","0","22-016-0050","False","False","63","1/16/2022 12:45:00 AM","No Pedestrians Involved","Dry","No Unusual Conditions","Dark - Street Light","Violation Driver 1","No Controls Present/Factor","Clear","Rear End","Non-Related","Parked Vehicle","Not Applicable","Not Applicable","North Of",""
"681354","CR-0000090741","0","0","0","0","22-016-0162","False","False","46","1/16/2022 6:31:00 AM","No Pedestrians Involved","Unknown","No Unusual Conditions","Dark - Street Light","Violation Driver 1","No Controls Present/Factor","Unknown","Rear End","Related","Parked Vehicle","Not Applicable","Not Applicable","South Of",""
"681355","CR-0000090742","1","0","0","0","22-016-0268","False","False","173","1/16/2022 10:10:00 AM","No Pedestrians Involved","Dry","No Unusual Conditions","Daylight","Violation Driver 1","No Controls Present/Factor","Clear","Broadside","Non-Related","Other Vehicle","Not Applicable","Not Applicable","South Of",""
"681356","CR-0000090743","0","0","0","0","22-016-0363","False","False","200","1/16/2022 12:30:00 PM","No Pedestrians Involved","Dry","No Unusual Conditions","Daylight","Violation Driver 1","Unknown","Clear","Rear End","Non-Related","Parked Vehicle","Not Applicable","Not Applicable","North Of",""
"681357","CR-0000090745","0","0","0","0","22-016-0622","False","False","243","1/16/2022 6:00:00 PM","No Pedestrians Involved","Dry","No Unusual Conditions","Dark - Street Light","Violation Driver 1","Unknown","Clear","Broadside","Non-Related","Other Vehicle","Not Applicable","Not Applicable","South Of",""
"681358","CR-0000090744","1","0","0","0","22-016-0464","False","False","25","1/16/2022 3:20:00 PM","No Pedestrians Involved","Dry","No Unusual Conditions","Daylight","Violation Driver 1","Unknown","Clear","Sideswipe","Related","Motor Vehicle On Other Roadway","Not Applicable","Not Applicable","North Of",""
"681359","CR-0000090746","2","0","0","0","22-016-0727","False","False","0","1/16/2022 8:37:00 PM","No Pedestrians Involved","Dry","No Unusual Conditions","Dark - Street Light","Violation Driver 1","Controls Functioning","Clear","Broadside","Intersection","Other Vehicle","Not Applicable","Not Applicable","At",""
"681360","CR-0000090747","0","0","0","0","22-016-0767","False","False","270","1/16/2022 9:31:00 PM","No Pedestrians Involved","Dry","No Unusual Conditions","Dark - Street Light","Violation Driver 1","No Controls Present/Factor","Clear","Rear End","Non-Related","Other Vehicle","Not Applicable","Not Applicable","North Of",""
"681361","CR-0000090748","0","0","0","0","22-016-0787","False","False","22","1/16/2022 10:01:00 PM","No Pedestrians Involved","Dry","No Unusual Conditions","Dark - Street Light","Violation Driver 1","Controls Functioning","Clear","Broadside","Related","Other Vehicle","Not Applicable","Not Applicable","South Of",""
"681362","CR-0000090749","0","0","0","0","22-016-4000","False","True","51","1/16/2022 12:05:00 AM","No Pedestrians Involved","Unknown","Unknown","Unknown","Unknown","Unknown","Unknown","Rear End","Non-Related","Parked Vehicle","Not Applicable","Not Applicable","North Of",""
"681363","CR-0000090750","0","0","0","0","22-016-4002","False","True","0","1/16/2022 1:40:00 PM","No Pedestrians Involved","Unknown","Unknown","Daylight","Unknown","Unknown","Unknown","Sideswipe","Intersection","Other Vehicle","Not Applicable","Not Applicable","At",""
"681364","CR-0000090751","0","0","0","0","22-017-0014","False","False","33","1/17/2022 12:15:00 AM","No Pedestrians Involved","Dry","No Unusual Conditions","Dark - Street Light","Violation Driver 1","Unknown","Clear","Rear End","Related","Other Vehicle","Not Applicable","Not Applicable","West Of",""
"681365","CR-0000090752","0","0","0","0","22-017-0475","True","False","0","1/17/2022 2:48:00 PM","No Pedestrians Involved","Dry","Construction - Repair Zone","Daylight","Violation Driver 1","Controls Functioning","Clear","Sideswipe","Intersection","Fixed Object","Not Applicable","Not Applicable","At","TRAFFIC SIGNAL"
"681366","CR-0000090753","1","0","0","0","22-017-0483","False","False","0","1/17/2022 2:53:00 PM","No Pedestrians Involved","Dry","No Unusual Conditions","Daylight","Violation Driver 1","Controls Functioning","Clear","Head On","Intersection","Other Vehicle","Not Applicable","Not Applicable","At",""
"681367","CR-0000090754","0","2","0","0","22-018-0487","False","False","","1/17/2022 5:00:00 PM","No Pedestrians Involved","Dry","No Unusual Conditions","Dusk - Dawn","Violation Driver 1","No Controls Present/Factor","Clear","Overturned","Related","Non-Collision","Not Applicable","Not Applicable","North Of",""
"681368","CR-0000090755","0","1","0","0","22-017-0575","False","False","280","1/17/2022 4:45:00 PM","No Pedestrians Involved","Dry","No Unusual Conditions","Daylight","Violation Driver 1","No Controls Present/Factor","Clear","Broadside","Non-Related","Other Vehicle","Not Applicable","Not Applicable","West Of",""
"681369","CR-0000090756","1","0","0","0","22-017-0614","False","False","51","1/17/2022 5:27:00 PM","No Pedestrians Involved","Dry","No Unusual Conditions","Dark - Street Light","Violation Driver 1","Controls Functioning","Clear","Rear End","Non-Related","Other Vehicle","Not Applicable","Not Applicable","East Of",""
"681370","CR-0000090757","1","0","0","0","22-017-0637","False","False","250","1/17/2022 5:59:00 PM","No Pedestrians Involved","Dry","No Unusual Conditions","Dark - Street Light","Violation Driver 1","Controls Functioning","Clear","Rear End","Non-Related","Other Vehicle","Not Applicable","Not Applicable","South Of",""
"681371","CR-0000090758","0","0","0","0","22-023-0671","False","False","30","1/17/2022 5:19:00 PM","No Pedestrians Involved","Dry","No Unusual Conditions","Dusk - Dawn","Violation Driver 1","No Controls Present/Factor","Clear","Other","Related","Parked Vehicle","Not Applicable","Not Applicable","West Of",""
"681372","CR-0000090760","0","0","0","0","22-017-4004","False","False","","1/17/2022 1:30:00 PM","No Pedestrians Involved","Unknown","Unknown","Daylight","Unknown","Unknown","Unknown","Broadside","Related","Parked Vehicle","Not Applicable","Not Applicable","Unknown",""
"681373","CR-0000090761","0","0","0","0","22-033-9707","False","False","51","1/17/2022 9:00:00 PM","No Pedestrians Involved","Dry","No Unusual Conditions","Dark - Street Light","Unknown","No Controls Present/Factor","Clear","Sideswipe","Non-Related","Parked Vehicle","Not Applicable","Not Applicable","West Of",""
"681374","CR-0000090762","0","0","0","0","22-018-0022","True","False","194","1/18/2022 1:45:00 AM","No Pedestrians Involved","Dry","No Unusual Conditions","Dark - Street Light","Violation Driver 1","Controls Functioning","Clear","Hit Object","Non-Related","Fixed Object","Not Applicable","Not Applicable","West Of","LIGHT POLE / FENCE"
"681375","CR-0000090763","2","0","0","0","22-018-0241","False","False","43","1/18/2022 8:50:00 AM","No Pedestrians Involved","Dry","No Unusual Conditions","Daylight","Violation Driver 1","Controls Functioning","Clear","Sideswipe","Related","Other Vehicle","Not Applicable","Not Applicable","South Of",""
"681376","CR-0000090764","1","0","0","0","22-018-0468","False","False","250","1/18/2022 12:53:00 PM","No Pedestrians Involved","Dry","No Unusual Conditions","Daylight","Violation Driver 1","Controls Functioning","Clear","Vehicle/Bike","Non-Related","Bike","Not Applicable","Not Applicable","East Of","BIKE"
"681377","CR-0000090765","0","0","0","0","22-018-0609","False","False","162","1/18/2022 3:09:00 PM","No Pedestrians Involved","Dry","No Unusual Conditions","Daylight","Violation Driver 1","No Controls Present/Factor","Clear","Sideswipe","Non-Related","Parked Vehicle","Not Applicable","Not Applicable","South Of",""
"681378","CR-0000090766","0","0","1","0","22-018-0739","False","False","0","1/18/2022 5:26:00 PM","No Pedestrians Involved","Dry","No Unusual Conditions","Dusk - Dawn","Violation Driver 1","Controls Functioning","Clear","Head On","Intersection","Other Vehicle","Not Applicable","Not Applicable","At",""