"CrashFactId","Name","MinorInjuries","ModerateInjuries","SevereInjuries","FatalInjuries","TcrNumber","CityDamageFlag","ShortFormFlag","Distance","CrashDateTime","PedestrianAction","RoadwaySurface","RoadwayCondition","Lighting","PrimaryCollisionFactor","TrafficControl","Weather","CollisionType","ProximityToIntersection","VehicleInvolvedWith","PedestrianDirectionFrom","PedestrianDirectionTo","DirectionFromIntersection","Comment"
"681379","CR-0000090767","2","1","0","0","22-018-0771","False","False","0","1/18/2022 6:03:00 PM","No Pedestrians Involved","Dry","No Unusual Conditions","Dark - Street Light","Violation Driver 1","Controls Functioning","Clear","Rear End","Intersection","Other Vehicle","Not Applicable","Not Applicable","At",""
"681380","CR-0000090768","0","1","0","0","22-018-0796","False","False","450","1/18/2022 6:36:00 PM","Crossing - Not In Crosswalk","Dry","No Unusual Conditions","Dark - Street Light","Violation Driver 1","Controls Functioning","Clear","Vehicle/Pedestrian","Non-Related","Pedestrian","Unknown","Unknown","South Of","PEDESTRIAN"
"681381","CR-0000090770","0","0","0","0","22-019-0082","False","False","148","1/19/2022 2:12:00 AM","No Pedestrians Involved","Dry","Unknown","Dark - Street Light","Violation Driver 1","Unknown","Clear","Sideswipe","Non-Related","Parked Vehicle","Not Applicable","Not Applicable","South Of",""
"681382","CR-0000090771","0","1","0","0","22-019-0095","False","False","40","1/19/2022 2:40:00 AM","No Pedestrians Involved","Dry","No Unusual Conditions","Dark - Street Light","Violation Driver 1","Controls Functioning","Clear","Head On","Related","Parked Vehicle","Not Applicable","Not Applicable","East Of",""
"681383","CR-0000090772","0","1","0","0","22-019-0123","False","False","728","1/19/2022 4:12:00 AM","No Pedestrians Involved","Dry","No Unusual Conditions","Dark - Street Light","Violation Driver 1","No Controls Present/Factor","Clear","Rear End","Non-Related","Other Vehicle","Not Applicable","Not Applicable","South Of",""
"681384","CR-0000090773","1","0","0","0","22-019-0359","False","False","40","1/19/2022 11:32:00 AM","No Pedestrians Involved","Dry","No Unusual Conditions","Daylight","Violation Driver 1","Controls Functioning","Clear","Rear End","Related","Other Vehicle","Not Applicable","Not Applicable","South Of",""
"681385","CR-0000090774","1","0","0","0","22-019-0150","False","False","51","1/19/2022 5:36:00 AM","No Pedestrians Involved","Dry","No Unusual Conditions","Dark - Street Light","Violation Driver 1","No Controls Present/Factor","Clear","Vehicle/Bike","Non-Related","Bike","Not Applicable","Not Applicable","South Of","BIKE"
"681386","CR-0000090776","0","0","0","0","22-019-0765","False","False","25","1/19/2022 5:42:00 AM","No Pedestrians Involved","Dry","Unknown","Dusk - Dawn","Violation Driver 1","No Controls Present/Factor","Clear","Other","Related","Other Vehicle","Not Applicable","Not Applicable","West Of",""
"681387","CR-0000090777","0","0","0","0","22-019-0341","True","False","","1/19/2022 11:09:00 AM","No Pedestrians Involved","Dry","Construction - Repair Zone","Daylight","Violation Driver 1","Controls Functioning","Clear","Hit Object","Related","Fixed Object","Not Applicable","Not Applicable","Unknown","TRAFFIC SIGNAL"
"681388","CR-0000090775","1","0","0","0","22-019-0290","True","False","70","1/19/2022 10:14:00 AM","No Pedestrians Involved","Dry","No Unusual Conditions","Daylight","Violation Driver 1","No Controls Present/Factor","Clear","Hit Object","Non-Related","Fixed Object","Not Applicable","Not Applicable","North Of","TREE"
"681389","CR-0000090778","2","0","0","0","22-019-0561","False","False","420","1/19/2022 2:58:00 PM","No Pedestrians Involved","Dry","No Unusual Conditions","Daylight","Violation Driver 1","No Controls Present/Factor","Clear","Sideswipe","Non-Related","Other Vehicle","Not Applicable","Not Applicable","West Of",""
"681390","CR-0000090779","0","0","1","0","22-019-0367","False","False","0","1/19/2022 11:43:00 AM","Crossing In Crosswalk - At Intersection","Dry","No Unusual Conditions","Daylight","Violation Driver 1","Unknown","Clear","Vehicle/Pedestrian","Intersection","Pedestrian","Unknown","Unknown","At","PEDESTRIAN"
"681391","CR-0000090780","1","1","0","0","22-019-0497","False","False","122","1/19/2022 1:57:00 PM","No Pedestrians Involved","Dry","No Unusual Conditions","Daylight","Violation Driver 1","Controls Functioning","Clear","Rear End","Non-Related","Other Vehicle","Not Applicable","Not Applicable","West Of",""
"681392","CR-0000090781","0","0","0","0","22-019-0629","False","False","51","1/19/2022 2:42:00 PM","No Pedestrians Involved","Dry","No Unusual Conditions","Daylight","Violation Driver 1","Controls Functioning","Clear","Sideswipe","Non-Related","Other Vehicle","Not Applicable","Not Applicable","North Of",""
"681393","CR-0000090782","0","0","0","0","22-019-0650","False","False","40","1/19/2022 4:35:00 PM","No Pedestrians Involved","Dry","No Unusual Conditions","Daylight","Violation Driver 1","Controls Functioning","Clear","Rear End","Related","Other Vehicle","Not Applicable","Not Applicable","West Of",""
"681394","CR-0000090783","0","0","2","0","22-019-0847","False","False","0","1/19/2022 7:09:00 PM","No Pedestrians Involved","Dry","No Unusual Conditions","Dark - Street Light","Violation Driver 1","Controls Functioning","Clear","Broadside","Intersection","Other Vehicle","Not Applicable","Not Applicable","At",""
"681395","CR-0000090785","0","1","0","0","22-020-0238","False","False","0","1/20/2022 9:33:00 AM","Crossing - Not In Crosswalk","Dry","No Unusual Conditions","Daylight","Violation Driver 1","No Controls Present/Factor","Clear","Vehicle/Pedestrian","Intersection","Pedestrian","West","East","At","PEDESTRIAN"
"681396","CR-0000090786","0","0","0","0","22-025-4000","False","True","0","1/21/2022 12:40:00 PM","No Pedestrians Involved","Unknown","Unknown","Daylight","Unknown","Unknown","Unknown","Rear End","Intersection","Other Vehicle","Not Applicable","Not Applicable","At",""
"681397","CR-0000090787","0","0","0","0","22-024-4001","False","True","51","1/22/2022 12:00:00 PM","No Pedestrians Involved","Unknown","Unknown","Daylight","Unknown","Unknown","Unknown","Broadside","Non-Related","Parked Vehicle","Not Applicable","Not Applicable","South Of",""
"681398","CR-0000090788","0","0","0","0","22-023-0254","False","False","45","1/23/2022 4:00:00 AM","No Pedestrians Involved","Dry","No Unusual Conditions","Daylight","Violation Driver 1","Controls Functioning","Clear","Sideswipe","Related","Parked Vehicle","Not Applicable","Not Applicable","East Of",""
"681399","CR-0000090789","0","0","0","0","22-022-0267","False","False","0","1/23/2022 9:33:00 AM","No Pedestrians Involved","Dry","No Unusual Conditions","Daylight","Violation Driver 1","Unknown","Clear","Sideswipe","Intersection","Motor Vehicle On Other Roadway","Not Applicable","Not Applicable","At",""
"681400","CR-0000090790","1","0","0","0","22-023-0467","True","False","77","1/23/2022 2:03:00 PM","No Pedestrians Involved","Dry","No Unusual Conditions","Daylight","Violation Driver 1","Controls Functioning","Clear","Hit Object","Non-Related","Fixed Object","Not Applicable","Not Applicable","West Of","LIGHT POLE"
"681402","CR-0000090792","0","0","0","0","22-023-0523","False","False","100","1/23/2022 3:37:00 PM","No Pedestrians Involved","Dry","No Unusual Conditions","Daylight","Violation Driver 1","Controls Functioning","Clear","Sideswipe","Non-Related","Parked Vehicle","Not Applicable","Not Applicable","South Of",""
"681403","CR-0000090793","0","0","0","0","22-023-0536","False","False","0","1/23/2022 4:05:00 PM","No Pedestrians Involved","Dry","No Unusual Conditions","Daylight","Violation Driver 1","No Controls Present/Factor","Clear","Broadside","Intersection","Other Vehicle","Not Applicable","Not Applicable","At",""
"681404","CR-0000090794","1","0","0","0","22-023-0574","False","False","300","1/23/2022 4:50:00 PM","No Pedestrians Involved","Dry","No Unusual Conditions","Daylight","Violation Driver 1","No Controls Present/Factor","Clear","Sideswipe","Non-Related","Other Vehicle","Not Applicable","Not Applicable","East Of",""
"681405","CR-0000090795","0","1","0","0","22-023-0672","False","False","51","1/23/2022 6:35:00 PM","Crossing In Crosswalk - At Intersection","Dry","No Unusual Conditions","Dark - Street Light","Violation Driver 1","No Controls Present/Factor","Clear","Vehicle/Pedestrian","Non-Related","Pedestrian","East","West","Unknown","PEDESTRIAN"
"681406","CR-0000090796","0","0","0","0","22-023-0812","False","False","675","1/23/2022 5:22:00 PM","No Pedestrians Involved","Dry","No Unusual Conditions","Daylight","Violation Driver 1","No Controls Present/Factor","Clear","Head On","Non-Related","Parked Vehicle","Not Applicable","Not Applicable","South Of",""
"681407","CR-0000090797","0","0","0","0","22-023-0839","False","False","0","1/23/2022 10:29:00 PM","No Pedestrians Involved","Dry","No Unusual Conditions","Dark - Street Light","Violation Driver 1","No Controls Present/Factor","Clear","Sideswipe","Intersection","Parked Vehicle","Not Applicable","Not Applicable","At","EMERGENCY VEHICLE INVOLVED"
"681408","CR-0000090798","1","0","0","0","22-027-0894","False","False","0","1/23/2022 9:00:00 PM","Crossing - Not In Crosswalk","Dry","No Unusual Conditions","Dark - Street Light","Violation Driver 1","No Controls Present/Factor","Clear","Vehicle/Pedestrian","Intersection","Pedestrian","North","South","At","PEDESTRIAN"
"681409","CR-0000090799","0","0","0","0","22-024-0116","False","False","51","1/23/2022 4:05:00 AM","No Pedestrians Involved","Dry","No Unusual Conditions","Dark - Street Light","Violation Driver 1","Unknown","Clear","Sideswipe","Non-Related","Parked Vehicle","Not Applicable","Not Applicable","North Of",""
"681410","CR-0000090800","3","0","0","0","22-024-0199","False","False","0","1/24/2022 7:50:00 AM","No Pedestrians Involved","Dry","No Unusual Conditions","Daylight","Violation Driver 1","Controls Functioning","Clear","Broadside","Intersection","Other Vehicle","Not Applicable","Not Applicable","At",""
"681411","CR-0000090801","0","0","0","0","22-024-0519","True","False","0","1/24/2022 1:48:00 PM","No Pedestrians Involved","Dry","No Unusual Conditions","Daylight","Violation Driver 1","Controls Functioning","Clear","Hit Object","Intersection","Fixed Object","Not Applicable","Not Applicable","At","SIGN"
"681412","CR-0000090802","3","0","0","0","22-024-0530","False","False","0","1/24/2022 2:04:00 PM","No Pedestrians Involved","Dry","No Unusual Conditions","Daylight","Violation Driver 1","Controls Functioning","Clear","Broadside","Intersection","Other Vehicle","Not Applicable","Not Applicable","At",""
"681413","CR-0000090803","0","0","1","0","22-024-0607","False","False","0","1/24/2022 3:28:00 PM","No Pedestrians Involved","Dry","No Unusual Conditions","Daylight","Bike At Fault","Controls Functioning","Clear","Vehicle/Bike","Intersection","Bike","Not Applicable","Not Applicable","At","BIKE"
"681414","CR-0000090804","0","1","0","0","22-024-0830","False","False","5280","1/24/2022 8:30:00 PM","No Pedestrians Involved","Dry","No Unusual Conditions","Dark - Street Light","Violation Driver 1","No Controls Present/Factor","Clear","Overturned","Non-Related","Non-Collision","Not Applicable","Not Applicable","West Of",""
"681415","CR-0000090805","1","0","0","0","22-024-0935","False","False","0","1/24/2022 9:42:00 PM","No Pedestrians Involved","Dry","No Unusual Conditions","Dark - Street Light","Violation Driver 1","Controls Functioning","Clear","Head On","Intersection","Other Vehicle","Not Applicable","Not Applicable","At",""
"681416","CR-0000090806","0","0","0","0","22-024-4003","False","True","45","1/24/2022 11:05:00 AM","No Pedestrians Involved","Unknown","Unknown","Daylight","Unknown","Unknown","Unknown","Other","Related","Parked Vehicle","Not Applicable","Not Applicable","West Of",""
"681417","CR-0000090807","0","0","0","0","22-026-4003","False","True","420","1/24/2022 3:15:00 PM","No Pedestrians Involved","Unknown","Unknown","Daylight","Unknown","Unknown","Unknown","Rear End","Non-Related","Other Vehicle","Not Applicable","Not Applicable","East Of",""
"681418","CR-0000090808","0","0","0","0","22-032-9702","False","True","0","1/24/2022 8:00:00 AM","Crossing In Crosswalk - At Intersection","Dry","No Unusual Conditions","Daylight","Violation Driver 1","Unknown","Clear","Vehicle/Pedestrian","Intersection","Pedestrian","Unknown","Unknown","At","PEDESTRIANS (2)"
"681419","CR-0000090809","1","0","0","0","22-025-0189","False","False","91","1/25/2022 9:20:00 AM","No Pedestrians Involved","Dry","Unknown","Daylight","Violation Driver 1","Controls Functioning","Clear","Head On","Non-Related","Other Vehicle","Not Applicable","Not Applicable","West Of",""
"681420","CR-0000090810","0","0","0","0","22-025-0355","False","False","45","1/25/2022 11:30:00 AM","No Pedestrians Involved","Dry","No Unusual Conditions","Daylight","Violation Driver 1","Controls Functioning","Clear","Sideswipe","Related","Other Vehicle","Not Applicable","Not Applicable","East Of",""
"681421","CR-0000090811","1","0","0","0","22-025-0426","True","False","0","1/25/2022 1:02:00 PM","No Pedestrians Involved","Dry","No Unusual Conditions","Daylight","Violation Driver 1","Controls Functioning","Clear","Overturned","Intersection","Fixed Object","Not Applicable","Not Applicable","At","TRAFFIC LIGHT"
"681422","CR-0000090812","0","0","0","0","22-026-9707","False","True","51","1/25/2022 6:14:00 PM","No Pedestrians Involved","Dry","No Unusual Conditions","Dark - Street Light","Unknown","Controls Functioning","Clear","Sideswipe","Non-Related","Parked Vehicle","Not Applicable","Not Applicable","South Of",""
"681423","CR-0000090813","0","1","0","0","22-026-0198","False","False","0","1/26/2022 8:02:00 AM","No Pedestrians Involved","Dry","No Unusual Conditions","Daylight","Violation Driver 1","Controls Functioning","Clear","Broadside","Intersection","Other Vehicle","Not Applicable","Not Applicable","At",""
"681424","CR-0000090814","0","0","0","0","22-026-0415","False","False","108","1/26/2022 12:27:00 PM","No Pedestrians Involved","Dry","No Unusual Conditions","Daylight","Violation Driver 1","Controls Functioning","Clear","Sideswipe","Non-Related","Other Vehicle","Not Applicable","Not Applicable","North Of",""
"681425","CR-0000090815","1","2","0","0","22-026-0527","False","False","0","1/26/2022 2:09:00 PM","No Pedestrians Involved","Dry","Unknown","Daylight","Violation Driver 1","No Controls Present/Factor","Clear","Other","Related","Other Vehicle","Not Applicable","Not Applicable","At",""
"681426","CR-0000090816","1","0","0","0","22-026-0764","False","False","423","1/26/2022 5:33:00 PM","No Pedestrians Involved","Dry","No Unusual Conditions","Daylight","Violation Driver 1","No Controls Present/Factor","Clear","Broadside","Non-Related","Other Vehicle","Not Applicable","Not Applicable","West Of",""
"681427","CR-0000090817","1","0","0","0","22-026-0787","False","False","0","1/26/2022 6:03:00 PM","No Pedestrians Involved","Dry","No Unusual Conditions","Dark - Street Light","Violation Driver 1","No Controls Present/Factor","Clear","Vehicle/Bike","Intersection","Bike","Not Applicable","Not Applicable","At","BIKE"
"681428","CR-0000090818","1","0","0","0","22-026-0967","False","False","0","1/26/2022 10:20:00 PM","No Pedestrians Involved","Dry","No Unusual Conditions","Dark - Street Light","Violation Driver 1","No Controls Present/Factor","Clear","Vehicle/Bike","Intersection","Bike","Not Applicable","Not Applicable","At","BIKE"
"681429","CR-0000090819","0","0","0","0","22-026-4001","False","False","51","1/26/2022 9:30:00 AM","No Pedestrians Involved","Unknown","Unknown","Daylight","Unknown","Unknown","Unknown","Other","Non-Related","Other Vehicle","Not Applicable","Not Applicable","South Of",""
"681430","CR-0000090820","0","0","0","0","22-026-4004","False","True","51","1/26/2022 8:50:00 PM","No Pedestrians Involved","Unknown","Unknown","Unknown","Unknown","Unknown","Unknown","Sideswipe","Non-Related","Parked Vehicle","Not Applicable","Not Applicable","West Of",""
"681431","CR-0000090821","0","0","0","0","22-027-4004","False","True","51","1/26/2022 2:14:00 PM","No Pedestrians Involved","Unknown","Unknown","Daylight","Unknown","Unknown","Unknown","Rear End","Non-Related","Other Vehicle","Not Applicable","Not Applicable","West Of",""
"681432","CR-0000090822","0","0","0","0","22-027-0158","False","False","51","1/27/2022 7:41:00 AM","No Pedestrians Involved","Dry","No Unusual Conditions","Daylight","Violation Driver 1","Controls Functioning","Clear","Sideswipe","Non-Related","Other Vehicle","Not Applicable","Not Applicable","West Of",""
"681433","CR-0000090823","0","0","0","0","22-027-0312","False","False","78","1/27/2022 10:31:00 AM","No Pedestrians Involved","Dry","No Unusual Conditions","Daylight","Violation Driver 1","Controls Functioning","Clear","Rear End","Non-Related","Other Vehicle","Not Applicable","Not Applicable","South Of",""
"681434","CR-0000090824","1","0","0","0","22-027-0324","False","False","0","1/27/2022 10:42:00 AM","No Pedestrians Involved","Dry","No Unusual Conditions","Daylight","Violation Driver 1","Controls Functioning","Clear","Broadside","Intersection","Other Vehicle","Not Applicable","Not Applicable","At",""
"681435","CR-0000090825","0","0","0","0","22-027-0369","False","False","0","1/27/2022 11:40:00 AM","No Pedestrians Involved","Unknown","No Unusual Conditions","Daylight","Violation Driver 1","Controls Functioning","Clear","Broadside","Intersection","Other Vehicle","Not Applicable","Not Applicable","East Of",""
"681436","CR-0000090826","0","0","0","0","22-027-0469","False","False","60","1/27/2022 1:19:00 PM","No Pedestrians Involved","Dry","No Unusual Conditions","Daylight","Violation Driver 1","No Controls Present/Factor","Clear","Broadside","Non-Related","Other Vehicle","Not Applicable","Not Applicable","North Of",""
"681437","CR-0000090827","0","1","0","0","22-027-0519","False","False","280","1/27/2022 2:01:00 PM","Not In Road","Dry","No Unusual Conditions","Daylight","Violation Driver 1","No Controls Present/Factor","Clear","Vehicle/Pedestrian","Non-Related","Pedestrian","North","South","South Of","PEDESTRIAN"
"681438","CR-0000090828","0","0","0","0","22-028-0598","False","False","60","1/27/2022 4:30:00 PM","No Pedestrians Involved","Dry","No Unusual Conditions","Daylight","Violation Driver 1","Unknown","Clear","Rear End","Non-Related","Other Vehicle","Not Applicable","Not Applicable","North Of",""
"681439","CR-0000090829","1","0","0","0","22-027-0633","False","False","0","1/27/2022 4:05:00 PM","No Pedestrians Involved","Dry","No Unusual Conditions","Daylight","Violation Driver 1","Controls Functioning","Clear","Rear End","Intersection","Other Vehicle","Not Applicable","Not Applicable","At",""
"681440","CR-0000090830","1","0","0","0","22-027-0696","False","False","0","1/27/2022 5:00:00 PM","No Pedestrians Involved","Dry","No Unusual Conditions","Daylight","Violation Driver 1","Controls Functioning","Clear","Rear End","Intersection","Other Vehicle","Not Applicable","Not Applicable","At",""
"681441","CR-0000090831","0","0","0","0","22-027-0904","False","False","0","1/27/2022 9:07:00 PM","No Pedestrians Involved","Dry","No Unusual Conditions","Dark - Street Light","Violation Driver 1","Controls Functioning","Clear","Broadside","Intersection","Other Vehicle","Not Applicable","Not Applicable","At",""
"681442","CR-0000090832","0","0","0","0","22-027-4002","False","False","51","1/27/2022 12:25:00 PM","No Pedestrians Involved","Unknown","Unknown","Daylight","Unknown","Unknown","Unknown","Other","Non-Related","Parked Vehicle","Not Applicable","Not Applicable","West Of",""
"681443","CR-0000090833","0","0","0","0","22-028-4002","False","False","51","1/27/2022 4:09:00 PM","No Pedestrians Involved","Unknown","Unknown","Daylight","Unknown","Unknown","Unknown","Other","Non-Related","Other Vehicle","Not Applicable","Not Applicable","South Of",""
"681444","CR-0000090834","0","0","0","0","22-027-4003","False","True","0","1/27/2022 12:26:00 PM","No Pedestrians Involved","Unknown","Unknown","Daylight","Unknown","Unknown","Unknown","Sideswipe","Intersection","Unknown","Not Applicable","Not Applicable","At",""
"681445","CR-0000090835","0","0","0","0","22-039-9707","False","True","0","1/27/2022 5:50:00 PM","No Pedestrians Involved","Dry","No Unusual Conditions","Dark - Street Light","Unknown","Controls Functioning","Clear","Rear End","Intersection","Other Vehicle","Not Applicable","Not Applicable","At",""
"681446","CR-0000090836","1","0","0","0","22-025-0717","False","False","0","1/25/2022 5:42:00 PM","No Pedestrians Involved","Unknown","Unknown","Daylight","Violation Driver 1","Unknown","Unknown","Broadside","Intersection","Other Vehicle","Not Applicable","Not Applicable","At",""
"681447","CR-0000090837","0","0","1","0","22-017-0678","False","False","177","1/17/2022 7:17:00 PM","In Road - Includes Shoulder","Dry","No Unusual Conditions","Dark - Street Light","Pedestrian At Fault","Controls Functioning","Clear","Vehicle/Pedestrian","Non-Related","Pedestrian","Unknown","Unknown","South Of","PEDESTRIAN"
"681448","CR-0000090838","0","0","0","0","22-028-0077","False","False","260","1/28/2022 2:09:00 AM","No Pedestrians Involved","Dry","No Unusual Conditions","Dark - Street Light","Violation Driver 1","No Controls Present/Factor","Clear","Sideswipe","Non-Related","Parked Vehicle","Not Applicable","Not Applicable","West Of",""
"681449","CR-0000090839","1","0","0","0","22-028-0516","False","False","372","1/28/2022 2:45:00 PM","No Pedestrians Involved","Dry","No Unusual Conditions","Daylight","Violation Driver 1","No Controls Present/Factor","Clear","Head On","Non-Related","Other Vehicle","Not Applicable","Not Applicable","West Of",""
"681450","CR-0000090840","4","0","0","0","22-028-0669","False","False","220","1/28/2022 5:17:00 PM","No Pedestrians Involved","Dry","No Unusual Conditions","Daylight","Violation Driver 1","Controls Functioning","Clear","Broadside","Non-Related","Other Vehicle","Not Applicable","Not Applicable","North Of",""
"681451","CR-0000090841","1","0","0","0","22-028-0733","False","False","0","1/28/2022 6:06:00 PM","No Pedestrians Involved","Dry","No Unusual Conditions","Daylight","Violation Driver 1","No Controls Present/Factor","Clear","Rear End","Intersection","Other Vehicle","Not Applicable","Not Applicable","At",""
"681452","CR-0000090842","0","0","0","0","22-028-0809","False","False","0","1/28/2022 7:14:00 PM","No Pedestrians Involved","Dry","No Unusual Conditions","Dark - Street Light","Violation Driver 1","Controls Functioning","Clear","Broadside","Intersection","Other Vehicle","Not Applicable","Not Applicable","At",""
"681453","CR-0000090843","0","0","0","0","22-028-0938","False","False","0","1/28/2022 9:36:00 PM","No Pedestrians Involved","Dry","No Unusual Conditions","Dark - Street Light","Violation Driver 1","No Controls Present/Factor","Clear","Rear End","Intersection","Parked Vehicle","Not Applicable","Not Applicable","At",""
"681454","CR-0000090844","0","0","0","0","22-028-0977","False","False","192","1/28/2022 10:10:00 PM","No Pedestrians Involved","Dry","No Unusual Conditions","Dark - Street Light","Violation Driver 1","No Controls Present/Factor","Clear","Head On","Non-Related","Other Vehicle","Not Applicable","Not Applicable","North Of",""
"681455","CR-0000090845","0","0","0","0","22-030-4000","False","True","","1/28/2022 5:40:00 PM","No Pedestrians Involved","Unknown","Unknown","Daylight","Unknown","Unknown","Unknown","Sideswipe","Related","Other Vehicle","Not Applicable","Not Applicable","Unknown",""
"681456","CR-0000090846","0","0","0","0","22-029-9704","False","True","0","1/28/2022 5:20:00 PM","No Pedestrians Involved","Dry","No Unusual Conditions","Daylight","Unknown","Controls Functioning","Clear","Head On","Intersection","Other Vehicle","Not Applicable","Not Applicable","At",""
"681457","CR-0000090847","0","0","0","0","22-032-9708","False","True","40","1/28/2022 12:30:00 AM","No Pedestrians Involved","Dry","No Unusual Conditions","Dark - Street Light","Violation Driver 1","No Controls Present/Factor","Clear","Sideswipe","Related","Parked Vehicle","Not Applicable","Not Applicable","East Of",""
"681458","CR-0000090848","0","0","0","0","22-010-9701","False","True","51","1/6/2022 4:45:00 PM","No Pedestrians Involved","Dry","No Unusual Conditions","Daylight","Violation Driver 1","Controls Functioning","Clear","Broadside","Non-Related","Other Vehicle","Not Applicable","Not Applicable","South Of",""
"681459","CR-0000090849","0","0","0","0","22-013-9707","False","True","0","1/13/2022 4:40:00 AM","No Pedestrians Involved","Dry","No Unusual Conditions","Dark - No Street Light","Unknown","Controls Functioning","Clear","Sideswipe","Intersection","Other Vehicle","Not Applicable","Not Applicable","At",""
"681460","CR-0000090850","0","0","0","0","22-015-9707","False","True","0","1/14/2022 3:25:00 PM","No Pedestrians Involved","Dry","No Unusual Conditions","Daylight","Violation Driver 1","Controls Functioning","Clear","Sideswipe","Intersection","Other Vehicle","Not Applicable","Not Applicable","At",""
"681461","CR-0000090851","0","0","0","0","22-015-9701","False","True","0","1/15/2022 5:45:00 AM","No Pedestrians Involved","Dry","No Unusual Conditions","Dark - Street Light","Unknown","Controls Functioning","Cloudy","Sideswipe","Intersection","Other Vehicle","Not Applicable","Not Applicable","At",""
"681462","CR-0000090852","0","0","0","0","22-033-4003","False","True","0","1/29/2022 7:25:00 PM","No Pedestrians Involved","Unknown","Unknown","Daylight","Unknown","Unknown","Unknown","Rear End","Intersection","Other Object","Not Applicable","Not Applicable","At",""
"681463","CR-0000090853","1","1","0","0","22-028-0993","False","False","0","1/28/2022 10:24:00 PM","No Pedestrians Involved","Dry","No Unusual Conditions","Dark - Street Light","Violation Driver 1","Controls Functioning","Clear","Broadside","Intersection","Other Vehicle","Not Applicable","Not Applicable","At","PD VEHICLE INVOLVED"
"681464","CR-0000090854","1","0","0","0","22-032-0695","False","False","0","2/1/2022 3:48:00 PM","Crossing In Crosswalk - At Intersection","Dry","No Unusual Conditions","Daylight","Violation Driver 1","Controls Functioning","Clear","Vehicle/Pedestrian","Intersection","Pedestrian","North","South","At","PEDESTRIAN"
"681465","CR-0000090855","0","0","0","0","22-032-0200","False","False","0","2/1/2022 7:47:00 AM","No Pedestrians Involved","Dry","No Unusual Conditions","Daylight","Violation Driver 1","Controls Functioning","Clear","Rear End","Intersection","Other Vehicle","Not Applicable","Not Applicable","At",""
"681466","CR-0000090856","0","0","0","0","22-032-0311","False","False","0","2/1/2022 10:01:00 AM","No Pedestrians Involved","Dry","No Unusual Conditions","Daylight","Violation Driver 1","Controls Functioning","Clear","Other","Intersection","Other Vehicle","Not Applicable","Not Applicable","At",""
"681467","CR-0000090857","0","0","0","0","22-032-0679","False","False","54","2/1/2022 3:29:00 PM","No Pedestrians Involved","Dry","No Unusual Conditions","Daylight","Violation Driver 1","Controls Functioning","Clear","Rear End","Non-Related","Other Vehicle","Not Applicable","Not Applicable","South Of",""
"681468","CR-0000090858","0","0","0","0","22-032-4001","False","True","51","2/1/2022 8:40:00 AM","No Pedestrians Involved","Unknown","Unknown","Daylight","Unknown","Unknown","Clear","Other","Non-Related","Other Vehicle","Not Applicable","Not Applicable","North Of",""
"681469","CR-0000090859","0","0","0","0","22-032-4002","False","True","51","2/1/2022 4:45:00 AM","No Pedestrians Involved","Unknown","Unknown","Unknown","Unknown","Unknown","Unknown","Other","Non-Related","Parked Vehicle","Not Applicable","Not Applicable","South Of",""
"681470","CR-0000090860","0","0","0","0","22-032-9704","False","True","0","2/1/2022 11:00:00 AM","No Pedestrians Involved","Dry","No Unusual Conditions","Daylight","Unknown","Controls Functioning","Clear","Sideswipe","Intersection","Other Vehicle","Not Applicable","Not Applicable","At",""
"681471","CR-0000090861","0","0","0","0","22-033-9712","False","True","51","2/1/2022 4:45:00 PM","No Pedestrians Involved","Dry","No Unusual Conditions","Daylight","Unknown","Unknown","Clear","Sideswipe","Non-Related","Other Vehicle","Not Applicable","Not Applicable","South Of",""
"681472","CR-0000090862","1","0","0","0","22-033-0190","False","False","51","2/2/2022 8:04:00 AM","No Pedestrians Involved","Dry","No Unusual Conditions","Daylight","Violation Driver 1","Unknown","Clear","Rear End","Non-Related","Other Vehicle","Not Applicable","Not Applicable","East Of",""
"681473","CR-0000090863","0","0","0","0","22-033-0427","False","False","0","2/2/2022 11:19:00 AM","No Pedestrians Involved","Dry","No Unusual Conditions","Daylight","Violation Driver 1","No Controls Present/Factor","Clear","Broadside","Intersection","Other Vehicle","Not Applicable","Not Applicable","At",""
"681474","CR-0000090864","0","0","0","0","22-033-0624","False","False","560","2/2/2022 3:46:00 PM","No Pedestrians Involved","Dry","No Unusual Conditions","Daylight","Violation Driver 1","No Controls Present/Factor","Clear","Vehicle/Bike","Non-Related","Bike","Not Applicable","Not Applicable","South Of","BIKE"
"681475","CR-0000090865","0","0","0","0","22-033-0661","False","False","37","2/2/2022 4:20:00 PM","No Pedestrians Involved","Dry","No Unusual Conditions","Daylight","Bike At Fault","Unknown","Clear","Head On","Related","Parked Vehicle","Not Applicable","Not Applicable","North Of","BIKE (MOTORIZED)"
"681476","CR-0000090866","0","0","0","0","22-033-4006","False","True","51","2/2/2022 6:30:00 PM","No Pedestrians Involved","Unknown","Unknown","Unknown","Unknown","Unknown","Unknown","Sideswipe","Non-Related","Parked Vehicle","Not Applicable","Not Applicable","East Of",""
"681477","CR-0000090867","0","0","0","0","22-034-4006","False","True","51","2/2/2022 7:57:00 AM","No Pedestrians Involved","Unknown","Unknown","Unknown","Unknown","Unknown","Unknown","Rear End","Non-Related","Other Vehicle","Not Applicable","Not Applicable","East Of",""
"681478","CR-0000090868","0","0","0","0","22-038-4006","False","True","51","2/2/2022 11:30:00 AM","No Pedestrians Involved","Unknown","Unknown","Daylight","Unknown","Unknown","Unknown","Other","Non-Related","Parked Vehicle","Not Applicable","Not Applicable","South Of",""