"CrashFactId","Name","MinorInjuries","ModerateInjuries","SevereInjuries","FatalInjuries","TcrNumber","CityDamageFlag","ShortFormFlag","Distance","CrashDateTime","PedestrianAction","RoadwaySurface","RoadwayCondition","Lighting","PrimaryCollisionFactor","TrafficControl","Weather","CollisionType","ProximityToIntersection","VehicleInvolvedWith","PedestrianDirectionFrom","PedestrianDirectionTo","DirectionFromIntersection","Comment"
"681479","CR-0000090869","0","0","0","0","22-033-9711","False","True","260","2/2/2022 6:00:00 AM","No Pedestrians Involved","Dry","No Unusual Conditions","Dark - Street Light","Unknown","No Controls Present/Factor","Clear","Sideswipe","Non-Related","Parked Vehicle","Not Applicable","Not Applicable","South Of",""
"681480","CR-0000090870","0","0","0","0","22-035-4000","False","True","51","2/3/2022 10:00:00 AM","No Pedestrians Involved","Unknown","Unknown","Daylight","Unknown","Unknown","Unknown","Rear End","Non-Related","Other Vehicle","Not Applicable","Not Applicable","East Of",""
"681481","CR-0000090871","0","0","0","0","22-035-4002","False","True","0","2/3/2022 2:25:00 PM","No Pedestrians Involved","Unknown","Unknown","Daylight","Unknown","Unknown","Unknown","Sideswipe","Intersection","Other Vehicle","Not Applicable","Not Applicable","At",""
"681482","CR-0000090872","2","0","0","0","22-034-0646","False","False","51","2/3/2022 3:44:00 PM","No Pedestrians Involved","Dry","No Unusual Conditions","Daylight","Violation Driver 1","No Controls Present/Factor","Clear","Sideswipe","Non-Related","Other Vehicle","Not Applicable","Not Applicable","West Of",""
"681483","CR-0000090873","1","0","0","0","22-034-0207","False","False","0","2/3/2022 8:01:00 AM","Crossing In Crosswalk - At Intersection","Dry","No Unusual Conditions","Daylight","Violation Driver 1","Controls Functioning","Clear","Vehicle/Pedestrian","Intersection","Pedestrian","South","North","At","PEDESTRIAN"
"681484","CR-0000090874","0","1","0","0","22-034-0602","False","False","176","2/3/2022 2:57:00 PM","No Pedestrians Involved","Unknown","Unknown","Daylight","Unknown","Unknown","Clear","Broadside","Non-Related","Other Vehicle","Not Applicable","Not Applicable","South Of",""
"681485","CR-0000090875","0","0","1","0","22-034-0631","False","False","30","2/3/2022 3:30:00 PM","No Pedestrians Involved","Dry","No Unusual Conditions","Daylight","Violation Driver 1","Controls Functioning","Clear","Other","Related","Non-Collision","Not Applicable","Not Applicable","South Of",""
"681486","CR-0000090876","0","1","0","0","22-034-0750","False","False","58","2/3/2022 4:27:00 PM","No Pedestrians Involved","Dry","No Unusual Conditions","Daylight","Violation Driver 1","No Controls Present/Factor","Clear","Broadside","Non-Related","Other Vehicle","Not Applicable","Not Applicable","North Of",""
"681487","CR-0000090877","2","0","0","0","22-034-0844","False","False","50","2/3/2022 6:34:00 PM","No Pedestrians Involved","Dry","No Unusual Conditions","Dark - Street Light","Violation Driver 1","Controls Functioning","Clear","Sideswipe","Related","Other Vehicle","Not Applicable","Not Applicable","South Of",""
"681488","CR-0000090878","1","0","0","0","22-034-0989","True","False","102","2/3/2022 9:49:00 PM","No Pedestrians Involved","Dry","No Unusual Conditions","Dark - Street Light","Violation Driver 1","No Controls Present/Factor","Clear","Head On","Non-Related","Fixed Object","Not Applicable","Not Applicable","West Of","TREE"
"681489","CR-0000090879","0","1","0","0","22-035-0209","False","False","0","2/4/2022 8:43:00 AM","No Pedestrians Involved","Dry","No Unusual Conditions","Daylight","Violation Driver 1","Controls Functioning","Clear","Vehicle/Bike","Intersection","Bike","Not Applicable","Not Applicable","At","BIKE"
"681490","CR-0000090880","0","1","0","0","22-035-0219","False","False","95","2/4/2022 9:56:00 AM","No Pedestrians Involved","Dry","No Unusual Conditions","Daylight","Violation Driver 1","Controls Functioning","Clear","Hit Object","Non-Related","Fixed Object","Not Applicable","Not Applicable","North Of","PG&E POLE"
"681491","CR-0000090881","1","0","0","0","22-035-0584","False","False","130","2/4/2022 3:26:00 PM","No Pedestrians Involved","Dry","Unknown","Daylight","Violation Driver 1","No Controls Present/Factor","Clear","Head On","Non-Related","Other Vehicle","Not Applicable","Not Applicable","North Of",""
"681492","CR-0000090882","1","1","0","0","22-035-0626","False","False","0","2/4/2022 4:21:00 PM","No Pedestrians Involved","Dry","No Unusual Conditions","Daylight","Violation Driver 1","Controls Functioning","Clear","Broadside","Intersection","Other Vehicle","Not Applicable","Not Applicable","At",""
"681493","CR-0000090883","0","1","0","0","22-035-0186","False","False","204","2/4/2022 8:23:00 AM","No Pedestrians Involved","Dry","No Unusual Conditions","Daylight","Violation Driver 1","No Controls Present/Factor","Clear","Rear End","Non-Related","Other Vehicle","Not Applicable","Not Applicable","East Of",""
"681494","CR-0000090884","0","0","0","0","22-035-0230","False","False","94","2/4/2022 9:18:00 AM","No Pedestrians Involved","Dry","No Unusual Conditions","Daylight","Violation Driver 1","Controls Functioning","Clear","Vehicle/Bike","Non-Related","Bike","Not Applicable","Not Applicable","North Of","BIKE"
"681495","CR-0000090885","1","0","0","0","22-035-0322","False","False","0","2/4/2022 11:04:00 AM","No Pedestrians Involved","Dry","No Unusual Conditions","Daylight","Violation Driver 1","No Controls Present/Factor","Clear","Head On","Intersection","Other Vehicle","Not Applicable","Not Applicable","At",""
"681496","CR-0000090886","0","0","0","0","22-035-0563","False","False","0","2/4/2022 3:06:00 PM","No Pedestrians Involved","Dry","Unknown","Daylight","Violation Driver 1","Controls Functioning","Clear","Head On","Intersection","Motor Vehicle On Other Roadway","Not Applicable","Not Applicable","At",""
"681497","CR-0000090887","3","0","0","0","22-035-0677","False","False","0","2/4/2022 5:33:00 PM","No Pedestrians Involved","Dry","No Unusual Conditions","Daylight","Violation Driver 1","No Controls Present/Factor","Clear","Rear End","Intersection","Other Vehicle","Not Applicable","Not Applicable","At",""
"681498","CR-0000090888","0","0","0","0","22-037-4000","False","True","51","2/5/2022 7:00:00 PM","No Pedestrians Involved","Unknown","Unknown","Unknown","Unknown","Unknown","Unknown","Sideswipe","Non-Related","Parked Vehicle","Not Applicable","Not Applicable","East Of",""
"681499","CR-0000090889","0","0","0","0","22-036-0918","False","False","466","2/5/2022 10:48:00 PM","No Pedestrians Involved","Dry","No Unusual Conditions","Dark - Street Light","Violation Driver 1","Controls Functioning","Clear","Sideswipe","Non-Related","Parked Vehicle","Not Applicable","Not Applicable","South Of",""
"681500","CR-0000090890","0","0","0","0","22-036-0949","False","False","0","2/5/2022 11:13:00 PM","No Pedestrians Involved","Dry","No Unusual Conditions","Dark - Street Light","Violation Driver 1","Controls Functioning","Clear","Rear End","Intersection","Other Vehicle","Not Applicable","Not Applicable","At",""
"681501","CR-0000090891","0","0","0","0","22-036-0352","True","False","16","2/5/2022 11:09:00 AM","No Pedestrians Involved","Dry","No Unusual Conditions","Daylight","Violation Driver 1","No Controls Present/Factor","Clear","Head On","Related","Other Object","Not Applicable","Not Applicable","South Of","SIGN"
"681502","CR-0000090892","3","0","0","0","22-036-0418","False","False","0","2/5/2022 12:42:00 PM","No Pedestrians Involved","Dry","No Unusual Conditions","Daylight","Violation Driver 1","Controls Functioning","Clear","Head On","Intersection","Other Vehicle","Not Applicable","Not Applicable","At",""
"681503","CR-0000090893","0","0","0","0","22-036-0111","False","False","135","2/5/2022 2:00:00 AM","No Pedestrians Involved","Dry","No Unusual Conditions","Unknown","Violation Driver 1","No Controls Present/Factor","Clear","Rear End","Non-Related","Parked Vehicle","Not Applicable","Not Applicable","North Of",""
"681504","CR-0000090894","0","0","0","0","22-036-0152","True","False","45","2/5/2022 3:15:00 AM","No Pedestrians Involved","Dry","No Unusual Conditions","Dark - Street Light","Violation Driver 1","Unknown","Clear","Hit Object","Related","Fixed Object","Not Applicable","Not Applicable","North Of","LIGHT POLE"
"681505","CR-0000090895","0","0","0","0","22-036-0412","False","False","407","2/5/2022 12:35:00 PM","No Pedestrians Involved","Unknown","No Unusual Conditions","Daylight","Violation Driver 1","No Controls Present/Factor","Clear","Hit Object","Non-Related","Fixed Object","Not Applicable","Not Applicable","East Of","FIRE HYDRANT"
"681506","CR-0000090896","0","0","0","0","22-036-0447","False","False","0","2/5/2022 1:27:00 PM","No Pedestrians Involved","Dry","No Unusual Conditions","Daylight","Violation Driver 1","Controls Functioning","Clear","Rear End","Intersection","Other Vehicle","Not Applicable","Not Applicable","At",""
"681507","CR-0000090897","0","1","0","0","22-036-0545","False","False","0","2/5/2022 4:00:00 PM","No Pedestrians Involved","Dry","No Unusual Conditions","Daylight","Violation Driver 1","Controls Functioning","Clear","Head On","Intersection","Other Vehicle","Not Applicable","Not Applicable","At",""
"681508","CR-0000090898","1","0","0","0","22-036-0892","False","False","0","2/5/2022 10:17:00 PM","No Pedestrians Involved","Dry","No Unusual Conditions","Dark - Street Light","Violation Driver 1","Controls Functioning","Clear","Broadside","Intersection","Other Vehicle","Not Applicable","Not Applicable","At",""
"681509","CR-0000090899","0","0","0","0","22-037-0165","False","False","0","2/6/2022 4:16:00 AM","No Pedestrians Involved","Dry","No Unusual Conditions","Dark - Street Light","Violation Driver 1","No Controls Present/Factor","Clear","Sideswipe","Intersection","Motor Vehicle On Other Roadway","Not Applicable","Not Applicable","At",""
"681510","CR-0000090901","1","0","0","0","22-037-0305","False","False","110","2/6/2022 10:10:00 AM","No Pedestrians Involved","Dry","No Unusual Conditions","Daylight","Violation Driver 1","Controls Functioning","Clear","Rear End","Non-Related","Other Vehicle","Not Applicable","Not Applicable","East Of",""
"681511","CR-0000090902","1","0","0","0","22-029-0364","True","False","110","1/29/2022 11:48:00 AM","No Pedestrians Involved","Dry","No Unusual Conditions","Daylight","Violation Driver 1","No Controls Present/Factor","Clear","Head On","Non-Related","Fixed Object","Not Applicable","Not Applicable","North Of","Tree"
"681512","CR-0000090903","0","0","0","0","22-037-0334","False","False","0","2/6/2022 11:25:00 AM","No Pedestrians Involved","Dry","No Unusual Conditions","Daylight","Violation Driver 1","No Controls Present/Factor","Clear","Broadside","Intersection","Other Vehicle","Not Applicable","Not Applicable","At",""
"681513","CR-0000090904","1","0","0","0","22-037-0425","False","False","160","2/6/2022 1:06:00 PM","No Pedestrians Involved","Dry","No Unusual Conditions","Daylight","Violation Driver 1","Unknown","Clear","Rear End","Non-Related","Parked Vehicle","Not Applicable","Not Applicable","South Of",""
"681514","CR-0000090906","0","1","0","0","22-037-0439","False","False","0","2/6/2022 6:44:00 PM","Crossing - Not In Crosswalk","Dry","No Unusual Conditions","Daylight","Violation Driver 1","No Controls Present/Factor","Clear","Vehicle/Pedestrian","Intersection","Pedestrian","South","North","At","PEDESTRIAN"
"681515","CR-0000090909","0","1","0","0","22-037-0505","True","False","212","2/6/2022 2:49:00 PM","No Pedestrians Involved","Dry","No Unusual Conditions","Daylight","Violation Driver 1","Controls Functioning","Clear","Head On","Non-Related","Fixed Object","Not Applicable","Not Applicable","West Of","LIGHT POLE"
"681516","CR-0000090910","0","0","0","0","22-037-0559","False","False","60","2/6/2022 3:50:00 PM","No Pedestrians Involved","Dry","No Unusual Conditions","Daylight","Violation Driver 1","No Controls Present/Factor","Clear","Sideswipe","Non-Related","Other Vehicle","Not Applicable","Not Applicable","South Of",""
"681517","CR-0000090913","0","0","0","0","22-030-0143","False","False","0","1/30/2022 2:36:00 AM","No Pedestrians Involved","Dry","No Unusual Conditions","Dark - Street Light","Violation Driver 1","No Controls Present/Factor","Clear","Head On","Intersection","Parked Vehicle","Not Applicable","Not Applicable","At",""
"681518","CR-0000090914","0","0","0","0","22-030-0234","False","False","45","1/30/2022 6:37:00 AM","No Pedestrians Involved","Unknown","Unknown","Daylight","Violation Driver 1","Unknown","Unknown","Broadside","Related","Parked Vehicle","Not Applicable","Not Applicable","South Of",""
"681519","CR-0000090915","1","0","0","0","22-030-0246","False","False","1120","1/30/2022 7:40:00 AM","No Pedestrians Involved","Dry","No Unusual Conditions","Daylight","Violation Driver 1","Controls Functioning","Clear","Head On","Non-Related","Other Vehicle","Not Applicable","Not Applicable","South Of",""
"681520","CR-0000090916","0","0","0","0","22-030-0382","True","False","0","1/30/2022 10:57:00 AM","No Pedestrians Involved","Dry","No Unusual Conditions","Daylight","Violation Driver 1","No Controls Present/Factor","Clear","Hit Object","Intersection","Fixed Object","Not Applicable","Not Applicable","North Of","Guard Rail"
"681521","CR-0000090917","1","0","0","0","22-030-0737","False","False","0","1/30/2022 7:50:00 PM","No Pedestrians Involved","Dry","No Unusual Conditions","Dark - Street Light","Violation Driver 1","Controls Functioning","Clear","Rear End","Intersection","Other Vehicle","Not Applicable","Not Applicable","At",""
"681522","CR-0000090918","0","1","0","0","22-037-0564","True","False","298","2/6/2022 4:06:00 PM","No Pedestrians Involved","Dry","No Unusual Conditions","Daylight","Violation Driver 1","Controls Functioning","Clear","Head On","Non-Related","Fixed Object","Not Applicable","Not Applicable","West Of","TREE"
"681523","CR-0000090919","1","0","0","0","22-037-0692","False","False","0","2/6/2022 6:29:00 PM","No Pedestrians Involved","Dry","No Unusual Conditions","Dark - Street Light","Violation Driver 1","Controls Functioning","Clear","Rear End","Intersection","Other Vehicle","Not Applicable","Not Applicable","At",""
"681524","CR-0000090920","1","1","0","0","22-037-0745","False","False","66","2/6/2022 7:43:00 PM","No Pedestrians Involved","Dry","No Unusual Conditions","Dark - Street Light","Violation Driver 1","No Controls Present/Factor","Clear","Rear End","Non-Related","Parked Vehicle","Not Applicable","Not Applicable","South Of",""
"681525","CR-0000090921","0","0","0","0","22-037-4001","False","True","51","2/6/2022 7:10:00 PM","No Pedestrians Involved","Unknown","Unknown","Unknown","Unknown","Unknown","Unknown","Other","Non-Related","Parked Vehicle","Not Applicable","Not Applicable","South Of",""
"681526","CR-0000090922","0","0","0","0","22-037-9702","False","True","241","2/6/2022 12:49:00 PM","No Pedestrians Involved","Dry","No Unusual Conditions","Daylight","Unknown","Unknown","Clear","Sideswipe","Non-Related","Parked Vehicle","Not Applicable","Not Applicable","West Of",""
"681527","CR-0000090923","0","0","0","0","22-038-9707","False","True","125","2/6/2022 12:29:00 PM","No Pedestrians Involved","Dry","No Unusual Conditions","Daylight","Unknown","No Controls Present/Factor","Clear","Sideswipe","Non-Related","Other Vehicle","Not Applicable","Not Applicable","South Of",""
"681528","CR-0000090924","0","0","0","0","22-046-9715","False","True","51","2/6/2022 3:20:00 PM","No Pedestrians Involved","Dry","No Unusual Conditions","Daylight","Unknown","Unknown","Clear","Rear End","Non-Related","Other Vehicle","Not Applicable","Not Applicable","West Of",""
"681529","CR-0000090925","0","0","0","0","22-038-0001","True","False","1064","2/7/2022 12:00:00 AM","No Pedestrians Involved","Dry","No Unusual Conditions","Dark - Street Light","Violation Driver 1","No Controls Present/Factor","Clear","Hit Object","Non-Related","Fixed Object","Not Applicable","Not Applicable","West Of","NO PARKING SIGN"
"681530","CR-0000090926","0","0","0","0","22-038-0003","False","False","298","2/7/2022 12:04:00 AM","No Pedestrians Involved","Dry","No Unusual Conditions","Dark - Street Light","Violation Driver 1","No Controls Present/Factor","Clear","Rear End","Non-Related","Parked Vehicle","Not Applicable","Not Applicable","East Of",""
"681531","CR-0000090927","0","1","0","0","22-038-0140","False","False","40","2/7/2022 6:20:00 AM","No Pedestrians Involved","Dry","No Unusual Conditions","Daylight","Violation Driver 1","Controls Functioning","Clear","Rear End","Related","Other Vehicle","Not Applicable","Not Applicable","South Of",""
"681532","CR-0000090928","1","1","0","0","22-038-0245","True","False","0","2/7/2022 12:00:00 AM","No Pedestrians Involved","Dry","No Unusual Conditions","Dark - Street Light","Violation Driver 1","Controls Functioning","Clear","Hit Object","Intersection","Fixed Object","Not Applicable","Not Applicable","At","TREE"
"681533","CR-0000090929","0","0","0","0","22-038-0418","False","False","87","2/7/2022 12:20:00 PM","No Pedestrians Involved","Dry","No Unusual Conditions","Daylight","Violation Driver 1","No Controls Present/Factor","Clear","Sideswipe","Non-Related","Parked Vehicle","Not Applicable","Not Applicable","South Of",""
"681534","CR-0000090930","0","0","0","0","22-038-0463","False","False","0","2/7/2022 3:11:00 PM","No Pedestrians Involved","Dry","No Unusual Conditions","Daylight","Violation Driver 1","Unknown","Clear","Head On","Intersection","Other Vehicle","Not Applicable","Not Applicable","At",""
"681535","CR-0000090931","2","0","0","0","22-038-0465","False","False","211","2/7/2022 1:16:00 PM","No Pedestrians Involved","Dry","No Unusual Conditions","Daylight","Violation Driver 1","Controls Functioning","Clear","Sideswipe","Non-Related","Other Vehicle","Not Applicable","Not Applicable","North Of",""
"681536","CR-0000090932","0","2","0","0","22-038-0550","False","False","0","2/7/2022 2:33:00 PM","No Pedestrians Involved","Dry","No Unusual Conditions","Daylight","Violation Driver 1","Controls Functioning","Clear","Head On","Intersection","Other Vehicle","Not Applicable","Not Applicable","At",""
"681537","CR-0000090933","0","1","0","0","22-038-0781","False","False","225","2/7/2022 6:52:00 PM","No Pedestrians Involved","Dry","No Unusual Conditions","Dark - Street Light","Violation Driver 1","No Controls Present/Factor","Clear","Rear End","Non-Related","Parked Vehicle","Not Applicable","Not Applicable","North Of",""
"681538","CR-0000090934","0","0","0","0","22-039-4000","False","True","0","2/7/2022 11:15:00 AM","No Pedestrians Involved","Unknown","Unknown","Daylight","Unknown","Unknown","Unknown","Broadside","Intersection","Other Vehicle","Not Applicable","Not Applicable","At",""
"681539","CR-0000090935","0","0","0","0","22-038-4002","False","True","0","2/7/2022 8:50:00 AM","No Pedestrians Involved","Unknown","Unknown","Daylight","Unknown","Unknown","Unknown","Broadside","Intersection","Other Vehicle","Not Applicable","Not Applicable","At",""
"681540","CR-0000090936","0","0","0","0","22-030-0433","True","False","0","1/30/2022 9:48:00 PM","No Pedestrians Involved","Dry","No Unusual Conditions","Dark - Street Light","Violation Driver 1","No Controls Present/Factor","Cloudy","Head On","Intersection","Fixed Object","Not Applicable","Not Applicable","At","Stop Sign"
"681541","CR-0000090937","1","0","0","0","22-030-0741","False","False","110","1/30/2022 7:55:00 PM","No Pedestrians Involved","Dry","No Unusual Conditions","Dark - Street Light","Violation Driver 1","Controls Functioning","Clear","Rear End","Non-Related","Other Vehicle","Not Applicable","Not Applicable","West Of",""
"681542","CR-0000090938","0","0","0","0","22-030-0745","False","False","0","1/30/2022 7:59:00 PM","No Pedestrians Involved","Dry","No Unusual Conditions","Dark - Street Light","Violation Driver 1","Controls Functioning","Clear","Head On","Intersection","Other Vehicle","Not Applicable","Not Applicable","At",""
"681543","CR-0000090939","0","0","0","0","22-039-4002","False","True","51","2/7/2022 5:15:00 PM","No Pedestrians Involved","Unknown","Unknown","Daylight","Unknown","Unknown","Unknown","Other","Non-Related","Other Vehicle","Not Applicable","Not Applicable","South Of",""
"681544","CR-0000090940","0","0","0","0","22-040-9702","False","True","","2/7/2022 2:55:00 PM","No Pedestrians Involved","Dry","No Unusual Conditions","Daylight","Unknown","Controls Functioning","Clear","Rear End","Related","Other Vehicle","Not Applicable","Not Applicable","West Of",""
"681545","CR-0000090941","0","0","0","0","22-039-9708","False","True","0","2/7/2022 11:40:00 PM","No Pedestrians Involved","Dry","No Unusual Conditions","Dark - Street Light","Unknown","Controls Functioning","Clear","Broadside","Intersection","Other Vehicle","Not Applicable","Not Applicable","At",""
"681546","CR-0000090942","0","1","0","0","22-038-0759","False","False","143","2/7/2022 6:18:00 PM","Crossing - Not In Crosswalk","Dry","No Unusual Conditions","Dark - Street Light Not Functioning","Pedestrian At Fault","No Controls Present/Factor","Clear","Vehicle/Pedestrian","Non-Related","Pedestrian","North","South","East Of","PEDESTRIAN"
"681547","CR-0000090943","0","0","0","0","22-039-0022","False","False","","2/8/2022 12:28:00 AM","No Pedestrians Involved","Dry","No Unusual Conditions","Dark - Street Light","Violation Driver 1","No Controls Present/Factor","Clear","Sideswipe","Related","Other Vehicle","Not Applicable","Not Applicable","North Of",""
"681548","CR-0000090944","0","0","1","0","22-039-0147","False","False","28","2/8/2022 6:18:00 AM","Crossing - Not In Crosswalk","Dry","Unknown","Dusk - Dawn","Pedestrian At Fault","Controls Functioning","Clear","Vehicle/Pedestrian","Related","Pedestrian","South","North","West Of","PEDESTRIAN"
"681549","CR-0000090945","1","0","0","0","22-039-0507","False","False","51","2/8/2022 1:30:00 PM","No Pedestrians Involved","Dry","No Unusual Conditions","Daylight","Violation Driver 1","Controls Functioning","Clear","Rear End","Non-Related","Other Vehicle","Not Applicable","Not Applicable","South Of",""
"681550","CR-0000090946","0","1","0","0","22-039-0614","False","False","0","2/8/2022 3:14:00 PM","No Pedestrians Involved","Dry","No Unusual Conditions","Daylight","Violation Driver 1","No Controls Present/Factor","Clear","Rear End","Intersection","Other Vehicle","Not Applicable","Not Applicable","At",""
"681551","CR-0000090947","0","1","0","0","22-039-0657","False","False","22","2/8/2022 3:50:00 PM","Crossing In Crosswalk - At Intersection","Dry","No Unusual Conditions","Daylight","Violation Driver 1","No Controls Present/Factor","Clear","Vehicle/Pedestrian","Related","Pedestrian","Unknown","Unknown","South Of","PEDESTRIAN"
"681552","CR-0000090948","0","0","0","0","22-040-9703","False","True","","2/8/2022 1:15:00 PM","No Pedestrians Involved","Dry","No Unusual Conditions","Daylight","Unknown","Controls Functioning","Clear","Rear End","Related","Other Vehicle","Not Applicable","Not Applicable","North Of",""
"681553","CR-0000090949","1","0","0","0","22-040-0179","False","False","0","2/9/2022 8:01:00 AM","Crossing In Crosswalk - At Intersection","Dry","Unknown","Dusk - Dawn","Violation Driver 1","Controls Functioning","Clear","Vehicle/Pedestrian","Related","Pedestrian","South","North","At","PEDESTRIAN"
"681554","CR-0000090950","0","0","0","0","22-040-0324","False","False","28","2/9/2022 10:28:00 AM","No Pedestrians Involved","Dry","No Unusual Conditions","Daylight","Violation Driver 1","Controls Functioning","Clear","Head On","Related","Other Vehicle","Not Applicable","Not Applicable","East Of",""
"681555","CR-0000090951","1","0","0","0","22-040-0511","False","False","0","2/9/2022 1:31:00 PM","No Pedestrians Involved","Dry","No Unusual Conditions","Daylight","Violation Driver 1","Controls Functioning","Clear","Head On","Intersection","Other Vehicle","Not Applicable","Not Applicable","At",""
"681556","CR-0000090953","0","0","0","0","22-040-0782","True","False","560","2/9/2022 5:45:00 PM","No Pedestrians Involved","Dry","No Unusual Conditions","Dusk - Dawn","Violation Driver 1","No Controls Present/Factor","Clear","Hit Object","Non-Related","Fixed Object","Not Applicable","Not Applicable","South Of","TREE"
"681557","CR-0000090954","1","1","0","0","22-040-0847","False","False","171","2/9/2022 7:09:00 PM","No Pedestrians Involved","Dry","No Unusual Conditions","Dark - Street Light","Unknown","No Controls Present/Factor","Clear","Broadside","Non-Related","Other Vehicle","Not Applicable","Not Applicable","East Of",""
"681558","CR-0000090955","0","0","0","0","22-040-1008","False","False","159","2/9/2022 11:36:00 PM","No Pedestrians Involved","Dry","No Unusual Conditions","Dark - Street Light","Violation Driver 1","No Controls Present/Factor","Clear","Other","Non-Related","Parked Vehicle","Not Applicable","Not Applicable","West Of",""
"681559","CR-0000090956","1","0","0","0","22-041-0354","False","False","0","2/10/2022 10:33:00 AM","No Pedestrians Involved","Dry","No Unusual Conditions","Daylight","Violation Driver 1","No Controls Present/Factor","Clear","Rear End","Intersection","Other Vehicle","Not Applicable","Not Applicable","At",""
"681560","CR-0000090957","1","0","0","0","22-041-0383","False","False","40","2/10/2022 11:03:00 AM","No Pedestrians Involved","Dry","No Unusual Conditions","Daylight","Violation Driver 1","No Controls Present/Factor","Clear","Rear End","Related","Other Vehicle","Not Applicable","Not Applicable","North Of",""
"681561","CR-0000090958","0","0","0","0","22-041-0386","False","False","374","2/10/2022 11:06:00 AM","No Pedestrians Involved","Dry","No Unusual Conditions","Daylight","Violation Driver 1","No Controls Present/Factor","Clear","Head On","Non-Related","Other Vehicle","Not Applicable","Not Applicable","North Of",""
"681562","CR-0000090959","0","2","0","0","22-041-0576","False","False","1252","2/10/2022 1:42:00 PM","No Pedestrians Involved","Dry","No Unusual Conditions","Daylight","Violation Driver 1","Controls Functioning","Clear","Head On","Non-Related","Other Vehicle","Not Applicable","Not Applicable","North Of",""
"681563","CR-0000090960","0","1","0","0","22-041-0649","False","False","0","2/10/2022 3:03:00 PM","No Pedestrians Involved","Dry","No Unusual Conditions","Daylight","Violation Driver 1","No Controls Present/Factor","Clear","Broadside","Intersection","Other Vehicle","Not Applicable","Not Applicable","At",""
"681564","CR-0000090961","2","0","0","0","22-041-0665","False","False","0","2/10/2022 3:15:00 PM","No Pedestrians Involved","Dry","No Unusual Conditions","Daylight","Violation Driver 1","Controls Functioning","Clear","Sideswipe","Intersection","Other Vehicle","Not Applicable","Not Applicable","At",""
"681565","CR-0000090962","0","1","0","0","22-041-0814","False","False","150","2/10/2022 5:39:00 PM","No Pedestrians Involved","Dry","No Unusual Conditions","Daylight","Violation Driver 1","No Controls Present/Factor","Clear","Vehicle/Bike","Non-Related","Scooter Motorized","Not Applicable","Not Applicable","East Of","BIKE (MOTORIZED SCOOTER)"
"681566","CR-0000090963","0","1","0","0","22-042-0352","True","False","184","2/11/2022 11:18:00 AM","No Pedestrians Involved","Dry","No Unusual Conditions","Daylight","Violation Driver 1","Controls Functioning","Clear","Other","Non-Related","Fixed Object","Not Applicable","Not Applicable","East Of","TREE"
"681567","CR-0000090964","1","1","0","0","22-043-0610","False","False","882","2/12/2022 4:47:00 PM","No Pedestrians Involved","Dry","No Unusual Conditions","Daylight","Violation Driver 1","No Controls Present/Factor","Clear","Broadside","Non-Related","Other Vehicle","Not Applicable","Not Applicable","East Of",""
"681568","CR-0000090965","0","0","0","0","22-045-0764","False","False","100","2/14/2022 6:08:00 PM","No Pedestrians Involved","Dry","No Unusual Conditions","Daylight","Violation Driver 1","No Controls Present/Factor","Clear","Rear End","Non-Related","Parked Vehicle","Not Applicable","Not Applicable","North Of",""
"681569","CR-0000090966","0","0","0","0","22-042-0107","False","False","56","2/11/2022 3:37:00 AM","No Pedestrians Involved","Dry","No Unusual Conditions","Dark - Street Light","Violation Driver 1","Controls Functioning","Clear","Head On","Non-Related","Fixed Object","Not Applicable","Not Applicable","West Of",""
"681570","CR-0000090967","1","0","0","0","22-042-0574","False","False","0","2/11/2022 3:51:00 PM","No Pedestrians Involved","Dry","No Unusual Conditions","Daylight","Violation Driver 1","Controls Functioning","Clear","Broadside","Intersection","Other Vehicle","Not Applicable","Not Applicable","At",""
"681571","CR-0000090968","0","0","0","0","22-042-0708","False","False","141","2/11/2022 5:28:00 PM","No Pedestrians Involved","Dry","No Unusual Conditions","Daylight","Violation Driver 1","No Controls Present/Factor","Clear","Other","Non-Related","Other Vehicle","Not Applicable","Not Applicable","East Of",""
"681572","CR-0000090969","3","0","0","0","22-042-0807","False","False","0","2/11/2022 7:08:00 PM","No Pedestrians Involved","Dry","No Unusual Conditions","Dark - Street Light","Violation Driver 1","Controls Functioning","Clear","Head On","Intersection","Other Vehicle","Not Applicable","Not Applicable","At",""
"681573","CR-0000090970","0","0","0","0","22-042-0961","False","False","32","2/11/2022 9:48:00 PM","No Pedestrians Involved","Dry","No Unusual Conditions","Dark - Street Light","Violation Driver 1","Controls Functioning","Clear","Rear End","Related","Parked Vehicle","Not Applicable","Not Applicable","South Of",""
"681574","CR-0000090971","0","0","0","0","22-043-0117","False","False","578","2/12/2022 2:40:00 AM","No Pedestrians Involved","Dry","No Unusual Conditions","Dark - Street Light","Violation Driver 1","Controls Functioning","Clear","Overturned","Non-Related","Non-Collision","Not Applicable","Not Applicable","South Of",""
"681575","CR-0000090972","1","0","0","0","22-043-0145","True","False","144","2/12/2022 3:45:00 AM","No Pedestrians Involved","Dry","No Unusual Conditions","Dark - Street Light","Violation Driver 1","Controls Functioning","Clear","Hit Object","Non-Related","Fixed Object","Not Applicable","Not Applicable","South Of","CURB/TREE"