"CrashFactId","Name","MinorInjuries","ModerateInjuries","SevereInjuries","FatalInjuries","TcrNumber","CityDamageFlag","ShortFormFlag","Distance","CrashDateTime","PedestrianAction","RoadwaySurface","RoadwayCondition","Lighting","PrimaryCollisionFactor","TrafficControl","Weather","CollisionType","ProximityToIntersection","VehicleInvolvedWith","PedestrianDirectionFrom","PedestrianDirectionTo","DirectionFromIntersection","Comment"
"681576","CR-0000090973","0","0","0","0","22-043-0232","True","False","0","2/12/2022 8:49:00 AM","No Pedestrians Involved","Dry","No Unusual Conditions","Daylight","Violation Driver 1","Controls Functioning","Clear","Hit Object","Intersection","Fixed Object","Not Applicable","Not Applicable","At","LIGHT POLE"
"681577","CR-0000090974","1","1","0","0","22-043-0429","False","False","0","2/12/2022 1:30:00 PM","No Pedestrians Involved","Dry","No Unusual Conditions","Daylight","Violation Driver 1","Controls Functioning","Clear","Broadside","Intersection","Other Vehicle","Not Applicable","Not Applicable","At",""
"681578","CR-0000090975","0","2","0","0","22-043-0543","False","False","107","2/12/2022 3:27:00 PM","No Pedestrians Involved","Dry","No Unusual Conditions","Daylight","Violation Driver 1","No Controls Present/Factor","Clear","Rear End","Non-Related","Other Vehicle","Not Applicable","Not Applicable","East Of",""
"681579","CR-0000090976","0","0","0","0","22-043-0569","True","False","0","2/12/2022 4:00:00 PM","No Pedestrians Involved","Dry","No Unusual Conditions","Daylight","Violation Driver 1","Controls Functioning","Clear","Sideswipe","Intersection","Fixed Object","Not Applicable","Not Applicable","At","TRAFFIC SIGNAL"
"681580","CR-0000090977","0","0","0","0","22-043-0593","False","False","338","2/12/2022 4:29:00 PM","No Pedestrians Involved","Dry","No Unusual Conditions","Daylight","Violation Driver 1","No Controls Present/Factor","Clear","Rear End","Non-Related","Other Vehicle","Not Applicable","Not Applicable","East Of",""
"681581","CR-0000090978","2","0","0","0","22-043-0887","False","False","0","2/12/2022 9:22:00 PM","No Pedestrians Involved","Dry","No Unusual Conditions","Dark - Street Light","Violation Driver 1","Controls Functioning","Clear","Broadside","Intersection","Other Vehicle","Not Applicable","Not Applicable","At",""
"681582","CR-0000090979","0","0","0","0","22-043-1062","False","False","73","2/12/2022 11:50:00 PM","No Pedestrians Involved","Dry","No Unusual Conditions","Dark - Street Light","Violation Driver 1","No Controls Present/Factor","Clear","Head On","Non-Related","Parked Vehicle","Not Applicable","Not Applicable","South Of",""
"681583","CR-0000090980","0","0","0","0","22-044-0029","False","False","234","2/13/2022 12:00:00 AM","No Pedestrians Involved","Dry","No Unusual Conditions","Dark - Street Light","Violation Driver 1","No Controls Present/Factor","Clear","Rear End","Non-Related","Other Vehicle","Not Applicable","Not Applicable","West Of",""
"681584","CR-0000090981","0","1","0","0","22-044-0060","False","False","178","2/13/2022 1:16:00 AM","No Pedestrians Involved","Dry","No Unusual Conditions","Dark - Street Light","Violation Driver 1","No Controls Present/Factor","Clear","Head On","Non-Related","Parked Vehicle","Not Applicable","Not Applicable","East Of",""
"681585","CR-0000090982","0","0","0","0","22-044-0105","False","False","34","2/13/2022 2:47:00 AM","No Pedestrians Involved","Dry","Unknown","Dark - Street Light","Violation Driver 1","Unknown","Clear","Other","Related","Parked Vehicle","Not Applicable","Not Applicable","East Of",""
"681586","CR-0000090983","0","0","0","0","22-044-0145","True","False","23","2/13/2022 4:56:00 AM","No Pedestrians Involved","Dry","No Unusual Conditions","Dark - Street Light","Violation Driver 1","No Controls Present/Factor","Clear","Head On","Related","Fixed Object","Not Applicable","Not Applicable","South Of","CURB/BUSH"
"681587","CR-0000090984","0","0","0","0","22-045-0152","False","False","0","2/13/2022 4:00:00 PM","No Pedestrians Involved","Dry","No Unusual Conditions","Daylight","Violation Driver 1","Controls Functioning","Clear","Rear End","Intersection","Parked Vehicle","Not Applicable","Not Applicable","At",""
"681588","CR-0000090985","0","0","0","0","22-044-0447","False","False","81","2/13/2022 1:02:00 PM","No Pedestrians Involved","Dry","No Unusual Conditions","Daylight","Violation Driver 1","No Controls Present/Factor","Clear","Rear End","Non-Related","Parked Vehicle","Not Applicable","Not Applicable","East Of",""
"681589","CR-0000090986","0","1","0","0","22-044-0525","False","False","51","2/13/2022 2:50:00 PM","No Pedestrians Involved","Dry","No Unusual Conditions","Daylight","Violation Driver 1","No Controls Present/Factor","Clear","Sideswipe","Non-Related","Other Vehicle","Not Applicable","Not Applicable","East Of",""
"681590","CR-0000090987","0","0","0","0","22-044-0605","True","False","172","2/13/2022 5:08:00 PM","No Pedestrians Involved","Dry","No Unusual Conditions","Daylight","Violation Driver 1","No Controls Present/Factor","Clear","Head On","Non-Related","Fixed Object","Not Applicable","Not Applicable","East Of","LIGHT POLE (16O159)"
"681591","CR-0000090989","0","0","0","0","22-071-4001","False","True","51","2/13/2022 4:00:00 PM","No Pedestrians Involved","Unknown","Unknown","Daylight","Unknown","Unknown","Unknown","Other","Non-Related","Parked Vehicle","Not Applicable","Not Applicable","East Of",""
"681592","CR-0000090988","1","0","0","0","22-044-0884","False","False","1056","2/13/2022 10:24:00 PM","No Pedestrians Involved","Dry","No Unusual Conditions","Dark - Street Light","Violation Driver 1","No Controls Present/Factor","Clear","Head On","Non-Related","Other Object","Not Applicable","Not Applicable","South Of","FENCE LINE DAMAGE (VTA)"
"681593","CR-0000090990","0","0","0","0","22-045-0093","False","False","563","2/14/2022 2:36:00 AM","No Pedestrians Involved","Dry","No Unusual Conditions","Dark - Street Light","Violation Driver 1","No Controls Present/Factor","Clear","Sideswipe","Non-Related","Parked Vehicle","Not Applicable","Not Applicable","West Of",""
"681594","CR-0000090991","0","0","0","0","22-046-0413","False","False","225","2/15/2022 11:32:00 AM","No Pedestrians Involved","Dry","Unknown","Daylight","Violation Driver 1","Controls Functioning","Clear","Broadside","Non-Related","Motor Vehicle On Other Roadway","Not Applicable","Not Applicable","South Of",""
"681595","CR-0000090992","0","1","0","0","22-046-0444","False","False","0","2/15/2022 12:23:00 PM","No Pedestrians Involved","Dry","No Unusual Conditions","Daylight","Violation Driver 1","Controls Functioning","Clear","Broadside","Intersection","Other Vehicle","Not Applicable","Not Applicable","At",""
"681596","CR-0000090993","0","0","0","0","22-046-0487","False","False","0","2/15/2022 12:19:00 PM","No Pedestrians Involved","Dry","No Unusual Conditions","Daylight","Violation Driver 1","Controls Functioning","Clear","Rear End","Intersection","Other Vehicle","Not Applicable","Not Applicable","At",""
"681597","CR-0000090994","0","0","0","0","22-046-0685","False","False","84","2/15/2022 4:21:00 PM","No Pedestrians Involved","Dry","No Unusual Conditions","Dark - Street Light","Violation Driver 1","Controls Functioning","Clear","Sideswipe","Non-Related","Parked Vehicle","Not Applicable","Not Applicable","North Of",""
"681598","CR-0000090995","2","0","0","0","22-046-0774","False","False","0","2/15/2022 5:46:00 PM","No Pedestrians Involved","Dry","No Unusual Conditions","Daylight","Violation Driver 1","Controls Functioning","Clear","Head On","Intersection","Other Vehicle","Not Applicable","Not Applicable","At",""
"681599","CR-0000090996","1","0","0","0","22-046-0784","False","False","66","2/15/2022 5:53:00 PM","No Pedestrians Involved","Dry","No Unusual Conditions","Daylight","Violation Driver 1","Controls Functioning","Clear","Rear End","Non-Related","Other Vehicle","Not Applicable","Not Applicable","West Of",""
"681600","CR-0000090997","0","1","0","0","22-046-0915","False","False","0","2/15/2022 8:12:00 PM","No Pedestrians Involved","Dry","No Unusual Conditions","Dark - Street Light","Bike At Fault","Controls Functioning","Clear","Vehicle/Bike","Intersection","Bike","Not Applicable","Not Applicable","At","BIKE"
"681601","CR-0000090998","0","0","0","0","22-047-0014","True","False","18","2/16/2022 12:10:00 AM","No Pedestrians Involved","Dry","No Unusual Conditions","Dark - Street Light","Violation Driver 1","No Controls Present/Factor","Clear","Other","Related","Fixed Object","Not Applicable","Not Applicable","South Of","CURB"
"681602","CR-0000090999","0","1","0","0","22-047-0070","False","False","497","2/16/2022 1:44:00 AM","No Pedestrians Involved","Dry","No Unusual Conditions","Dark - Street Light","Violation Driver 1","No Controls Present/Factor","Clear","Broadside","Non-Related","Other Vehicle","Not Applicable","Not Applicable","East Of",""
"681603","CR-0000091000","1","0","0","0","22-047-0208","False","False","26","2/16/2022 7:44:00 AM","No Pedestrians Involved","Dry","No Unusual Conditions","Daylight","Violation Driver 1","Controls Functioning","Clear","Sideswipe","Related","Other Vehicle","Not Applicable","Not Applicable","West Of",""
"681604","CR-0000091001","0","0","1","0","22-047-0222","False","False","0","2/16/2022 8:01:00 AM","Crossing - Not In Crosswalk","Dry","No Unusual Conditions","Daylight","Pedestrian At Fault","Controls Functioning","Clear","Vehicle/Pedestrian","Intersection","Pedestrian","Unknown","Unknown","At","PEDESTRIAN"
"681605","CR-0000091002","0","0","0","0","22-047-0245","True","False","0","2/16/2022 8:20:00 AM","No Pedestrians Involved","Dry","No Unusual Conditions","Daylight","Violation Driver 1","Controls Functioning","Clear","Sideswipe","Related","Other Vehicle","Not Applicable","Not Applicable","At","LIGHT POLE"
"681606","CR-0000091003","0","1","0","0","22-047-0536","False","False","51","2/16/2022 1:12:00 PM","No Pedestrians Involved","Dry","No Unusual Conditions","Daylight","Violation Driver 1","Controls Functioning","Clear","Vehicle/Bike","Non-Related","Bike","Not Applicable","Not Applicable","South Of","BIKE (MOTORIZED BIKE)"
"681607","CR-0000091004","1","0","0","0","22-047-0625","False","False","422","2/16/2022 2:37:00 PM","No Pedestrians Involved","Dry","No Unusual Conditions","Daylight","Violation Driver 1","No Controls Present/Factor","Clear","Broadside","Non-Related","Other Vehicle","Not Applicable","Not Applicable","North Of",""
"681608","CR-0000091005","1","1","0","0","22-047-0651","False","False","0","2/16/2022 3:15:00 PM","No Pedestrians Involved","Dry","No Unusual Conditions","Daylight","Violation Driver 1","Controls Functioning","Clear","Broadside","Intersection","Other Vehicle","Not Applicable","Not Applicable","At",""
"681609","CR-0000091006","1","0","0","0","22-047-0722","False","False","0","2/16/2022 4:12:00 PM","No Pedestrians Involved","Dry","No Unusual Conditions","Daylight","Violation Driver 1","Controls Functioning","Clear","Vehicle/Bike","Intersection","Bike","Not Applicable","Not Applicable","At","BIKE"
"681610","CR-0000091007","0","0","0","0","22-047-0731","False","False","51","2/16/2022 3:00:00 PM","No Pedestrians Involved","Dry","No Unusual Conditions","Daylight","Violation Driver 1","Controls Functioning","Clear","Sideswipe","Non-Related","Other Vehicle","Not Applicable","Not Applicable","East Of",""
"681611","CR-0000091008","0","0","0","0","22-047-0841","False","False","0","2/16/2022 3:40:00 PM","No Pedestrians Involved","Dry","No Unusual Conditions","Daylight","Violation Driver 1","Controls Functioning","Clear","Vehicle/Bike","Intersection","Bike","Not Applicable","Not Applicable","At","BIKE"
"681612","CR-0000091009","0","1","0","0","22-048-0330","False","False","0","2/17/2022 10:33:00 AM","No Pedestrians Involved","Dry","No Unusual Conditions","Daylight","Violation Driver 1","Controls Functioning","Clear","Broadside","Intersection","Other Vehicle","Not Applicable","Not Applicable","At",""
"681613","CR-0000091010","0","0","0","0","22-048-0407","False","False","0","2/17/2022 7:15:00 AM","No Pedestrians Involved","Dry","No Unusual Conditions","Daylight","Violation Driver 1","Controls Functioning","Clear","Sideswipe","Intersection","Other Vehicle","Not Applicable","Not Applicable","At",""
"681614","CR-0000091011","1","1","0","0","22-048-0692","False","False","0","2/17/2022 4:36:00 PM","No Pedestrians Involved","Dry","No Unusual Conditions","Daylight","Violation Driver 1","Controls Functioning","Clear","Broadside","Intersection","Other Vehicle","Not Applicable","Not Applicable","At",""
"681615","CR-0000091012","0","1","0","0","22-049-0756","False","False","0","2/18/2022 5:38:00 PM","No Pedestrians Involved","Dry","No Unusual Conditions","Daylight","Violation Driver 1","Controls Functioning","Clear","Other","Intersection","Non-Collision","Not Applicable","Not Applicable","At",""
"681616","CR-0000091013","0","0","0","0","22-049-0854","False","False","206","2/18/2022 7:33:00 PM","No Pedestrians Involved","Dry","No Unusual Conditions","Dark - Street Light Not Functioning","Violation Driver 1","Controls Functioning","Clear","Rear End","Non-Related","Parked Vehicle","Not Applicable","Not Applicable","West Of",""
"681617","CR-0000091014","0","0","0","0","22-050-9703","False","True","0","2/18/2022 10:56:00 AM","No Pedestrians Involved","Dry","No Unusual Conditions","Daylight","Unknown","Controls Functioning","Clear","Rear End","Related","Other Vehicle","Not Applicable","Not Applicable","At",""
"681618","CR-0000091015","1","0","0","0","22-050-0089","True","False","43","2/19/2022 2:31:00 AM","No Pedestrians Involved","Dry","No Unusual Conditions","Dark - Street Light","Violation Driver 1","Controls Functioning","Clear","Hit Object","Related","Fixed Object","Not Applicable","Not Applicable","West Of","TREE"
"681619","CR-0000091016","1","0","0","0","22-050-0484","False","False","60","2/19/2022 3:25:00 PM","No Pedestrians Involved","Dry","Unknown","Daylight","Violation Driver 1","Controls Functioning","Clear","Rear End","Non-Related","Other Vehicle","Not Applicable","Not Applicable","East Of",""
"681620","CR-0000091017","0","0","0","0","22-055-4004","False","True","197","2/23/2022 7:00:00 PM","No Pedestrians Involved","Unknown","Unknown","Unknown","Unknown","Unknown","Unknown","Other","Non-Related","Parked Vehicle","Not Applicable","Not Applicable","East Of",""
"681621","CR-0000091018","1","0","0","0","22-057-0476","False","False","36","2/26/2022 3:07:00 PM","No Pedestrians Involved","Dry","No Unusual Conditions","Daylight","Violation Driver 1","No Controls Present/Factor","Clear","Broadside","Related","Other Vehicle","Not Applicable","Not Applicable","South Of",""
"681622","CR-0000091019","0","0","0","0","22-057-0803","False","False","0","2/26/2022 9:00:00 PM","No Pedestrians Involved","Dry","No Unusual Conditions","Dark - Street Light","Violation Driver 1","Controls Functioning","Clear","Rear End","Intersection","Other Vehicle","Not Applicable","Not Applicable","At",""
"681623","CR-0000091020","1","0","0","0","22-057-0897","False","False","95","2/26/2022 10:06:00 PM","No Pedestrians Involved","Dry","No Unusual Conditions","Dark - Street Light","Violation Driver 1","No Controls Present/Factor","Clear","Rear End","Non-Related","Other Vehicle","Not Applicable","Not Applicable","North Of",""
"681624","CR-0000091021","0","0","0","0","22-058-0163","False","False","368","2/27/2022 3:36:00 AM","No Pedestrians Involved","Dry","No Unusual Conditions","Dark - Street Light","Violation Driver 1","Controls Functioning","Clear","Hit Object","Non-Related","Fixed Object","Not Applicable","Not Applicable","East Of","FIRE HYDRANT"
"681625","CR-0000091022","0","0","1","0","22-058-0799","False","False","0","2/27/2022 8:06:00 PM","No Pedestrians Involved","Dry","No Unusual Conditions","Dark - Street Light","Bike At Fault","Controls Functioning","Clear","Vehicle/Bike","Intersection","Bike","Not Applicable","Not Applicable","At","BIKE"
"681627","CR-0000091024","0","0","0","1","22-080-0181","True","False","150","3/21/2022 7:47:00 AM","No Pedestrians Involved","Dry","No Unusual Conditions","Daylight","Violation Driver 1","Controls Functioning","Clear","Hit Object","Non-Related","Fixed Object","Not Applicable","Not Applicable","West Of","Motorcycle (FATAL), Light pole, and Powerbox"
"681628","CR-0000091025","3","0","0","0","22-029-0440","False","False","0","1/29/2022 1:25:00 PM","No Pedestrians Involved","Dry","No Unusual Conditions","Daylight","Violation Driver 1","Controls Functioning","Clear","Rear End","Intersection","Other Vehicle","Not Applicable","Not Applicable","At",""
"681629","CR-0000091026","2","0","0","0","22-044-0701","False","False","21","2/13/2022 7:11:00 PM","No Pedestrians Involved","Dry","No Unusual Conditions","Dark - Street Light","Violation Driver 1","Controls Functioning","Clear","Head On","Related","Other Vehicle","Not Applicable","Not Applicable","South Of",""
"681630","CR-0000091027","0","0","0","0","22-046-0959","False","False","380","2/15/2022 9:00:00 PM","No Pedestrians Involved","Dry","No Unusual Conditions","Dark - Street Light","Violation Driver 1","No Controls Present/Factor","Clear","Rear End","Non-Related","Other Vehicle","Not Applicable","Not Applicable","South Of",""
"681631","CR-0000091028","0","0","0","0","22-046-1039","False","False","42","2/15/2022 11:02:00 PM","No Pedestrians Involved","Dry","No Unusual Conditions","Dark - Street Light","Violation Driver 1","Controls Functioning","Clear","Rear End","Related","Other Vehicle","Not Applicable","Not Applicable","East Of",""
"681632","CR-0000091029","0","0","0","1","22-002-0721","False","False","","1/2/2022 8:04:00 PM","In Road - Includes Shoulder","Dry","No Unusual Conditions","Dark - Street Light","Unknown","No Controls Present/Factor","Clear","Vehicle/Pedestrian","Related","Pedestrian","No Direction (Not Walking)","No Direction (Not Walking)","South Of","PED"
"681633","CR-0000091030","0","0","0","1","22-061-0132","False","False","0","3/2/2022 5:34:00 AM","Crossing In Crosswalk - Not At Intersection","Dry","No Unusual Conditions","Dark - Street Light","Violation Driver 1","Controls Functioning","Clear","Vehicle/Pedestrian","Intersection","Pedestrian","East","West","At","PED"
"681634","CR-0000091031","0","0","0","1","22-041-0964","False","False","0","2/10/2022 8:26:00 PM","No Pedestrians Involved","Dry","No Unusual Conditions","Dark - Street Light","Unknown","Controls Functioning","Clear","Vehicle/Bike","Intersection","Bike","Not Applicable","Not Applicable","At","BIKE"
"681636","CR-0000091033","0","0","0","1","22-005-0813","False","False","0","1/5/2022 6:16:00 PM","No Pedestrians Involved","Dry","No Unusual Conditions","Dark - Street Light","Unknown","Controls Functioning","Clear","Vehicle/Bike","Intersection","Bike","Not Applicable","Not Applicable","At","Bike"
"681637","CR-0000091034","0","0","0","0","22-060-9708","False","False","0","2/27/2022 4:00:00 PM","No Pedestrians Involved","Unknown","Unknown","Daylight","Unknown","Unknown","Unknown","Vehicle/Bike","Intersection","Bike","Not Applicable","Not Applicable","At","BIKE"
"681638","CR-0000091035","0","0","0","0","22-036-0504","False","False","","2/5/2022 3:21:00 PM","No Pedestrians Involved","Dry","No Unusual Conditions","Daylight","Unknown","No Controls Present/Factor","Clear","Broadside","Related","Parked Vehicle","Not Applicable","Not Applicable","West Of",""
"681639","CR-0000091036","0","0","0","0","22-068-9709","False","False","","1/28/2022 10:30:00 PM","No Pedestrians Involved","Unknown","Unknown","Unknown","Unknown","Unknown","Unknown","Broadside","Related","Other Vehicle","Not Applicable","Not Applicable","At",""
"681640","CR-0000091037","0","0","0","0","22-053-9711","False","False","76","1/29/2022 7:00:00 PM","No Pedestrians Involved","Dry","No Unusual Conditions","Dark - Street Light","Unknown","No Controls Present/Factor","Clear","Rear End","Non-Related","Parked Vehicle","Not Applicable","Not Applicable","East Of",""
"681641","CR-0000091038","0","0","0","0","22-049-9705","False","False","321","2/4/2022 1:30:00 PM","No Pedestrians Involved","Dry","No Unusual Conditions","Daylight","Unknown","No Controls Present/Factor","Clear","Sideswipe","Non-Related","Other Vehicle","Not Applicable","Not Applicable","East Of",""
"681642","CR-0000091039","0","0","0","0","22-060-9709","False","False","71","2/22/2022 8:28:00 PM","No Pedestrians Involved","Dry","No Unusual Conditions","Dark - Street Light","Unknown","Unknown","Clear","Sideswipe","Non-Related","Parked Vehicle","Not Applicable","Not Applicable","East Of",""
"681643","CR-0000091040","0","0","0","0","22-030-0758","False","False","72","1/30/2022 8:18:00 PM","No Pedestrians Involved","Dry","No Unusual Conditions","Dark - Street Light","Violation Driver 1","No Controls Present/Factor","Clear","Sideswipe","Non-Related","Parked Vehicle","Not Applicable","Not Applicable","West Of",""
"681644","CR-0000091041","0","1","0","0","22-073-0640","False","False","310","3/14/2022 4:39:00 PM","No Pedestrians Involved","Dry","No Unusual Conditions","Daylight","Violation Driver 1","No Controls Present/Factor","Clear","Sideswipe","Non-Related","Other Vehicle","Not Applicable","Not Applicable","West Of",""
"681645","CR-0000091042","0","0","0","0","22-030-0796","True","False","47","1/30/2022 9:08:00 PM","No Pedestrians Involved","Dry","No Unusual Conditions","Dark - Street Light","Violation Driver 1","Controls Functioning","Clear","Hit Object","Related","Fixed Object","Not Applicable","Not Applicable","West Of","Light Pole #12K480"
"681646","CR-0000091043","0","0","0","0","22-030-0840","False","False","51","1/30/2022 10:10:00 PM","No Pedestrians Involved","Dry","No Unusual Conditions","Dark - Street Light","Violation Driver 1","Controls Functioning","Clear","Rear End","Non-Related","Other Vehicle","Not Applicable","Not Applicable","South Of",""
"681647","CR-0000091044","0","0","0","0","22-077-0555","False","False","0","3/18/2022 2:59:00 PM","No Pedestrians Involved","Dry","No Unusual Conditions","Daylight","Violation Driver 1","Controls Functioning","Clear","Sideswipe","Intersection","Other Vehicle","Not Applicable","Not Applicable","At",""
"681648","CR-0000091045","1","1","0","0","22-077-0667","False","False","0","3/18/2022 4:56:00 PM","No Pedestrians Involved","Dry","No Unusual Conditions","Daylight","Violation Driver 1","Controls Functioning","Clear","Broadside","Intersection","Other Vehicle","Not Applicable","Not Applicable","At",""
"681649","CR-0000091046","1","0","0","0","22-078-0396","False","False","126","3/19/2022 2:40:00 PM","No Pedestrians Involved","Wet","No Unusual Conditions","Daylight","Violation Driver 1","Controls Functioning","Rain","Rear End","Non-Related","Other Vehicle","Not Applicable","Not Applicable","East Of",""
"681650","CR-0000091047","0","0","0","0","22-079-0654","False","False","395","3/20/2022 5:19:00 PM","No Pedestrians Involved","Dry","No Unusual Conditions","Daylight","Violation Driver 1","No Controls Present/Factor","Clear","Head On","Non-Related","Parked Vehicle","Not Applicable","Not Applicable","North Of",""
"681651","CR-0000091048","0","1","0","0","22-081-1008","False","False","0","3/22/2022 10:30:00 PM","No Pedestrians Involved","Dry","No Unusual Conditions","Dark - Street Light","Violation Driver 1","Controls Functioning","Clear","Vehicle/Bike","Intersection","Scooter Motorized","Not Applicable","Not Applicable","At","BIKE (E-SCOOTER)"
"681653","CR-0000091050","0","1","0","0","22-031-0306","False","False","85","1/31/2022 10:33:00 AM","No Pedestrians Involved","Dry","Unknown","Daylight","Violation Driver 1","No Controls Present/Factor","Clear","Sideswipe","Non-Related","Parked Vehicle","Not Applicable","Not Applicable","South Of",""
"681654","CR-0000091051","3","1","0","0","22-031-0412","False","False","0","1/31/2022 12:26:00 PM","No Pedestrians Involved","Dry","No Unusual Conditions","Daylight","Violation Driver 1","Controls Functioning","Cloudy","Broadside","Intersection","Other Vehicle","Not Applicable","Not Applicable","At",""
"681655","CR-0000091052","2","0","0","0","22-031-0569","False","False","0","1/31/2022 3:46:00 PM","No Pedestrians Involved","Dry","No Unusual Conditions","Daylight","Violation Driver 1","No Controls Present/Factor","Clear","Broadside","Intersection","Other Vehicle","Not Applicable","Not Applicable","At",""
"681656","CR-0000091053","0","0","0","0","22-031-0658","True","False","57","1/31/2022 5:31:00 PM","No Pedestrians Involved","Dry","No Unusual Conditions","Dusk - Dawn","Violation Driver 1","No Controls Present/Factor","Clear","Head On","Non-Related","Fixed Object","Not Applicable","Not Applicable","West Of","Light Pole #21079"
"681657","CR-0000091057","0","0","0","0","22-064-4001","False","True","","3/5/2022 10:10:00 AM","No Pedestrians Involved","Unknown","Unknown","Daylight","Unknown","Unknown","Unknown","Sideswipe","Related","Other Vehicle","Not Applicable","Not Applicable","East Of",""
"681658","CR-0000091054","0","0","0","0","22-064-4002","False","True","0","3/4/2022 1:38:00 PM","No Pedestrians Involved","Unknown","Unknown","Daylight","Unknown","Unknown","Unknown","Rear End","Intersection","Other Vehicle","Not Applicable","Not Applicable","At",""
"681659","CR-0000091056","0","0","0","0","22-065-4000","False","True","51","3/5/2022 8:00:00 AM","No Pedestrians Involved","Unknown","Unknown","Daylight","Unknown","Unknown","Unknown","Other","Non-Related","Parked Vehicle","Not Applicable","Not Applicable","East Of",""
"681660","CR-0000091058","0","0","0","0","22-067-4001","False","True","51","3/5/2022 12:00:00 PM","No Pedestrians Involved","Unknown","Unknown","Daylight","Unknown","Unknown","Unknown","Other","Non-Related","Parked Vehicle","Not Applicable","Not Applicable","South Of",""
"681661","CR-0000091055","1","0","0","0","22-031-0429","False","False","0","1/31/2022 12:47:00 PM","No Pedestrians Involved","Dry","No Unusual Conditions","Daylight","Violation Driver 1","No Controls Present/Factor","Clear","Head On","Intersection","Other Vehicle","Not Applicable","Not Applicable","At",""
"681662","CR-0000091059","0","0","0","0","22-031-0674","False","True","0","1/31/2022 5:48:00 PM","No Pedestrians Involved","Unknown","Unknown","Daylight","Unknown","Unknown","Clear","Broadside","Intersection","Parked Vehicle","Not Applicable","Not Applicable","At",""
"681663","CR-0000091060","0","0","0","0","22-032-0670","False","False","0","1/31/2022 6:41:00 PM","No Pedestrians Involved","Dry","No Unusual Conditions","Dark - Street Light","Violation Driver 1","Controls Functioning","Clear","Rear End","Intersection","Other Vehicle","Not Applicable","Not Applicable","At",""
"681664","CR-0000091061","0","0","1","0","22-031-0916","False","False","0","1/31/2022 11:16:00 PM","No Pedestrians Involved","Dry","No Unusual Conditions","Dark - Street Light","Violation Driver 1","Controls Functioning","Clear","Broadside","Intersection","Other Vehicle","Not Applicable","Not Applicable","At",""
"681665","CR-0000091062","0","0","0","0","22-064-4000","False","True","0","3/5/2022 1:10:00 PM","No Pedestrians Involved","Unknown","Unknown","Daylight","Unknown","Unknown","Unknown","Broadside","Intersection","Other Vehicle","Not Applicable","Not Applicable","At",""
"681666","CR-0000091063","0","0","0","0","22-064-4003","False","True","","3/5/2022 3:20:00 PM","No Pedestrians Involved","Unknown","Unknown","Daylight","Unknown","Unknown","Unknown","Sideswipe","Related","Other Vehicle","Not Applicable","Not Applicable","East Of",""
"681667","CR-0000091064","0","0","0","0","22-065-4002","False","True","0","3/6/2022 3:55:00 PM","No Pedestrians Involved","Unknown","Unknown","Daylight","Unknown","Unknown","Unknown","Other","Intersection","Parked Vehicle","Not Applicable","Not Applicable","At",""
"681668","CR-0000091065","0","0","0","0","22-065-4004","False","True","51","3/6/2022 9:10:00 PM","No Pedestrians Involved","Unknown","Unknown","Unknown","Unknown","Unknown","Unknown","Other","Non-Related","Parked Vehicle","Not Applicable","Not Applicable","South Of",""
"681669","CR-0000091066","0","0","0","0","22-066-4004","False","True","51","3/7/2022 6:35:00 PM","No Pedestrians Involved","Unknown","Unknown","Unknown","Unknown","Unknown","Unknown","Sideswipe","Non-Related","Other Vehicle","Not Applicable","Not Applicable","East Of",""
"681670","CR-0000091067","0","0","0","0","22-069-4001","False","False","51","3/9/2022 3:30:00 PM","No Pedestrians Involved","Unknown","Unknown","Daylight","Unknown","Unknown","Unknown","Broadside","Non-Related","Other Vehicle","Not Applicable","Not Applicable","West Of",""
"681671","CR-0000091068","0","0","0","0","22-068-4001","False","True","","3/9/2022 2:40:00 PM","No Pedestrians Involved","Unknown","Unknown","Daylight","Unknown","Unknown","Unknown","Rear End","Related","Other Vehicle","Not Applicable","Not Applicable","East Of",""
"681672","CR-0000091069","0","0","0","0","22-070-4000","False","True","0","3/10/2022 7:39:00 PM","No Pedestrians Involved","Unknown","Unknown","Unknown","Unknown","Unknown","Unknown","Sideswipe","Intersection","Other Vehicle","Not Applicable","Not Applicable","At",""
"681673","CR-0000091070","0","0","0","0","22-069-4000","False","True","51","3/10/2022 1:45:00 PM","No Pedestrians Involved","Unknown","Unknown","Daylight","Unknown","Unknown","Unknown","Sideswipe","Non-Related","Other Vehicle","Not Applicable","Not Applicable","North Of",""
"681674","CR-0000091071","0","0","0","0","22-071-4000","False","True","","3/11/2022 6:50:00 PM","No Pedestrians Involved","Unknown","Unknown","Unknown","Unknown","Unknown","Unknown","Sideswipe","Related","Other Vehicle","Not Applicable","Not Applicable","East Of",""
"681675","CR-0000091072","0","0","0","0","22-072-4002","False","True","51","3/13/2022 5:30:00 PM","No Pedestrians Involved","Unknown","Unknown","Daylight","Unknown","Unknown","Unknown","Sideswipe","Non-Related","Parked Vehicle","Not Applicable","Not Applicable","West Of",""
"681676","CR-0000091073","0","0","0","0","22-075-4000","False","True","","3/15/2022 4:40:00 PM","No Pedestrians Involved","Unknown","Unknown","Daylight","Unknown","Unknown","Unknown","Rear End","Related","Unknown","Not Applicable","Not Applicable","East Of",""