"CrashFactId","Name","MinorInjuries","ModerateInjuries","SevereInjuries","FatalInjuries","TcrNumber","CityDamageFlag","ShortFormFlag","Distance","CrashDateTime","PedestrianAction","RoadwaySurface","RoadwayCondition","Lighting","PrimaryCollisionFactor","TrafficControl","Weather","CollisionType","ProximityToIntersection","VehicleInvolvedWith","PedestrianDirectionFrom","PedestrianDirectionTo","DirectionFromIntersection","Comment"
"681677","CR-0000091074","0","0","0","0","22-074-4001","False","True","51","3/15/2022 7:37:00 PM","No Pedestrians Involved","Unknown","Unknown","Unknown","Unknown","Unknown","Unknown","Sideswipe","Non-Related","Parked Vehicle","Not Applicable","Not Applicable","South Of",""
"681678","CR-0000091075","0","0","0","0","22-075-4001","False","True","51","3/15/2022 7:00:00 PM","Unknown","Unknown","Unknown","Unknown","Unknown","Unknown","Unknown","Other","Non-Related","Other Vehicle","Not Applicable","Not Applicable","North Of",""
"681679","CR-0000091076","0","0","0","0","22-076-4000","False","True","51","3/16/2022 12:00:00 PM","No Pedestrians Involved","Unknown","Unknown","Daylight","Unknown","Unknown","Unknown","Sideswipe","Non-Related","Parked Vehicle","Not Applicable","Not Applicable","North Of",""
"681680","CR-0000091077","0","0","0","0","22-077-4001","False","True","0","3/16/2022 10:22:00 AM","No Pedestrians Involved","Unknown","Unknown","Daylight","Unknown","Unknown","Unknown","Other","Intersection","Other Vehicle","Not Applicable","Not Applicable","At",""
"681681","CR-0000091078","0","0","0","0","22-080-4003","False","True","","3/18/2022 6:55:00 PM","No Pedestrians Involved","Unknown","Unknown","Unknown","Unknown","Unknown","Unknown","Rear End","Related","Other Vehicle","Not Applicable","Not Applicable","East Of",""
"681682","CR-0000091079","0","0","0","0","22-077-1031","False","True","","3/19/2022 12:00:00 AM","No Pedestrians Involved","Unknown","Unknown","Unknown","Unknown","Unknown","Unknown","Other","Related","Parked Vehicle","Not Applicable","Not Applicable","North Of",""
"681684","CR-0000091081","0","0","0","0","22-082-4002","False","True","51","3/23/2022 7:35:00 AM","No Pedestrians Involved","Unknown","Unknown","Daylight","Unknown","Unknown","Unknown","Sideswipe","Non-Related","Parked Vehicle","Not Applicable","Not Applicable","South Of",""
"681685","CR-0000091082","0","0","0","0","22-059-0055","False","False","0","2/28/2022 12:34:00 AM","No Pedestrians Involved","Dry","No Unusual Conditions","Dark - Street Light","Violation Driver 1","No Controls Present/Factor","Clear","Rear End","Intersection","Other Vehicle","Not Applicable","Not Applicable","At",""
"681686","CR-0000091083","0","0","0","0","22-063-0080","False","False","600","3/4/2022 2:51:00 AM","No Pedestrians Involved","Dry","No Unusual Conditions","Dark - No Street Light","Other Than Driver","No Controls Present/Factor","Clear","Head On","Non-Related","Animal","Not Applicable","Not Applicable","South Of",""
"681687","CR-0000091084","0","0","0","0","22-059-0980","False","False","0","2/28/2022 11:53:00 AM","No Pedestrians Involved","Dry","No Unusual Conditions","Daylight","Violation Driver 1","Controls Functioning","Clear","Rear End","Intersection","Other Vehicle","Not Applicable","Not Applicable","At",""
"681688","CR-0000091086","1","0","0","0","22-059-0981","False","False","0","2/28/2022 12:00:00 PM","No Pedestrians Involved","Dry","No Unusual Conditions","Daylight","Violation Driver 1","Controls Functioning","Clear","Sideswipe","Intersection","Other Vehicle","Not Applicable","Not Applicable","At",""
"681689","CR-0000091087","2","0","0","0","22-059-0993","False","False","0","2/28/2022 12:20:00 PM","No Pedestrians Involved","Dry","No Unusual Conditions","Daylight","Violation Driver 1","Controls Functioning","Clear","Rear End","Intersection","Motor Vehicle On Other Roadway","Not Applicable","Not Applicable","At",""
"681690","CR-0000091085","4","0","0","0","22-071-0459","False","False","178","3/12/2022 1:20:00 PM","No Pedestrians Involved","Dry","No Unusual Conditions","Daylight","Violation Driver 1","Controls Functioning","Clear","Rear End","Non-Related","Other Vehicle","Not Applicable","Not Applicable","North Of",""
"681691","CR-0000091088","1","0","0","0","22-059-1159","False","False","51","2/28/2022 3:30:00 PM","No Pedestrians Involved","Dry","No Unusual Conditions","Daylight","Violation Driver 1","No Controls Present/Factor","Clear","Rear End","Non-Related","Other Vehicle","Not Applicable","Not Applicable","North Of",""
"681692","CR-0000091089","2","0","0","0","22-071-0549","False","False","75","3/12/2022 3:55:00 PM","No Pedestrians Involved","Dry","No Unusual Conditions","Daylight","Violation Driver 1","No Controls Present/Factor","Clear","Rear End","Non-Related","Motor Vehicle On Other Roadway","Not Applicable","Not Applicable","South Of",""
"681693","CR-0000091090","4","1","0","0","22-071-0944","False","False","0","3/12/2022 10:33:00 PM","No Pedestrians Involved","Dry","No Unusual Conditions","Dark - Street Light","Violation Driver 1","Controls Functioning","Clear","Head On","Intersection","Other Vehicle","Not Applicable","Not Applicable","At",""
"681694","CR-0000091091","2","1","0","0","22-072-0334","False","False","0","3/13/2022 12:01:00 PM","No Pedestrians Involved","Dry","No Unusual Conditions","Daylight","Violation Driver 1","Controls Functioning","Clear","Rear End","Intersection","Other Vehicle","Not Applicable","Not Applicable","At",""
"681695","CR-0000091092","0","1","0","0","22-072-0483","True","False","615","3/13/2022 6:32:00 PM","No Pedestrians Involved","Dry","No Unusual Conditions","Daylight","Violation Driver 1","No Controls Present/Factor","Clear","Hit Object","Non-Related","Fixed Object","Not Applicable","Not Applicable","South Of","LIGHT POLE"
"681696","CR-0000091093","0","0","0","0","22-072-0687","True","False","292","3/13/2022 7:55:00 PM","No Pedestrians Involved","Dry","No Unusual Conditions","Dark - Street Light","Violation Driver 1","No Controls Present/Factor","Clear","Head On","Non-Related","Fixed Object","Not Applicable","Not Applicable","North Of","TREE/SIGN"
"681697","CR-0000091094","0","0","0","0","22-072-0847","False","False","0","3/13/2022 11:21:00 PM","No Pedestrians Involved","Dry","No Unusual Conditions","Dark - Street Light","Violation Driver 1","Controls Functioning","Clear","Broadside","Intersection","Other Vehicle","Not Applicable","Not Applicable","At",""
"681698","CR-0000091095","2","1","0","0","22-073-0509","False","False","108","3/14/2022 2:17:00 PM","No Pedestrians Involved","Wet","No Unusual Conditions","Daylight","Violation Driver 1","Controls Functioning","Clear","Rear End","Non-Related","Other Vehicle","Not Applicable","Not Applicable","South Of",""
"681699","CR-0000091096","1","0","0","0","22-073-0649","False","False","166","3/14/2022 4:52:00 PM","No Pedestrians Involved","Dry","No Unusual Conditions","Daylight","Violation Driver 1","Controls Functioning","Clear","Rear End","Non-Related","Other Vehicle","Not Applicable","Not Applicable","West Of",""
"681700","CR-0000091097","0","0","0","0","22-059-1182","True","False","182","2/28/2022 4:07:00 PM","No Pedestrians Involved","Dry","No Unusual Conditions","Daylight","Violation Driver 1","Controls Functioning","Clear","Broadside","Non-Related","Other Vehicle","Not Applicable","Not Applicable","East Of","PD"
"681701","CR-0000091098","0","0","1","0","22-059-1261","False","False","0","2/28/2022 5:36:00 PM","No Pedestrians Involved","Dry","No Unusual Conditions","Daylight","Violation Driver 1","No Controls Present/Factor","Clear","Broadside","Intersection","Motorcycle","Not Applicable","Not Applicable","At","Motorycycle"
"681702","CR-0000091099","1","0","0","0","22-059-1273","False","False","216","2/28/2022 5:30:00 PM","No Pedestrians Involved","Dry","No Unusual Conditions","Daylight","Violation Driver 1","No Controls Present/Factor","Clear","Broadside","Non-Related","Other Vehicle","Not Applicable","Not Applicable","South Of",""
"681703","CR-0000091100","1","1","0","0","22-073-0717","False","False","51","3/14/2022 6:11:00 PM","No Pedestrians Involved","Dry","No Unusual Conditions","Daylight","Violation Driver 1","No Controls Present/Factor","Cloudy","Broadside","Non-Related","Other Vehicle","Not Applicable","Not Applicable","South Of",""
"681704","CR-0000091101","0","0","0","0","22-059-1471","False","False","0","2/28/2022 10:07:00 PM","No Pedestrians Involved","Dry","No Unusual Conditions","Dark - Street Light","Violation Driver 1","Controls Functioning","Clear","Sideswipe","Intersection","Other Vehicle","Not Applicable","Not Applicable","At",""
"681705","CR-0000091102","1","0","0","0","22-059-1339","False","False","20","2/28/2022 7:12:00 PM","No Pedestrians Involved","Unknown","No Unusual Conditions","Dark - Street Light","Violation Driver 1","Controls Functioning","Clear","Rear End","Related","Other Vehicle","Not Applicable","Not Applicable","West Of",""
"681706","CR-0000091103","0","0","0","0","22-059-1504","False","False","26","2/28/2022 11:00:00 PM","No Pedestrians Involved","Dry","No Unusual Conditions","Dark - Street Light","Violation Driver 1","No Controls Present/Factor","Clear","Head On","Related","Parked Vehicle","Not Applicable","Not Applicable","North Of",""
"681707","CR-0000091105","0","0","0","0","22-057-0003","False","False","19","2/26/2022 12:01:00 AM","No Pedestrians Involved","Dry","No Unusual Conditions","Dark - Street Light","Violation Driver 1","No Controls Present/Factor","Clear","Head On","Related","Fixed Object","Not Applicable","Not Applicable","North Of","Curb/Building"
"681708","CR-0000091106","0","1","0","0","22-057-0032","False","False","0","2/26/2022 12:19:00 AM","No Pedestrians Involved","Dry","No Unusual Conditions","Dark - Street Light","Violation Driver 1","Controls Functioning","Clear","Head On","Intersection","Other Vehicle","Not Applicable","Not Applicable","At",""
"681709","CR-0000091104","1","0","0","0","22-074-0214","False","False","0","3/15/2022 8:39:00 AM","No Pedestrians Involved","Wet","No Unusual Conditions","Daylight","Violation Driver 1","No Controls Present/Factor","Rain","Broadside","Intersection","Other Vehicle","Not Applicable","Not Applicable","At",""
"681710","CR-0000091107","0","0","0","0","22-057-0041","False","False","161","2/26/2022 12:28:00 AM","No Pedestrians Involved","Dry","No Unusual Conditions","Dark - Street Light","Violation Driver 1","Controls Functioning","Clear","Rear End","Non-Related","Parked Vehicle","Not Applicable","Not Applicable","South Of",""
"681711","CR-0000091108","1","0","0","0","22-074-0737","False","False","0","3/15/2022 4:49:00 PM","No Pedestrians Involved","Dry","No Unusual Conditions","Daylight","Violation Driver 1","Controls Functioning","Clear","Rear End","Intersection","Other Vehicle","Not Applicable","Not Applicable","At",""
"681712","CR-0000091109","0","0","0","0","22-057-0119","False","False","35","2/26/2022 3:28:00 AM","No Pedestrians Involved","Dry","No Unusual Conditions","Dark - Street Light","Violation Driver 1","Controls Functioning","Clear","Rear End","Related","Parked Vehicle","Not Applicable","Not Applicable","East Of",""
"681713","CR-0000091111","1","0","0","0","22-074-0921","False","False","36","3/15/2022 8:06:00 PM","No Pedestrians Involved","Dry","No Unusual Conditions","Dark - Street Light","Violation Driver 1","Controls Functioning","Clear","Head On","Related","Other Vehicle","Not Applicable","Not Applicable","North Of",""
"681714","CR-0000091112","2","0","0","0","22-057-0366","False","False","0","2/26/2022 11:48:00 AM","No Pedestrians Involved","Dry","No Unusual Conditions","Daylight","Violation Driver 1","No Controls Present/Factor","Clear","Broadside","Intersection","Other Vehicle","Not Applicable","Not Applicable","At",""
"681715","CR-0000091110","1","0","0","0","22-057-0159","False","False","1710","2/26/2022 6:28:00 AM","No Pedestrians Involved","Dry","No Unusual Conditions","Daylight","Violation Driver 1","Controls Functioning","Clear","Rear End","Non-Related","Bike","Not Applicable","Not Applicable","North Of","Bike"
"681716","CR-0000091113","1","0","0","0","22-074-0938","True","False","0","3/15/2022 8:20:00 PM","No Pedestrians Involved","Dry","No Unusual Conditions","Dark - Street Light","Violation Driver 1","Controls Functioning","Clear","Broadside","Intersection","Other Vehicle","Not Applicable","Not Applicable","At","TRAFFIC CONTROL DEVICE"
"681717","CR-0000091115","0","0","0","0","22-057-0541","False","False","180","2/26/2022 4:30:00 PM","No Pedestrians Involved","Dry","No Unusual Conditions","Daylight","Violation Driver 1","Controls Functioning","Clear","Broadside","Non-Related","Other Vehicle","Not Applicable","Not Applicable","North Of",""
"681718","CR-0000091114","0","0","0","0","22-074-1001","False","False","90","3/15/2022 10:00:00 PM","No Pedestrians Involved","Dry","No Unusual Conditions","Dark - Street Light","Violation Driver 1","No Controls Present/Factor","Clear","Rear End","Non-Related","Parked Vehicle","Not Applicable","Not Applicable","South Of",""
"681719","CR-0000091116","0","0","0","0","22-057-0861","False","False","0","2/26/2022 9:48:00 PM","No Pedestrians Involved","Dry","No Unusual Conditions","Dark - Street Light","Violation Driver 1","Controls Functioning","Clear","Other","Intersection","Other Vehicle","Not Applicable","Not Applicable","At",""
"681720","CR-0000091117","0","0","0","0","22-074-1044","True","False","56","3/15/2022 10:28:00 PM","No Pedestrians Involved","Dry","No Unusual Conditions","Dark - Street Light","Violation Driver 1","Controls Functioning","Clear","Hit Object","Non-Related","Fixed Object","Not Applicable","Not Applicable","East Of","CENTER MEDIAN"
"681721","CR-0000091118","2","0","0","0","22-057-0904","False","False","0","2/26/2022 10:33:00 PM","No Pedestrians Involved","Dry","No Unusual Conditions","Dark - Street Light","Violation Driver 1","Controls Functioning","Clear","Rear End","Intersection","Other Vehicle","Not Applicable","Not Applicable","At",""
"681722","CR-0000091119","2","0","0","0","22-057-0941","False","False","0","2/26/2022 11:09:00 PM","No Pedestrians Involved","Dry","No Unusual Conditions","Dark - Street Light","Violation Driver 1","Controls Functioning","Clear","Broadside","Intersection","Other Vehicle","Not Applicable","Not Applicable","At",""
"681723","CR-0000091120","0","0","0","0","22-061-9704","False","True","0","2/26/2022 7:30:00 PM","No Pedestrians Involved","Dry","No Unusual Conditions","Dark - Street Light","Unknown","Controls Functioning","Clear","Rear End","Intersection","Other Vehicle","Not Applicable","Not Applicable","At",""
"681724","CR-0000091121","0","0","0","0","22-050-0004","False","False","0","2/19/2022 12:00:00 AM","No Pedestrians Involved","Dry","No Unusual Conditions","Dark - Street Light","Violation Driver 1","No Controls Present/Factor","Clear","Rear End","Intersection","Parked Vehicle","Not Applicable","Not Applicable","At",""
"681725","CR-0000091123","1","1","0","0","22-050-0254","False","False","0","2/19/2022 9:49:00 AM","No Pedestrians Involved","Dry","No Unusual Conditions","Daylight","Violation Driver 1","No Controls Present/Factor","Clear","Broadside","Intersection","Other Vehicle","Not Applicable","Not Applicable","At",""
"681726","CR-0000091124","1","0","0","0","22-050-0267","False","False","0","2/19/2022 10:03:00 AM","Crossing In Crosswalk - At Intersection","Dry","Unknown","Daylight","Violation Driver 1","Controls Functioning","Clear","Vehicle/Bike","Intersection","Bike","South","North","At","Bike"
"681727","CR-0000091125","0","1","0","0","22-050-0315","False","False","133","2/19/2022 11:11:00 AM","No Pedestrians Involved","Dry","No Unusual Conditions","Daylight","Violation Driver 1","Controls Functioning","Clear","Overturned","Non-Related","Other Object","Not Applicable","Not Applicable","West Of","Motorcycle collided with roadway"
"681728","CR-0000091126","0","1","0","0","22-050-0349","False","False","500","2/19/2022 11:54:00 AM","No Pedestrians Involved","Dry","No Unusual Conditions","Daylight","Violation Driver 1","No Controls Present/Factor","Clear","Broadside","Non-Related","Other Vehicle","Not Applicable","Not Applicable","West Of",""
"681729","CR-0000091128","2","0","0","0","22-050-0387","False","False","51","2/19/2022 12:30:00 PM","No Pedestrians Involved","Dry","No Unusual Conditions","Daylight","Violation Driver 1","Controls Functioning","Clear","Rear End","Non-Related","Other Vehicle","Not Applicable","Not Applicable","East Of",""
"681730","CR-0000091129","1","0","0","0","22-050-0438","False","False","0","2/19/2022 2:00:00 PM","No Pedestrians Involved","Dry","No Unusual Conditions","Daylight","Unknown","Controls Functioning","Clear","Broadside","Intersection","Other Vehicle","Not Applicable","Not Applicable","At",""
"681731","CR-0000091131","0","0","0","0","22-050-0550","False","False","0","2/19/2022 4:39:00 PM","No Pedestrians Involved","Dry","No Unusual Conditions","Daylight","Violation Driver 1","Controls Functioning","Clear","Rear End","Intersection","Other Vehicle","Not Applicable","Not Applicable","At",""
"681732","CR-0000091132","0","0","0","0","22-050-0695","True","False","27","2/19/2022 7:04:00 PM","No Pedestrians Involved","Dry","No Unusual Conditions","Dark - Street Light","Violation Driver 1","No Controls Present/Factor","Clear","Hit Object","Related","Fixed Object","Not Applicable","Not Applicable","South Of","Crosswalk warning light pole"
"681733","CR-0000091133","0","0","0","0","22-050-0740","False","False","0","2/19/2022 8:03:00 PM","No Pedestrians Involved","Dry","No Unusual Conditions","Dark - Street Light","Violation Driver 1","No Controls Present/Factor","Clear","Rear End","Intersection","Other Vehicle","Not Applicable","Not Applicable","At",""
"681734","CR-0000091134","1","0","0","0","22-050-0941","False","False","0","2/19/2022 11:49:00 PM","No Pedestrians Involved","Dry","No Unusual Conditions","Dark - Street Light","Violation Driver 1","Controls Functioning","Clear","Broadside","Intersection","Other Vehicle","Not Applicable","Not Applicable","At",""
"681735","CR-0000091135","0","0","0","0","22-051-0107","False","False","51","2/20/2022 2:22:00 AM","No Pedestrians Involved","Dry","No Unusual Conditions","Dark - Street Light","Violation Driver 1","No Controls Present/Factor","Clear","Sideswipe","Non-Related","Parked Vehicle","Not Applicable","Not Applicable","North Of",""
"681736","CR-0000091136","2","0","0","0","22-051-0412","False","False","18","2/20/2022 12:23:00 PM","No Pedestrians Involved","Dry","No Unusual Conditions","Daylight","Violation Driver 1","No Controls Present/Factor","Clear","Rear End","Related","Motor Vehicle On Other Roadway","Not Applicable","Not Applicable","West Of",""
"681737","CR-0000091137","0","1","0","0","22-051-0653","False","False","600","2/20/2022 5:41:00 PM","No Pedestrians Involved","Dry","No Unusual Conditions","Daylight","Violation Driver 1","Controls Functioning","Clear","Sideswipe","Non-Related","Parked Vehicle","Not Applicable","Not Applicable","North Of",""
"681738","CR-0000091138","1","0","0","0","22-051-0757","False","False","0","2/20/2022 7:49:00 PM","No Pedestrians Involved","Dry","No Unusual Conditions","Dark - Street Light","Violation Driver 1","Controls Functioning","Clear","Broadside","Intersection","Other Vehicle","Not Applicable","Not Applicable","At",""
"681739","CR-0000091139","0","0","0","0","22-051-0760","False","False","0","2/20/2022 8:00:00 PM","No Pedestrians Involved","Dry","No Unusual Conditions","Dark - Street Light","Violation Driver 1","No Controls Present/Factor","Clear","Rear End","Intersection","Other Vehicle","Not Applicable","Not Applicable","At",""
"681740","CR-0000091140","0","0","0","0","22-051-0845","True","False","90","2/20/2022 10:21:00 PM","No Pedestrians Involved","Dry","No Unusual Conditions","Dark - Street Light","Violation Driver 1","No Controls Present/Factor","Clear","Hit Object","Non-Related","Fixed Object","Not Applicable","Not Applicable","East Of","Hydrant, sign, lightpole"
"681741","CR-0000091141","1","0","0","0","22-051-0892","False","False","0","2/20/2022 11:27:00 PM","No Pedestrians Involved","Dry","No Unusual Conditions","Dark - Street Light","Violation Driver 1","Controls Functioning","Clear","Broadside","Intersection","Other Vehicle","Not Applicable","Not Applicable","At",""
"681742","CR-0000091142","0","0","0","0","22-103-4003","False","True","","2/20/2022 3:02:00 PM","No Pedestrians Involved","Unknown","No Unusual Conditions","Daylight","Unknown","Controls Functioning","Clear","Rear End","Related","Other Vehicle","Not Applicable","Not Applicable","Unknown",""
"681743","CR-0000091143","0","0","0","0","22-052-0097","False","False","243","2/21/2022 3:42:00 AM","No Pedestrians Involved","Dry","No Unusual Conditions","Unknown","Violation Driver 1","No Controls Present/Factor","Clear","Rear End","Non-Related","Other Vehicle","Not Applicable","Not Applicable","West Of","PD"
"681744","CR-0000091144","1","0","0","0","22-052-0129","False","False","0","2/21/2022 6:10:00 AM","No Pedestrians Involved","Dry","No Unusual Conditions","Daylight","Violation Driver 1","Controls Functioning","Clear","Rear End","Intersection","Other Vehicle","Not Applicable","Not Applicable","At",""
"681745","CR-0000091145","0","1","0","0","22-052-0130","False","False","0","2/21/2022 6:19:00 AM","Crossing In Crosswalk - At Intersection","Dry","No Unusual Conditions","Dusk - Dawn","Violation Driver 1","Controls Functioning","Clear","Sideswipe","Intersection","Pedestrian","North","South","At","PED"
"681746","CR-0000091146","1","1","0","0","22-052-0147","False","False","0","2/21/2022 7:26:00 AM","No Pedestrians Involved","Dry","No Unusual Conditions","Daylight","Violation Driver 1","Controls Functioning","Clear","Sideswipe","Intersection","Other Vehicle","Not Applicable","Not Applicable","At",""
"681747","CR-0000091147","2","0","0","0","22-052-0211","False","False","0","2/21/2022 9:25:00 AM","No Pedestrians Involved","Dry","No Unusual Conditions","Daylight","Violation Driver 1","Controls Functioning","Clear","Rear End","Intersection","Other Vehicle","Not Applicable","Not Applicable","At",""
"681748","CR-0000091148","1","0","0","0","22-052-0404","False","False","0","2/21/2022 1:28:00 PM","No Pedestrians Involved","Dry","No Unusual Conditions","Daylight","Violation Driver 1","Controls Functioning","Clear","Broadside","Intersection","Other Vehicle","Not Applicable","Not Applicable","At",""
"681749","CR-0000091149","2","0","0","0","22-052-0454","False","False","0","2/21/2022 2:40:00 PM","No Pedestrians Involved","Dry","No Unusual Conditions","Daylight","Violation Driver 1","Controls Functioning","Clear","Rear End","Intersection","Other Vehicle","Not Applicable","Not Applicable","At",""
"681750","CR-0000091150","0","0","1","0","22-052-0654","False","False","210","2/21/2022 6:32:00 PM","No Pedestrians Involved","Dry","No Unusual Conditions","Dark - Street Light","Violation Driver 1","No Controls Present/Factor","Clear","Sideswipe","Non-Related","Other Vehicle","Not Applicable","Not Applicable","North Of",""
"681751","CR-0000091151","0","0","0","0","22-051-0680","False","False","0","2/21/2022 4:34:00 PM","No Pedestrians Involved","Dry","No Unusual Conditions","Dusk - Dawn","Violation Driver 1","No Controls Present/Factor","Clear","Head On","Intersection","Fixed Object","Not Applicable","Not Applicable","At","PG&E Pole"
"681752","CR-0000091152","0","0","0","0","22-053-0082","True","False","2780","2/22/2022 3:09:00 AM","No Pedestrians Involved","Slippery (Muddy Oily etc.)","Loose Material On Roadway","Dark - No Street Light","Violation Driver 1","No Controls Present/Factor","Clear","Overturned","Non-Related","Fixed Object","Not Applicable","Not Applicable","West Of","Speed Sign"
"681753","CR-0000091153","0","0","0","0","22-053-0244","True","False","55","2/22/2022 9:00:00 AM","No Pedestrians Involved","Dry","No Unusual Conditions","Daylight","Unknown","No Controls Present/Factor","Clear","Hit Object","Non-Related","Fixed Object","Not Applicable","Not Applicable","East Of","Traffic Sign"
"681754","CR-0000091154","0","0","0","0","22-053-0375","False","False","228","2/22/2022 12:24:00 PM","No Pedestrians Involved","Dry","No Unusual Conditions","Daylight","Violation Driver 1","No Controls Present/Factor","Clear","Sideswipe","Non-Related","Other Vehicle","Not Applicable","Not Applicable","West Of",""
"681755","CR-0000091155","1","0","0","0","22-053-0501","False","False","0","2/22/2022 2:45:00 PM","Crossing - Not In Crosswalk","Dry","No Unusual Conditions","Daylight","Pedestrian At Fault","No Controls Present/Factor","Clear","Vehicle/Pedestrian","Intersection","Pedestrian","East","West","At","PED"
"681756","CR-0000091156","0","0","0","0","22-053-0558","False","False","112","2/22/2022 3:41:00 PM","No Pedestrians Involved","Dry","No Unusual Conditions","Daylight","Violation Driver 1","Controls Functioning","Clear","Sideswipe","Non-Related","Other Vehicle","Not Applicable","Not Applicable","East Of",""
"681757","CR-0000091157","1","0","0","0","22-053-0584","False","False","111","2/22/2022 4:01:00 PM","No Pedestrians Involved","Dry","No Unusual Conditions","Daylight","Violation Driver 1","Controls Functioning","Clear","Broadside","Non-Related","Other Vehicle","Not Applicable","Not Applicable","East Of",""
"681758","CR-0000091158","0","0","0","0","22-053-0662","False","False","0","2/22/2022 5:21:00 PM","No Pedestrians Involved","Dry","No Unusual Conditions","Dark - Street Light","Violation Driver 1","Controls Functioning","Clear","Rear End","Intersection","Other Vehicle","Not Applicable","Not Applicable","At",""
"681759","CR-0000091159","0","0","0","0","22-053-0717","False","False","123","2/22/2022 5:45:00 PM","No Pedestrians Involved","Dry","No Unusual Conditions","Daylight","Violation Driver 1","Controls Functioning","Clear","Sideswipe","Non-Related","Other Vehicle","Not Applicable","Not Applicable","North Of",""
"681760","CR-0000091160","0","0","0","0","22-053-0805","False","False","335","2/22/2022 8:00:00 PM","No Pedestrians Involved","Dry","No Unusual Conditions","Dark - Street Light","Violation Driver 1","No Controls Present/Factor","Clear","Rear End","Non-Related","Parked Vehicle","Not Applicable","Not Applicable","East Of",""
"681761","CR-0000091161","3","0","0","0","22-053-0824","False","False","0","2/22/2022 8:21:00 PM","No Pedestrians Involved","Dry","No Unusual Conditions","Dark - Street Light","Violation Driver 1","No Controls Present/Factor","Clear","Head On","Intersection","Other Vehicle","Not Applicable","Not Applicable","At",""
"681762","CR-0000091162","0","0","0","0","22-053-0830","False","False","0","2/22/2022 8:28:00 PM","No Pedestrians Involved","Unknown","Unknown","Unknown","Unknown","Unknown","Unknown","Rear End","Intersection","Other Vehicle","Not Applicable","Not Applicable","At",""
"681763","CR-0000091163","0","0","0","0","22-058-0028","False","False","90","2/27/2022 12:20:00 AM","No Pedestrians Involved","Dry","No Unusual Conditions","Dark - Street Light","Violation Driver 1","Unknown","Clear","Rear End","Non-Related","Parked Vehicle","Not Applicable","Not Applicable","South Of",""
"681764","CR-0000091164","0","0","0","0","22-058-0197","False","False","185","2/27/2022 4:58:00 AM","No Pedestrians Involved","Dry","No Unusual Conditions","Dark - Street Light","Violation Driver 1","Controls Functioning","Clear","Rear End","Non-Related","Other Vehicle","Not Applicable","Not Applicable","North Of",""
"681765","CR-0000091165","3","0","0","0","22-058-0624","False","False","0","2/27/2022 4:37:00 PM","No Pedestrians Involved","Dry","No Unusual Conditions","Daylight","Violation Driver 1","Controls Functioning","Clear","Sideswipe","Intersection","Other Vehicle","Not Applicable","Not Applicable","At",""
"681766","CR-0000091166","0","0","0","0","22-058-0659","False","False","152","2/27/2022 5:14:00 PM","No Pedestrians Involved","Dry","No Unusual Conditions","Daylight","Unknown","No Controls Present/Factor","Clear","Sideswipe","Non-Related","Other Vehicle","Not Applicable","Not Applicable","West Of",""
"681767","CR-0000091167","1","0","0","0","22-058-0667","False","False","726","2/27/2022 5:00:00 PM","No Pedestrians Involved","Dry","No Unusual Conditions","Daylight","Violation Driver 1","No Controls Present/Factor","Clear","Rear End","Non-Related","Other Vehicle","Not Applicable","Not Applicable","West Of",""
"681768","CR-0000091168","1","0","0","0","22-058-0779","False","False","170","2/27/2022 7:42:00 PM","No Pedestrians Involved","Dry","No Unusual Conditions","Dark - Street Light","Violation Driver 1","No Controls Present/Factor","Clear","Rear End","Non-Related","Other Vehicle","Not Applicable","Not Applicable","North Of",""
"681769","CR-0000091169","1","0","0","0","22-043-0195","False","False","0","2/12/2022 7:46:00 AM","No Pedestrians Involved","Dry","No Unusual Conditions","Daylight","Violation Driver 1","Controls Functioning","Clear","Sideswipe","Intersection","Other Vehicle","Not Applicable","Not Applicable","At",""
"681770","CR-0000091170","1","0","0","0","22-043-0274","False","False","0","2/12/2022 9:59:00 AM","No Pedestrians Involved","Dry","No Unusual Conditions","Daylight","Violation Driver 1","Controls Functioning","Clear","Broadside","Intersection","Other Vehicle","Not Applicable","Not Applicable","At",""
"681771","CR-0000091171","1","0","0","0","22-043-0486","False","False","0","2/12/2022 2:21:00 PM","No Pedestrians Involved","Dry","No Unusual Conditions","Daylight","Violation Driver 1","Unknown","Clear","Broadside","Intersection","Other Vehicle","Not Applicable","Not Applicable","At",""
"681772","CR-0000091172","1","1","0","0","22-043-0488","False","False","0","2/12/2022 2:23:00 PM","No Pedestrians Involved","Dry","Unknown","Daylight","Violation Driver 1","Controls Functioning","Clear","Rear End","Intersection","Other Vehicle","Not Applicable","Not Applicable","At",""
"681773","CR-0000091173","0","0","0","0","22-054-9711","False","True","","2/12/2022 2:20:00 PM","No Pedestrians Involved","Dry","No Unusual Conditions","Daylight","Unknown","No Controls Present/Factor","Clear","Rear End","Related","Parked Vehicle","Not Applicable","Not Applicable","East Of",""
"681774","CR-0000091174","1","0","0","0","22-033-0376","False","False","385","2/2/2022 11:26:00 AM","No Pedestrians Involved","Dry","No Unusual Conditions","Daylight","Violation Driver 1","No Controls Present/Factor","Clear","Head On","Non-Related","Motor Vehicle On Other Roadway","Not Applicable","Not Applicable","North Of",""