"CrashFactId","Name","MinorInjuries","ModerateInjuries","SevereInjuries","FatalInjuries","TcrNumber","CityDamageFlag","ShortFormFlag","Distance","CrashDateTime","PedestrianAction","RoadwaySurface","RoadwayCondition","Lighting","PrimaryCollisionFactor","TrafficControl","Weather","CollisionType","ProximityToIntersection","VehicleInvolvedWith","PedestrianDirectionFrom","PedestrianDirectionTo","DirectionFromIntersection","Comment"
"681775","CR-0000091175","0","0","0","0","22-034-0777","False","False","297","2/2/2022 11:23:00 PM","No Pedestrians Involved","Dry","No Unusual Conditions","Dark - Street Light","Violation Driver 1","No Controls Present/Factor","Clear","Rear End","Non-Related","Parked Vehicle","Not Applicable","Not Applicable","South Of",""
"681776","CR-0000091176","0","1","0","0","22-048-0169","False","False","0","2/17/2022 8:03:00 AM","No Pedestrians Involved","Dry","Unknown","Daylight","Unknown","Unknown","Clear","Broadside","Intersection","Other Vehicle","Not Applicable","Not Applicable","At",""
"681777","CR-0000091177","1","0","0","0","22-048-0192","False","False","0","2/17/2022 8:06:00 AM","Crossing In Crosswalk - At Intersection","Dry","No Unusual Conditions","Daylight","Violation Driver 1","Controls Functioning","Clear","Vehicle/Bike","Intersection","Bike","East","West","At","Bike"
"681778","CR-0000091178","0","1","0","0","22-048-0569","False","False","0","2/17/2022 2:44:00 PM","No Pedestrians Involved","Dry","No Unusual Conditions","Daylight","Bike At Fault","Controls Functioning","Clear","Broadside","Intersection","Bike","Not Applicable","Not Applicable","At","BIKE"
"681779","CR-0000091179","1","0","0","0","22-056-0218","True","False","490","2/25/2022 8:52:00 AM","No Pedestrians Involved","Dry","No Unusual Conditions","Daylight","Violation Driver 1","No Controls Present/Factor","Clear","Head On","Non-Related","Fixed Object","Not Applicable","Not Applicable","North Of","Light pole #11Q460"
"681780","CR-0000091180","0","1","0","0","22-055-0575","False","False","64","2/25/2022 3:53:00 PM","No Pedestrians Involved","Dry","No Unusual Conditions","Daylight","Violation Driver 1","Controls Functioning","Clear","Rear End","Non-Related","Other Vehicle","Not Applicable","Not Applicable","North Of","MC"
"681781","CR-0000091181","1","0","0","0","22-056-0599","False","False","0","2/25/2022 4:11:00 PM","No Pedestrians Involved","Dry","No Unusual Conditions","Daylight","Violation Driver 1","Controls Functioning","Clear","Broadside","Intersection","Motor Vehicle On Other Roadway","Not Applicable","Not Applicable","At",""
"681782","CR-0000091182","2","0","0","0","22-056-0623","False","False","254","2/25/2022 4:38:00 PM","No Pedestrians Involved","Dry","No Unusual Conditions","Daylight","Violation Driver 1","Controls Not Functioning","Clear","Rear End","Non-Related","Other Vehicle","Not Applicable","Not Applicable","North Of",""
"681783","CR-0000091183","0","2","0","0","22-056-0815","False","False","0","2/25/2022 7:23:00 PM","No Pedestrians Involved","Dry","No Unusual Conditions","Dark - Street Light","Violation Driver 1","Controls Functioning","Clear","Head On","Intersection","Other Vehicle","Not Applicable","Not Applicable","At",""
"681784","CR-0000091184","0","0","0","0","22-056-0935","False","False","0","2/25/2022 9:10:00 PM","No Pedestrians Involved","Dry","No Unusual Conditions","Dark - Street Light","Violation Driver 1","Controls Functioning","Clear","Sideswipe","Intersection","Other Vehicle","Not Applicable","Not Applicable","At",""
"681785","CR-0000091185","0","0","0","0","22-056-1066","False","False","0","2/25/2022 11:55:00 PM","No Pedestrians Involved","Dry","No Unusual Conditions","Dark - Street Light","Violation Driver 1","Controls Functioning","Clear","Broadside","Intersection","Other Vehicle","Not Applicable","Not Applicable","At",""
"681786","CR-0000091186","0","0","0","0","22-059-9708","False","True","51","2/8/2022 3:20:00 PM","No Pedestrians Involved","Dry","No Unusual Conditions","Daylight","Unknown","Unknown","Clear","Sideswipe","Non-Related","Parked Vehicle","Not Applicable","Not Applicable","East Of",""
"681787","CR-0000091187","0","0","0","0","22-054-9714","False","True","0","2/8/2022 3:57:00 PM","No Pedestrians Involved","Dry","No Unusual Conditions","Daylight","Unknown","Controls Functioning","Clear","Rear End","Intersection","Parked Vehicle","Not Applicable","Not Applicable","At",""
"681788","CR-0000091188","0","0","0","0","22-058-0796","False","False","50","2/27/2022 8:00:00 PM","No Pedestrians Involved","Dry","No Unusual Conditions","Dark - Street Light","Violation Driver 1","No Controls Present/Factor","Clear","Rear End","Related","Parked Vehicle","Not Applicable","Not Applicable","North Of",""
"681789","CR-0000091189","0","0","0","0","22-058-0911","False","False","180","2/27/2022 10:15:00 PM","No Pedestrians Involved","Dry","No Unusual Conditions","Dark - Street Light","Violation Driver 1","No Controls Present/Factor","Clear","Rear End","Non-Related","Parked Vehicle","Not Applicable","Not Applicable","North Of",""
"681790","CR-0000091190","0","0","1","0","22-058-0926","True","False","359","2/27/2022 10:32:00 PM","No Pedestrians Involved","Dry","No Unusual Conditions","Dark - Street Light","Violation Driver 1","No Controls Present/Factor","Clear","Overturned","Non-Related","Fixed Object","Not Applicable","Not Applicable","West Of","Light Pole #17G33"
"681791","CR-0000091191","0","0","0","0","22-060-9704","False","True","0","2/27/2022 12:01:00 PM","No Pedestrians Involved","Dry","No Unusual Conditions","Daylight","Unknown","Controls Functioning","Clear","Broadside","Intersection","Other Vehicle","Not Applicable","Not Applicable","At",""
"681792","CR-0000091192","1","0","0","0","22-032-2295","False","False","36","2/1/2022 1:41:00 AM","No Pedestrians Involved","Dry","Other","Dark - Street Light","Violation Driver 1","Unknown","Clear","Head On","Related","Parked Vehicle","Not Applicable","Not Applicable","West Of",""
"681793","CR-0000091193","2","0","0","0","22-076-0436","False","False","0","3/17/2022 12:30:00 PM","No Pedestrians Involved","Dry","No Unusual Conditions","Daylight","Violation Driver 1","Controls Functioning","Clear","Broadside","Intersection","Other Vehicle","Not Applicable","Not Applicable","At",""
"681794","CR-0000091194","0","0","0","0","22-076-0503","False","False","21","3/17/2022 1:26:00 PM","No Pedestrians Involved","Dry","No Unusual Conditions","Daylight","Violation Driver 1","Controls Functioning","Clear","Rear End","Related","Other Vehicle","Not Applicable","Not Applicable","South Of",""
"681795","CR-0000091195","1","0","0","0","22-076-0673","False","False","0","3/17/2022 4:26:00 PM","No Pedestrians Involved","Dry","No Unusual Conditions","Daylight","Violation Driver 1","Controls Functioning","Clear","Rear End","Intersection","Other Vehicle","Not Applicable","Not Applicable","At",""
"681796","CR-0000091197","0","0","0","0","22-076-0933","False","False","165","3/17/2022 8:13:00 PM","No Pedestrians Involved","Dry","No Unusual Conditions","Dark - Street Light","Violation Driver 1","No Controls Present/Factor","Clear","Sideswipe","Non-Related","Parked Vehicle","Not Applicable","Not Applicable","East Of",""
"681797","CR-0000091206","0","0","0","0","22-076-1093","False","False","32","3/17/2022 11:45:00 PM","No Pedestrians Involved","Dry","No Unusual Conditions","Dark - Street Light","Violation Driver 1","No Controls Present/Factor","Clear","Rear End","Related","Parked Vehicle","Not Applicable","Not Applicable","East Of",""
"681798","CR-0000091207","0","0","1","0","22-077-0030","False","False","81","3/18/2022 12:29:00 AM","In Road - Includes Shoulder","Dry","No Unusual Conditions","Dark - Street Light","Violation Driver 1","Controls Functioning","Cloudy","Vehicle/Pedestrian","Non-Related","Pedestrian","Unknown","Unknown","South Of","PEDESTRIAN"
"681799","CR-0000091208","0","0","0","0","22-077-0064","False","False","0","3/18/2022 1:18:00 AM","No Pedestrians Involved","Dry","No Unusual Conditions","Dark - Street Light","Violation Driver 1","Controls Functioning","Clear","Broadside","Intersection","Other Vehicle","Not Applicable","Not Applicable","At",""
"681800","CR-0000091209","0","0","0","0","22-077-0134","True","False","0","3/18/2022 5:25:00 AM","No Pedestrians Involved","Dry","No Unusual Conditions","Dark - Street Light","Violation Driver 1","Controls Functioning","Clear","Hit Object","Intersection","Fixed Object","Not Applicable","Not Applicable","At","TRAFFIC SIGNAL POLE"
"681801","CR-0000091210","0","0","0","0","22-077-0173","False","False","51","3/18/2022 7:52:00 AM","No Pedestrians Involved","Dry","No Unusual Conditions","Daylight","Violation Driver 1","No Controls Present/Factor","Clear","Sideswipe","Non-Related","Parked Vehicle","Not Applicable","Not Applicable","North Of",""
"681802","CR-0000091211","0","0","0","0","22-077-0220","False","False","0","3/18/2022 9:02:00 AM","No Pedestrians Involved","Dry","No Unusual Conditions","Daylight","Violation Driver 1","No Controls Present/Factor","Clear","Broadside","Intersection","Parked Vehicle","Not Applicable","Not Applicable","At",""
"681803","CR-0000091212","0","0","0","0","22-077-0488","False","False","0","3/18/2022 12:47:00 PM","No Pedestrians Involved","Dry","No Unusual Conditions","Daylight","Violation Driver 1","Controls Functioning","Clear","Head On","Intersection","Other Vehicle","Not Applicable","Not Applicable","At",""
"681804","CR-0000091213","0","0","0","0","22-077-0569","False","False","84","3/18/2022 3:14:00 PM","No Pedestrians Involved","Dry","No Unusual Conditions","Daylight","Violation Driver 1","Controls Functioning","Clear","Sideswipe","Non-Related","Parked Vehicle","Not Applicable","Not Applicable","South Of",""
"681805","CR-0000091214","0","0","0","0","22-077-0634","False","False","405","3/18/2022 4:30:00 PM","No Pedestrians Involved","Dry","No Unusual Conditions","Daylight","Violation Driver 1","Controls Functioning","Clear","Rear End","Non-Related","Other Vehicle","Not Applicable","Not Applicable","East Of",""
"681806","CR-0000091215","1","1","0","0","22-077-0941","False","False","0","3/18/2022 9:40:00 PM","No Pedestrians Involved","Dry","No Unusual Conditions","Dark - Street Light","Violation Driver 1","Controls Functioning","Clear","Head On","Intersection","Other Vehicle","Not Applicable","Not Applicable","At",""
"681807","CR-0000091216","0","0","0","0","22-078-0107","True","False","0","3/19/2022 8:16:00 AM","No Pedestrians Involved","Dry","No Unusual Conditions","Dark - Street Light","Violation Driver 1","Controls Functioning","Clear","Hit Object","Intersection","Fixed Object","Not Applicable","Not Applicable","At","TRAFFIC SIGNAL"
"681808","CR-0000091217","0","0","0","0","22-078-0181","True","False","135","3/19/2022 6:17:00 AM","No Pedestrians Involved","Dry","No Unusual Conditions","Dark - Street Light","Violation Driver 1","No Controls Present/Factor","Clear","Hit Object","Non-Related","Fixed Object","Not Applicable","Not Applicable","East Of","LIGHT POLE"
"681809","CR-0000091218","1","1","0","0","22-078-0392","False","False","280","3/19/2022 1:15:00 PM","No Pedestrians Involved","Wet","No Unusual Conditions","Daylight","Violation Driver 1","No Controls Present/Factor","Cloudy","Head On","Non-Related","Other Vehicle","Not Applicable","Not Applicable","West Of",""
"681810","CR-0000091219","0","0","0","0","22-079-0225","False","False","0","3/20/2022 2:00:00 AM","No Pedestrians Involved","Dry","No Unusual Conditions","Daylight","Violation Driver 1","Controls Functioning","Clear","Rear End","Intersection","Parked Vehicle","Not Applicable","Not Applicable","At",""
"681811","CR-0000091220","0","0","0","0","22-079-0403","True","False","0","3/20/2022 11:34:00 AM","No Pedestrians Involved","Dry","No Unusual Conditions","Daylight","Violation Driver 1","Controls Functioning","Clear","Hit Object","Intersection","Fixed Object","Not Applicable","Not Applicable","At","SIGNS / TREE"
"681812","CR-0000091221","0","0","0","0","22-081-0416","False","False","63","3/22/2022 12:00:00 PM","No Pedestrians Involved","Dry","No Unusual Conditions","Daylight","Violation Driver 1","No Controls Present/Factor","Clear","Rear End","Non-Related","Other Vehicle","Not Applicable","Not Applicable","West Of",""
"681813","CR-0000091222","0","0","0","0","22-081-0449","False","False","0","3/22/2022 4:28:00 PM","No Pedestrians Involved","Dry","No Unusual Conditions","Daylight","Violation Driver 1","Controls Functioning","Clear","Sideswipe","Intersection","Motor Vehicle On Other Roadway","Not Applicable","Not Applicable","At",""
"681814","CR-0000091223","0","0","1","0","22-081-0813","False","False","0","3/22/2022 7:00:00 PM","No Pedestrians Involved","Dry","No Unusual Conditions","Daylight","Violation Driver 1","Controls Functioning","Clear","Vehicle/Bike","Intersection","Scooter Motorized","Not Applicable","Not Applicable","At","BIKE (E-SCOOTER)"
"681815","CR-0000091224","0","0","0","0","22-082-0530","False","False","","3/23/2022 1:42:00 PM","No Pedestrians Involved","Dry","No Unusual Conditions","Daylight","Violation Driver 1","Controls Functioning","Clear","Rear End","Related","Other Vehicle","Not Applicable","Not Applicable","West Of",""
"681840","CR-0000091258","0","0","0","0","22-096-9705","False","True","0","3/10/2022 3:00:00 AM","No Pedestrians Involved","Unknown","Unknown","Dark - Street Light","Unknown","Unknown","Clear","Other","Intersection","Other Vehicle","Not Applicable","Not Applicable","At",""
"681841","CR-0000091259","0","0","0","0","22-070-9708","False","True","20","3/11/2022 12:05:00 PM","No Pedestrians Involved","Dry","No Unusual Conditions","Daylight","Unknown","Controls Functioning","Clear","Rear End","Related","Other Vehicle","Not Applicable","Not Applicable","West Of",""
"681842","CR-0000091260","0","0","0","0","22-074-9707","False","True","51","3/12/2022 2:00:00 PM","No Pedestrians Involved","Dry","Unknown","Dusk - Dawn","Unknown","Controls Functioning","Clear","Broadside","Non-Related","Other Vehicle","Not Applicable","Not Applicable","South Of",""
"681843","CR-0000091261","0","0","0","0","22-077-9706","False","True","40","3/16/2022 8:15:00 AM","No Pedestrians Involved","Dry","No Unusual Conditions","Daylight","Unknown","Controls Functioning","Clear","Rear End","Related","Other Vehicle","Not Applicable","Not Applicable","South Of",""
"681844","CR-0000091299","0","0","0","0","22-093-9706","False","True","0","3/16/2022 2:15:00 PM","No Pedestrians Involved","Dry","No Unusual Conditions","Daylight","Unknown","Controls Functioning","Clear","Sideswipe","Intersection","Other Vehicle","Not Applicable","Not Applicable","At",""
"681845","CR-0000091298","0","0","0","0","22-093-9704","False","True","51","3/3/2022 1:00:00 PM","No Pedestrians Involved","Dry","No Unusual Conditions","Daylight","Unknown","No Controls Present/Factor","Clear","Vehicle/Bike","Non-Related","Bike","Not Applicable","Not Applicable","West Of","BIKE"
"681846","CR-0000091300","0","0","0","0","22-093-9707","False","True","51","3/17/2022 4:25:00 PM","No Pedestrians Involved","Dry","No Unusual Conditions","Daylight","Unknown","Controls Functioning","Clear","Overturned","Non-Related","Other Vehicle","Not Applicable","Not Applicable","East Of",""
"681847","CR-0000091301","0","0","0","0","22-072-9704","False","True","","3/10/2022 2:25:00 PM","No Pedestrians Involved","Dry","No Unusual Conditions","Daylight","Unknown","Controls Functioning","Clear","Rear End","Related","Other Vehicle","Not Applicable","Not Applicable","Unknown",""
"681848","CR-0000091302","0","0","0","0","22-072-9705","False","True","","3/13/2022 12:45:00 AM","No Pedestrians Involved","Dry","No Unusual Conditions","Dark - Street Light","Unknown","Controls Functioning","Clear","Head On","Related","Other Vehicle","Not Applicable","Not Applicable","West Of",""
"681849","CR-0000091303","0","0","0","0","22-073-0181","False","False","","3/14/2022 9:17:00 AM","No Pedestrians Involved","Dry","No Unusual Conditions","Daylight","Violation Driver 1","Controls Functioning","Clear","Rear End","Related","Other Vehicle","Not Applicable","Not Applicable","South Of",""
"681853","CR-0000091316","1","1","0","0","22-072-0085","False","False","0","3/13/2022 1:44:00 AM","No Pedestrians Involved","Dry","No Unusual Conditions","Dark - Street Light","Violation Driver 1","Controls Functioning","Clear","Broadside","Intersection","Other Vehicle","Not Applicable","Not Applicable","At",""
"681854","CR-0000091317","0","1","0","0","22-070-0970","False","False","195","3/11/2022 11:16:00 PM","No Pedestrians Involved","Dry","No Unusual Conditions","Dark - Street Light","Violation Driver 1","Controls Functioning","Clear","Rear End","Non-Related","Parked Vehicle","Not Applicable","Not Applicable","North Of",""
"681855","CR-0000091318","1","0","0","0","22-070-0751","False","False","","3/11/2022 6:46:00 PM","No Pedestrians Involved","Dry","No Unusual Conditions","Daylight","Violation Driver 1","No Controls Present/Factor","Clear","Head On","Related","Other Vehicle","Not Applicable","Not Applicable","Unknown",""
"681856","CR-0000091337","1","0","0","0","22-070-0640","False","False","19","3/11/2022 7:53:00 PM","No Pedestrians Involved","Dry","No Unusual Conditions","Daylight","Violation Driver 1","Controls Functioning","Clear","Rear End","Related","Other Vehicle","Not Applicable","Not Applicable","East Of",""
"681857","CR-0000091338","0","0","1","0","22-070-0477","False","False","0","3/11/2022 1:30:00 PM","No Pedestrians Involved","Dry","No Unusual Conditions","Daylight","Bike At Fault","Unknown","Clear","Vehicle/Bike","Intersection","Bike","Not Applicable","Not Applicable","At","BIKE"
"681858","CR-0000091339","1","1","0","0","22-069-0912","False","False","0","3/10/2022 2:18:00 PM","No Pedestrians Involved","Dry","No Unusual Conditions","Daylight","Violation Driver 1","Controls Functioning","Clear","Head On","Intersection","Other Vehicle","Not Applicable","Not Applicable","At",""
"681859","CR-0000091340","0","1","0","0","22-068-0135","False","False","241","3/9/2022 6:23:00 AM","No Pedestrians Involved","Dry","No Unusual Conditions","Dusk - Dawn","Violation Driver 1","No Controls Present/Factor","Clear","Broadside","Non-Related","Other Vehicle","Not Applicable","Not Applicable","South Of",""
"681860","CR-0000091341","0","0","0","0","22-067-1061","False","False","0","3/8/2022 11:48:00 PM","No Pedestrians Involved","Dry","No Unusual Conditions","Dark - Street Light","Violation Driver 1","Controls Functioning","Clear","Head On","Intersection","Other Vehicle","Not Applicable","Not Applicable","At",""
"681861","CR-0000091342","0","0","0","0","22-066-0727","False","False","0","3/7/2022 4:00:00 PM","No Pedestrians Involved","Dry","No Unusual Conditions","Daylight","Violation Driver 1","No Controls Present/Factor","Clear","Rear End","Intersection","Other Vehicle","Not Applicable","Not Applicable","At",""
"681862","CR-0000091343","0","0","1","0","22-065-0147","False","False","0","3/6/2022 2:31:00 AM","In Road - Includes Shoulder","Dry","No Unusual Conditions","Dark - Street Light","Violation Driver 1","Controls Functioning","Clear","Vehicle/Pedestrian","Intersection","Pedestrian","Unknown","Unknown","At","PEDESTRIAN"
"681863","CR-0000091344","0","0","0","0","22-064-0395","False","False","51","3/5/2022 12:47:00 PM","No Pedestrians Involved","Dry","No Unusual Conditions","Daylight","Violation Driver 1","No Controls Present/Factor","Clear","Vehicle/Bike","Non-Related","Bike","Not Applicable","Not Applicable","East Of","BIKE"
"681864","CR-0000091345","1","0","0","0","22-064-0203","False","False","230","3/5/2022 7:27:00 AM","No Pedestrians Involved","Dry","No Unusual Conditions","Daylight","Violation Driver 1","No Controls Present/Factor","Clear","Sideswipe","Non-Related","Motorcycle","Not Applicable","Not Applicable","North Of",""
"681865","CR-0000091346","1","0","0","0","22-063-0720","False","False","","3/4/2022 6:24:00 PM","No Pedestrians Involved","Dry","No Unusual Conditions","Daylight","Violation Driver 1","Controls Functioning","Clear","Rear End","Related","Other Vehicle","Not Applicable","Not Applicable","West Of",""
"681866","CR-0000091347","0","1","0","0","22-063-0596","False","False","0","3/4/2022 4:14:00 PM","Crossing In Crosswalk - At Intersection","Dry","No Unusual Conditions","Daylight","Violation Driver 1","Controls Functioning","Clear","Vehicle/Pedestrian","Intersection","Pedestrian","North","South","At","PEDESTRIAN"
"681867","CR-0000091348","1","0","0","0","22-063-0187","False","False","0","3/4/2022 8:25:00 AM","No Pedestrians Involved","Dry","Unknown","Daylight","Violation Driver 1","Controls Functioning","Clear","Vehicle/Bike","Intersection","Bike","Not Applicable","Not Applicable","At","BIKE"
"681868","CR-0000091349","1","0","0","0","22-062-0880","False","False","348","3/3/2022 7:46:00 PM","No Pedestrians Involved","Dry","No Unusual Conditions","Dark - Street Light","Violation Driver 1","Controls Functioning","Cloudy","Rear End","Non-Related","Other Vehicle","Not Applicable","Not Applicable","West Of",""
"681869","CR-0000091350","0","1","0","0","22-062-0598","False","False","25","3/3/2022 2:43:00 PM","In Road - Includes Shoulder","Wet","No Unusual Conditions","Daylight","Violation Driver 1","Controls Functioning","Rain","Vehicle/Pedestrian","Related","Pedestrian","South","North","South Of","PEDESTRIAN"
"681870","CR-0000091351","1","0","0","0","22-061-0570","False","False","","3/2/2022 2:18:00 PM","Crossing In Crosswalk - At Intersection","Dry","No Unusual Conditions","Daylight","Violation Driver 1","Controls Obscured","Clear","Vehicle/Pedestrian","Related","Pedestrian","West","East","North Of","PEDESTRIAN"
"681871","CR-0000091352","2","0","0","0","22-042-0306","False","False","48","2/11/2022 10:34:00 AM","No Pedestrians Involved","Dry","No Unusual Conditions","Daylight","Violation Driver 1","Controls Functioning","Clear","Rear End","Related","Other Vehicle","Not Applicable","Not Applicable","North Of",""
"681872","CR-0000091353","1","0","0","0","22-042-0909","False","False","0","2/11/2022 7:00:00 PM","Crossing In Crosswalk - At Intersection","Dry","No Unusual Conditions","Daylight","Violation Driver 1","No Controls Present/Factor","Clear","Vehicle/Pedestrian","Intersection","Pedestrian","South","North","At","PED"
"681873","CR-0000091354","0","0","0","0","22-119-4000","False","True","51","2/14/2022 10:22:00 PM","No Pedestrians Involved","Unknown","Unknown","Dark - Street Light","Unknown","No Controls Present/Factor","Unknown","Sideswipe","Non-Related","Parked Vehicle","Not Applicable","Not Applicable","West Of",""
"681874","CR-0000091355","1","0","0","0","22-041-0462","True","False","235","2/10/2022 12:08:00 PM","No Pedestrians Involved","Dry","No Unusual Conditions","Daylight","Violation Driver 1","Controls Functioning","Clear","Head On","Non-Related","Fixed Object","Not Applicable","Not Applicable","West Of","Light Pole #10J77"
"681875","CR-0000091356","1","0","0","0","22-040-0849","False","False","570","2/9/2022 7:12:00 PM","No Pedestrians Involved","Dry","No Unusual Conditions","Dark - Street Light","Violation Driver 1","Controls Not Functioning","Clear","Broadside","Non-Related","Motor Vehicle On Other Roadway","Not Applicable","Not Applicable","South Of",""
"681876","CR-0000091357","0","1","0","0","22-037-0351","False","False","60","2/6/2022 11:20:00 AM","In Road - Includes Shoulder","Dry","No Unusual Conditions","Daylight","Violation Driver 1","Controls Functioning","Clear","Broadside","Non-Related","Bike","West","East","West Of","BIKE"
"681877","CR-0000091358","0","1","0","0","22-037-0528","False","False","261","2/6/2022 3:22:00 PM","No Pedestrians Involved","Dry","No Unusual Conditions","Daylight","Violation Driver 1","Controls Functioning","Clear","Rear End","Non-Related","Other Vehicle","Not Applicable","Not Applicable","West Of",""
"681878","CR-0000091359","2","0","0","0","22-036-0076","False","False","31","2/5/2022 1:18:00 AM","No Pedestrians Involved","Dry","No Unusual Conditions","Dark - Street Light","Violation Driver 1","Controls Functioning","Clear","Rear End","Related","Other Vehicle","Not Applicable","Not Applicable","East Of",""
"681879","CR-0000091360","0","0","0","0","22-036-0163","False","False","0","2/5/2022 3:53:00 AM","No Pedestrians Involved","Dry","No Unusual Conditions","Dusk - Dawn","Violation Driver 1","Controls Functioning","Clear","Rear End","Intersection","Parked Vehicle","Not Applicable","Not Applicable","At",""
"681880","CR-0000091361","0","1","0","0","22-036-0323","False","False","0","2/5/2022 10:31:00 AM","No Pedestrians Involved","Dry","No Unusual Conditions","Daylight","Violation Driver 1","Unknown","Clear","Sideswipe","Intersection","Other Vehicle","Not Applicable","Not Applicable","East Of",""
"681881","CR-0000091362","0","1","0","0","22-036-0325","False","False","275","2/5/2022 10:36:00 AM","No Pedestrians Involved","Dry","No Unusual Conditions","Daylight","Violation Driver 1","No Controls Present/Factor","Clear","Rear End","Non-Related","Parked Vehicle","Not Applicable","Not Applicable","North Of",""
"681882","CR-0000091363","1","0","0","0","22-036-0387","False","False","0","2/5/2022 11:58:00 AM","No Pedestrians Involved","Dry","No Unusual Conditions","Daylight","Violation Driver 1","Controls Functioning","Clear","Sideswipe","Intersection","Other Vehicle","Not Applicable","Not Applicable","At",""
"681883","CR-0000091364","1","0","0","0","22-036-0528","False","False","0","2/5/2022 3:30:00 PM","No Pedestrians Involved","Dry","No Unusual Conditions","Daylight","Violation Driver 1","Controls Functioning","Clear","Rear End","Intersection","Other Vehicle","Not Applicable","Not Applicable","At",""
"681884","CR-0000091365","1","0","0","0","22-036-0693","False","False","21","2/5/2022 7:49:00 PM","No Pedestrians Involved","Dry","No Unusual Conditions","Dark - Street Light","Violation Driver 1","No Controls Present/Factor","Clear","Broadside","Related","Other Vehicle","Not Applicable","Not Applicable","North Of",""
"681885","CR-0000091366","1","0","1","0","22-038-9712","False","True","20","2/5/2022 5:00:00 PM","In Road - Includes Shoulder","Dry","No Unusual Conditions","Daylight","Unknown","Controls Functioning","Clear","Vehicle/Pedestrian","Related","Pedestrian","Unknown","Unknown","East Of","PED x2"
"681886","CR-0000091367","0","0","0","0","22-035-0120","False","False","54","2/4/2022 4:26:00 AM","No Pedestrians Involved","Dry","No Unusual Conditions","Dark - Street Light","Violation Driver 1","No Controls Present/Factor","Clear","Sideswipe","Non-Related","Parked Vehicle","Not Applicable","Not Applicable","West Of",""
"681887","CR-0000091368","0","0","0","0","22-035-0122","False","False","20","2/4/2022 4:49:00 AM","No Pedestrians Involved","Dry","No Unusual Conditions","Dark - Street Light","Violation Driver 1","Controls Functioning","Clear","Sideswipe","Related","Parked Vehicle","Not Applicable","Not Applicable","West Of",""
"681888","CR-0000091370","0","1","0","0","22-035-0609","False","False","0","2/4/2022 4:02:00 PM","Crossing In Crosswalk - At Intersection","Dry","No Unusual Conditions","Daylight","Violation Driver 1","No Controls Present/Factor","Clear","Vehicle/Pedestrian","Intersection","Pedestrian","West","East","At","ped"
"681889","CR-0000091371","2","0","0","0","22-035-0781","True","False","51","2/4/2022 6:23:00 PM","No Pedestrians Involved","Dry","No Unusual Conditions","Dusk - Dawn","Violation Driver 1","No Controls Present/Factor","Clear","Rear End","Non-Related","Other Vehicle","Not Applicable","Not Applicable","East Of","Emergency Vehicle"
"681890","CR-0000091372","1","1","0","0","22-035-0786","False","False","36","2/4/2022 6:46:00 PM","No Pedestrians Involved","Dry","No Unusual Conditions","Dark - Street Light","Violation Driver 1","Controls Functioning","Clear","Broadside","Related","Other Vehicle","Not Applicable","Not Applicable","North Of",""
"681891","CR-0000091373","0","0","0","0","22-054-0001","False","False","0","2/23/2022 12:01:00 AM","No Pedestrians Involved","Dry","No Unusual Conditions","Dark - Street Light","Violation Driver 1","No Controls Present/Factor","Clear","Broadside","Intersection","Other Vehicle","Not Applicable","Not Applicable","At",""
"681892","CR-0000091374","0","1","0","0","22-054-0205","False","False","0","2/23/2022 8:00:00 AM","Crossing - Not In Crosswalk","Dry","No Unusual Conditions","Daylight","Violation Driver 1","No Controls Present/Factor","Clear","Vehicle/Pedestrian","Intersection","Bike","South","North","At","BIKE"
"681893","CR-0000091375","2","0","0","0","22-054-0270","False","False","0","2/23/2022 9:26:00 AM","No Pedestrians Involved","Dry","No Unusual Conditions","Daylight","Violation Driver 1","Controls Functioning","Clear","Broadside","Intersection","Other Vehicle","Not Applicable","Not Applicable","At",""
"681894","CR-0000091376","0","0","0","1","22-061-0677","False","False","51","3/2/2022 4:45:00 PM","In Road - Includes Shoulder","Dry","No Unusual Conditions","Daylight","Violation Driver 1","No Controls Present/Factor","Clear","Vehicle/Pedestrian","Non-Related","Pedestrian","No Direction (Not Walking)","No Direction (Not Walking)","North Of","PED Fatality"
"681895","CR-0000091377","0","0","0","1","22-023-0186","False","False","0","1/23/2022 4:40:00 AM","Crossing In Crosswalk - At Intersection","Dry","No Unusual Conditions","Dark - Street Light","Violation Driver 1","Controls Functioning","Clear","Vehicle/Pedestrian","Intersection","Pedestrian","Unknown","Unknown","At","PED"
"681896","CR-0000091378","0","0","0","1","22-007-0763","False","False","250","1/7/2022 8:30:00 PM","In Road - Includes Shoulder","Dry","No Unusual Conditions","Dark - Street Light","Pedestrian At Fault","Controls Functioning","Cloudy","Vehicle/Pedestrian","Non-Related","Pedestrian","West","East","North Of","PED"
"681898","CR-0000091389","1","0","0","0","22-054-0322","False","False","0","2/23/2022 10:15:00 AM","No Pedestrians Involved","Dry","No Unusual Conditions","Daylight","Violation Driver 1","No Controls Present/Factor","Clear","Broadside","Intersection","Other Vehicle","Not Applicable","Not Applicable","At",""