"CrashFactId","Name","MinorInjuries","ModerateInjuries","SevereInjuries","FatalInjuries","TcrNumber","CityDamageFlag","ShortFormFlag","Distance","CrashDateTime","PedestrianAction","RoadwaySurface","RoadwayCondition","Lighting","PrimaryCollisionFactor","TrafficControl","Weather","CollisionType","ProximityToIntersection","VehicleInvolvedWith","PedestrianDirectionFrom","PedestrianDirectionTo","DirectionFromIntersection","Comment"
"682140","CR-0000091681","0","0","0","0","22-073-9702","False","True","0","3/13/2022 9:15:00 PM","No Pedestrians Involved","Dry","No Unusual Conditions","Dark - Street Light","Unknown","Controls Functioning","Clear","Rear End","Intersection","Other Vehicle","Not Applicable","Not Applicable","At",""
"682142","CR-0000091684","0","0","1","0","22-077-0883","False","False","51","3/18/2022 8:42:00 PM","No Pedestrians Involved","Dry","No Unusual Conditions","Dark - Street Light","Violation Driver 1","No Controls Present/Factor","Cloudy","Sideswipe","Non-Related","Motorcycle","Not Applicable","Not Applicable","South Of",""
"682143","CR-0000091646","0","0","0","0","22-077-9707","False","True","0","3/18/2022 12:30:00 AM","No Pedestrians Involved","Dry","No Unusual Conditions","Dark - Street Light","Unknown","Controls Functioning","Clear","Head On","Intersection","Motor Vehicle On Other Roadway","Not Applicable","Not Applicable","At",""
"682144","CR-0000091682","1","0","0","0","22-076-0639","False","True","125","3/17/2022 3:50:00 PM","No Pedestrians Involved","Dry","No Unusual Conditions","Daylight","Violation Driver 1","Controls Functioning","Clear","Rear End","Non-Related","Other Vehicle","Not Applicable","Not Applicable","East Of",""
"682145","CR-0000091685","0","0","0","0","22-090-9706","False","True","0","3/21/2022 5:00:00 PM","No Pedestrians Involved","Dry","No Unusual Conditions","Daylight","Unknown","Controls Functioning","Clear","Broadside","Intersection","Other Vehicle","Not Applicable","Not Applicable","At",""
"682146","CR-0000091699","1","0","0","0","22-074-0154","False","False","0","3/15/2022 7:20:00 AM","No Pedestrians Involved","Wet","No Unusual Conditions","Daylight","Unknown","Controls Functioning","Cloudy","Sideswipe","Intersection","Other Vehicle","Not Applicable","Not Applicable","At",""
"682147","CR-0000091704","0","0","0","0","22-075-0936","False","False","","3/16/2022 10:15:00 PM","No Pedestrians Involved","Dry","No Unusual Conditions","Dark - Street Light","Violation Driver 1","Unknown","Clear","Rear End","Related","Other Vehicle","Not Applicable","Not Applicable","South Of",""
"682153","CR-0000091701","0","0","0","0","22-075-0670","False","False","198","3/15/2022 12:47:00 AM","No Pedestrians Involved","Unknown","Unknown","Unknown","Violation Driver 1","No Controls Present/Factor","Clear","Rear End","Non-Related","Other Vehicle","Not Applicable","Not Applicable","North Of",""
"682156","CR-0000091703","0","0","0","0","22-074-1087","False","False","0","3/15/2022 11:35:00 PM","No Pedestrians Involved","Dry","No Unusual Conditions","Dark - Street Light","Violation Driver 1","Controls Functioning","Clear","Sideswipe","Intersection","Other Vehicle","Not Applicable","Not Applicable","At",""
"682160","CR-0000091702","0","0","0","0","22-074-1061","False","False","119","3/15/2022 10:45:00 PM","No Pedestrians Involved","Dry","No Unusual Conditions","Dark - Street Light","Violation Driver 1","No Controls Present/Factor","Clear","Sideswipe","Non-Related","Parked Vehicle","Not Applicable","Not Applicable","South Of",""
"682161","CR-0000091700","1","0","0","0","22-074-0237","False","False","0","3/15/2022 9:00:00 AM","No Pedestrians Involved","Wet","No Unusual Conditions","Daylight","Violation Driver 1","Controls Functioning","Rain","Broadside","Intersection","Other Vehicle","Not Applicable","Not Applicable","At",""
"682163","CR-0000091735","0","0","0","0","22-067-0738","False","False","0","3/8/2022 4:59:00 PM","No Pedestrians Involved","Dry","No Unusual Conditions","Daylight","Violation Driver 1","No Controls Present/Factor","Clear","Head On","Intersection","Parked Vehicle","Not Applicable","Not Applicable","At",""
"682164","CR-0000091746","0","0","0","0","22-062-0609","False","False","98","3/3/2022 3:01:00 PM","No Pedestrians Involved","Dry","No Unusual Conditions","Dusk - Dawn","Violation Driver 1","No Controls Present/Factor","Cloudy","Rear End","Non-Related","Parked Vehicle","Not Applicable","Not Applicable","East Of",""
"682165","CR-0000091733","1","0","0","0","22-067-0572","False","False","250","3/8/2022 2:15:00 PM","No Pedestrians Involved","Dry","No Unusual Conditions","Daylight","Unknown","No Controls Present/Factor","Clear","Sideswipe","Non-Related","Motorcycle","Not Applicable","Not Applicable","East Of",""
"682166","CR-0000091719","2","0","0","0","22-066-0552","False","False","82","3/7/2022 1:20:00 PM","No Pedestrians Involved","Dry","No Unusual Conditions","Daylight","Violation Driver 1","Controls Functioning","Clear","Rear End","Non-Related","Other Vehicle","Not Applicable","Not Applicable","South Of",""
"682167","CR-0000091742","2","1","0","0","22-062-0418","False","False","0","3/3/2022 11:38:00 AM","No Pedestrians Involved","Dry","No Unusual Conditions","Daylight","Violation Driver 1","Controls Functioning","Clear","Head On","Intersection","Motor Vehicle On Other Roadway","Not Applicable","Not Applicable","At",""
"682168","CR-0000091740","2","0","0","0","22-062-0202","False","False","16","3/3/2022 8:12:00 AM","No Pedestrians Involved","Dry","No Unusual Conditions","Daylight","Violation Driver 1","No Controls Present/Factor","Clear","Sideswipe","Related","Other Vehicle","Not Applicable","Not Applicable","South Of",""
"682169","CR-0000091739","0","0","0","0","22-062-0174","False","False","29","3/3/2022 7:20:00 AM","No Pedestrians Involved","Dry","No Unusual Conditions","Daylight","Violation Driver 1","Controls Functioning","Clear","Sideswipe","Related","Other Vehicle","Not Applicable","Not Applicable","East Of",""
"682170","CR-0000091732","2","0","0","0","22-067-0391","False","False","0","3/8/2022 11:18:00 AM","No Pedestrians Involved","Dry","No Unusual Conditions","Daylight","Violation Driver 1","Controls Functioning","Clear","Broadside","Intersection","Other Vehicle","Not Applicable","Not Applicable","At",""
"682171","CR-0000091715","1","0","0","0","22-066-0075","True","False","0","3/7/2022 1:59:00 AM","No Pedestrians Involved","Dry","No Unusual Conditions","Dark - Street Light","Violation Driver 1","Controls Functioning","Clear","Head On","Intersection","Fixed Object","Not Applicable","Not Applicable","At","Light Pole"
"682172","CR-0000091724","0","0","0","0","22-062-0023","False","False","40","3/3/2022 12:30:00 AM","No Pedestrians Involved","Dry","Construction - Repair Zone","Dark - Street Light","Violation Driver 1","Controls Functioning","Clear","Rear End","Related","Other Vehicle","Not Applicable","Not Applicable","South Of",""
"682173","CR-0000091721","0","0","0","0","22-071-0045","False","False","43","3/12/2022 12:50:00 AM","No Pedestrians Involved","Dry","No Unusual Conditions","Dark - Street Light","Violation Driver 1","Controls Functioning","Clear","Sideswipe","Related","Other Vehicle","Not Applicable","Not Applicable","East Of",""
"682174","CR-0000091727","0","0","0","0","22-062-0144","False","False","239","3/3/2022 5:45:00 AM","No Pedestrians Involved","Dry","No Unusual Conditions","Dark - Street Light","Violation Driver 1","Unknown","Clear","Rear End","Non-Related","Parked Vehicle","Not Applicable","Not Applicable","South Of",""
"682175","CR-0000091729","0","0","0","0","22-067-0149","True","False","42","3/8/2022 6:09:00 AM","No Pedestrians Involved","Dry","No Unusual Conditions","Dusk - Dawn","Violation Driver 1","No Controls Present/Factor","Clear","Hit Object","Related","Fixed Object","Not Applicable","Not Applicable","North Of","Tree"
"682176","CR-0000091728","1","0","0","0","22-062-0159","False","False","37","3/3/2022 6:53:00 AM","No Pedestrians Involved","Dry","No Unusual Conditions","Daylight","Violation Driver 1","No Controls Present/Factor","Clear","Sideswipe","Related","Other Vehicle","Not Applicable","Not Applicable","West Of",""
"682177","CR-0000091725","0","0","0","0","22-062-0050","True","False","0","3/3/2022 1:15:00 AM","No Pedestrians Involved","Dry","No Unusual Conditions","Dark - Street Light","Violation Driver 1","No Controls Present/Factor","Clear","Hit Object","Intersection","Fixed Object","Not Applicable","Not Applicable","At","Streetlight"
"682178","CR-0000091723","0","0","0","0","22-071-0388","False","False","0","3/12/2022 11:54:00 AM","No Pedestrians Involved","Dry","No Unusual Conditions","Daylight","Violation Driver 1","Controls Functioning","Clear","Other","Intersection","Non-Collision","Not Applicable","Not Applicable","At",""
"682179","CR-0000091736","1","0","0","0","22-067-0933","False","False","0","3/8/2022 8:45:00 PM","No Pedestrians Involved","Dry","No Unusual Conditions","Dark - Street Light","Violation Driver 1","Controls Functioning","Clear","Head On","Intersection","Other Vehicle","Not Applicable","Not Applicable","At",""
"682180","CR-0000091716","1","0","0","0","22-066-0172","False","False","0","3/7/2022 7:15:00 AM","No Pedestrians Involved","Dry","No Unusual Conditions","Daylight","Violation Driver 1","Controls Functioning","Clear","Sideswipe","Intersection","Other Vehicle","Not Applicable","Not Applicable","At",""
"682181","CR-0000091722","0","0","0","0","22-071-0085","False","False","250","3/12/2022 1:45:00 AM","No Pedestrians Involved","Dry","No Unusual Conditions","Dark - Street Light","Unknown","No Controls Present/Factor","Clear","Rear End","Non-Related","Parked Vehicle","Not Applicable","Not Applicable","North Of",""
"682182","CR-0000091744","1","0","0","0","22-062-0472","False","False","0","3/3/2022 12:30:00 PM","Crossing In Crosswalk - Not At Intersection","Dry","No Unusual Conditions","Daylight","Bike At Fault","No Controls Present/Factor","Cloudy","Head On","Intersection","Pedestrian","East","West","At","BIKE"
"682183","CR-0000091738","0","0","0","0","22-067-1040","False","False","72","3/8/2022 11:17:00 PM","No Pedestrians Involved","Dry","No Unusual Conditions","Dark - Street Light","Violation Driver 1","Controls Functioning","Clear","Rear End","Non-Related","Other Vehicle","Not Applicable","Not Applicable","West Of",""
"682184","CR-0000091718","2","0","0","0","22-066-0394","False","False","0","3/7/2022 11:00:00 AM","No Pedestrians Involved","Dry","No Unusual Conditions","Daylight","Violation Driver 1","Controls Functioning","Clear","Broadside","Intersection","Other Vehicle","Not Applicable","Not Applicable","At",""
"682185","CR-0000091720","0","0","0","0","22-071-0008","True","False","110","3/12/2022 12:09:00 AM","No Pedestrians Involved","Dry","No Unusual Conditions","Dark - Street Light","Violation Driver 1","No Controls Present/Factor","Clear","Sideswipe","Non-Related","Fixed Object","Not Applicable","Not Applicable","West Of","Tree"
"682186","CR-0000091741","1","0","0","0","22-062-0393","False","False","360","3/3/2022 11:15:00 AM","Crossing - Not In Crosswalk","Dry","No Unusual Conditions","Daylight","Bike At Fault","No Controls Present/Factor","Cloudy","Other","Non-Related","Pedestrian","West","East","South Of","PED/BIKE62985"
"682187","CR-0000091726","0","0","0","0","22-062-0134","False","False","215","3/3/2022 5:05:00 AM","No Pedestrians Involved","Dry","No Unusual Conditions","Dark - Street Light","Violation Driver 1","No Controls Present/Factor","Clear","Head On","Non-Related","Parked Vehicle","Not Applicable","Not Applicable","West Of",""
"682188","CR-0000091730","1","0","0","0","22-067-0212","False","False","0","3/8/2022 8:09:00 AM","No Pedestrians Involved","Dry","No Unusual Conditions","Daylight","Bike At Fault","No Controls Present/Factor","Clear","Broadside","Intersection","Bike","Not Applicable","Not Applicable","At","Bike"
"682190","CR-0000091745","1","0","0","0","22-062-0560","False","False","300","3/3/2022 2:03:00 PM","No Pedestrians Involved","Wet","Construction - Repair Zone","Daylight","Violation Driver 1","No Controls Present/Factor","Rain","Sideswipe","Non-Related","Other Vehicle","Not Applicable","Not Applicable","West Of",""
"682191","CR-0000091743","0","0","0","0","22-062-0434","False","False","0","3/3/2022 11:56:00 AM","No Pedestrians Involved","Dry","No Unusual Conditions","Daylight","Violation Driver 1","No Controls Present/Factor","Clear","Rear End","Intersection","Parked Vehicle","Not Applicable","Not Applicable","At",""
"682193","CR-0000091737","0","1","1","0","22-067-0965","False","False","0","3/8/2022 9:30:00 PM","No Pedestrians Involved","Dry","No Unusual Conditions","Dark - Street Light","Violation Driver 1","No Controls Present/Factor","Clear","Vehicle/Pedestrian","Intersection","Pedestrian","West","East","At","PED"
"682194","CR-0000091714","2","0","0","0","22-066-0054","False","False","0","3/7/2022 1:20:00 AM","No Pedestrians Involved","Dry","No Unusual Conditions","Dark - Street Light","Violation Driver 1","Controls Functioning","Clear","Hit Object","Intersection","Fixed Object","Not Applicable","Not Applicable","At","Curb"
"682195","CR-0000091717","0","0","0","0","22-066-0298","False","False","62","3/7/2022 9:21:00 AM","No Pedestrians Involved","Dry","No Unusual Conditions","Daylight","Violation Driver 1","Controls Functioning","Clear","Rear End","Non-Related","Motor Vehicle On Other Roadway","Not Applicable","Not Applicable","East Of",""
"682196","CR-0000091731","1","0","0","0","22-067-0342","False","False","0","3/8/2022 10:19:00 AM","No Pedestrians Involved","Dry","No Unusual Conditions","Daylight","Violation Driver 1","Controls Functioning","Clear","Broadside","Intersection","Train","Not Applicable","Not Applicable","At","Light Rail Train"
"682197","CR-0000091734","2","0","0","0","22-067-0723","False","False","23","3/8/2022 4:53:00 PM","No Pedestrians Involved","Wet","No Unusual Conditions","Daylight","Violation Driver 1","Controls Functioning","Clear","Rear End","Related","Other Vehicle","Not Applicable","Not Applicable","South Of",""
"682198","CR-0000091751","0","0","0","0","22-062-0793","True","False","200","3/3/2022 6:10:00 PM","No Pedestrians Involved","Wet","No Unusual Conditions","Dusk - Dawn","Violation Driver 1","No Controls Present/Factor","Other","Hit Object","Non-Related","Fixed Object","Not Applicable","Not Applicable","South Of","Light Pole"
"682199","CR-0000091771","2","0","0","0","22-066-0781","False","False","20","3/7/2022 5:00:00 PM","No Pedestrians Involved","Dry","No Unusual Conditions","Daylight","Violation Driver 1","Controls Functioning","Clear","Broadside","Related","Other Vehicle","Not Applicable","Not Applicable","East Of",""
"682200","CR-0000091755","1","0","0","0","22-062-0923","False","False","0","3/3/2022 8:52:00 PM","No Pedestrians Involved","Wet","No Unusual Conditions","Dark - Street Light","Violation Driver 1","No Controls Present/Factor","Rain","Sideswipe","Intersection","Other Vehicle","Not Applicable","Not Applicable","At",""
"682204","CR-0000091764","0","1","0","0","22-071-0951","False","False","0","3/12/2022 10:37:00 PM","No Pedestrians Involved","Dry","No Unusual Conditions","Dark - Street Light","Violation Driver 1","Controls Functioning","Clear","Broadside","Intersection","Other Vehicle","Not Applicable","Not Applicable","At",""
"682207","CR-0000091749","2","0","0","0","22-062-0713","False","False","38","3/3/2022 6:04:00 PM","No Pedestrians Involved","Wet","No Unusual Conditions","Daylight","Violation Driver 1","Controls Functioning","Rain","Rear End","Related","Other Vehicle","Not Applicable","Not Applicable","North Of",""
"682209","CR-0000091753","2","0","0","0","22-062-0849","False","False","57","3/3/2022 7:03:00 PM","No Pedestrians Involved","Dry","No Unusual Conditions","Dark - Street Light","Violation Driver 1","Controls Functioning","Clear","Rear End","Non-Related","Other Vehicle","Not Applicable","Not Applicable","South Of",""
"682210","CR-0000091773","0","0","0","0","22-066-0888","False","False","0","3/7/2022 4:39:00 PM","No Pedestrians Involved","Dry","No Unusual Conditions","Dusk - Dawn","Violation Driver 1","Controls Functioning","Clear","Sideswipe","Intersection","Other Vehicle","Not Applicable","Not Applicable","At",""
"682211","CR-0000091761","1","0","0","0","22-071-0746","False","False","102","3/12/2022 6:55:00 PM","No Pedestrians Involved","Dry","No Unusual Conditions","Daylight","Violation Driver 1","No Controls Present/Factor","Clear","Rear End","Non-Related","Other Vehicle","Not Applicable","Not Applicable","West Of",""
"682212","CR-0000091765","0","1","0","0","22-071-1004","False","False","0","3/12/2022 11:23:00 PM","No Pedestrians Involved","Dry","No Unusual Conditions","Dark - Street Light","Violation Driver 1","No Controls Present/Factor","Clear","Hit Object","Intersection","Other Object","Not Applicable","Not Applicable","At","curb"
"682213","CR-0000091767","0","0","0","0","22-066-0652","False","False","0","3/7/2022 2:30:00 PM","No Pedestrians Involved","Dry","No Unusual Conditions","Daylight","Violation Driver 1","Controls Functioning","Clear","Sideswipe","Intersection","Other Vehicle","Not Applicable","Not Applicable","At",""
"682215","CR-0000091752","0","0","0","0","22-062-0832","False","False","0","3/3/2022 5:24:00 PM","No Pedestrians Involved","Dry","No Unusual Conditions","Daylight","Violation Driver 1","Unknown","Cloudy","Sideswipe","Intersection","Other Vehicle","Not Applicable","Not Applicable","At",""
"682216","CR-0000091756","0","0","0","0","22-062-1048","False","False","0","3/3/2022 11:44:00 PM","No Pedestrians Involved","Wet","No Unusual Conditions","Dark - Street Light","Violation Driver 1","Controls Functioning","Clear","Rear End","Intersection","Other Vehicle","Not Applicable","Not Applicable","At",""
"682217","CR-0000091772","0","0","1","0","22-066-0829","False","False","38","3/7/2022 5:55:00 PM","Crossing In Crosswalk - At Intersection","Dry","No Unusual Conditions","Dusk - Dawn","Violation Driver 1","Controls Functioning","Clear","Vehicle/Pedestrian","Related","Pedestrian","Not Applicable","Not Applicable","North Of","PED"
"682220","CR-0000091768","1","0","0","0","22-066-0740","False","False","0","3/7/2022 4:18:00 PM","No Pedestrians Involved","Dry","No Unusual Conditions","Daylight","Violation Driver 1","Controls Functioning","Clear","Broadside","Intersection","Other Vehicle","Not Applicable","Not Applicable","At",""
"682221","CR-0000091759","0","0","0","0","22-071-0439","False","False","","3/12/2022 12:50:00 PM","No Pedestrians Involved","Dry","No Unusual Conditions","Daylight","Unknown","No Controls Present/Factor","Clear","Rear End","Related","Other Vehicle","Not Applicable","Not Applicable","South Of",""
"682222","CR-0000091763","0","0","0","0","22-071-0875","False","False","121","3/12/2022 9:20:00 PM","No Pedestrians Involved","Dry","No Unusual Conditions","Dark - Street Light","Unknown","No Controls Present/Factor","Clear","Vehicle/Bike","Non-Related","Bike","Not Applicable","Not Applicable","North Of","BIKE"
"682227","CR-0000091766","0","0","0","0","22-066-0628","True","False","66","3/7/2022 2:16:00 PM","No Pedestrians Involved","Dry","No Unusual Conditions","Daylight","Violation Driver 1","Controls Functioning","Clear","Rear End","Non-Related","Other Vehicle","Not Applicable","Not Applicable","North Of","DOT"
"682228","CR-0000091762","0","0","0","0","22-071-0861","False","False","35","3/12/2022 9:45:00 PM","No Pedestrians Involved","Dry","No Unusual Conditions","Dark - Street Light","Violation Driver 1","Controls Functioning","Clear","Rear End","Related","Parked Vehicle","Not Applicable","Not Applicable","West Of",""
"682231","CR-0000091769","0","1","0","0","22-066-0744","False","False","51","3/7/2022 4:00:00 PM","No Pedestrians Involved","Dry","No Unusual Conditions","Daylight","Violation Driver 1","Controls Functioning","Clear","Rear End","Non-Related","Other Vehicle","Not Applicable","Not Applicable","East Of",""
"682232","CR-0000091760","1","0","0","0","22-071-0448","False","False","0","3/12/2022 1:08:00 PM","No Pedestrians Involved","Dry","No Unusual Conditions","Daylight","Violation Driver 1","No Controls Present/Factor","Clear","Broadside","Intersection","Other Vehicle","Not Applicable","Not Applicable","At",""
"682234","CR-0000091758","0","0","0","0","22-071-0410","False","False","316","3/12/2022 12:23:00 PM","No Pedestrians Involved","Dry","No Unusual Conditions","Daylight","Violation Driver 1","No Controls Present/Factor","Clear","Hit Object","Non-Related","Fixed Object","Not Applicable","Not Applicable","West Of","Control Box"
"682239","CR-0000091774","1","0","0","0","22-066-0903","False","False","0","3/7/2022 7:26:00 PM","No Pedestrians Involved","Dry","No Unusual Conditions","Dark - Street Light","Violation Driver 1","Controls Functioning","Clear","Other","Intersection","Other Vehicle","Not Applicable","Not Applicable","At",""
"682240","CR-0000091750","0","0","0","0","22-062-0788","False","False","51","3/3/2022 6:00:00 PM","No Pedestrians Involved","Dry","No Unusual Conditions","Dusk - Dawn","Violation Driver 1","No Controls Present/Factor","Clear","Broadside","Non-Related","Other Vehicle","Not Applicable","Not Applicable","North Of",""
"682241","CR-0000091770","1","0","0","0","22-066-0794","False","False","0","3/7/2022 5:15:00 PM","No Pedestrians Involved","Dry","No Unusual Conditions","Daylight","Violation Driver 1","Controls Functioning","Clear","Sideswipe","Intersection","Bike","Not Applicable","Not Applicable","At","E-BIKE"
"682300","CR-0000091862","0","0","0","0","22-016-0554","False","True","51","1/16/2022 4:30:00 PM","No Pedestrians Involved","Unknown","Unknown","Daylight","Unknown","Unknown","Unknown","Sideswipe","Non-Related","Other Vehicle","Not Applicable","Not Applicable","South Of",""
"682859","CR-0000092439","0","0","1","0","22-058-0259","True","False","0","2/27/2022 8:08:00 AM","No Pedestrians Involved","Dry","No Unusual Conditions","Daylight","Violation Driver 1","Controls Functioning","Clear","Broadside","Intersection","Other Vehicle","Not Applicable","Not Applicable","At","POLE"
"682883","CR-0000092479","0","0","0","0","22-044-0899","False","False","54","2/13/2022 10:50:00 PM","No Pedestrians Involved","Dry","No Unusual Conditions","Dark - Street Light","Violation Driver 1","Controls Functioning","Clear","Sideswipe","Non-Related","Other Vehicle","Not Applicable","Not Applicable","West Of",""
"682885","CR-0000092474","0","0","0","0","22-050-4000","False","True","0","2/19/2022 10:10:00 AM","No Pedestrians Involved","Unknown","Unknown","Daylight","Unknown","Unknown","Unknown","Broadside","Intersection","Other Vehicle","Not Applicable","Not Applicable","At",""
"682890","CR-0000092466","1","0","0","0","22-039-0485","False","False","0","2/8/2022 12:15:00 PM","No Pedestrians Involved","Dry","No Unusual Conditions","Daylight","Violation Driver 1","No Controls Present/Factor","Clear","Other","Intersection","Other Vehicle","Not Applicable","Not Applicable","At",""
"682892","CR-0000092491","1","0","0","0","22-052-0818","False","False","292","2/22/2022 7:17:00 AM","No Pedestrians Involved","Wet","No Unusual Conditions","Dark - Street Light","Violation Driver 1","Unknown","Rain","Other","Non-Related","Parked Vehicle","Not Applicable","Not Applicable","East Of",""
"682893","CR-0000092473","0","0","0","0","22-049-4002","False","True","0","2/17/2022 7:20:00 PM","No Pedestrians Involved","Unknown","Unknown","Unknown","Unknown","Unknown","Unknown","Sideswipe","Intersection","Other Vehicle","Not Applicable","Not Applicable","At",""
"682895","CR-0000092464","1","0","0","0","22-038-0679","False","False","0","2/7/2022 4:58:00 PM","Crossing In Crosswalk - At Intersection","Dry","No Unusual Conditions","Daylight","Violation Driver 1","No Controls Present/Factor","Clear","Vehicle/Pedestrian","Intersection","Pedestrian","South","North","At","PED"
"682897","CR-0000092465","1","0","0","0","22-039-0264","False","False","21","2/8/2022 8:55:00 AM","Crossing In Crosswalk - At Intersection","Dry","No Unusual Conditions","Daylight","Violation Driver 1","No Controls Present/Factor","Clear","Vehicle/Pedestrian","Related","Pedestrian","East","West","South Of","PED"
"682899","CR-0000092467","1","0","0","0","22-040-0128","False","False","0","2/9/2022 2:54:00 AM","No Pedestrians Involved","Dry","No Unusual Conditions","Dark - Street Light","Violation Driver 1","Controls Functioning","Clear","Head On","Intersection","Other Vehicle","Not Applicable","Not Applicable","At",""
"682902","CR-0000092490","1","0","0","0","22-051-9707","False","True","0","2/15/2022 4:20:00 PM","No Pedestrians Involved","Dry","No Unusual Conditions","Daylight","Unknown","Controls Functioning","Clear","Rear End","Intersection","Other Vehicle","Not Applicable","Not Applicable","At",""
"682903","CR-0000092476","1","0","0","0","22-043-0039","False","False","264","2/12/2022 12:40:00 AM","No Pedestrians Involved","Dry","No Unusual Conditions","Dark - Street Light","Violation Driver 1","Controls Functioning","Clear","Head On","Non-Related","Other Vehicle","Not Applicable","Not Applicable","North Of",""
"682904","CR-0000092493","1","0","0","0","22-033-0628","False","False","30","2/2/2022 3:51:00 PM","No Pedestrians Involved","Dry","No Unusual Conditions","Daylight","Violation Driver 1","Controls Functioning","Clear","Broadside","Related","Other Vehicle","Not Applicable","Not Applicable","West Of",""
"682905","CR-0000092481","1","0","0","0","22-041-0833","False","False","0","2/10/2022 5:55:00 PM","No Pedestrians Involved","Dry","No Unusual Conditions","Daylight","Violation Driver 1","Controls Functioning","Clear","Broadside","Intersection","Motor Vehicle On Other Roadway","Not Applicable","Not Applicable","At",""
"682906","CR-0000092475","0","0","1","0","22-043-0793","False","False","147","2/12/2022 7:45:00 PM","In Road - Includes Shoulder","Dry","No Unusual Conditions","Dark - Street Light","Pedestrian At Fault","No Controls Present/Factor","Clear","Vehicle/Pedestrian","Non-Related","Pedestrian","West","East","South Of","PED"
"682907","CR-0000092472","0","0","0","0","22-049-4001","False","True","51","2/18/2022 3:00:00 PM","No Pedestrians Involved","Unknown","Unknown","Daylight","Unknown","Unknown","Unknown","Sideswipe","Non-Related","Parked Vehicle","Not Applicable","Not Applicable","South Of",""
"682908","CR-0000092486","1","0","0","0","22-054-0458","False","False","24","2/23/2022 12:40:00 PM","No Pedestrians Involved","Dry","No Unusual Conditions","Daylight","Violation Driver 2","No Controls Present/Factor","Clear","Broadside","Related","Other Vehicle","Not Applicable","Not Applicable","North Of",""
"682909","CR-0000092468","1","0","0","0","22-061-9709","False","True","0","2/20/2022 11:38:00 AM","Crossing In Crosswalk - At Intersection","Dry","No Unusual Conditions","Daylight","Unknown","Controls Functioning","Unknown","Vehicle/Pedestrian","Intersection","Pedestrian","South","North","At","PED"
"682910","CR-0000092489","1","0","0","0","22-051-9704","False","True","0","2/17/2022 5:10:00 PM","No Pedestrians Involved","Dry","No Unusual Conditions","Daylight","Unknown","Controls Functioning","Clear","Rear End","Intersection","Other Vehicle","Not Applicable","Not Applicable","At",""
"682911","CR-0000092477","1","0","0","0","22-042-0239","False","False","0","2/11/2022 10:03:00 AM","Crossing In Crosswalk - At Intersection","Dry","No Unusual Conditions","Daylight","Violation Driver 1","Controls Functioning","Clear","Vehicle/Pedestrian","Intersection","Pedestrian","South","North","At","PED"
"682914","CR-0000092470","0","0","0","0","22-048-4001","False","True","51","2/17/2022 3:10:00 PM","No Pedestrians Involved","Unknown","Unknown","Daylight","Unknown","Unknown","Unknown","Other","Non-Related","Other Vehicle","Not Applicable","Not Applicable","East Of",""
"682915","CR-0000092471","0","0","0","0","22-049-4000","False","True","0","2/17/2022 7:00:00 PM","No Pedestrians Involved","Unknown","Unknown","Daylight","Unknown","Unknown","Unknown","Sideswipe","Intersection","Other Vehicle","Not Applicable","Not Applicable","At",""
"682917","CR-0000092469","0","0","0","0","22-048-4002","False","True","0","2/17/2022 8:53:00 AM","No Pedestrians Involved","Unknown","Unknown","Daylight","Unknown","Unknown","Unknown","Other","Intersection","Parked Vehicle","Not Applicable","Not Applicable","At",""
"682918","CR-0000092487","2","0","0","0","22-050-9704","False","True","0","2/10/2022 5:20:00 PM","No Pedestrians Involved","Dry","No Unusual Conditions","Dusk - Dawn","Unknown","Controls Functioning","Unknown","Rear End","Intersection","Other Vehicle","Not Applicable","Not Applicable","At",""
"682919","CR-0000092478","2","0","0","0","22-041-0853","True","False","342","2/10/2022 6:18:00 PM","No Pedestrians Involved","Dry","No Unusual Conditions","Dark - Street Light","Violation Driver 1","Controls Functioning","Clear","Rear End","Non-Related","Other Vehicle","Not Applicable","Not Applicable","East Of","TREE"
"682925","CR-0000092463","0","0","0","0","22-046-4003","False","True","51","2/12/2022 4:15:00 PM","No Pedestrians Involved","Unknown","Unknown","Daylight","Unknown","Unknown","Unknown","Rear End","Non-Related","Parked Vehicle","Not Applicable","Not Applicable","East Of",""
"682926","CR-0000092480","1","0","0","0","22-050-0765","False","False","420","2/19/2022 8:33:00 PM","Not In Road","Dry","No Unusual Conditions","Dark - Street Light","Violation Driver 1","No Controls Present/Factor","Clear","Vehicle/Pedestrian","Non-Related","Pedestrian","No Direction (Not Walking)","No Direction (Not Walking)","North Of","PED"
"683093","CR-0000092743","0","0","0","0","22-051-9701","False","True","0","2/19/2022 12:40:00 PM","No Pedestrians Involved","Dry","No Unusual Conditions","Dark - Street Light Not Functioning","Unknown","Controls Functioning","Clear","Rear End","Intersection","Other Vehicle","Not Applicable","Not Applicable","At",""
"683098","CR-0000092711","0","0","0","0","22-045-9705","False","True","0","2/14/2022 9:50:00 PM","No Pedestrians Involved","Dry","No Unusual Conditions","Daylight","Unknown","Controls Functioning","Clear","Sideswipe","Intersection","Other Vehicle","Not Applicable","Not Applicable","At",""
"683102","CR-0000092736","0","0","0","0","22-047-4000","False","True","0","2/15/2022 8:00:00 PM","No Pedestrians Involved","Unknown","Unknown","Unknown","Unknown","Unknown","Unknown","Sideswipe","Intersection","Other Vehicle","Not Applicable","Not Applicable","At",""