"CrashFactId","Name","MinorInjuries","ModerateInjuries","SevereInjuries","FatalInjuries","TcrNumber","CityDamageFlag","ShortFormFlag","Distance","CrashDateTime","PedestrianAction","RoadwaySurface","RoadwayCondition","Lighting","PrimaryCollisionFactor","TrafficControl","Weather","CollisionType","ProximityToIntersection","VehicleInvolvedWith","PedestrianDirectionFrom","PedestrianDirectionTo","DirectionFromIntersection","Comment"
"683103","CR-0000092734","0","0","0","0","22-046-4004","False","True","0","2/15/2022 6:00:00 PM","No Pedestrians Involved","Unknown","Unknown","Unknown","Unknown","Unknown","Unknown","Broadside","Intersection","Other Vehicle","Not Applicable","Not Applicable","At",""
"683106","CR-0000092716","0","0","0","0","22-044-4005","False","True","0","2/13/2022 5:20:00 PM","No Pedestrians Involved","Unknown","Unknown","Daylight","Unknown","Unknown","Unknown","Rear End","Intersection","Other Vehicle","Not Applicable","Not Applicable","At",""
"683108","CR-0000092699","0","0","0","0","22-073-9710","False","True","51","2/2/2022 3:00:00 PM","No Pedestrians Involved","Dry","No Unusual Conditions","Daylight","Unknown","Controls Functioning","Clear","Sideswipe","Non-Related","Other Vehicle","Not Applicable","Not Applicable","East Of",""
"683111","CR-0000092735","0","0","0","0","22-046-4006","False","False","51","2/15/2022 8:45:00 PM","No Pedestrians Involved","Unknown","Unknown","Unknown","Unknown","Unknown","Unknown","Other","Non-Related","Other Vehicle","Not Applicable","Not Applicable","Unknown",""
"683112","CR-0000092692","0","0","0","0","22-056-4002","False","True","51","2/25/2022 7:20:00 PM","No Pedestrians Involved","Unknown","Unknown","Unknown","Unknown","Unknown","Unknown","Other","Non-Related","Parked Vehicle","Not Applicable","Not Applicable","West Of",""
"683113","CR-0000092691","0","0","0","0","22-057-4000","False","True","51","2/26/2022 12:30:00 PM","No Pedestrians Involved","Unknown","Unknown","Daylight","Unknown","Unknown","Unknown","Other","Non-Related","Parked Vehicle","Not Applicable","Not Applicable","West Of",""
"683114","CR-0000092721","0","0","0","0","22-045-4002","False","True","51","2/11/2022 4:10:00 PM","No Pedestrians Involved","Unknown","Unknown","Daylight","Unknown","Unknown","Unknown","Broadside","Non-Related","Parked Vehicle","Not Applicable","Not Applicable","West Of",""
"683116","CR-0000092737","0","0","0","0","22-046-4000","False","True","51","2/15/2022 3:00:00 PM","No Pedestrians Involved","Unknown","Unknown","Unknown","Unknown","Unknown","Unknown","Sideswipe","Non-Related","Parked Vehicle","Not Applicable","Not Applicable","South Of",""
"683118","CR-0000092740","0","0","0","0","22-048-0734","False","False","0","2/17/2022 5:16:00 PM","No Pedestrians Involved","Dry","Construction - Repair Zone","Daylight","Unknown","Controls Functioning","Clear","Sideswipe","Intersection","Other Vehicle","Not Applicable","Not Applicable","At",""
"683120","CR-0000092695","0","0","0","0","22-057-4001","False","True","51","2/19/2022 8:54:00 PM","No Pedestrians Involved","Unknown","Unknown","Unknown","Unknown","Unknown","Unknown","Other","Non-Related","Parked Vehicle","Not Applicable","Not Applicable","West Of",""
"683123","CR-0000092741","0","0","0","0","22-053-9704","False","True","0","2/21/2022 3:50:00 PM","No Pedestrians Involved","Dry","No Unusual Conditions","Daylight","Unknown","Controls Functioning","Clear","Broadside","Intersection","Other Vehicle","Not Applicable","Not Applicable","At",""
"683124","CR-0000092712","0","0","0","0","22-024-9705","False","True","0","1/21/2022 10:45:00 PM","No Pedestrians Involved","Dry","No Unusual Conditions","Dark - Street Light","Unknown","Controls Functioning","Clear","Sideswipe","Intersection","Other Vehicle","Not Applicable","Not Applicable","At",""
"683128","CR-0000092700","0","0","0","0","22-088-4001","False","True","","2/11/2022 3:40:00 PM","No Pedestrians Involved","Unknown","Unknown","Daylight","Unknown","Unknown","Unknown","Rear End","Related","Other Vehicle","Not Applicable","Not Applicable","West Of",""
"683131","CR-0000092722","0","0","0","0","22-045-4005","False","True","51","2/14/2022 11:30:00 AM","No Pedestrians Involved","Unknown","Unknown","Daylight","Unknown","Unknown","Unknown","Sideswipe","Non-Related","Parked Vehicle","Not Applicable","Not Applicable","North Of",""
"683132","CR-0000092714","0","0","0","0","22-044-4000","False","True","51","2/12/2022 2:20:00 PM","No Pedestrians Involved","Unknown","Unknown","Daylight","Unknown","Unknown","Unknown","Sideswipe","Non-Related","Other Vehicle","Not Applicable","Not Applicable","South Of",""
"683133","CR-0000092718","0","0","0","0","22-045-4000","False","True","51","2/12/2022 9:40:00 PM","No Pedestrians Involved","Unknown","Unknown","Unknown","Unknown","Unknown","Unknown","Other","Non-Related","Parked Vehicle","Not Applicable","Not Applicable","East Of",""
"683135","CR-0000092704","0","0","0","0","22-041-9702","False","True","","2/9/2022 5:55:00 PM","No Pedestrians Involved","Dry","No Unusual Conditions","Dusk - Dawn","Unknown","Controls Functioning","Clear","Rear End","Related","Other Vehicle","Not Applicable","Not Applicable","Unknown",""
"683136","CR-0000092703","0","0","0","0","22-058-9704","False","True","51","2/27/2022 12:30:00 AM","No Pedestrians Involved","Dry","No Unusual Conditions","Dark - Street Light","Unknown","No Controls Present/Factor","Unknown","Other","Non-Related","Other Vehicle","Not Applicable","Not Applicable","East Of",""
"683137","CR-0000092707","0","0","0","0","22-045-9702","False","True","0","2/13/2022 5:00:00 PM","No Pedestrians Involved","Dry","No Unusual Conditions","Daylight","Unknown","No Controls Present/Factor","Clear","Sideswipe","Intersection","Other Vehicle","Not Applicable","Not Applicable","At",""
"683138","CR-0000092713","0","0","0","0","22-043-4005","False","True","","2/12/2022 1:54:00 PM","No Pedestrians Involved","Unknown","Unknown","Daylight","Unknown","Unknown","Unknown","Rear End","Related","Other Vehicle","Not Applicable","Not Applicable","West Of",""
"683140","CR-0000092739","0","0","0","0","22-046-4001","False","True","51","2/13/2022 9:00:00 PM","No Pedestrians Involved","Unknown","Unknown","Unknown","Unknown","Unknown","Unknown","Sideswipe","Non-Related","Other Vehicle","Not Applicable","Not Applicable","North Of",""
"683141","CR-0000092724","0","0","0","0","22-045-4004","False","True","51","2/14/2022 8:00:00 AM","No Pedestrians Involved","Unknown","Unknown","Daylight","Unknown","Unknown","Unknown","Other","Non-Related","Parked Vehicle","Not Applicable","Not Applicable","East Of",""
"683144","CR-0000092727","0","0","0","0","22-045-4006","False","True","","2/11/2022 3:20:00 PM","No Pedestrians Involved","Unknown","Unknown","Daylight","Unknown","Unknown","Unknown","Rear End","Related","Other Vehicle","Not Applicable","Not Applicable","East Of",""
"683145","CR-0000092720","0","0","0","0","22-045-4001","False","True","","2/12/2022 7:30:00 PM","No Pedestrians Involved","Unknown","Unknown","Unknown","Unknown","Unknown","Unknown","Sideswipe","Related","Parked Vehicle","Not Applicable","Not Applicable","South Of",""
"683146","CR-0000092709","0","0","0","0","22-045-9704","False","True","0","2/12/2022 6:00:00 PM","No Pedestrians Involved","Dry","No Unusual Conditions","Dusk - Dawn","Unknown","Controls Functioning","Clear","Sideswipe","Intersection","Other Vehicle","Not Applicable","Not Applicable","At",""
"683148","CR-0000092742","0","0","0","0","22-048-9710","False","True","0","2/17/2022 12:38:00 PM","No Pedestrians Involved","Dry","No Unusual Conditions","Daylight","Unknown","Controls Functioning","Clear","Rear End","Intersection","Other Vehicle","Not Applicable","Not Applicable","At",""
"683150","CR-0000092729","0","0","0","0","22-045-4008","False","True","0","2/14/2022 6:50:00 PM","No Pedestrians Involved","Unknown","Unknown","Daylight","Unknown","Unknown","Unknown","Broadside","Intersection","Other Vehicle","Not Applicable","Not Applicable","At",""
"683154","CR-0000092725","0","0","0","0","22-043-4007","False","True","0","2/12/2022 11:10:00 AM","No Pedestrians Involved","Unknown","Unknown","Daylight","Unknown","Unknown","Unknown","Broadside","Intersection","Other Vehicle","Not Applicable","Not Applicable","At",""
"683157","CR-0000092705","0","0","0","0","22-045-0741","False","False","27","2/15/2022 12:39:00 AM","No Pedestrians Involved","Dry","No Unusual Conditions","Daylight","Unknown","Controls Functioning","Clear","Sideswipe","Related","Other Vehicle","Not Applicable","Not Applicable","North Of",""
"683159","CR-0000092697","0","0","0","0","22-058-4000","False","True","0","2/27/2022 8:25:00 PM","No Pedestrians Involved","Unknown","Unknown","Unknown","Unknown","Unknown","Unknown","Rear End","Intersection","Other Vehicle","Not Applicable","Not Applicable","At",""
"683160","CR-0000092757","0","0","0","0","22-042-4004","False","True","51","2/11/2022 2:50:00 PM","No Pedestrians Involved","Unknown","Unknown","Daylight","Unknown","Unknown","Unknown","Sideswipe","Non-Related","Other Vehicle","Not Applicable","Not Applicable","South Of",""
"683161","CR-0000092749","0","0","0","0","22-039-0704","False","False","62","2/8/2022 4:33:00 PM","No Pedestrians Involved","Dry","No Unusual Conditions","Daylight","Violation Driver 1","Controls Functioning","Clear","Rear End","Non-Related","Other Vehicle","Not Applicable","Not Applicable","North Of",""
"683162","CR-0000092768","0","0","0","0","22-052-4001","False","True","0","2/21/2022 6:38:00 PM","No Pedestrians Involved","Unknown","Unknown","Unknown","Unknown","Unknown","Unknown","Broadside","Intersection","Other Vehicle","Not Applicable","Not Applicable","At",""
"683163","CR-0000092755","0","0","0","0","22-041-4000","False","True","51","2/9/2022 4:30:00 PM","No Pedestrians Involved","Unknown","Unknown","Unknown","Unknown","Unknown","Unknown","Other","Non-Related","Other Vehicle","Not Applicable","Not Applicable","West Of",""
"683164","CR-0000092753","0","0","0","0","22-041-4001","False","True","","2/9/2022 9:35:00 PM","No Pedestrians Involved","Unknown","Unknown","Unknown","Unknown","Unknown","Unknown","Sideswipe","Related","Other Vehicle","Not Applicable","Not Applicable","Unknown",""
"683165","CR-0000092745","0","0","0","0","22-038-9703","False","True","0","2/5/2022 2:35:00 PM","No Pedestrians Involved","Dry","No Unusual Conditions","Daylight","Unknown","Controls Functioning","Clear","Rear End","Intersection","Other Vehicle","Not Applicable","Not Applicable","At",""
"683166","CR-0000092766","0","0","0","0","22-053-4000","False","True","51","2/21/2022 7:25:00 AM","No Pedestrians Involved","Unknown","Unknown","Daylight","Unknown","Unknown","Unknown","Rear End","Non-Related","Other Vehicle","Not Applicable","Not Applicable","South Of",""
"683167","CR-0000092764","0","0","0","0","22-053-4002","False","True","51","2/20/2022 2:20:00 AM","No Pedestrians Involved","Unknown","Unknown","Unknown","Unknown","Unknown","Unknown","Other","Non-Related","Parked Vehicle","Not Applicable","Not Applicable","West Of",""
"683168","CR-0000092762","0","0","0","0","22-046-9705","False","True","0","2/15/2022 8:17:00 AM","No Pedestrians Involved","Dry","No Unusual Conditions","Daylight","Unknown","Controls Functioning","Clear","Sideswipe","Intersection","Other Vehicle","Not Applicable","Not Applicable","At",""
"683170","CR-0000092765","0","0","0","0","22-062-9709","False","True","51","2/20/2022 12:30:00 AM","No Pedestrians Involved","Dry","No Unusual Conditions","Dark - Street Light","Unknown","No Controls Present/Factor","Clear","Sideswipe","Non-Related","Parked Vehicle","Not Applicable","Not Applicable","West Of",""
"683171","CR-0000092763","0","0","0","0","22-050-4003","False","True","51","2/19/2022 12:05:00 PM","No Pedestrians Involved","Unknown","Unknown","Daylight","Unknown","Unknown","Unknown","Other","Non-Related","Parked Vehicle","Not Applicable","Not Applicable","South Of",""
"683172","CR-0000092767","0","0","0","0","22-052-4000","False","True","51","2/21/2022 9:00:00 AM","No Pedestrians Involved","Unknown","Unknown","Daylight","Unknown","Unknown","Unknown","Sideswipe","Non-Related","Parked Vehicle","Not Applicable","Not Applicable","North Of",""
"683173","CR-0000092750","0","0","0","0","22-040-9707","False","True","51","2/8/2022 7:50:00 AM","No Pedestrians Involved","Dry","No Unusual Conditions","Daylight","Unknown","No Controls Present/Factor","Clear","Sideswipe","Non-Related","Parked Vehicle","Not Applicable","Not Applicable","West Of",""
"683174","CR-0000092759","0","0","0","0","22-042-4003","False","True","0","2/11/2022 11:13:00 AM","No Pedestrians Involved","Unknown","Unknown","Daylight","Unknown","Unknown","Unknown","Hit Object","Intersection","Fixed Object","Not Applicable","Not Applicable","At","Power Lines"
"683175","CR-0000092751","0","0","0","0","22-040-0501","False","False","118","2/9/2022 12:55:00 PM","No Pedestrians Involved","Dry","No Unusual Conditions","Daylight","Violation Driver 1","No Controls Present/Factor","Clear","Hit Object","Non-Related","Fixed Object","Not Applicable","Not Applicable","West Of","Pillar"
"683176","CR-0000092769","0","0","0","0","22-053-4004","False","True","","2/22/2022 4:25:00 PM","No Pedestrians Involved","Unknown","Unknown","Daylight","Unknown","Unknown","Unknown","Sideswipe","Related","Other Vehicle","Not Applicable","Not Applicable","North Of",""
"683177","CR-0000092748","0","0","0","0","22-040-9708","False","True","51","2/7/2022 3:37:00 PM","No Pedestrians Involved","Dry","No Unusual Conditions","Daylight","Unknown","Controls Functioning","Clear","Other","Non-Related","Parked Vehicle","Not Applicable","Not Applicable","East Of",""
"683178","CR-0000092761","0","0","0","0","22-059-4000","False","True","0","2/15/2022 5:13:00 PM","No Pedestrians Involved","Unknown","Unknown","Daylight","Unknown","Unknown","Unknown","Broadside","Intersection","Other Vehicle","Not Applicable","Not Applicable","At",""
"683180","CR-0000092758","0","0","0","0","22-041-4006","False","True","","2/10/2022 6:30:00 PM","No Pedestrians Involved","Unknown","Unknown","Unknown","Unknown","Unknown","Unknown","Rear End","Related","Other Vehicle","Not Applicable","Not Applicable","North Of",""
"683183","CR-0000092747","0","0","0","0","22-039-9702","False","True","0","2/7/2022 12:00:00 PM","No Pedestrians Involved","Dry","No Unusual Conditions","Daylight","Unknown","Controls Functioning","Clear","Rear End","Intersection","Motor Vehicle On Other Roadway","Not Applicable","Not Applicable","At",""
"683184","CR-0000092752","1","0","0","0","22-040-0914","False","False","105","2/9/2022 8:43:00 PM","No Pedestrians Involved","Dry","No Unusual Conditions","Dark - Street Light","Violation Driver 1","Controls Functioning","Clear","Sideswipe","Non-Related","Parked Vehicle","Not Applicable","Not Applicable","North Of",""
"683185","CR-0000092756","0","0","0","0","22-041-4005","False","True","0","2/10/2022 4:30:00 PM","No Pedestrians Involved","Unknown","Unknown","Daylight","Unknown","Unknown","Unknown","Rear End","Intersection","Other Vehicle","Not Applicable","Not Applicable","At",""
"683189","CR-0000092771","0","0","0","0","22-059-4001","False","True","0","2/26/2022 12:25:00 PM","No Pedestrians Involved","Unknown","Unknown","Daylight","Unknown","Unknown","Unknown","Broadside","Intersection","Other Vehicle","Not Applicable","Not Applicable","At",""
"683200","CR-0000092774","0","0","0","0","22-035-9708","False","True","","1/30/2022 3:00:00 PM","No Pedestrians Involved","Dry","No Unusual Conditions","Daylight","Unknown","Unknown","Clear","Broadside","Related","Other Vehicle","Not Applicable","Not Applicable","South Of",""
"683207","CR-0000092772","0","0","0","0","22-059-4002","False","True","","2/2/2022 5:25:00 PM","No Pedestrians Involved","Unknown","Unknown","Daylight","Unknown","Unknown","Unknown","Rear End","Related","Other Vehicle","Not Applicable","Not Applicable","Unknown",""
"683211","CR-0000092773","0","0","0","0","22-060-9703","False","True","0","2/28/2022 10:00:00 AM","No Pedestrians Involved","Dry","No Unusual Conditions","Dark - Street Light","Unknown","Controls Functioning","Clear","Rear End","Intersection","Other Vehicle","Not Applicable","Not Applicable","At",""
"683214","CR-0000092770","0","0","0","0","22-054-4004","False","True","51","2/22/2022 10:45:00 AM","No Pedestrians Involved","Unknown","Unknown","Daylight","Unknown","Unknown","Unknown","Other","Non-Related","Other Vehicle","Not Applicable","Not Applicable","South Of",""
"683239","CR-0000092820","0","0","0","0","22-051-9702","False","True","0","2/19/2022 11:40:00 AM","No Pedestrians Involved","Dry","No Unusual Conditions","Daylight","Unknown","Controls Functioning","Clear","Rear End","Intersection","Other Vehicle","Not Applicable","Not Applicable","At",""
"683249","CR-0000092826","0","0","0","0","22-054-9713","False","True","0","2/22/2022 4:13:00 PM","No Pedestrians Involved","Dry","No Unusual Conditions","Daylight","Unknown","Controls Functioning","Cloudy","Rear End","Intersection","Other Vehicle","Not Applicable","Not Applicable","At",""
"683253","CR-0000092824","0","0","0","0","22-051-9708","False","True","0","2/11/2022 6:17:00 PM","No Pedestrians Involved","Dry","No Unusual Conditions","Dark - Street Light","Unknown","Controls Functioning","Clear","Head On","Intersection","Other Vehicle","Not Applicable","Not Applicable","At",""
"683262","CR-0000092823","0","0","0","0","22-051-9705","False","True","0","2/17/2022 2:30:00 PM","No Pedestrians Involved","Dry","No Unusual Conditions","Daylight","Unknown","Controls Functioning","Clear","Rear End","Intersection","Other Vehicle","Not Applicable","Not Applicable","At",""
"683272","CR-0000092825","0","0","0","0","22-052-9708","False","True","51","2/6/2022 6:30:00 PM","No Pedestrians Involved","Dry","No Unusual Conditions","Daylight","Unknown","Controls Functioning","Clear","Sideswipe","Non-Related","Other Vehicle","Not Applicable","Not Applicable","East Of",""
"683368","CR-0000092959","0","0","0","0","22-082-9701","False","True","0","1/15/2022 7:58:00 AM","No Pedestrians Involved","Dry","Unknown","Daylight","Unknown","Unknown","Clear","Sideswipe","Intersection","Other Vehicle","Not Applicable","Not Applicable","At",""
"683376","CR-0000092966","1","0","0","0","22-041-0578","False","False","90","2/10/2022 1:46:00 PM","No Pedestrians Involved","Dry","No Unusual Conditions","Daylight","Violation Driver 1","Controls Functioning","Clear","Rear End","Non-Related","Other Vehicle","Not Applicable","Not Applicable","West Of",""
"683378","CR-0000092971","0","0","0","0","22-055-0078","False","False","110","2/24/2022 2:43:00 AM","No Pedestrians Involved","Dry","No Unusual Conditions","Dark - Street Light","Violation Driver 1","Controls Functioning","Clear","Sideswipe","Non-Related","Parked Vehicle","Not Applicable","Not Applicable","East Of",""
"683380","CR-0000092973","1","0","0","0","22-073-0363","False","False","37","3/14/2022 11:46:00 AM","No Pedestrians Involved","Dry","No Unusual Conditions","Daylight","Violation Driver 1","Controls Functioning","Clear","Rear End","Related","Motor Vehicle On Other Roadway","Not Applicable","Not Applicable","West Of",""
"683381","CR-0000092975","1","0","0","0","22-073-0551","False","False","0","3/14/2022 2:57:00 PM","No Pedestrians Involved","Dry","No Unusual Conditions","Daylight","Violation Driver 1","Controls Functioning","Clear","Rear End","Intersection","Other Vehicle","Not Applicable","Not Applicable","At",""
"683383","CR-0000092976","1","0","0","0","22-074-0030","False","False","0","3/15/2022 12:40:00 AM","No Pedestrians Involved","Dry","No Unusual Conditions","Dark - Street Light","Violation Driver 1","Controls Functioning","Clear","Vehicle/Pedestrian","Intersection","Bike","Not Applicable","Not Applicable","At","BIKE"
"683385","CR-0000092978","1","0","0","0","22-074-0172","False","False","0","3/15/2022 7:50:00 AM","No Pedestrians Involved","Slippery (Muddy Oily etc.)","No Unusual Conditions","Daylight","Violation Driver 1","Controls Functioning","Clear","Broadside","Intersection","Other Vehicle","Not Applicable","Not Applicable","At",""
"683387","CR-0000092980","0","0","0","1","22-075-0681","True","False","0","3/16/2022 5:13:00 PM","No Pedestrians Involved","Dry","No Unusual Conditions","Daylight","Violation Driver 1","Controls Functioning","Clear","Hit Object","Intersection","Fixed Object","Not Applicable","Not Applicable","At","Traffic Signal"
"683390","CR-0000092982","0","2","0","0","22-076-0085","False","False","0","3/16/2022 9:00:00 PM","No Pedestrians Involved","Dry","No Unusual Conditions","Dark - Street Light","Violation Driver 1","Controls Functioning","Cloudy","Broadside","Intersection","Bike","Not Applicable","Not Applicable","At","BIKE"
"683434","CR-0000093031","1","0","0","0","22-077-0847","False","False","0","3/18/2022 8:04:00 PM","No Pedestrians Involved","Dry","No Unusual Conditions","Dark - Street Light","Bike At Fault","No Controls Present/Factor","Clear","Sideswipe","Intersection","Bike","Not Applicable","Not Applicable","At","BIKE"
"683436","CR-0000093032","1","0","0","0","22-078-0388","False","False","0","3/19/2022 1:11:00 PM","No Pedestrians Involved","Wet","No Unusual Conditions","Daylight","Violation Driver 1","No Controls Present/Factor","Rain","Sideswipe","Intersection","Other Vehicle","Not Applicable","Not Applicable","At",""
"683437","CR-0000093033","0","0","0","0","22-078-0705","False","False","0","3/19/2022 7:47:00 PM","No Pedestrians Involved","Dry","No Unusual Conditions","Dark - Street Light","Violation Driver 1","No Controls Present/Factor","Clear","Head On","Intersection","Other Vehicle","Not Applicable","Not Applicable","At",""
"683438","CR-0000093035","1","0","0","0","22-078-0803","False","False","72","3/19/2022 9:43:00 PM","No Pedestrians Involved","Wet","No Unusual Conditions","Dark - Street Light","Violation Driver 1","Controls Functioning","Clear","Sideswipe","Non-Related","Other Vehicle","Not Applicable","Not Applicable","South Of",""
"683441","CR-0000093038","0","0","0","0","22-078-0815","False","False","100","3/19/2022 10:05:00 PM","No Pedestrians Involved","Wet","No Unusual Conditions","Dark - Street Light","Violation Driver 1","No Controls Present/Factor","Rain","Rear End","Non-Related","Parked Vehicle","Not Applicable","Not Applicable","North Of",""
"683443","CR-0000093039","0","0","0","0","22-079-0254","False","False","188","3/20/2022 8:55:00 AM","No Pedestrians Involved","Dry","Unknown","Daylight","Violation Driver 1","No Controls Present/Factor","Clear","Sideswipe","Non-Related","Parked Vehicle","Not Applicable","Not Applicable","North Of",""
"683444","CR-0000093040","0","2","0","0","22-079-0939","True","False","39","3/20/2022 11:36:00 PM","No Pedestrians Involved","Dry","No Unusual Conditions","Dark - Street Light","Violation Driver 1","Controls Functioning","Clear","Hit Object","Related","Fixed Object","Not Applicable","Not Applicable","North Of","TREE"
"683445","CR-0000093041","0","0","0","0","22-079-0949","False","False","144","3/20/2022 11:46:00 PM","No Pedestrians Involved","Dry","No Unusual Conditions","Dark - Street Light","Violation Driver 1","No Controls Present/Factor","Clear","Hit Object","Non-Related","Fixed Object","Not Applicable","Not Applicable","South Of","Telephone Pole"
"683446","CR-0000093042","0","0","0","0","22-080-0080","False","False","90","3/21/2022 2:52:00 AM","No Pedestrians Involved","Dry","No Unusual Conditions","Dark - Street Light","Violation Driver 1","Controls Functioning","Clear","Hit Object","Non-Related","Fixed Object","Not Applicable","Not Applicable","West Of","Curb"
"683447","CR-0000093043","0","0","0","0","22-079-0194","False","False","200","3/21/2022 4:03:00 AM","No Pedestrians Involved","Dry","No Unusual Conditions","Dark - Street Light","Violation Driver 1","Unknown","Clear","Rear End","Non-Related","Parked Vehicle","Not Applicable","Not Applicable","East Of",""
"683448","CR-0000093044","0","0","0","0","22-080-0200","False","False","33","3/21/2022 8:12:00 AM","No Pedestrians Involved","Dry","No Unusual Conditions","Daylight","Violation Driver 1","No Controls Present/Factor","Clear","Head On","Related","Parked Vehicle","Not Applicable","Not Applicable","South Of",""
"683449","CR-0000093045","1","1","0","0","22-080-0381","False","False","0","3/21/2022 11:13:00 AM","No Pedestrians Involved","Dry","No Unusual Conditions","Daylight","Violation Driver 1","Controls Functioning","Clear","Head On","Intersection","Other Vehicle","Not Applicable","Not Applicable","At",""
"683450","CR-0000093046","0","0","0","0","22-081-0078","False","False","60","3/22/2022 2:11:00 AM","No Pedestrians Involved","Dry","No Unusual Conditions","Dark - Street Light","Violation Driver 1","Controls Functioning","Clear","Sideswipe","Non-Related","Parked Vehicle","Not Applicable","Not Applicable","East Of",""
"683451","CR-0000093047","0","0","0","0","22-081-0726","False","False","0","3/22/2022 5:25:00 PM","No Pedestrians Involved","Dry","No Unusual Conditions","Daylight","Violation Driver 1","Controls Functioning","Clear","Sideswipe","Intersection","Other Vehicle","Not Applicable","Not Applicable","At",""
"683452","CR-0000093048","0","0","0","0","22-082-9702","False","True","0","3/22/2022 6:58:00 PM","No Pedestrians Involved","Dry","No Unusual Conditions","Dusk - Dawn","Unknown","No Controls Present/Factor","Clear","Rear End","Intersection","Other Vehicle","Not Applicable","Not Applicable","At",""
"683453","CR-0000093049","0","0","0","0","22-082-0137","False","False","0","3/23/2022 5:19:00 AM","No Pedestrians Involved","Dry","No Unusual Conditions","Dark - Street Light","Violation Driver 1","Controls Functioning","Clear","Broadside","Intersection","Other Vehicle","Not Applicable","Not Applicable","At",""
"685206","CR-0000093885","0","0","0","0","22-194-9710","False","False","0","10/4/2021 4:30:00 PM","No Pedestrians Involved","Dry","No Unusual Conditions","Daylight","Unknown","Controls Functioning","Clear","Broadside","Intersection","Other Vehicle","Not Applicable","Not Applicable","At",""
"687495","CR-0000094283","1","0","0","0","20-076-0032","False","False","0","3/16/2022 12:39:00 AM","No Pedestrians Involved","Wet","No Unusual Conditions","Dark - Street Light","Violation Driver 1","Controls Functioning","Rain","Sideswipe","Intersection","Other Vehicle","Not Applicable","Not Applicable","At",""
"688938","CR-0000094796","0","0","0","0","22-270-4002","False","True","0","2/2/2022 1:35:00 PM","No Pedestrians Involved","Unknown","Unknown","Unknown","Unknown","Unknown","Unknown","Sideswipe","Intersection","Other Vehicle","Not Applicable","Not Applicable","At",""
"689187","CR-0000095052","0","0","0","1","22-060-0143","True","False","670","3/1/2022 6:10:00 AM","No Pedestrians Involved","Dry","No Unusual Conditions","Dark - Street Light","Violation Driver 1","Controls Functioning","Clear","Hit Object","Non-Related","Fixed Object","Not Applicable","Not Applicable","North Of","TREE"
"689191","CR-0000095104","0","0","0","1","22-011-0726","False","False","36","1/11/2022 5:44:00 PM","Crossing - Not In Crosswalk","Dry","No Unusual Conditions","Dark - Street Light","Pedestrian At Fault","Controls Functioning","Clear","Vehicle/Pedestrian","Related","Pedestrian","South","North","West Of","PED"
"689196","CR-0000095123","0","0","0","0","22-350-9701","False","True","0","9/30/2021 9:30:00 PM","No Pedestrians Involved","Dry","No Unusual Conditions","Dark - Street Light","Unknown","Controls Functioning","Clear","Rear End","Intersection","Other Vehicle","Not Applicable","Not Applicable","At",""
"681009","CR-0000090339","0","0","0","2","22-097-0825","False","False","0","4/7/2022 6:26:00 PM","Crossing In Crosswalk - At Intersection","Dry","No Unusual Conditions","Daylight","Violation Driver 1","Controls Functioning","Clear","Vehicle/Pedestrian","Intersection","Pedestrian","North","South","At","2 pedestrian fatalities."
"681010","CR-0000090340","0","0","0","0","22-102-4006","False","True","","4/12/2022 3:10:00 PM","No Pedestrians Involved","Unknown","Unknown","Daylight","Unknown","Unknown","Unknown","Rear End","Related","Other Vehicle","Not Applicable","Not Applicable","West Of",""
"681011","CR-0000090341","1","1","0","0","22-106-0144","False","False","0","4/16/2022 4:15:00 AM","No Pedestrians Involved","Wet","No Unusual Conditions","Dark - Street Light","Violation Driver 1","Controls Functioning","Rain","Hit Object","Intersection","Fixed Object","Not Applicable","Not Applicable","At","Telephone Pole"
"681164","CR-0000090540","0","0","0","0","22-124-0938","False","False","57","5/4/2022 11:45:00 PM","No Pedestrians Involved","Dry","No Unusual Conditions","Dark - Street Light","Violation Driver 1","No Controls Present/Factor","Clear","Sideswipe","Non-Related","Parked Vehicle","Not Applicable","Not Applicable","North Of",""
"681626","CR-0000091023","1","0","0","0","22-087-0556","False","False","56","3/28/2022 3:16:00 PM","No Pedestrians Involved","Dry","No Unusual Conditions","Daylight","Violation Driver 1","Controls Functioning","Clear","Rear End","Non-Related","Other Vehicle","Not Applicable","Not Applicable","South Of",""
"681635","CR-0000091032","0","0","0","1","22-085-0077","False","False","","3/26/2022 1:53:00 AM","No Pedestrians Involved","Dry","No Unusual Conditions","Dark - Street Light","Unknown","No Controls Present/Factor","Clear","Vehicle/Bike","Related","Scooter Motorized","Not Applicable","Not Applicable","South Of","Bike(Motor.Scooter)"
"681652","CR-0000091049","1","0","0","0","22-084-0178","False","False","51","3/25/2022 7:57:00 AM","No Pedestrians Involved","Dry","No Unusual Conditions","Daylight","Violation Driver 1","No Controls Present/Factor","Clear","Broadside","Non-Related","Other Vehicle","Not Applicable","Not Applicable","East Of",""
"681683","CR-0000091080","0","0","0","0","22-082-4004","False","True","51","3/23/2022 7:10:00 PM","No Pedestrians Involved","Unknown","Unknown","Unknown","Unknown","Unknown","Unknown","Other","Non-Related","Other Vehicle","Not Applicable","Not Applicable","South Of",""
"681816","CR-0000091225","0","1","0","0","22-082-0694","False","False","135","3/23/2022 4:15:00 PM","No Pedestrians Involved","Dry","No Unusual Conditions","Daylight","Violation Driver 1","No Controls Present/Factor","Clear","Broadside","Non-Related","Other Vehicle","Not Applicable","Not Applicable","South Of",""