"CrashFactId","Name","MinorInjuries","ModerateInjuries","SevereInjuries","FatalInjuries","TcrNumber","CityDamageFlag","ShortFormFlag","Distance","CrashDateTime","PedestrianAction","RoadwaySurface","RoadwayCondition","Lighting","PrimaryCollisionFactor","TrafficControl","Weather","CollisionType","ProximityToIntersection","VehicleInvolvedWith","PedestrianDirectionFrom","PedestrianDirectionTo","DirectionFromIntersection","Comment"
"681817","CR-0000091226","1","0","0","0","22-082-0696","False","False","","3/23/2022 4:00:00 PM","No Pedestrians Involved","Dry","No Unusual Conditions","Daylight","Violation Driver 1","Controls Functioning","Clear","Sideswipe","Related","Other Vehicle","Not Applicable","Not Applicable","East Of",""
"681818","CR-0000091227","0","1","0","0","22-082-0844","False","False","0","3/23/2022 6:34:00 PM","No Pedestrians Involved","Dry","No Unusual Conditions","Daylight","Violation Driver 1","Controls Functioning","Clear","Sideswipe","Intersection","Motorcycle","Not Applicable","Not Applicable","At",""
"681819","CR-0000091228","0","0","0","0","22-082-0900","False","False","201","3/23/2022 7:00:00 PM","No Pedestrians Involved","Dry","No Unusual Conditions","Dark - Street Light","Violation Driver 1","Controls Functioning","Clear","Rear End","Non-Related","Other Vehicle","Not Applicable","Not Applicable","West Of",""
"681820","CR-0000091229","1","0","0","0","22-084-0693","False","False","168","3/25/2022 6:26:00 PM","No Pedestrians Involved","Dry","No Unusual Conditions","Daylight","Violation Driver 1","Controls Functioning","Clear","Broadside","Non-Related","Other Vehicle","Not Applicable","Not Applicable","South Of",""
"681821","CR-0000091230","0","0","0","0","22-084-0090","True","False","115","3/25/2022 3:12:00 AM","No Pedestrians Involved","Dry","No Unusual Conditions","Dark - Street Light","Violation Driver 1","No Controls Present/Factor","Clear","Head On","Non-Related","Fixed Object","Not Applicable","Not Applicable","North Of","TREE"
"681822","CR-0000091231","0","1","0","0","22-085-0661","False","False","0","3/26/2022 6:24:00 PM","No Pedestrians Involved","Dry","No Unusual Conditions","Daylight","Violation Driver 1","Controls Functioning","Clear","Broadside","Intersection","Other Vehicle","Not Applicable","Not Applicable","At",""
"681823","CR-0000091232","0","1","0","0","22-084-0684","False","False","121","3/25/2022 6:19:00 PM","No Pedestrians Involved","Dry","No Unusual Conditions","Dusk - Dawn","Bike At Fault","No Controls Present/Factor","Clear","Vehicle/Bike","Non-Related","Bike","Not Applicable","Not Applicable","East Of","BIKE"
"681824","CR-0000091233","0","0","0","0","22-086-0047","False","False","60","3/27/2022 1:06:00 AM","No Pedestrians Involved","Dry","Unknown","Dark - Street Light","Violation Driver 1","Controls Functioning","Clear","Rear End","Non-Related","Parked Vehicle","Not Applicable","Not Applicable","Unknown",""
"681825","CR-0000091234","0","0","0","0","22-086-0101","False","False","105","3/27/2022 2:30:00 AM","No Pedestrians Involved","Dry","No Unusual Conditions","Dark - Street Light","Violation Driver 1","No Controls Present/Factor","Clear","Rear End","Non-Related","Parked Vehicle","Not Applicable","Not Applicable","North Of",""
"681826","CR-0000091235","0","0","0","0","22-086-0066","False","False","","3/27/2022 3:01:00 AM","No Pedestrians Involved","Dry","No Unusual Conditions","Dark - Street Light","Violation Driver 1","Controls Functioning","Clear","Rear End","Related","Other Vehicle","Not Applicable","Not Applicable","East Of",""
"681827","CR-0000091236","0","0","0","0","22-087-0012","True","False","28","3/28/2022 12:15:00 AM","No Pedestrians Involved","Wet","No Unusual Conditions","Dark - Street Light","Violation Driver 1","Controls Functioning","Rain","Hit Object","Related","Fixed Object","Not Applicable","Not Applicable","South Of","STREET LIGHT"
"681828","CR-0000091237","0","0","0","0","22-088-0090","False","False","385","3/29/2022 3:18:00 AM","No Pedestrians Involved","Dry","No Unusual Conditions","Dark - Street Light","Violation Driver 1","No Controls Present/Factor","Clear","Rear End","Non-Related","Parked Vehicle","Not Applicable","Not Applicable","East Of",""
"681829","CR-0000091238","0","0","0","0","22-088-0158","True","False","30","3/29/2022 7:16:00 AM","No Pedestrians Involved","Dry","No Unusual Conditions","Daylight","Violation Driver 1","Controls Not Functioning","Clear","Hit Object","Related","Fixed Object","Not Applicable","Not Applicable","South Of","STREET LIGHT"
"681830","CR-0000091239","0","1","0","0","22-088-0678","False","False","0","3/29/2022 4:12:00 PM","No Pedestrians Involved","Dry","No Unusual Conditions","Daylight","Violation Driver 1","Controls Functioning","Clear","Broadside","Intersection","Other Vehicle","Not Applicable","Not Applicable","At",""
"681831","CR-0000091240","0","0","0","0","22-088-0867","False","False","0","3/29/2022 6:57:00 PM","No Pedestrians Involved","Dry","No Unusual Conditions","Dark - Street Light","Violation Driver 1","No Controls Present/Factor","Clear","Broadside","Intersection","Other Vehicle","Not Applicable","Not Applicable","At",""
"681832","CR-0000091241","0","0","0","0","22-088-1054","False","False","76","3/29/2022 10:51:00 PM","No Pedestrians Involved","Dry","No Unusual Conditions","Dark - Street Light","Violation Driver 1","No Controls Present/Factor","Clear","Sideswipe","Non-Related","Parked Vehicle","Not Applicable","Not Applicable","South Of",""
"681833","CR-0000091242","0","1","0","0","22-089-0136","False","False","70","3/30/2022 7:48:00 AM","No Pedestrians Involved","Dry","No Unusual Conditions","Daylight","Violation Driver 1","No Controls Present/Factor","Clear","Vehicle/Bike","Non-Related","Bike","Not Applicable","Not Applicable","East Of","BIKE"
"681834","CR-0000091244","0","1","0","0","22-089-0735","True","False","180","3/30/2022 6:00:00 PM","No Pedestrians Involved","Dry","No Unusual Conditions","Daylight","Violation Driver 1","No Controls Present/Factor","Clear","Hit Object","Non-Related","Fixed Object","Not Applicable","Not Applicable","West Of","LIGHT POLE"
"681835","CR-0000091243","0","1","0","0","22-089-0428","False","False","160","3/30/2022 1:07:00 PM","No Pedestrians Involved","Dry","No Unusual Conditions","Daylight","Violation Driver 1","Controls Functioning","Clear","Broadside","Non-Related","Other Vehicle","Not Applicable","Not Applicable","East Of",""
"681836","CR-0000091245","0","0","0","0","22-089-0326","False","False","201","3/30/2022 11:24:00 AM","No Pedestrians Involved","Dry","No Unusual Conditions","Daylight","Violation Driver 1","No Controls Present/Factor","Clear","Rear End","Non-Related","Parked Vehicle","Not Applicable","Not Applicable","East Of",""
"681837","CR-0000091246","0","0","0","0","22-090-0374","False","False","114","3/31/2022 8:30:00 AM","No Pedestrians Involved","Dry","No Unusual Conditions","Daylight","Violation Driver 1","No Controls Present/Factor","Clear","Rear End","Non-Related","Parked Vehicle","Not Applicable","Not Applicable","West Of",""
"681838","CR-0000091247","1","1","0","0","22-090-0956","False","False","93","3/31/2022 9:10:00 PM","No Pedestrians Involved","Dry","No Unusual Conditions","Dark - Street Light","Violation Driver 1","Controls Functioning","Clear","Broadside","Non-Related","Other Vehicle","Not Applicable","Not Applicable","West Of",""
"681839","CR-0000091248","0","0","0","0","22-090-0968","True","False","205","3/31/2022 9:10:00 PM","No Pedestrians Involved","Dry","Other","Dark - Street Light","Violation Driver 1","No Controls Present/Factor","Clear","Hit Object","Non-Related","Fixed Object","Not Applicable","Not Applicable","North Of","CENTER MEDIAN"
"681850","CR-0000091304","0","0","0","0","22-084-9705","False","True","51","3/25/2022 12:25:00 PM","No Pedestrians Involved","Dry","No Unusual Conditions","Daylight","Unknown","Controls Functioning","Clear","Rear End","Non-Related","Other Vehicle","Not Applicable","Not Applicable","East Of",""
"681851","CR-0000091305","0","0","0","0","22-084-0084","False","False","79","3/25/2022 2:53:00 AM","No Pedestrians Involved","Dry","No Unusual Conditions","Dark - Street Light","Violation Driver 1","Controls Functioning","Clear","Rear End","Non-Related","Other Vehicle","Not Applicable","Not Applicable","East Of",""
"681852","CR-0000091306","0","0","0","0","22-087-9703","False","True","51","3/27/2022 3:30:00 PM","No Pedestrians Involved","Dry","No Unusual Conditions","Daylight","Unknown","Controls Functioning","Clear","Rear End","Non-Related","Other Vehicle","Not Applicable","Not Applicable","West Of",""
"681897","CR-0000091379","0","0","1","0","22-085-0404","False","False","0","3/26/2022 1:33:00 PM","Crossing In Crosswalk - At Intersection","Dry","No Unusual Conditions","Daylight","Pedestrian At Fault","Controls Functioning","Clear","Vehicle/Pedestrian","Intersection","Pedestrian","West","East","At","PEDESTRIAN"
"681917","CR-0000091411","0","0","0","0","22-072-0809","False","False","61","8/13/2022 10:34:00 PM","No Pedestrians Involved","Dry","No Unusual Conditions","Dark - Street Light","Violation Driver 1","Controls Functioning","Clear","Hit Object","Non-Related","Fixed Object","Not Applicable","Not Applicable","East Of","Building"
"681930","CR-0000091434","0","1","0","0","22-090-0762","False","False","0","3/31/2022 5:59:00 PM","No Pedestrians Involved","Dry","No Unusual Conditions","Daylight","Violation Driver 1","No Controls Present/Factor","Clear","Broadside","Intersection","Other Vehicle","Not Applicable","Not Applicable","At",""
"681931","CR-0000091435","0","2","0","0","22-090-0884","False","False","0","3/31/2022 7:46:00 PM","Crossing In Crosswalk - At Intersection","Dry","No Unusual Conditions","Dark - Street Light","Violation Driver 1","Controls Functioning","Clear","Vehicle/Pedestrian","Intersection","Pedestrian","South","North","At","PEDESTRIAN"
"681932","CR-0000091437","1","0","0","0","22-090-0330","False","False","0","3/31/2022 10:38:00 AM","No Pedestrians Involved","Dry","No Unusual Conditions","Daylight","Violation Driver 1","Controls Functioning","Clear","Rear End","Intersection","Other Vehicle","Not Applicable","Not Applicable","At",""
"681933","CR-0000091438","0","0","0","0","22-089-0141","False","False","0","3/30/2022 7:56:00 AM","No Pedestrians Involved","Dry","No Unusual Conditions","Daylight","Violation Driver 1","Controls Functioning","Clear","Rear End","Intersection","Other Vehicle","Not Applicable","Not Applicable","At",""
"681934","CR-0000091439","0","0","0","0","22-089-0158","False","False","115","3/30/2022 8:43:00 AM","No Pedestrians Involved","Dry","No Unusual Conditions","Daylight","Violation Driver 1","No Controls Present/Factor","Clear","Broadside","Non-Related","Motor Vehicle On Other Roadway","Not Applicable","Not Applicable","West Of",""
"681940","CR-0000091449","1","0","0","0","22-089-0227","False","False","0","3/30/2022 9:35:00 AM","No Pedestrians Involved","Dry","No Unusual Conditions","Daylight","Violation Driver 1","Controls Functioning","Cloudy","Head On","Intersection","Other Vehicle","Not Applicable","Not Applicable","At",""
"681941","CR-0000091450","0","1","0","0","22-089-0982","True","False","450","3/30/2022 11:15:00 PM","No Pedestrians Involved","Dry","No Unusual Conditions","Dark - Street Light","Violation Driver 1","Controls Functioning","Clear","Hit Object","Non-Related","Fixed Object","Not Applicable","Not Applicable","East Of","LIGHT POLE"
"681942","CR-0000091451","1","0","0","0","22-088-0568","False","False","174","3/29/2022 2:26:00 PM","No Pedestrians Involved","Dry","No Unusual Conditions","Daylight","Violation Driver 1","Controls Functioning","Clear","Head On","Non-Related","Other Vehicle","Not Applicable","Not Applicable","West Of",""
"681943","CR-0000091452","1","0","0","0","22-088-0862","False","False","138","3/29/2022 6:53:00 PM","No Pedestrians Involved","Dry","No Unusual Conditions","Dusk - Dawn","Violation Driver 1","No Controls Present/Factor","Clear","Head On","Non-Related","Other Vehicle","Not Applicable","Not Applicable","South Of",""
"681944","CR-0000091453","0","0","1","0","22-088-0865","True","False","0","3/29/2022 6:55:00 PM","No Pedestrians Involved","Dry","No Unusual Conditions","Daylight","Violation Driver 1","Controls Functioning","Clear","Hit Object","Intersection","Fixed Object","Not Applicable","Not Applicable","At","CURB/MERDIAN"
"681945","CR-0000091454","1","0","0","0","22-088-0917","False","False","0","3/29/2022 7:58:00 PM","No Pedestrians Involved","Dry","No Unusual Conditions","Dusk - Dawn","Violation Driver 1","No Controls Present/Factor","Clear","Head On","Intersection","Other Vehicle","Not Applicable","Not Applicable","At",""
"681946","CR-0000091455","0","0","0","0","22-087-0108","True","False","0","3/28/2022 4:28:00 AM","No Pedestrians Involved","Wet","No Unusual Conditions","Dark - Street Light","Violation Driver 1","Controls Functioning","Rain","Hit Object","Intersection","Fixed Object","Not Applicable","Not Applicable","At","TRAFFIC SIGNAL"
"681947","CR-0000091456","0","0","0","0","22-087-0130","False","False","0","3/28/2022 5:47:00 AM","No Pedestrians Involved","Wet","No Unusual Conditions","Dark - No Street Light","Violation Driver 1","No Controls Present/Factor","Cloudy","Sideswipe","Intersection","Other Vehicle","Not Applicable","Not Applicable","At",""
"681948","CR-0000091457","1","0","0","0","22-087-0432","False","False","104","3/28/2022 12:43:00 PM","No Pedestrians Involved","Dry","No Unusual Conditions","Daylight","Violation Driver 1","Controls Functioning","Clear","Rear End","Non-Related","Other Vehicle","Not Applicable","Not Applicable","West Of",""
"681949","CR-0000091458","0","1","0","0","22-086-0209","False","False","0","3/27/2022 8:47:00 AM","Crossing In Crosswalk - At Intersection","Dry","Unknown","Daylight","Pedestrian At Fault","Controls Functioning","Clear","Vehicle/Pedestrian","Intersection","Skateboard","West","East","At","PEDESTRIAN / SKATEBOARD"
"681950","CR-0000091459","0","0","0","0","22-085-0504","False","False","990","3/26/2022 3:50:00 PM","No Pedestrians Involved","Dry","No Unusual Conditions","Daylight","Violation Driver 1","No Controls Present/Factor","Clear","Head On","Non-Related","Parked Vehicle","Not Applicable","Not Applicable","East Of",""
"681951","CR-0000091460","1","1","0","0","22-085-0513","False","False","0","3/26/2022 4:11:00 PM","No Pedestrians Involved","Dry","No Unusual Conditions","Daylight","Violation Driver 1","Controls Functioning","Clear","Broadside","Intersection","Other Vehicle","Not Applicable","Not Applicable","At",""
"681952","CR-0000091461","4","0","0","0","22-085-0843","False","False","32","3/26/2022 9:15:00 PM","No Pedestrians Involved","Dry","No Unusual Conditions","Dark - Street Light","Violation Driver 1","Controls Functioning","Clear","Head On","Related","Other Vehicle","Not Applicable","Not Applicable","West Of",""
"681953","CR-0000091462","1","0","0","0","22-085-0038","False","False","0","3/26/2022 12:40:00 AM","No Pedestrians Involved","Dry","No Unusual Conditions","Dark - Street Light","Violation Driver 1","Controls Functioning","Clear","Broadside","Intersection","Other Vehicle","Not Applicable","Not Applicable","At",""
"681954","CR-0000091463","0","0","0","0","22-085-0066","False","False","75","3/26/2022 1:30:00 AM","No Pedestrians Involved","Dry","No Unusual Conditions","Dark - No Street Light","Violation Driver 1","No Controls Present/Factor","Clear","Sideswipe","Non-Related","Parked Vehicle","Not Applicable","Not Applicable","South Of",""
"681955","CR-0000091464","0","0","0","0","22-084-0273","False","False","0","3/25/2022 6:24:00 PM","Crossing In Crosswalk - At Intersection","Dry","No Unusual Conditions","Daylight","Violation Driver 1","Controls Functioning","Clear","Vehicle/Pedestrian","Intersection","Pedestrian","Unknown","Unknown","At","PEDESTRIAN"
"681956","CR-0000091465","2","0","0","0","22-084-0624","False","False","83","3/25/2022 5:09:00 PM","No Pedestrians Involved","Dry","No Unusual Conditions","Daylight","Violation Driver 1","No Controls Present/Factor","Clear","Head On","Non-Related","Other Vehicle","Not Applicable","Not Applicable","West Of",""
"681957","CR-0000091466","0","0","0","0","22-084-0790","False","False","365","3/25/2022 8:17:00 PM","No Pedestrians Involved","Dry","No Unusual Conditions","Dark - Street Light","Violation Driver 1","No Controls Present/Factor","Clear","Rear End","Non-Related","Other Vehicle","Not Applicable","Not Applicable","West Of",""
"681958","CR-0000091467","1","0","0","0","22-083-0206","False","False","280","3/24/2022 8:18:00 AM","No Pedestrians Involved","Dry","No Unusual Conditions","Daylight","Violation Driver 1","Controls Functioning","Clear","Rear End","Non-Related","Other Vehicle","Not Applicable","Not Applicable","East Of",""
"681976","CR-0000091485","1","1","0","0","22-082-0685","False","False","0","3/23/2022 4:08:00 PM","No Pedestrians Involved","Dry","No Unusual Conditions","Daylight","Violation Driver 1","Controls Functioning","Clear","Head On","Intersection","Other Vehicle","Not Applicable","Not Applicable","At",""
"682056","CR-0000091580","0","0","0","0","22-088-4000","False","True","","3/29/2022 11:45:00 AM","No Pedestrians Involved","Unknown","Unknown","Daylight","Unknown","Unknown","Unknown","Rear End","Related","Other Vehicle","Not Applicable","Not Applicable","Unknown",""
"682076","CR-0000091582","0","0","0","0","22-087-4001","False","True","51","3/27/2022 1:00:00 AM","No Pedestrians Involved","Unknown","Unknown","Unknown","Unknown","Unknown","Unknown","Sideswipe","Non-Related","Other Vehicle","Not Applicable","Not Applicable","South Of",""
"682087","CR-0000091581","0","0","0","0","22-087-4002","False","True","0","3/28/2022 8:27:00 AM","No Pedestrians Involved","Unknown","Unknown","Daylight","Unknown","Unknown","Unknown","Sideswipe","Intersection","Other Vehicle","Not Applicable","Not Applicable","At",""
"682093","CR-0000091630","1","0","0","0","22-105-0279","False","False","0","4/15/2022 10:30:00 AM","No Pedestrians Involved","Dry","No Unusual Conditions","Daylight","Violation Driver 1","Controls Functioning","Clear","Broadside","Intersection","Other Vehicle","Not Applicable","Not Applicable","At",""
"682098","CR-0000091619","1","0","0","0","22-102-0334","False","False","160","4/12/2022 11:04:00 AM","No Pedestrians Involved","Dry","No Unusual Conditions","Daylight","Violation Driver 1","Controls Functioning","Clear","Rear End","Non-Related","Motor Vehicle On Other Roadway","Not Applicable","Not Applicable","East Of",""
"682104","CR-0000091628","0","0","0","0","22-103-0847","False","False","42","4/13/2022 9:55:00 PM","No Pedestrians Involved","Dry","No Unusual Conditions","Dark - Street Light","Violation Driver 1","No Controls Present/Factor","Clear","Sideswipe","Related","Parked Vehicle","Not Applicable","Not Applicable","North Of",""
"682106","CR-0000091622","2","0","0","0","22-103-0291","False","False","0","4/13/2022 11:09:00 AM","No Pedestrians Involved","Dry","No Unusual Conditions","Daylight","Unknown","Unknown","Clear","Head On","Intersection","Other Vehicle","Not Applicable","Not Applicable","West Of",""
"682114","CR-0000091637","0","0","0","0","22-086-4001","False","True","51","3/26/2022 9:30:00 PM","No Pedestrians Involved","Unknown","Unknown","Unknown","Unknown","Unknown","Unknown","Other","Non-Related","Unknown","Not Applicable","Not Applicable","East Of",""
"682115","CR-0000091636","0","0","0","0","22-085-4002","False","True","51","3/26/2022 12:30:00 PM","No Pedestrians Involved","Unknown","Unknown","Daylight","Unknown","Unknown","Unknown","Other","Non-Related","Other Vehicle","Not Applicable","Not Applicable","East Of",""
"682117","CR-0000091656","0","1","0","0","22-114-0881","False","False","136","4/24/2022 10:38:00 PM","No Pedestrians Involved","Dry","No Unusual Conditions","Dark - Street Light","Violation Driver 1","No Controls Present/Factor","Clear","Sideswipe","Non-Related","Parked Vehicle","Not Applicable","Not Applicable","South Of",""
"682122","CR-0000091644","1","0","0","0","22-108-0490","False","False","0","4/18/2022 3:04:00 PM","In Road - Includes Shoulder","Dry","No Unusual Conditions","Daylight","Violation Driver 1","No Controls Present/Factor","Clear","Vehicle/Pedestrian","Intersection","Pedestrian","No Direction (Not Walking)","No Direction (Not Walking)","At","PEDESTRIAN"
"682126","CR-0000091645","2","0","0","0","22-110-0373","False","False","","4/20/2022 11:35:00 AM","No Pedestrians Involved","Dry","No Unusual Conditions","Daylight","Violation Driver 1","Controls Functioning","Clear","Rear End","Related","Other Vehicle","Not Applicable","Not Applicable","North Of",""
"682127","CR-0000091651","1","0","0","0","22-111-0224","False","False","0","4/21/2022 9:27:00 AM","No Pedestrians Involved","Wet","No Unusual Conditions","Daylight","Violation Driver 1","Controls Functioning","Clear","Broadside","Intersection","Other Vehicle","Not Applicable","Not Applicable","At",""
"682131","CR-0000091655","1","1","0","0","22-113-0444","False","False","151","4/23/2022 2:13:00 PM","No Pedestrians Involved","Dry","No Unusual Conditions","Dusk - Dawn","Violation Driver 1","Controls Functioning","Clear","Broadside","Non-Related","Other Vehicle","Not Applicable","Not Applicable","North Of",""
"682132","CR-0000091648","0","1","0","0","22-110-0573","False","False","0","4/20/2022 3:17:00 PM","No Pedestrians Involved","Dry","No Unusual Conditions","Daylight","Violation Driver 1","No Controls Present/Factor","Clear","Broadside","Intersection","Other Vehicle","Not Applicable","Not Applicable","At",""
"682135","CR-0000091643","1","0","0","0","22-109-0333","False","False","0","4/19/2022 11:41:00 AM","No Pedestrians Involved","Dry","No Unusual Conditions","Daylight","Violation Driver 1","Controls Functioning","Unknown","Broadside","Intersection","Other Vehicle","Not Applicable","Not Applicable","At",""
"682141","CR-0000091653","0","1","0","0","22-111-0653","False","False","0","4/21/2022 5:40:00 PM","No Pedestrians Involved","Wet","No Unusual Conditions","Daylight","Unknown","No Controls Present/Factor","Rain","Broadside","Intersection","Motor Vehicle On Other Roadway","Not Applicable","Not Applicable","At",""
"682148","CR-0000091688","0","0","0","0","22-084-4000","False","True","0","3/24/2022 9:15:00 PM","No Pedestrians Involved","Unknown","Unknown","Unknown","Unknown","Unknown","Unknown","Sideswipe","Intersection","Other Vehicle","Not Applicable","Not Applicable","At",""
"682149","CR-0000091689","0","0","0","0","22-083-4002","False","True","0","3/24/2022 12:53:00 AM","No Pedestrians Involved","Unknown","Unknown","Unknown","Unknown","Unknown","Unknown","Sideswipe","Intersection","Other Vehicle","Not Applicable","Not Applicable","At",""
"682150","CR-0000091696","0","0","0","0","22-085-4000","False","True","51","3/26/2022 5:30:00 AM","No Pedestrians Involved","Unknown","Unknown","Unknown","Unknown","Unknown","Unknown","Other","Non-Related","Unknown","Not Applicable","Not Applicable","South Of",""
"682151","CR-0000091693","0","0","0","0","22-090-9702","False","True","0","3/30/2022 8:10:00 AM","No Pedestrians Involved","Dry","No Unusual Conditions","Daylight","Unknown","Controls Functioning","Clear","Rear End","Intersection","Motor Vehicle On Other Roadway","Not Applicable","Not Applicable","At",""
"682152","CR-0000091690","0","0","0","0","22-086-0138","False","False","0","3/27/2022 4:19:00 AM","No Pedestrians Involved","Dry","No Unusual Conditions","Dark - Street Light","Violation Driver 1","Controls Functioning","Clear","Broadside","Intersection","Other Vehicle","Not Applicable","Not Applicable","At",""
"682154","CR-0000091687","1","0","0","0","22-083-0208","False","False","0","3/24/2022 8:19:00 AM","No Pedestrians Involved","Dry","No Unusual Conditions","Daylight","Bike At Fault","Controls Functioning","Clear","Vehicle/Bike","Intersection","Bike","Not Applicable","Not Applicable","At",""
"682155","CR-0000091698","2","0","0","0","22-092-0802","False","True","0","4/2/2022 9:10:00 PM","No Pedestrians Involved","Dry","No Unusual Conditions","Dark - Street Light","Violation Driver 1","Controls Functioning","Clear","Head On","Intersection","Other Vehicle","Not Applicable","Not Applicable","At",""
"682157","CR-0000091697","0","0","0","0","22-084-4004","False","True","51","3/25/2022 11:55:00 AM","No Pedestrians Involved","Unknown","Unknown","Daylight","Unknown","Unknown","Unknown","Sideswipe","Non-Related","Other Vehicle","Not Applicable","Not Applicable","West Of",""
"682158","CR-0000091691","1","0","0","0","22-087-0298","True","False","0","3/28/2022 10:24:00 AM","No Pedestrians Involved","Dry","No Unusual Conditions","Daylight","Violation Driver 1","Controls Functioning","Clear","Sideswipe","Driveway","Other Vehicle","Not Applicable","Not Applicable","At","STREET SIGN (ON POLE)"
"682159","CR-0000091695","0","0","0","0","22-087-4000","False","True","51","3/26/2022 6:20:00 PM","No Pedestrians Involved","Unknown","Unknown","Unknown","Unknown","Unknown","Unknown","Sideswipe","Non-Related","Other Vehicle","Not Applicable","Not Applicable","South Of",""
"682162","CR-0000091694","0","0","0","0","22-084-4005","False","True","","3/25/2022 9:30:00 AM","No Pedestrians Involved","Unknown","Unknown","Daylight","Unknown","Unknown","Unknown","Sideswipe","Related","Unknown","Not Applicable","Not Applicable","East Of",""
"682189","CR-0000091748","1","0","0","0","22-117-0275","False","False","46","5/27/2022 9:56:00 AM","No Pedestrians Involved","Dry","No Unusual Conditions","Daylight","Bike At Fault","Controls Functioning","Clear","Vehicle/Bike","Related","Bike","Not Applicable","Not Applicable","South Of","BIKE"
"682192","CR-0000091747","1","0","0","0","22-115-0680","False","False","50","4/25/2022 6:07:00 PM","No Pedestrians Involved","Dry","No Unusual Conditions","Daylight","Violation Driver 1","Controls Functioning","Clear","Rear End","Related","Parked Vehicle","Not Applicable","Not Applicable","North Of",""
"682202","CR-0000091777","1","0","0","0","22-095-0379","False","False","0","4/5/2022 11:52:00 AM","No Pedestrians Involved","Dry","No Unusual Conditions","Daylight","Violation Driver 1","Controls Functioning","Clear","Vehicle/Bike","Intersection","Bike","Not Applicable","Not Applicable","At","BIKE"
"682203","CR-0000091784","0","1","0","0","22-118-0182","False","False","0","4/28/2022 7:37:00 AM","No Pedestrians Involved","Dry","No Unusual Conditions","Daylight","Bike At Fault","Controls Functioning","Clear","Broadside","Intersection","Bike","Not Applicable","Not Applicable","At","bike"
"682205","CR-0000091791","1","0","0","0","22-116-0127","False","False","0","4/26/2022 7:45:00 AM","No Pedestrians Involved","Dry","No Unusual Conditions","Daylight","Violation Driver 1","Controls Functioning","Clear","Broadside","Intersection","Other Vehicle","Not Applicable","Not Applicable","At",""
"682206","CR-0000091793","2","1","0","0","22-118-0946","False","False","0","4/28/2022 8:33:00 PM","No Pedestrians Involved","Dry","No Unusual Conditions","Dark - Street Light","Violation Driver 1","No Controls Present/Factor","Clear","Broadside","Intersection","Other Vehicle","Not Applicable","Not Applicable","At",""
"682208","CR-0000091794","0","0","0","0","22-126-9710","False","True","0","4/29/2022 2:00:00 PM","No Pedestrians Involved","Dry","No Unusual Conditions","Daylight","Unknown","Controls Functioning","Clear","Broadside","Intersection","Other Vehicle","Not Applicable","Not Applicable","At",""
"682214","CR-0000091776","0","1","0","0","22-094-0858","True","False","258","4/4/2022 9:09:00 PM","No Pedestrians Involved","Dry","No Unusual Conditions","Dark - Street Light","Violation Driver 1","No Controls Present/Factor","Clear","Hit Object","Non-Related","Fixed Object","Not Applicable","Not Applicable","South Of","LIGHT POLE"
"682218","CR-0000091781","1","0","0","0","22-102-0216","False","False","0","4/12/2022 8:27:00 AM","Crossing In Crosswalk - At Intersection","Dry","No Unusual Conditions","Daylight","Violation Driver 1","Unknown","Clear","Vehicle/Pedestrian","Intersection","Pedestrian","East","West","At","PEDESTRIAN"
"682219","CR-0000091783","1","0","0","0","22-097-0712","False","False","","4/7/2022 5:05:00 PM","No Pedestrians Involved","Dry","No Unusual Conditions","Daylight","Violation Driver 1","Controls Functioning","Clear","Rear End","Related","Other Vehicle","Not Applicable","Not Applicable","East Of",""
"682223","CR-0000091779","2","1","0","0","22-099-0126","False","False","0","4/9/2022 2:57:00 AM","No Pedestrians Involved","Dry","No Unusual Conditions","Dark - Street Light","Violation Driver 1","Controls Functioning","Clear","Broadside","Intersection","Other Vehicle","Not Applicable","Not Applicable","At",""
"682224","CR-0000091788","1","0","0","0","22-111-0745","False","False","0","4/21/2022 7:11:00 PM","No Pedestrians Involved","Dry","No Unusual Conditions","Dusk - Dawn","Violation Driver 1","Controls Functioning","Clear","Broadside","Intersection","Other Vehicle","Not Applicable","Not Applicable","At",""
"682225","CR-0000091787","0","0","0","0","22-107-0208","True","False","0","4/17/2022 7:30:00 AM","No Pedestrians Involved","Dry","No Unusual Conditions","Daylight","Violation Driver 1","Controls Functioning","Clear","Broadside","Intersection","Other Vehicle","Not Applicable","Not Applicable","At",""
"682226","CR-0000091792","1","0","0","0","22-118-0332","False","False","325","4/28/2022 10:13:00 AM","In Road - Includes Shoulder","Dry","No Unusual Conditions","Daylight","Pedestrian At Fault","Controls Functioning","Clear","Vehicle/Pedestrian","Non-Related","Pedestrian","West","East","South Of","ped"
"682229","CR-0000091790","1","0","0","0","22-115-0779","False","False","51","4/25/2022 9:00:00 PM","No Pedestrians Involved","Unknown","No Unusual Conditions","Dark - Street Light","Violation Driver 1","No Controls Present/Factor","Unknown","Rear End","Non-Related","Parked Vehicle","Not Applicable","Not Applicable","South Of",""
"682230","CR-0000091786","0","1","0","0","22-103-0439","False","False","505","4/13/2022 2:29:00 PM","No Pedestrians Involved","Dry","No Unusual Conditions","Daylight","Violation Driver 1","Controls Obscured","Clear","Vehicle/Bike","Non-Related","Bike","Not Applicable","Not Applicable","East Of","Bike"