"CrashFactId","Name","MinorInjuries","ModerateInjuries","SevereInjuries","FatalInjuries","TcrNumber","CityDamageFlag","ShortFormFlag","Distance","CrashDateTime","PedestrianAction","RoadwaySurface","RoadwayCondition","Lighting","PrimaryCollisionFactor","TrafficControl","Weather","CollisionType","ProximityToIntersection","VehicleInvolvedWith","PedestrianDirectionFrom","PedestrianDirectionTo","DirectionFromIntersection","Comment"
"682528","CR-0000092095","0","0","0","0","22-095-0638","False","False","0","4/5/2022 4:17:00 PM","No Pedestrians Involved","Dry","No Unusual Conditions","Daylight","Violation Driver 1","Controls Functioning","Clear","Sideswipe","Intersection","Other Vehicle","Not Applicable","Not Applicable","At",""
"682529","CR-0000092096","0","0","1","0","22-095-0849","False","False","0","4/5/2022 8:00:00 PM","Crossing - Not In Crosswalk","Dry","No Unusual Conditions","Dark - Street Light","Pedestrian At Fault","Controls Functioning","Clear","Vehicle/Pedestrian","Intersection","Pedestrian","East","West","At","PED"
"682530","CR-0000092097","0","1","0","0","22-095-0880","False","False","440","4/5/2022 8:25:00 PM","Crossing - Not In Crosswalk","Dry","No Unusual Conditions","Dark - Street Light","Pedestrian At Fault","No Controls Present/Factor","Clear","Head On","Non-Related","Pedestrian","South","North","North Of","PED"
"682531","CR-0000092098","1","0","0","0","22-095-1013","False","False","0","4/5/2022 11:41:00 PM","No Pedestrians Involved","Dry","No Unusual Conditions","Dark - Street Light","Violation Driver 1","Controls Functioning","Clear","Sideswipe","Intersection","Other Vehicle","Not Applicable","Not Applicable","At",""
"682532","CR-0000092099","0","0","0","0","22-094-4006","False","True","","4/4/2022 8:30:00 AM","No Pedestrians Involved","Unknown","Unknown","Daylight","Unknown","Unknown","Unknown","Sideswipe","Related","Parked Vehicle","Not Applicable","Not Applicable","Unknown",""
"682533","CR-0000092100","0","0","0","0","22-099-0747","True","False","65","4/9/2022 7:25:00 PM","No Pedestrians Involved","Dry","No Unusual Conditions","Daylight","Violation Driver 1","Controls Functioning","Clear","Sideswipe","Non-Related","Fixed Object","Not Applicable","Not Applicable","East Of","Light Pole #13K4"
"682534","CR-0000092101","0","0","0","0","22-107-0675","False","False","130","4/7/2022 7:23:00 PM","No Pedestrians Involved","Dry","No Unusual Conditions","Daylight","Violation Driver 1","Controls Functioning","Clear","Rear End","Non-Related","Other Vehicle","Not Applicable","Not Applicable","North Of",""
"682535","CR-0000092102","0","1","0","0","22-121-0877","False","False","0","5/1/2022 11:15:00 PM","No Pedestrians Involved","Dry","Unknown","Dark - Street Light","Bike At Fault","Controls Functioning","Clear","Vehicle/Bike","Intersection","Scooter Motorized","Not Applicable","Not Applicable","At","BIKE (E-SCOOTER)"
"682536","CR-0000092103","2","0","0","0","22-123-0660","False","False","0","5/3/2022 4:53:00 PM","No Pedestrians Involved","Dry","No Unusual Conditions","Daylight","Violation Driver 1","No Controls Present/Factor","Clear","Head On","Intersection","Other Vehicle","Not Applicable","Not Applicable","At",""
"682537","CR-0000092104","0","1","0","0","22-124-0642","False","False","21","5/4/2022 5:04:00 PM","Crossing In Crosswalk - At Intersection","Dry","No Unusual Conditions","Daylight","Violation Driver 1","Controls Functioning","Clear","Vehicle/Pedestrian","Related","Pedestrian","South","North","West Of","PEDESTRIAN"
"682538","CR-0000092105","0","1","0","0","22-125-0598","True","False","0","5/5/2022 4:37:00 PM","No Pedestrians Involved","Dry","No Unusual Conditions","Daylight","Violation Driver 1","Controls Functioning","Clear","Broadside","Intersection","Fixed Object","Not Applicable","Not Applicable","At",""
"682539","CR-0000092106","2","1","0","0","22-125-0852","False","False","0","5/5/2022 7:14:00 PM","No Pedestrians Involved","Dry","No Unusual Conditions","Daylight","Violation Driver 1","Controls Functioning","Clear","Broadside","Related","Other Vehicle","Not Applicable","Not Applicable","At",""
"682540","CR-0000092107","0","0","1","0","22-125-0983","False","False","0","5/5/2022 9:39:00 PM","No Pedestrians Involved","Dry","No Unusual Conditions","Dark - Street Light","Violation Driver 1","Controls Functioning","Clear","Rear End","Intersection","Other Vehicle","Not Applicable","Not Applicable","At",""
"682541","CR-0000092108","1","0","0","0","22-126-0061","False","False","227","5/6/2022 2:15:00 AM","No Pedestrians Involved","Dry","No Unusual Conditions","Dark - Street Light","Violation Driver 1","No Controls Present/Factor","Cloudy","Rear End","Non-Related","Parked Vehicle","Not Applicable","Not Applicable","North Of",""
"682542","CR-0000092109","0","1","0","0","22-125-0766","False","False","0","5/6/2022 2:32:00 AM","No Pedestrians Involved","Dry","No Unusual Conditions","Daylight","Violation Driver 1","No Controls Present/Factor","Clear","Broadside","Intersection","Other Vehicle","Not Applicable","Not Applicable","At",""
"682543","CR-0000092110","0","1","0","0","22-127-0270","False","False","315","5/7/2022 9:20:00 AM","No Pedestrians Involved","Dry","No Unusual Conditions","Daylight","Violation Driver 1","Controls Functioning","Clear","Broadside","Non-Related","Other Vehicle","Not Applicable","Not Applicable","East Of",""
"682544","CR-0000092111","2","0","0","0","22-127-0333","False","False","0","5/7/2022 10:46:00 AM","No Pedestrians Involved","Dry","No Unusual Conditions","Daylight","Violation Driver 1","Controls Functioning","Clear","Rear End","Intersection","Motor Vehicle On Other Roadway","Not Applicable","Not Applicable","At",""
"682545","CR-0000092112","3","0","0","0","22-127-0418","False","False","0","5/7/2022 12:33:00 PM","No Pedestrians Involved","Dry","No Unusual Conditions","Daylight","Violation Driver 1","Controls Functioning","Clear","Broadside","Intersection","Other Vehicle","Not Applicable","Not Applicable","At",""
"682546","CR-0000092113","1","0","0","0","22-127-0644","False","False","0","5/7/2022 4:46:00 PM","No Pedestrians Involved","Dry","No Unusual Conditions","Daylight","Violation Driver 1","Controls Functioning","Clear","Broadside","Intersection","Other Vehicle","Not Applicable","Not Applicable","At",""
"682547","CR-0000092114","0","1","0","0","22-128-0149","True","False","0","5/8/2022 4:11:00 AM","No Pedestrians Involved","Dry","No Unusual Conditions","Dark - Street Light","Violation Driver 1","Controls Functioning","Clear","Hit Object","Intersection","Fixed Object","Not Applicable","Not Applicable","At","CURB"
"682548","CR-0000092115","2","0","0","0","22-128-0435","False","False","0","5/8/2022 1:55:00 PM","No Pedestrians Involved","Dry","No Unusual Conditions","Daylight","Violation Driver 1","Controls Functioning","Clear","Broadside","Intersection","Other Vehicle","Not Applicable","Not Applicable","At",""
"682549","CR-0000092116","1","0","0","0","22-129-0168","False","False","0","5/9/2022 8:23:00 AM","Crossing - Not In Crosswalk","Dry","No Unusual Conditions","Daylight","Violation Driver 1","No Controls Present/Factor","Clear","Vehicle/Pedestrian","Intersection","Pedestrian","East","West","At","PEDESTRIAN"
"682550","CR-0000092117","0","1","0","0","22-129-0257","False","False","0","5/9/2022 10:10:00 AM","No Pedestrians Involved","Dry","No Unusual Conditions","Daylight","Bike At Fault","Controls Functioning","Cloudy","Vehicle/Bike","Intersection","Bike","Not Applicable","Not Applicable","At","BIKE"
"682551","CR-0000092118","1","0","0","0","22-129-0374","False","False","0","5/9/2022 11:29:00 AM","No Pedestrians Involved","Dry","No Unusual Conditions","Daylight","Violation Driver 1","Unknown","Clear","Rear End","Intersection","Other Vehicle","Not Applicable","Not Applicable","At",""
"682552","CR-0000092119","0","0","1","0","22-129-0822","False","False","30","5/9/2022 8:21:00 PM","No Pedestrians Involved","Dry","No Unusual Conditions","Dusk - Dawn","Violation Driver 1","No Controls Present/Factor","Clear","Rear End","Related","Motorcycle","Not Applicable","Not Applicable","East Of",""
"682553","CR-0000092120","0","1","0","0","22-130-0605","False","False","160","5/10/2022 3:45:00 PM","No Pedestrians Involved","Dry","No Unusual Conditions","Daylight","Bike At Fault","No Controls Present/Factor","Clear","Vehicle/Bike","Non-Related","Scooter Motorized","Not Applicable","Not Applicable","West Of","BIKE (MOTOR SCOOTER)"
"682554","CR-0000092121","2","0","0","0","22-131-0394","False","False","0","5/11/2022 12:22:00 PM","No Pedestrians Involved","Dry","No Unusual Conditions","Daylight","Unknown","Controls Functioning","Clear","Broadside","Intersection","Other Vehicle","Not Applicable","Not Applicable","At",""
"682555","CR-0000092122","0","1","0","0","22-131-0560","False","False","310","5/11/2022 3:10:00 PM","No Pedestrians Involved","Dry","No Unusual Conditions","Daylight","Violation Driver 1","Controls Functioning","Clear","Broadside","Non-Related","Other Vehicle","Not Applicable","Not Applicable","South Of",""
"682556","CR-0000092123","0","0","1","0","22-131-0602","False","False","0","5/11/2022 3:56:00 PM","No Pedestrians Involved","Dry","No Unusual Conditions","Daylight","Violation Driver 1","Controls Functioning","Clear","Vehicle/Bike","Intersection","Bike","Not Applicable","Not Applicable","At","BIKE"
"682557","CR-0000092124","1","0","0","0","22-134-0316","False","False","80","5/14/2022 11:02:00 AM","No Pedestrians Involved","Dry","No Unusual Conditions","Daylight","Violation Driver 1","No Controls Present/Factor","Clear","Sideswipe","Non-Related","Other Vehicle","Not Applicable","Not Applicable","North Of",""
"682558","CR-0000092125","1","0","0","0","22-136-0827","False","False","0","5/16/2022 7:51:00 PM","No Pedestrians Involved","Dry","No Unusual Conditions","Daylight","Violation Driver 1","Controls Functioning","Clear","Vehicle/Bike","Intersection","Bike","Not Applicable","Not Applicable","At","BIKE"
"682559","CR-0000092126","1","0","0","0","22-139-0964","False","False","240","5/19/2022 8:58:00 PM","No Pedestrians Involved","Dry","No Unusual Conditions","Daylight","Unknown","No Controls Present/Factor","Clear","Vehicle/Bike","Non-Related","Bike","Not Applicable","Not Applicable","South Of","BIKE"
"682560","CR-0000092127","1","0","0","0","22-142-0979","False","False","0","5/22/2022 10:52:00 PM","No Pedestrians Involved","Dry","No Unusual Conditions","Dark - Street Light","Violation Driver 1","Controls Functioning","Clear","Broadside","Intersection","Other Vehicle","Not Applicable","Not Applicable","At",""
"682561","CR-0000092128","0","0","0","0","22-143-0736","False","False","352","5/23/2022 5:28:00 PM","No Pedestrians Involved","Dry","No Unusual Conditions","Daylight","Violation Driver 1","Controls Functioning","Clear","Rear End","Non-Related","Other Vehicle","Not Applicable","Not Applicable","East Of",""
"682562","CR-0000092129","1","0","1","0","22-146-0547","False","False","370","5/26/2022 1:26:00 PM","No Pedestrians Involved","Dry","No Unusual Conditions","Daylight","Violation Driver 1","No Controls Present/Factor","Clear","Rear End","Non-Related","Parked Vehicle","Not Applicable","Not Applicable","East Of",""
"682563","CR-0000092130","0","0","0","0","22-150-0523","False","False","540","5/30/2022 1:34:00 PM","No Pedestrians Involved","Dry","No Unusual Conditions","Daylight","Violation Driver 1","No Controls Present/Factor","Clear","Sideswipe","Non-Related","Parked Vehicle","Not Applicable","Not Applicable","South Of",""
"682564","CR-0000092131","0","0","0","0","22-150-0724","False","False","51","5/30/2022 5:48:00 PM","No Pedestrians Involved","Dry","No Unusual Conditions","Daylight","Violation Driver 1","Controls Functioning","Clear","Broadside","Non-Related","Parked Vehicle","Not Applicable","Not Applicable","North Of",""
"682565","CR-0000092132","0","0","0","0","22-150-0700","False","False","63","5/30/2022 6:52:00 PM","No Pedestrians Involved","Dry","No Unusual Conditions","Daylight","Violation Driver 1","Controls Functioning","Clear","Rear End","Non-Related","Other Vehicle","Not Applicable","Not Applicable","East Of",""
"682566","CR-0000092133","2","0","0","0","22-151-0197","False","False","480","5/31/2022 7:34:00 AM","No Pedestrians Involved","Dry","No Unusual Conditions","Daylight","Violation Driver 1","Controls Functioning","Clear","Broadside","Non-Related","Other Vehicle","Not Applicable","Not Applicable","East Of",""
"682567","CR-0000092134","6","1","0","0","22-151-0235","False","False","0","5/31/2022 8:18:00 AM","No Pedestrians Involved","Dry","No Unusual Conditions","Daylight","Unknown","Controls Functioning","Clear","Head On","Intersection","Other Vehicle","Not Applicable","Not Applicable","At",""
"682568","CR-0000092135","0","1","0","0","22-151-0865","True","False","212","5/31/2022 6:07:00 PM","No Pedestrians Involved","Dry","No Unusual Conditions","Daylight","Violation Driver 1","No Controls Present/Factor","Clear","Hit Object","Non-Related","Fixed Object","Not Applicable","Not Applicable","West Of","LIGHT POLE"
"682569","CR-0000092136","1","0","0","0","22-151-0917","False","False","0","5/31/2022 7:07:00 PM","No Pedestrians Involved","Dry","No Unusual Conditions","Daylight","Violation Driver 1","Controls Functioning","Clear","Broadside","Intersection","Other Vehicle","Not Applicable","Not Applicable","At",""
"682570","CR-0000092137","1","0","0","0","22-151-1061","False","False","0","5/31/2022 10:16:00 PM","No Pedestrians Involved","Dry","No Unusual Conditions","Dark - Street Light","Violation Driver 1","Controls Functioning","Clear","Broadside","Intersection","Other Vehicle","Not Applicable","Not Applicable","At",""
"682571","CR-0000092138","0","0","0","0","22-125-0650","False","False","0","5/5/2022 5:14:00 PM","No Pedestrians Involved","Dry","No Unusual Conditions","Daylight","Violation Driver 1","Controls Functioning","Clear","Broadside","Intersection","Other Vehicle","Not Applicable","Not Applicable","At",""
"682572","CR-0000092139","1","0","0","0","22-125-1011","False","False","30","5/5/2022 10:12:00 PM","No Pedestrians Involved","Dry","No Unusual Conditions","Dark - Street Light","Violation Driver 1","No Controls Present/Factor","Cloudy","Rear End","Related","Other Vehicle","Not Applicable","Not Applicable","North Of",""
"682573","CR-0000092140","0","0","1","0","22-126-0740","True","False","272","5/6/2022 6:15:00 PM","No Pedestrians Involved","Dry","No Unusual Conditions","Daylight","Violation Driver 1","Unknown","Clear","Hit Object","Non-Related","Fixed Object","Not Applicable","Not Applicable","South Of","TREE"
"682574","CR-0000092141","0","0","0","0","22-127-0368","False","False","45","5/7/2022 11:20:00 AM","No Pedestrians Involved","Dry","No Unusual Conditions","Daylight","Unknown","Controls Functioning","Clear","Hit Object","Related","Fixed Object","Not Applicable","Not Applicable","South Of","LIGHT POLE"
"682575","CR-0000092142","0","0","0","0","22-122-0161","False","False","0","5/2/2022 8:01:00 AM","No Pedestrians Involved","Dry","No Unusual Conditions","Daylight","Violation Driver 1","Controls Functioning","Cloudy","Broadside","Intersection","Other Vehicle","Not Applicable","Not Applicable","At",""
"682576","CR-0000092143","0","0","0","0","22-129-0609","True","False","27","5/9/2022 4:08:00 PM","No Pedestrians Involved","Dry","No Unusual Conditions","Daylight","Violation Driver 1","No Controls Present/Factor","Clear","Hit Object","Related","Fixed Object","Not Applicable","Not Applicable","North Of","SIGN / HYDRANT"
"682577","CR-0000092144","0","0","0","0","22-131-0876","False","False","0","5/11/2022 9:25:00 PM","No Pedestrians Involved","Dry","No Unusual Conditions","Dark - Street Light","Other Than Driver","Controls Functioning","Clear","Head On","Intersection","Animal","Not Applicable","Not Applicable","At","DOG"
"682578","CR-0000092145","1","0","0","0","22-137-0914","False","False","155","5/17/2022 8:37:00 PM","No Pedestrians Involved","Dry","No Unusual Conditions","Dark - Street Light","Violation Driver 1","No Controls Present/Factor","Clear","Rear End","Non-Related","Motor Vehicle On Other Roadway","Not Applicable","Not Applicable","South Of",""
"682579","CR-0000092146","1","0","0","0","22-137-1025","False","False","0","5/17/2022 10:34:00 PM","No Pedestrians Involved","Dry","No Unusual Conditions","Dark - Street Light","Bike At Fault","Controls Functioning","Clear","Vehicle/Bike","Intersection","Bike","Not Applicable","Not Applicable","At","BIKE"
"682580","CR-0000092147","2","0","0","0","22-138-0159","False","False","175","5/18/2022 7:28:00 AM","No Pedestrians Involved","Dry","No Unusual Conditions","Daylight","Violation Driver 1","Controls Functioning","Clear","Rear End","Non-Related","Other Vehicle","Not Applicable","Not Applicable","North Of",""
"682581","CR-0000092148","2","0","0","0","22-138-0182","False","False","0","5/18/2022 8:00:00 AM","No Pedestrians Involved","Dry","No Unusual Conditions","Daylight","Violation Driver 1","Controls Functioning","Clear","Head On","Intersection","Other Vehicle","Not Applicable","Not Applicable","At",""
"682582","CR-0000092149","2","0","0","0","22-138-0678","False","False","0","5/18/2022 5:21:00 PM","No Pedestrians Involved","Dry","No Unusual Conditions","Daylight","Violation Driver 1","Controls Functioning","Clear","Broadside","Intersection","Other Vehicle","Not Applicable","Not Applicable","At",""
"682583","CR-0000092150","1","0","0","0","22-138-0831","False","False","0","5/18/2022 7:16:00 PM","No Pedestrians Involved","Dry","No Unusual Conditions","Daylight","Violation Driver 1","Controls Functioning","Clear","Sideswipe","Intersection","Other Vehicle","Not Applicable","Not Applicable","At",""
"682584","CR-0000092151","1","0","0","0","22-138-1063","False","False","0","5/18/2022 10:48:00 PM","No Pedestrians Involved","Dry","No Unusual Conditions","Dark - Street Light","Violation Driver 1","No Controls Present/Factor","Clear","Broadside","Intersection","Other Vehicle","Not Applicable","Not Applicable","At",""
"682585","CR-0000092152","1","1","0","0","22-140-1032","False","False","81","5/20/2022 10:08:00 PM","No Pedestrians Involved","Dry","No Unusual Conditions","Dark - Street Light","Violation Driver 1","Controls Functioning","Clear","Head On","Non-Related","Other Vehicle","Not Applicable","Not Applicable","East Of",""
"682586","CR-0000092153","1","1","0","0","22-145-0900","False","False","0","5/25/2022 8:00:00 PM","No Pedestrians Involved","Dry","No Unusual Conditions","Dusk - Dawn","Violation Driver 1","Controls Functioning","Clear","Broadside","Intersection","Other Vehicle","Not Applicable","Not Applicable","At",""
"682587","CR-0000092154","1","0","0","0","22-147-0198","False","False","168","5/27/2022 7:20:00 AM","No Pedestrians Involved","Dry","No Unusual Conditions","Daylight","Violation Driver 1","No Controls Present/Factor","Clear","Broadside","Non-Related","Other Vehicle","Not Applicable","Not Applicable","South Of",""
"682588","CR-0000092155","0","1","0","0","22-147-0995","False","False","0","5/27/2022 9:33:00 PM","No Pedestrians Involved","Dry","No Unusual Conditions","Dark - Street Light","Violation Driver 1","Controls Functioning","Clear","Vehicle/Bike","Intersection","Bike","Not Applicable","Not Applicable","At","BIKE"
"682589","CR-0000092156","0","0","0","0","22-149-0704","False","False","82","5/29/2022 5:40:00 PM","No Pedestrians Involved","Dry","No Unusual Conditions","Daylight","Violation Driver 1","No Controls Present/Factor","Clear","Sideswipe","Non-Related","Parked Vehicle","Not Applicable","Not Applicable","West Of",""
"682590","CR-0000092157","2","0","0","0","22-122-0534","False","False","30","5/2/2022 2:32:00 PM","No Pedestrians Involved","Dry","No Unusual Conditions","Daylight","Violation Driver 1","Controls Functioning","Clear","Other","Related","Other Vehicle","Not Applicable","Not Applicable","North Of",""
"682591","CR-0000092158","0","1","0","0","22-122-0697","False","False","0","5/2/2022 5:45:00 PM","No Pedestrians Involved","Dry","No Unusual Conditions","Daylight","Violation Driver 1","No Controls Present/Factor","Clear","Broadside","Intersection","Other Vehicle","Not Applicable","Not Applicable","At",""
"682592","CR-0000092159","0","0","0","0","22-122-4003","False","False","0","5/2/2022 7:15:00 AM","No Pedestrians Involved","Unknown","No Unusual Conditions","Daylight","Unknown","Unknown","Unknown","Rear End","Intersection","Other Vehicle","Not Applicable","Not Applicable","At",""
"682593","CR-0000092160","0","0","0","0","22-123-0201","False","False","0","5/3/2022 9:00:00 AM","No Pedestrians Involved","Dry","No Unusual Conditions","Daylight","Violation Driver 1","Controls Functioning","Clear","Broadside","Intersection","Other Vehicle","Not Applicable","Not Applicable","At",""
"682594","CR-0000092161","0","0","0","0","22-130-0170","False","False","200","5/10/2022 7:30:00 AM","No Pedestrians Involved","Dry","No Unusual Conditions","Daylight","Violation Driver 1","No Controls Present/Factor","Clear","Rear End","Non-Related","Other Vehicle","Not Applicable","Not Applicable","East Of",""
"682595","CR-0000092162","0","0","0","0","22-132-9709","False","False","95","5/7/2022 2:15:00 PM","No Pedestrians Involved","Dry","No Unusual Conditions","Daylight","Unknown","No Controls Present/Factor","Clear","Broadside","Non-Related","Parked Vehicle","Not Applicable","Not Applicable","North Of",""
"682596","CR-0000092163","0","0","0","0","22-128-0292","False","False","81","5/8/2022 6:20:00 AM","No Pedestrians Involved","Dry","No Unusual Conditions","Dusk - Dawn","Violation Driver 1","Unknown","Clear","Head On","Non-Related","Parked Vehicle","Not Applicable","Not Applicable","West Of",""
"682597","CR-0000092164","2","0","0","0","22-128-0619","False","False","55","5/8/2022 4:46:00 PM","No Pedestrians Involved","Dry","No Unusual Conditions","Daylight","Violation Driver 1","Controls Functioning","Clear","Rear End","Non-Related","Other Vehicle","Not Applicable","Not Applicable","East Of",""
"682598","CR-0000092165","0","0","0","0","22-128-0961","False","False","62","5/8/2022 9:02:00 PM","No Pedestrians Involved","Dry","No Unusual Conditions","Dark - Street Light","Violation Driver 1","No Controls Present/Factor","Clear","Rear End","Non-Related","Parked Vehicle","Not Applicable","Not Applicable","South Of",""
"682599","CR-0000092166","1","0","0","0","22-129-0920","False","False","81","5/9/2022 11:06:00 AM","No Pedestrians Involved","Unknown","No Unusual Conditions","Dark - Street Light","Violation Driver 1","No Controls Present/Factor","Clear","Head On","Non-Related","Parked Vehicle","Not Applicable","Not Applicable","North Of",""
"682600","CR-0000092167","0","0","0","0","22-121-4000","False","False","51","5/1/2022 12:30:00 PM","No Pedestrians Involved","Unknown","Unknown","Daylight","Unknown","Unknown","Unknown","Sideswipe","Non-Related","Parked Vehicle","Not Applicable","Not Applicable","East Of",""
"682601","CR-0000092168","0","0","0","0","22-122-4001","False","False","51","5/1/2022 8:35:00 AM","No Pedestrians Involved","Unknown","Unknown","Daylight","Unknown","Unknown","Unknown","Sideswipe","Non-Related","Parked Vehicle","Not Applicable","Not Applicable","West Of",""
"682602","CR-0000092169","0","0","0","0","22-128-4004","False","False","51","5/1/2022 4:30:00 PM","No Pedestrians Involved","Unknown","Unknown","Daylight","Unknown","No Controls Present/Factor","Unknown","Sideswipe","Non-Related","Parked Vehicle","Not Applicable","Not Applicable","East Of",""
"682603","CR-0000092170","0","0","0","0","22-121-0004","True","False","0","5/1/2022 12:08:00 AM","No Pedestrians Involved","Dry","No Unusual Conditions","Dark - Street Light","Violation Driver 1","Controls Functioning","Clear","Head On","Intersection","Fixed Object","Not Applicable","Not Applicable","At","Signal Pole"
"682604","CR-0000092171","1","0","0","0","22-121-0306","False","False","51","5/1/2022 10:48:00 AM","No Pedestrians Involved","Dry","No Unusual Conditions","Daylight","Violation Driver 1","Controls Functioning","Clear","Rear End","Non-Related","Other Vehicle","Not Applicable","Not Applicable","East Of",""
"682605","CR-0000092172","1","0","0","0","22-123-0485","False","False","70","5/3/2022 1:36:00 PM","No Pedestrians Involved","Dry","No Unusual Conditions","Daylight","Violation Driver 1","Unknown","Clear","Rear End","Non-Related","Other Vehicle","Not Applicable","Not Applicable","West Of",""
"682606","CR-0000092173","0","0","0","0","22-123-0550","True","False","0","5/3/2022 2:50:00 PM","No Pedestrians Involved","Dry","No Unusual Conditions","Daylight","Violation Driver 1","No Controls Present/Factor","Clear","Rear End","Intersection","Other Vehicle","Not Applicable","Not Applicable","At","Fire Department Vehicle"
"682607","CR-0000092174","1","0","0","0","22-123-0610","False","False","98","5/3/2022 3:54:00 PM","No Pedestrians Involved","Dry","No Unusual Conditions","Daylight","Violation Driver 1","No Controls Present/Factor","Clear","Rear End","Non-Related","Other Vehicle","Not Applicable","Not Applicable","East Of",""
"682608","CR-0000092175","1","0","0","0","22-123-0647","False","False","22","5/3/2022 4:40:00 PM","No Pedestrians Involved","Dry","No Unusual Conditions","Daylight","Violation Driver 1","Controls Functioning","Clear","Broadside","Related","Other Vehicle","Not Applicable","Not Applicable","West Of",""
"682609","CR-0000092176","0","0","0","0","22-123-4000","False","True","51","5/3/2022 5:45:00 PM","No Pedestrians Involved","Unknown","Unknown","Daylight","Unknown","Unknown","Unknown","Sideswipe","Non-Related","Other Vehicle","Not Applicable","Not Applicable","North Of",""
"682610","CR-0000092177","0","0","0","0","22-154-9708","False","True","200","5/4/2022 10:00:00 PM","No Pedestrians Involved","Dry","No Unusual Conditions","Dark - Street Light","Unknown","No Controls Present/Factor","Clear","Rear End","Non-Related","Parked Vehicle","Not Applicable","Not Applicable","East Of",""
"682611","CR-0000092178","0","0","0","0","22-151-9715","False","True","100","5/4/2022 4:47:00 AM","No Pedestrians Involved","Dry","No Unusual Conditions","Dark - Street Light","Unknown","No Controls Present/Factor","Clear","Rear End","Non-Related","Parked Vehicle","Not Applicable","Not Applicable","South Of",""
"682612","CR-0000092179","0","0","0","0","22-125-0656","False","False","249","5/5/2022 5:17:00 PM","No Pedestrians Involved","Dry","No Unusual Conditions","Daylight","Violation Driver 1","Unknown","Clear","Sideswipe","Non-Related","Parked Vehicle","Not Applicable","Not Applicable","South Of",""
"682613","CR-0000092180","0","0","0","0","22-125-4000","False","True","","5/5/2022 6:00:00 AM","No Pedestrians Involved","Unknown","Unknown","Daylight","Unknown","Unknown","Unknown","Broadside","Related","Parked Vehicle","Not Applicable","Not Applicable","Unknown",""
"682614","CR-0000092181","0","0","0","0","22-126-4000","False","True","","5/5/2022 10:40:00 PM","No Pedestrians Involved","Unknown","Unknown","Unknown","Unknown","Unknown","Unknown","Broadside","Related","Scooter Motorized","Not Applicable","Not Applicable","Unknown","E. Scooter"
"682615","CR-0000092182","0","0","0","0","22-125-4001","False","True","","5/5/2022 4:54:00 PM","No Pedestrians Involved","Unknown","Unknown","Daylight","Unknown","Unknown","Unknown","Rear End","Related","Other Vehicle","Not Applicable","Not Applicable","Unknown",""
"682616","CR-0000092183","0","0","0","0","22-126-4002","False","True","51","5/5/2022 8:00:00 AM","No Pedestrians Involved","Unknown","Unknown","Daylight","Unknown","Unknown","Unknown","Broadside","Non-Related","Parked Vehicle","Not Applicable","Not Applicable","North Of",""
"682617","CR-0000092184","0","0","0","0","22-125-4003","False","True","","5/5/2022 10:00:00 AM","No Pedestrians Involved","Unknown","Unknown","Daylight","Unknown","Unknown","Unknown","Broadside","Related","Parked Vehicle","Not Applicable","Not Applicable","South Of",""
"682618","CR-0000092185","0","0","0","0","22-125-4005","False","True","","5/5/2022 3:05:00 PM","No Pedestrians Involved","Unknown","Unknown","Daylight","Unknown","Unknown","Unknown","Sideswipe","Related","Parked Vehicle","Not Applicable","Not Applicable","South Of",""
"682619","CR-0000092187","1","0","0","0","22-126-0647","False","False","0","5/6/2022 5:14:00 PM","No Pedestrians Involved","Dry","No Unusual Conditions","Daylight","Violation Driver 1","No Controls Present/Factor","Clear","Broadside","Intersection","Other Vehicle","Not Applicable","Not Applicable","At",""
"682620","CR-0000092186","1","0","0","1","22-129-0862","False","False","247","5/9/2022 9:06:00 PM","No Pedestrians Involved","Dry","No Unusual Conditions","Dark - Street Light","Violation Driver 1","No Controls Present/Factor","Clear","Rear End","Non-Related","Other Vehicle","Not Applicable","Not Applicable","East Of",""
"682621","CR-0000092189","0","0","0","0","22-133-4001","False","True","0","5/6/2022 8:55:00 AM","No Pedestrians Involved","Unknown","Unknown","Unknown","Unknown","Unknown","Unknown","Rear End","Intersection","Other Vehicle","Not Applicable","Not Applicable","At",""
"682622","CR-0000092188","0","0","0","0","22-130-0059","False","False","0","5/10/2022 1:29:00 AM","No Pedestrians Involved","Dry","No Unusual Conditions","Dark - Street Light","Violation Driver 1","Controls Functioning","Clear","Sideswipe","Intersection","Parked Vehicle","Not Applicable","Not Applicable","At",""
"682623","CR-0000092190","0","0","0","0","22-129-4004","False","False","","5/6/2022 7:50:00 PM","No Pedestrians Involved","Unknown","Unknown","Unknown","Unknown","Unknown","Unknown","Rear End","Related","Other Vehicle","Not Applicable","Not Applicable","South Of",""
"682624","CR-0000092191","0","0","0","0","22-130-0363","False","False","120","5/10/2022 11:26:00 AM","No Pedestrians Involved","Dry","No Unusual Conditions","Daylight","Violation Driver 1","No Controls Present/Factor","Clear","Broadside","Non-Related","Other Vehicle","Not Applicable","Not Applicable","East Of",""
"682625","CR-0000092201","0","0","0","0","22-152-0120","False","False","128","6/1/2022 4:50:00 AM","No Pedestrians Involved","Dry","No Unusual Conditions","Dusk - Dawn","Violation Driver 1","No Controls Present/Factor","Clear","Rear End","Non-Related","Other Vehicle","Not Applicable","Not Applicable","North Of",""