"CrashFactId","Name","MinorInjuries","ModerateInjuries","SevereInjuries","FatalInjuries","TcrNumber","CityDamageFlag","ShortFormFlag","Distance","CrashDateTime","PedestrianAction","RoadwaySurface","RoadwayCondition","Lighting","PrimaryCollisionFactor","TrafficControl","Weather","CollisionType","ProximityToIntersection","VehicleInvolvedWith","PedestrianDirectionFrom","PedestrianDirectionTo","DirectionFromIntersection","Comment"
"683043","CR-0000092665","0","0","0","0","22-139-0928","False","False","55","5/19/2022 7:37:00 PM","No Pedestrians Involved","Dry","No Unusual Conditions","Daylight","Violation Driver 1","No Controls Present/Factor","Clear","Rear End","Non-Related","Parked Vehicle","Not Applicable","Not Applicable","South Of",""
"683044","CR-0000092646","0","0","0","0","22-173-0707","False","False","0","6/22/2022 2:00:00 PM","No Pedestrians Involved","Dry","No Unusual Conditions","Daylight","Violation Driver 1","No Controls Present/Factor","Clear","Sideswipe","Intersection","Parked Vehicle","Not Applicable","Not Applicable","At",""
"683045","CR-0000092670","1","0","0","0","22-141-0342","False","False","435","5/21/2022 10:59:00 AM","No Pedestrians Involved","Dry","No Unusual Conditions","Daylight","Violation Driver 1","No Controls Present/Factor","Clear","Vehicle/Bike","Non-Related","Bike","Not Applicable","Not Applicable","West Of",""
"683046","CR-0000092619","0","0","0","0","22-125-9706","False","True","51","5/1/2022 10:45:00 AM","No Pedestrians Involved","Dry","Construction - Repair Zone","Dark - No Street Light","Unknown","No Controls Present/Factor","Clear","Broadside","Non-Related","Parked Vehicle","Not Applicable","Not Applicable","West Of",""
"683047","CR-0000092647","0","0","0","0","22-173-0741","False","False","0","6/22/2022 5:26:00 PM","No Pedestrians Involved","Dry","No Unusual Conditions","Daylight","Violation Driver 1","Controls Functioning","Clear","Broadside","Intersection","Train","Not Applicable","Not Applicable","At","TRAIN"
"683048","CR-0000092608","0","0","0","0","22-163-0173","False","False","285","6/12/2022 3:26:00 AM","No Pedestrians Involved","Dry","No Unusual Conditions","Dark - Street Light","Violation Driver 1","Unknown","Clear","Rear End","Non-Related","Parked Vehicle","Not Applicable","Not Applicable","North Of",""
"683049","CR-0000092618","1","0","0","0","22-164-9703","False","True","30","6/12/2022 10:50:00 PM","No Pedestrians Involved","Dry","No Unusual Conditions","Dark - Street Light","Unknown","Controls Functioning","Clear","Rear End","Related","Other Vehicle","Not Applicable","Not Applicable","North Of",""
"683050","CR-0000092623","0","0","0","0","22-165-9701","False","True","0","6/13/2022 11:45:00 AM","No Pedestrians Involved","Dry","No Unusual Conditions","Daylight","Violation Driver 1","Controls Functioning","Clear","Sideswipe","Intersection","Other Vehicle","Not Applicable","Not Applicable","At",""
"683051","CR-0000092671","0","0","0","0","22-142-0161","False","False","320","5/22/2022 2:40:00 AM","No Pedestrians Involved","Dry","No Unusual Conditions","Dark - Street Light","Violation Driver 1","No Controls Present/Factor","Clear","Sideswipe","Non-Related","Parked Vehicle","Not Applicable","Not Applicable","South Of",""
"683052","CR-0000092611","0","0","0","0","22-163-0488","True","False","0","6/12/2022 1:40:00 PM","No Pedestrians Involved","Dry","No Unusual Conditions","Daylight","Violation Driver 1","Controls Functioning","Cloudy","Hit Object","Intersection","Fixed Object","Not Applicable","Not Applicable","At","TWO CITY POLES"
"683053","CR-0000092638","0","0","0","0","22-168-0636","False","False","0","6/17/2022 5:20:00 PM","No Pedestrians Involved","Dry","No Unusual Conditions","Daylight","Violation Driver 1","Controls Functioning","Clear","Rear End","Intersection","Other Vehicle","Not Applicable","Not Applicable","At",""
"683054","CR-0000092639","0","0","0","0","22-168-0937","False","False","40","6/17/2022 10:21:00 PM","No Pedestrians Involved","Dry","No Unusual Conditions","Dark - Street Light","Violation Driver 1","No Controls Present/Factor","Clear","Hit Object","Related","Parked Vehicle","Not Applicable","Not Applicable","East Of",""
"683055","CR-0000092601","1","0","0","0","22-164-0427","True","False","120","6/13/2022 12:28:00 PM","No Pedestrians Involved","Dry","No Unusual Conditions","Daylight","Violation Driver 1","Controls Functioning","Clear","Broadside","Non-Related","Other Vehicle","Not Applicable","Not Applicable","South Of","Police Vehicle"
"683056","CR-0000092607","1","0","0","0","22-163-0138","True","False","266","6/12/2022 2:15:00 AM","No Pedestrians Involved","Dry","No Unusual Conditions","Dark - Street Light","Violation Driver 1","No Controls Present/Factor","Clear","Sideswipe","Non-Related","Fixed Object","Not Applicable","Not Applicable","South Of","TREE"
"683057","CR-0000092617","0","0","0","0","22-163-0926","False","False","294","6/12/2022 10:40:00 PM","No Pedestrians Involved","Dry","No Unusual Conditions","Dark - Street Light","Violation Driver 1","Controls Functioning","Clear","Sideswipe","Non-Related","Parked Vehicle","Not Applicable","Not Applicable","East Of",""
"683058","CR-0000092674","1","1","0","0","22-143-1088","False","False","27","5/23/2022 11:48:00 PM","No Pedestrians Involved","Dry","No Unusual Conditions","Dark - Street Light","Violation Driver 1","Controls Functioning","Clear","Rear End","Related","Other Vehicle","Not Applicable","Not Applicable","West Of",""
"683059","CR-0000092621","1","0","0","0","22-164-0738","False","False","51","6/13/2022 5:59:00 PM","No Pedestrians Involved","Dry","No Unusual Conditions","Daylight","Violation Driver 1","Controls Functioning","Clear","Sideswipe","Non-Related","Other Vehicle","Not Applicable","Not Applicable","East Of",""
"683060","CR-0000092656","1","0","1","0","22-150-0704","False","False","0","5/30/2022 5:20:00 PM","No Pedestrians Involved","Dry","No Unusual Conditions","Daylight","Violation Driver 1","Controls Functioning","Clear","Broadside","Intersection","Other Vehicle","Not Applicable","Not Applicable","At",""
"683061","CR-0000092622","0","0","0","0","22-164-0938","False","False","0","6/13/2022 9:43:00 PM","No Pedestrians Involved","Dry","No Unusual Conditions","Unknown","Violation Driver 1","Controls Functioning","Clear","Broadside","Intersection","Other Vehicle","Not Applicable","Not Applicable","At",""
"683062","CR-0000092668","0","0","0","0","22-140-0601","False","False","20","5/20/2022 3:11:00 PM","No Pedestrians Involved","Dry","No Unusual Conditions","Daylight","Violation Driver 1","No Controls Present/Factor","Clear","Head On","Related","Other Vehicle","Not Applicable","Not Applicable","West Of",""
"683063","CR-0000092602","1","0","0","0","22-164-0538","False","False","0","6/13/2022 2:31:00 PM","No Pedestrians Involved","Dry","No Unusual Conditions","Daylight","Violation Driver 1","Controls Functioning","Clear","Broadside","Intersection","Other Vehicle","Not Applicable","Not Applicable","At",""
"683064","CR-0000092669","1","1","0","0","22-141-0248","False","False","0","5/21/2022 8:41:00 AM","No Pedestrians Involved","Dry","No Unusual Conditions","Daylight","Violation Driver 1","No Controls Present/Factor","Clear","Head On","Intersection","Other Vehicle","Not Applicable","Not Applicable","At",""
"683065","CR-0000092604","1","0","0","0","22-101-0548","False","False","0","4/11/2022 3:56:00 PM","No Pedestrians Involved","Dry","No Unusual Conditions","Daylight","Violation Driver 1","Controls Functioning","Clear","Broadside","Intersection","Other Vehicle","Not Applicable","Not Applicable","At",""
"683066","CR-0000092605","0","0","0","0","22-163-0017","False","False","230","6/12/2022 12:10:00 AM","No Pedestrians Involved","Dry","No Unusual Conditions","Dark - Street Light","Violation Driver 1","Unknown","Clear","Rear End","Non-Related","Parked Vehicle","Not Applicable","Not Applicable","East Of",""
"683067","CR-0000092612","0","0","0","0","22-115-9704","False","True","51","4/23/2022 2:39:00 PM","No Pedestrians Involved","Dry","No Unusual Conditions","Daylight","Unknown","Controls Functioning","Clear","Rear End","Non-Related","Other Vehicle","Not Applicable","Not Applicable","East Of",""
"683068","CR-0000092627","0","0","0","0","22-167-0806","False","False","0","6/16/2022 9:30:00 PM","No Pedestrians Involved","Dry","No Unusual Conditions","Dark - Street Light","Violation Driver 1","Controls Functioning","Clear","Rear End","Intersection","Other Vehicle","Not Applicable","Not Applicable","At",""
"683069","CR-0000092620","0","1","0","0","22-163-0239","False","False","0","6/12/2022 2:30:00 AM","Crossing - Not In Crosswalk","Dry","No Unusual Conditions","Dark - Street Light","Violation Driver 1","No Controls Present/Factor","Clear","Vehicle/Pedestrian","Intersection","Pedestrian","West","North","At","PEDESTRIAN"
"683070","CR-0000092643","0","0","0","0","22-173-0536","False","False","0","6/22/2022 1:33:00 PM","No Pedestrians Involved","Dry","No Unusual Conditions","Daylight","Violation Driver 1","Controls Functioning","Clear","Broadside","Intersection","Other Vehicle","Not Applicable","Not Applicable","At",""
"683071","CR-0000092614","0","0","0","0","22-163-0537","False","False","0","6/12/2022 2:39:00 PM","No Pedestrians Involved","Dry","No Unusual Conditions","Daylight","Violation Driver 1","No Controls Present/Factor","Cloudy","Rear End","Intersection","Other Vehicle","Not Applicable","Not Applicable","At",""
"683072","CR-0000092615","0","0","0","0","22-163-0593","False","False","590","6/12/2022 4:00:00 PM","No Pedestrians Involved","Dry","No Unusual Conditions","Daylight","Violation Driver 1","No Controls Present/Factor","Clear","Broadside","Non-Related","Other Vehicle","Not Applicable","Not Applicable","West Of",""
"683073","CR-0000092599","0","0","0","0","22-164-0083","False","False","290","6/13/2022 2:01:00 AM","No Pedestrians Involved","Dry","No Unusual Conditions","Dark - Street Light","Violation Driver 1","No Controls Present/Factor","Clear","Sideswipe","Non-Related","Parked Vehicle","Not Applicable","Not Applicable","South Of",""
"683074","CR-0000092672","1","0","0","0","22-142-0538","False","False","0","5/22/2022 2:46:00 PM","No Pedestrians Involved","Dry","No Unusual Conditions","Daylight","Violation Driver 1","No Controls Present/Factor","Clear","Broadside","Intersection","Other Vehicle","Not Applicable","Not Applicable","At",""
"683075","CR-0000092653","4","0","0","0","22-149-0875","False","False","0","5/29/2022 8:39:00 PM","No Pedestrians Involved","Dry","No Unusual Conditions","Dark - Street Light","Violation Driver 1","Controls Functioning","Clear","Overturned","Intersection","Other Vehicle","Not Applicable","Not Applicable","At",""
"683076","CR-0000092624","1","0","0","0","22-161-0140","False","False","38","6/10/2022 7:38:00 AM","No Pedestrians Involved","Dry","No Unusual Conditions","Daylight","Violation Driver 1","Controls Functioning","Cloudy","Head On","Related","Other Vehicle","Not Applicable","Not Applicable","South Of",""
"683077","CR-0000092675","1","0","0","0","22-151-0856","False","False","0","5/31/2022 6:04:00 PM","No Pedestrians Involved","Dry","No Unusual Conditions","Daylight","Violation Driver 1","Controls Functioning","Clear","Broadside","Intersection","Other Vehicle","Not Applicable","Not Applicable","At",""
"683078","CR-0000092642","0","0","0","0","22-173-0475","False","False","605","6/22/2022 12:37:00 PM","No Pedestrians Involved","Dry","No Unusual Conditions","Daylight","Violation Driver 1","Unknown","Clear","Sideswipe","Non-Related","Other Vehicle","Not Applicable","Not Applicable","South Of",""
"683079","CR-0000092658","1","0","0","0","22-159-0522","False","False","0","6/8/2022 1:55:00 PM","No Pedestrians Involved","Dry","No Unusual Conditions","Daylight","Violation Driver 1","Controls Functioning","Clear","Rear End","Intersection","Other Vehicle","Not Applicable","Not Applicable","At",""
"683080","CR-0000092636","1","1","0","0","22-168-0621","False","False","19","6/17/2022 5:05:00 PM","No Pedestrians Involved","Dry","No Unusual Conditions","Daylight","Violation Driver 1","Controls Functioning","Clear","Broadside","Related","Other Vehicle","Not Applicable","Not Applicable","East Of",""
"683081","CR-0000092666","1","1","0","0","22-139-1083","False","False","0","5/19/2022 10:54:00 PM","No Pedestrians Involved","Dry","No Unusual Conditions","Dark - Street Light","Violation Driver 1","Controls Functioning","Clear","Broadside","Intersection","Other Vehicle","Not Applicable","Not Applicable","At",""
"683082","CR-0000092625","0","0","0","0","22-167-0002","True","False","0","6/16/2022 12:02:00 AM","No Pedestrians Involved","Dry","No Unusual Conditions","Dark - Street Light","Violation Driver 1","Controls Functioning","Clear","Hit Object","Intersection","Fixed Object","Not Applicable","Not Applicable","South Of","LIGHT POLE"
"683083","CR-0000092648","0","0","0","0","22-173-0830","False","False","0","6/22/2022 4:20:00 AM","No Pedestrians Involved","Dry","No Unusual Conditions","Dark - Street Light","Violation Driver 1","No Controls Present/Factor","Clear","Rear End","Intersection","Parked Vehicle","Not Applicable","Not Applicable","At",""
"683084","CR-0000092649","0","0","0","0","22-173-0874","False","False","0","6/22/2022 7:54:00 PM","No Pedestrians Involved","Dry","No Unusual Conditions","Daylight","Violation Driver 1","Controls Functioning","Clear","Other","Intersection","Other Vehicle","Not Applicable","Not Applicable","At",""
"683085","CR-0000092650","0","2","1","0","22-173-0974","False","False","0","6/22/2022 9:52:00 PM","No Pedestrians Involved","Dry","No Unusual Conditions","Dark - Street Light","Violation Driver 1","Controls Functioning","Clear","Rear End","Intersection","Other Vehicle","Not Applicable","Not Applicable","At",""
"683086","CR-0000092659","0","1","0","0","22-160-0210","False","False","0","6/9/2022 9:04:00 AM","No Pedestrians Involved","Dry","No Unusual Conditions","Daylight","Violation Driver 1","No Controls Present/Factor","Clear","Head On","Intersection","Other Vehicle","Not Applicable","Not Applicable","At",""
"683087","CR-0000092641","0","0","0","0","22-173-0388","False","False","86","6/22/2022 11:10:00 AM","No Pedestrians Involved","Dry","No Unusual Conditions","Daylight","Violation Driver 1","Controls Functioning","Clear","Other","Non-Related","Other Vehicle","Not Applicable","Not Applicable","South Of",""
"683088","CR-0000092644","0","0","0","0","22-173-0647","True","False","85","6/22/2022 3:51:00 PM","No Pedestrians Involved","Dry","No Unusual Conditions","Daylight","Violation Driver 1","Unknown","Clear","Rear End","Non-Related","Parked Vehicle","Not Applicable","Not Applicable","West Of","CITY VEHICLE LIB"
"683089","CR-0000092633","1","0","0","0","22-168-0489","False","False","0","6/17/2022 2:25:00 PM","No Pedestrians Involved","Dry","No Unusual Conditions","Daylight","Violation Driver 1","No Controls Present/Factor","Clear","Broadside","Intersection","Other Vehicle","Not Applicable","Not Applicable","At",""
"683090","CR-0000092663","0","0","0","0","22-151-1041","True","False","0","5/31/2022 9:50:00 PM","No Pedestrians Involved","Dry","No Unusual Conditions","Dark - Street Light","Violation Driver 1","Controls Functioning","Clear","Hit Object","Intersection","Fixed Object","Not Applicable","Not Applicable","At","SIGNAL LIGHT"
"683091","CR-0000092640","0","1","0","0","22-173-0246","False","False","700","6/22/2022 8:37:00 AM","No Pedestrians Involved","Dry","No Unusual Conditions","Daylight","Bike At Fault","Unknown","Clear","Rear End","Non-Related","Parked Vehicle","Not Applicable","Not Applicable","South Of","BIKE"
"683092","CR-0000092651","0","1","0","0","22-143-0794","True","False","0","5/23/2022 6:24:00 PM","No Pedestrians Involved","Dry","No Unusual Conditions","Daylight","Violation Driver 1","Controls Functioning","Clear","Hit Object","Intersection","Fixed Object","Not Applicable","Not Applicable","East Of","STOPLIGHT"
"683095","CR-0000092676","0","0","0","1","22-174-0447","False","False","0","6/23/2022 1:43:00 PM","Crossing In Crosswalk - At Intersection","Dry","No Unusual Conditions","Daylight","Unknown","Controls Functioning","Clear","Vehicle/Pedestrian","Intersection","Pedestrian","West","East","At","PED"
"683096","CR-0000092693","1","0","0","0","22-180-0724","False","False","0","6/29/2022 5:58:00 PM","No Pedestrians Involved","Dry","No Unusual Conditions","Daylight","Violation Driver 1","Controls Functioning","Clear","Rear End","Intersection","Other Vehicle","Not Applicable","Not Applicable","At",""
"683097","CR-0000092690","1","0","0","0","22-179-0496","False","False","0","6/28/2022 1:44:00 PM","No Pedestrians Involved","Dry","No Unusual Conditions","Daylight","Unknown","Controls Functioning","Clear","Head On","Intersection","Other Vehicle","Not Applicable","Not Applicable","At",""
"683099","CR-0000092701","0","0","0","0","22-188-0928","False","False","0","7/7/2022 10:20:00 PM","No Pedestrians Involved","Dry","No Unusual Conditions","Dark - Street Light","Violation Driver 1","Controls Functioning","Clear","Broadside","Intersection","Other Vehicle","Not Applicable","Not Applicable","At",""
"683100","CR-0000092688","1","0","0","0","22-176-0440","False","False","0","6/27/2022 12:50:00 PM","No Pedestrians Involved","Dry","No Unusual Conditions","Daylight","Unknown","Controls Functioning","Clear","Broadside","Intersection","Other Vehicle","Not Applicable","Not Applicable","At",""
"683101","CR-0000092689","1","0","0","0","22-178-0604","False","False","263","6/27/2022 3:52:00 PM","No Pedestrians Involved","Dry","No Unusual Conditions","Daylight","Violation Driver 1","Controls Functioning","Clear","Rear End","Non-Related","Other Vehicle","Not Applicable","Not Applicable","West Of",""
"683104","CR-0000092732","0","0","0","0","22-127-1187","False","False","51","5/7/2022 11:11:00 PM","No Pedestrians Involved","Dry","No Unusual Conditions","Dark - Street Light","Violation Driver 1","Controls Functioning","Clear","Sideswipe","Non-Related","Other Vehicle","Not Applicable","Not Applicable","West Of",""
"683105","CR-0000092730","1","0","0","0","22-126-0132","False","False","0","5/6/2022 6:15:00 AM","No Pedestrians Involved","Dry","No Unusual Conditions","Daylight","Violation Driver 1","Controls Functioning","Clear","Sideswipe","Intersection","Other Vehicle","Not Applicable","Not Applicable","At",""
"683107","CR-0000092706","1","0","0","0","22-189-0613","False","False","0","7/8/2022 4:40:00 PM","No Pedestrians Involved","Dry","No Unusual Conditions","Daylight","Violation Driver 1","No Controls Present/Factor","Clear","Broadside","Intersection","Other Vehicle","Not Applicable","Not Applicable","At",""
"683109","CR-0000092687","0","0","0","0","22-175-1018","False","False","100","6/24/2022 9:14:00 PM","No Pedestrians Involved","Dry","No Unusual Conditions","Dark - Street Light","Unknown","No Controls Present/Factor","Clear","Sideswipe","Non-Related","Parked Vehicle","Not Applicable","Not Applicable","West Of",""
"683110","CR-0000092678","0","1","0","0","22-160-0571","False","False","48","6/9/2022 3:47:00 PM","No Pedestrians Involved","Dry","No Unusual Conditions","Daylight","Violation Driver 1","No Controls Present/Factor","Clear","Rear End","Related","Other Vehicle","Not Applicable","Not Applicable","South Of",""
"683115","CR-0000092733","0","0","0","0","22-130-0427","False","False","42","5/10/2022 12:35:00 PM","No Pedestrians Involved","Dry","No Unusual Conditions","Daylight","Violation Driver 1","Unknown","Clear","Rear End","Related","Other Vehicle","Not Applicable","Not Applicable","North Of",""
"683117","CR-0000092679","1","0","0","0","22-160-0702","False","False","0","6/9/2022 5:44:00 PM","No Pedestrians Involved","Dry","No Unusual Conditions","Daylight","Violation Driver 1","Controls Functioning","Clear","Rear End","Intersection","Other Vehicle","Not Applicable","Not Applicable","At",""
"683119","CR-0000092694","2","0","0","0","22-186-0227","True","False","390","7/5/2022 6:11:00 AM","No Pedestrians Involved","Dry","No Unusual Conditions","Daylight","Other Than Driver","Controls Functioning","Clear","Broadside","Non-Related","Fixed Object","Not Applicable","Not Applicable","East Of","TREE"
"683121","CR-0000092686","0","1","0","0","22-173-0841","False","False","0","6/22/2022 7:18:00 PM","No Pedestrians Involved","Dry","No Unusual Conditions","Daylight","Violation Driver 1","Controls Functioning","Clear","Broadside","Intersection","Other Vehicle","Not Applicable","Not Applicable","At",""
"683122","CR-0000092677","1","0","0","0","22-160-0436","False","False","0","6/9/2022 1:32:00 PM","Crossing - Not In Crosswalk","Dry","No Unusual Conditions","Daylight","Violation Driver 1","No Controls Present/Factor","Clear","Vehicle/Pedestrian","Intersection","Pedestrian","East","West","At","PEDESTRIAN"
"683125","CR-0000092702","0","0","0","0","22-189-0101","False","False","39","7/8/2022 2:26:00 AM","No Pedestrians Involved","Dry","No Unusual Conditions","Dark - Street Light","Violation Driver 1","Controls Functioning","Clear","Head On","Related","Parked Vehicle","Not Applicable","Not Applicable","North Of",""
"683126","CR-0000092680","1","0","0","0","22-121-0856","False","False","60","5/1/2022 10:35:00 PM","No Pedestrians Involved","Dry","Unknown","Dark - Street Light","Violation Driver 1","Controls Functioning","Clear","Rear End","Non-Related","Other Vehicle","Not Applicable","Not Applicable","East Of",""
"683127","CR-0000092710","0","0","0","0","22-189-0626","False","False","0","7/8/2022 8:12:00 PM","No Pedestrians Involved","Dry","No Unusual Conditions","Daylight","Violation Driver 1","Controls Functioning","Clear","Rear End","Intersection","Other Vehicle","Not Applicable","Not Applicable","At",""
"683129","CR-0000092728","0","1","0","0","22-125-1057","False","False","0","5/5/2022 9:22:00 PM","Crossing In Crosswalk - At Intersection","Dry","No Unusual Conditions","Dark - Street Light","Violation Driver 1","Controls Functioning","Clear","Sideswipe","Intersection","Pedestrian","North","South","At","PEDESTRIAN"
"683130","CR-0000092683","1","1","0","0","22-164-0211","False","False","300","6/13/2022 8:33:00 AM","No Pedestrians Involved","Dry","No Unusual Conditions","Daylight","Violation Driver 1","No Controls Present/Factor","Clear","Rear End","Non-Related","Parked Vehicle","Not Applicable","Not Applicable","North Of",""
"683134","CR-0000092698","0","0","0","0","22-189-0221","False","False","192","7/7/2022 4:50:00 PM","No Pedestrians Involved","Dry","No Unusual Conditions","Daylight","Violation Driver 1","No Controls Present/Factor","Clear","Sideswipe","Non-Related","Other Vehicle","Not Applicable","Not Applicable","West Of",""
"683139","CR-0000092717","0","0","0","0","22-123-0166","False","False","85","5/3/2022 8:24:00 AM","No Pedestrians Involved","Dry","No Unusual Conditions","Daylight","Violation Driver 1","Controls Functioning","Clear","Sideswipe","Non-Related","Other Vehicle","Not Applicable","Not Applicable","East Of",""
"683142","CR-0000092726","0","1","0","0","22-125-0625","False","False","400","5/5/2022 5:27:00 PM","No Pedestrians Involved","Dry","No Unusual Conditions","Daylight","Violation Driver 1","No Controls Present/Factor","Clear","Broadside","Non-Related","Bike","Not Applicable","Not Applicable","North Of","BIKE"
"683143","CR-0000092708","1","0","0","0","22-189-0752","False","False","0","7/8/2022 6:50:00 PM","No Pedestrians Involved","Slippery (Muddy Oily etc.)","No Unusual Conditions","Daylight","Violation Driver 1","Controls Functioning","Clear","Head On","Intersection","Other Vehicle","Not Applicable","Not Applicable","At",""
"683147","CR-0000092719","0","0","0","0","22-134-0611","False","False","150","5/3/2022 10:00:00 PM","No Pedestrians Involved","Dry","No Unusual Conditions","Daylight","Violation Driver 1","No Controls Present/Factor","Clear","Rear End","Non-Related","Parked Vehicle","Not Applicable","Not Applicable","East Of",""
"683149","CR-0000092731","0","0","0","0","22-127-0364","False","False","51","5/6/2022 5:50:00 PM","No Pedestrians Involved","Dry","No Unusual Conditions","Daylight","Unknown","No Controls Present/Factor","Clear","Other","Non-Related","Parked Vehicle","Not Applicable","Not Applicable","West Of",""
"683151","CR-0000092684","1","0","0","0","22-165-0162","False","False","0","6/15/2022 6:22:00 AM","Crossing - Not In Crosswalk","Dry","No Unusual Conditions","Daylight","Violation Driver 1","Controls Functioning","Clear","Vehicle/Pedestrian","Intersection","Pedestrian","South","North","At","PEDESTRIAN"
"683152","CR-0000092723","0","1","0","0","22-125-0262","False","False","0","5/5/2022 10:30:00 AM","No Pedestrians Involved","Dry","No Unusual Conditions","Daylight","Violation Driver 1","Controls Functioning","Clear","Sideswipe","Intersection","Other Vehicle","Not Applicable","Not Applicable","At",""
"683153","CR-0000092681","0","0","0","0","22-163-0131","True","False","1000","6/12/2022 2:08:00 AM","No Pedestrians Involved","Dry","No Unusual Conditions","Dark - Street Light","Violation Driver 1","No Controls Present/Factor","Clear","Head On","Non-Related","Fixed Object","Not Applicable","Not Applicable","South Of","TELEPHONE POLE, TREE"
"683155","CR-0000092696","1","0","0","0","22-188-0269","False","False","0","7/7/2022 9:50:00 AM","No Pedestrians Involved","Dry","No Unusual Conditions","Daylight","Violation Driver 1","Controls Functioning","Clear","Broadside","Intersection","Other Vehicle","Not Applicable","Not Applicable","At",""
"683156","CR-0000092682","1","1","0","0","22-163-0514","False","False","156","6/12/2022 2:10:00 PM","No Pedestrians Involved","Dry","No Unusual Conditions","Daylight","Violation Driver 1","Controls Functioning","Clear","Broadside","Non-Related","Motor Vehicle On Other Roadway","Not Applicable","Not Applicable","West Of",""
"683158","CR-0000092685","0","0","0","0","22-166-0463","False","False","0","6/15/2022 2:03:00 PM","No Pedestrians Involved","Dry","No Unusual Conditions","Daylight","Violation Driver 1","No Controls Present/Factor","Clear","Rear End","Intersection","Other Vehicle","Not Applicable","Not Applicable","At",""
"683169","CR-0000092760","0","0","0","0","22-134-4001","False","True","51","5/13/2022 3:45:00 AM","No Pedestrians Involved","Unknown","Unknown","Unknown","Unknown","Unknown","Unknown","Rear End","Non-Related","Other Vehicle","Not Applicable","Not Applicable","North Of",""
"683179","CR-0000092754","0","0","0","0","22-135-4000","False","True","51","5/11/2022 5:30:00 PM","No Pedestrians Involved","Unknown","Unknown","Daylight","Unknown","Unknown","Unknown","Broadside","Non-Related","Other Vehicle","Not Applicable","Not Applicable","North Of",""
"683181","CR-0000092746","0","0","0","0","22-185-4002","False","True","51","5/4/2022 5:20:00 PM","No Pedestrians Involved","Unknown","Unknown","Daylight","Unknown","Unknown","Unknown","Rear End","Non-Related","Other Vehicle","Not Applicable","Not Applicable","West Of",""
"683182","CR-0000092744","0","0","0","0","22-133-9709","False","True","0","4/29/2022 11:15:00 AM","No Pedestrians Involved","Dry","No Unusual Conditions","Daylight","Violation Driver 1","Controls Functioning","Clear","Head On","Intersection","Other Vehicle","Not Applicable","Not Applicable","At",""
"683186","CR-0000092809","0","0","0","0","22-136-4004","False","True","51","5/16/2022 4:30:00 PM","No Pedestrians Involved","Unknown","Unknown","Daylight","Unknown","Unknown","Unknown","Sideswipe","Non-Related","Parked Vehicle","Not Applicable","Not Applicable","West Of",""
"683187","CR-0000092804","0","0","0","0","22-133-4004","False","True","51","5/13/2022 8:27:00 PM","No Pedestrians Involved","Unknown","Unknown","Unknown","Unknown","Unknown","Unknown","Rear End","Non-Related","Other Vehicle","Not Applicable","Not Applicable","West Of",""
"683188","CR-0000092796","0","0","0","0","22-112-4002","False","True","51","4/22/2022 1:20:00 PM","No Pedestrians Involved","Unknown","Unknown","Daylight","Unknown","Unknown","Unknown","Rear End","Non-Related","Other Vehicle","Not Applicable","Not Applicable","West Of",""
"683190","CR-0000092810","0","0","0","0","22-137-4001","False","True","51","5/17/2022 10:22:00 AM","No Pedestrians Involved","Unknown","Unknown","Daylight","Unknown","Unknown","Unknown","Other","Non-Related","Parked Vehicle","Not Applicable","Not Applicable","East Of",""
"683191","CR-0000092800","0","0","0","0","22-114-4003","False","True","","4/24/2022 10:22:00 PM","No Pedestrians Involved","Unknown","Unknown","Unknown","Unknown","Unknown","Unknown","Other","Related","Other Vehicle","Not Applicable","Not Applicable","South Of",""
"683192","CR-0000092789","0","0","0","0","22-102-4001","False","True","51","4/12/2022 8:30:00 AM","No Pedestrians Involved","Unknown","Unknown","Daylight","Unknown","Unknown","Unknown","Rear End","Non-Related","Parked Vehicle","Not Applicable","Not Applicable","West Of",""
"683193","CR-0000092780","0","0","1","0","22-093-0003","False","False","0","4/2/2022 11:38:00 PM","In Road - Includes Shoulder","Dry","No Unusual Conditions","Dark - Street Light","Violation Driver 1","Controls Functioning","Clear","Vehicle/Pedestrian","Intersection","Pedestrian","North","South","At","PED"
"683194","CR-0000092806","0","0","0","0","22-134-4005","False","True","51","5/14/2022 8:00:00 PM","No Pedestrians Involved","Unknown","Unknown","Unknown","Unknown","Unknown","Unknown","Sideswipe","Non-Related","Other Vehicle","Not Applicable","Not Applicable","South Of",""
"683195","CR-0000092803","0","0","0","0","22-117-9702","False","True","0","4/26/2022 4:35:00 PM","No Pedestrians Involved","Dry","No Unusual Conditions","Daylight","Unknown","Unknown","Clear","Rear End","Intersection","Other Vehicle","Not Applicable","Not Applicable","At",""
"683196","CR-0000092778","0","0","0","0","22-093-9702","False","True","0","4/2/2022 9:15:00 PM","No Pedestrians Involved","Dry","No Unusual Conditions","Dark - Street Light","Unknown","Controls Functioning","Clear","Sideswipe","Intersection","Other Vehicle","Not Applicable","Not Applicable","At",""
"683197","CR-0000092811","0","0","0","0","22-137-4000","False","True","51","5/17/2022 7:05:00 AM","No Pedestrians Involved","Unknown","Unknown","Daylight","Unknown","Unknown","Unknown","Sideswipe","Non-Related","Parked Vehicle","Not Applicable","Not Applicable","West Of",""