"CrashFactId","Name","MinorInjuries","ModerateInjuries","SevereInjuries","FatalInjuries","TcrNumber","CityDamageFlag","ShortFormFlag","Distance","CrashDateTime","PedestrianAction","RoadwaySurface","RoadwayCondition","Lighting","PrimaryCollisionFactor","TrafficControl","Weather","CollisionType","ProximityToIntersection","VehicleInvolvedWith","PedestrianDirectionFrom","PedestrianDirectionTo","DirectionFromIntersection","Comment"
"683531","CR-0000093130","0","0","0","0","22-204-0523","False","False","118","7/23/2022 3:44:00 PM","No Pedestrians Involved","Dry","No Unusual Conditions","Daylight","Violation Driver 1","Unknown","Clear","Sideswipe","Non-Related","Parked Vehicle","Not Applicable","Not Applicable","West Of",""
"683532","CR-0000093116","0","0","0","1","22-198-0978","False","False","51","7/17/2022 11:13:00 PM","In Road - Includes Shoulder","Dry","No Unusual Conditions","Dark - Street Light","Unknown","Controls Functioning","Clear","Head On","Non-Related","Pedestrian","West","East","East Of","PED"
"683533","CR-0000093131","0","0","0","0","22-205-0244","False","False","106","7/24/2022 5:30:00 AM","No Pedestrians Involved","Dry","No Unusual Conditions","Dusk - Dawn","Violation Driver 1","No Controls Present/Factor","Clear","Sideswipe","Non-Related","Other Vehicle","Not Applicable","Not Applicable","South Of",""
"683534","CR-0000093132","0","0","0","0","22-207-9702","False","True","0","7/24/2022 10:00:00 PM","No Pedestrians Involved","Dry","No Unusual Conditions","Dark - Street Light","Unknown","No Controls Present/Factor","Clear","Broadside","Intersection","Other Vehicle","Not Applicable","Not Applicable","At",""
"683535","CR-0000093133","0","0","0","0","22-205-0794","False","False","30","7/24/2022 10:00:00 PM","No Pedestrians Involved","Dry","No Unusual Conditions","Dusk - Dawn","Violation Driver 1","No Controls Present/Factor","Clear","Other","Related","Parked Vehicle","Not Applicable","Not Applicable","West Of",""
"683536","CR-0000093134","0","0","0","0","22-206-0001","True","False","14","7/25/2022 12:24:00 AM","No Pedestrians Involved","Dry","No Unusual Conditions","Dark - Street Light","Violation Driver 1","Controls Functioning","Clear","Head On","Related","Fixed Object","Not Applicable","Not Applicable","West Of","TRAFFIC LIGHT"
"683537","CR-0000093135","0","0","0","0","22-206-0151","False","False","175","7/25/2022 4:30:00 AM","No Pedestrians Involved","Dry","No Unusual Conditions","Dark - Street Light","Violation Driver 1","No Controls Present/Factor","Clear","Head On","Non-Related","Parked Vehicle","Not Applicable","Not Applicable","North Of",""
"683538","CR-0000093136","0","0","0","0","22-206-0209","False","False","0","7/25/2022 7:15:00 AM","No Pedestrians Involved","Dry","No Unusual Conditions","Daylight","Violation Driver 1","Controls Functioning","Clear","Rear End","Intersection","Other Vehicle","Not Applicable","Not Applicable","At",""
"683539","CR-0000093137","2","0","0","0","22-206-0826","False","False","0","7/25/2022 7:30:00 PM","No Pedestrians Involved","Dry","No Unusual Conditions","Daylight","Violation Driver 1","Controls Functioning","Clear","Broadside","Intersection","Other Vehicle","Not Applicable","Not Applicable","At",""
"683540","CR-0000093138","0","0","0","0","22-207-9710","False","True","0","7/26/2022 12:30:00 PM","No Pedestrians Involved","Dry","No Unusual Conditions","Daylight","Unknown","No Controls Present/Factor","Clear","Sideswipe","Intersection","Other Vehicle","Not Applicable","Not Applicable","At",""
"683541","CR-0000093139","0","1","0","0","22-207-0648","False","False","0","7/26/2022 4:50:00 PM","No Pedestrians Involved","Dry","No Unusual Conditions","Daylight","Violation Driver 1","Controls Functioning","Clear","Head On","Intersection","Motor Vehicle On Other Roadway","Not Applicable","Not Applicable","At",""
"683542","CR-0000093140","0","0","0","0","22-208-1075","True","False","0","7/27/2022 12:59:00 AM","No Pedestrians Involved","Dry","No Unusual Conditions","Dark - Street Light","Violation Driver 1","No Controls Present/Factor","Clear","Sideswipe","Intersection","Fixed Object","Not Applicable","Not Applicable","South Of","CURB"
"683543","CR-0000093141","1","0","0","0","22-208-0165","False","False","0","7/27/2022 9:35:00 AM","No Pedestrians Involved","Dry","No Unusual Conditions","Daylight","Violation Driver 1","Controls Functioning","Clear","Broadside","Intersection","Other Vehicle","Not Applicable","Not Applicable","At",""
"683544","CR-0000093125","0","0","0","1","22-203-1062","True","False","152","7/22/2022 11:47:00 PM","No Pedestrians Involved","Dry","No Unusual Conditions","Dark - Street Light","Violation Driver 1","Controls Functioning","Clear","Hit Object","Non-Related","Fixed Object","Not Applicable","Not Applicable","West Of","Light Pole"
"683545","CR-0000093142","0","0","0","0","22-208-0433","False","False","0","7/27/2022 12:22:00 PM","No Pedestrians Involved","Dry","No Unusual Conditions","Daylight","Violation Driver 1","Controls Functioning","Clear","Broadside","Intersection","Bike","Not Applicable","Not Applicable","At","BICYCLE"
"683546","CR-0000093143","0","0","0","0","22-208-1060","False","False","163","7/27/2022 11:31:00 PM","No Pedestrians Involved","Dry","No Unusual Conditions","Dark - Street Light","Violation Driver 1","No Controls Present/Factor","Clear","Head On","Non-Related","Other Vehicle","Not Applicable","Not Applicable","North Of",""
"683547","CR-0000093144","0","1","0","0","22-209-0049","True","False","150","7/28/2022 1:14:00 AM","No Pedestrians Involved","Dry","No Unusual Conditions","Dark - Street Light","Violation Driver 1","No Controls Present/Factor","Clear","Overturned","Non-Related","Fixed Object","Not Applicable","Not Applicable","South Of","CURB, TREE"
"683548","CR-0000093145","1","0","0","0","22-209-0796","False","False","0","7/28/2022 7:39:00 PM","No Pedestrians Involved","Dry","No Unusual Conditions","Daylight","Unknown","Controls Functioning","Clear","Rear End","Intersection","Other Vehicle","Not Applicable","Not Applicable","At",""
"683549","CR-0000093146","0","0","0","0","22-210-0022","False","False","57","7/29/2022 12:22:00 AM","No Pedestrians Involved","Dry","No Unusual Conditions","Dark - Street Light","Violation Driver 1","No Controls Present/Factor","Clear","Rear End","Non-Related","Parked Vehicle","Not Applicable","Not Applicable","North Of",""
"683550","CR-0000093148","0","0","0","0","22-100-0107","True","False","286","7/29/2022 3:15:00 AM","No Pedestrians Involved","Dry","No Unusual Conditions","Dark - Street Light","Violation Driver 1","No Controls Present/Factor","Clear","Hit Object","Non-Related","Fixed Object","Not Applicable","Not Applicable","West Of","CURB/LIGHT POLE"
"683551","CR-0000093147","0","0","0","0","22-210-0084","True","False","0","7/29/2022 2:24:00 AM","No Pedestrians Involved","Dry","No Unusual Conditions","Dark - Street Light","Violation Driver 1","Unknown","Clear","Head On","Intersection","Fixed Object","Not Applicable","Not Applicable","At","CITY POLE 90423"
"683552","CR-0000093149","0","0","0","0","22-210-0667","False","False","20","7/29/2022 5:09:00 PM","No Pedestrians Involved","Dry","No Unusual Conditions","Daylight","Violation Driver 1","Controls Functioning","Clear","Rear End","Related","Other Vehicle","Not Applicable","Not Applicable","East Of",""
"683566","CR-0000093172","2","0","0","0","22-206-1002","False","False","0","7/25/2022 11:00:00 PM","No Pedestrians Involved","Dry","No Unusual Conditions","Dark - Street Light","Violation Driver 1","Controls Functioning","Clear","Broadside","Intersection","Other Vehicle","Not Applicable","Not Applicable","At","TREE"
"683568","CR-0000093174","0","0","0","0","22-207-0089","False","False","27","7/26/2022 2:37:00 AM","No Pedestrians Involved","Dry","No Unusual Conditions","Dark - Street Light","Violation Driver 1","Controls Functioning","Clear","Head On","Related","Fixed Object","Not Applicable","Not Applicable","North Of","Signal Pole"
"683571","CR-0000093177","0","0","0","0","22-193-9702","False","True","","7/2/2022 2:50:00 AM","No Pedestrians Involved","Dry","Other","Unknown","Unknown","No Controls Present/Factor","Other","Sideswipe","Related","Other Vehicle","Not Applicable","Not Applicable","South Of",""
"683573","CR-0000093179","0","0","0","0","22-184-9704","False","True","51","7/2/2022 5:00:00 PM","No Pedestrians Involved","Dry","No Unusual Conditions","Dark - Street Light","Unknown","No Controls Present/Factor","Clear","Other","Non-Related","Parked Vehicle","Not Applicable","Not Applicable","South Of",""
"683574","CR-0000093180","4","0","0","0","22-220-9718","False","True","0","7/3/2022 7:00:00 PM","No Pedestrians Involved","Dry","No Unusual Conditions","Daylight","Unknown","Controls Functioning","Clear","Rear End","Intersection","Other Vehicle","Not Applicable","Not Applicable","At",""
"683587","CR-0000093193","3","0","0","0","22-175-0440","False","False","0","6/24/2022 11:40:00 AM","No Pedestrians Involved","Dry","No Unusual Conditions","Daylight","Violation Driver 1","Controls Functioning","Clear","Broadside","Intersection","Other Vehicle","Not Applicable","Not Applicable","At",""
"683588","CR-0000093194","0","0","0","0","22-190-0720","False","False","0","7/9/2022 6:16:00 PM","No Pedestrians Involved","Dry","No Unusual Conditions","Daylight","Violation Driver 1","Controls Functioning","Clear","Sideswipe","Intersection","Other Vehicle","Not Applicable","Not Applicable","At",""
"683589","CR-0000093195","0","1","0","0","22-212-0591","False","False","220","7/31/2022 4:40:00 PM","Crossing - Not In Crosswalk","Dry","No Unusual Conditions","Daylight","Pedestrian At Fault","No Controls Present/Factor","Clear","Vehicle/Pedestrian","Non-Related","Pedestrian","East","West","East Of","PED"
"683590","CR-0000093196","0","0","0","0","22-214-0473","False","False","75","8/2/2022 1:32:00 PM","No Pedestrians Involved","Dry","No Unusual Conditions","Daylight","Violation Driver 1","Controls Functioning","Clear","Other","Non-Related","Other Vehicle","Not Applicable","Not Applicable","East Of",""
"683656","CR-0000093265","0","1","0","0","22-227-0722","False","False","51","8/1/2022 5:08:00 PM","No Pedestrians Involved","Dry","No Unusual Conditions","Daylight","Violation Driver 1","Controls Not Functioning","Clear","Rear End","Non-Related","Bike","Not Applicable","Not Applicable","East Of","BIKE"
"684671","CR-0000093298","0","0","1","1","22-236-0441","False","False","0","8/24/2022 12:10:00 PM","No Pedestrians Involved","Dry","No Unusual Conditions","Daylight","Violation Driver 1","Controls Functioning","Clear","Broadside","Intersection","Other Vehicle","Not Applicable","Not Applicable","At",""
"684672","CR-0000093299","1","0","0","0","22-187-9707","False","True","51","6/24/2022 10:00:00 PM","No Pedestrians Involved","Dry","No Unusual Conditions","Dark - Street Light","Unknown","Controls Functioning","Clear","Rear End","Non-Related","Other Vehicle","Not Applicable","Not Applicable","North Of",""
"684673","CR-0000093300","0","0","0","0","22-199-9704","False","True","0","6/7/2022 3:00:00 PM","No Pedestrians Involved","Dry","No Unusual Conditions","Daylight","Unknown","Controls Functioning","Clear","Rear End","Intersection","Other Vehicle","Not Applicable","Not Applicable","At",""
"684674","CR-0000093301","0","0","0","0","22-175-9707","False","True","51","6/13/2022 5:23:00 PM","No Pedestrians Involved","Dry","No Unusual Conditions","Daylight","Unknown","Controls Functioning","Clear","Sideswipe","Non-Related","Parked Vehicle","Not Applicable","Not Applicable","East Of",""
"684675","CR-0000093303","0","0","0","0","22-110-9701","False","True","51","6/13/2022 9:25:00 PM","No Pedestrians Involved","Dry","No Unusual Conditions","Dark - Street Light","Unknown","No Controls Present/Factor","Clear","Other","Non-Related","Parked Vehicle","Not Applicable","Not Applicable","West Of",""
"684676","CR-0000093304","0","0","0","0","22-172-9703","False","True","","6/15/2022 10:15:00 AM","No Pedestrians Involved","Dry","No Unusual Conditions","Daylight","Unknown","Controls Functioning","Clear","Rear End","Related","Other Vehicle","Not Applicable","Not Applicable","West Of",""
"684677","CR-0000093305","0","2","0","0","22-166-0476","False","False","0","6/15/2022 3:00:00 PM","No Pedestrians Involved","Dry","No Unusual Conditions","Daylight","Violation Driver 1","No Controls Present/Factor","Clear","Broadside","Intersection","Other Vehicle","Not Applicable","Not Applicable","At",""
"684678","CR-0000093306","1","0","0","0","22-175-9711","False","True","0","6/16/2022 1:00:00 PM","No Pedestrians Involved","Dry","No Unusual Conditions","Daylight","Unknown","Controls Functioning","Clear","Vehicle/Bike","Intersection","Bike","Not Applicable","Not Applicable","At","BIKE
Injuries: Head injury traumatic brain injury, neck pain, arm leg pain, road rash on back stiffness

TCR#22-175-9711 Narrative: I, Angel Perez Jr was traveling on Sebasian Way which turns into Hellyer Ave. I was riding my bike in the crosswalk passing over the intersection of Senter Rd. When VTA bus hit me in front of the bus. My Bike went under the bus and I was thrown into the middle of the intersection. U don't remember much other that I lost vision. I got up drivers passing by stopped. I left and continued walking and went to Kaiser ER with my mom Angela Perez."
"684679","CR-0000093307","0","1","0","0","22-167-0875","True","False","200","6/16/2022 10:45:00 PM","No Pedestrians Involved","Dry","No Unusual Conditions","Dark - Street Light","Violation Driver 1","No Controls Present/Factor","Clear","Hit Object","Non-Related","Fixed Object","Not Applicable","Not Applicable","East Of","TREE"
"684680","CR-0000093308","1","1","0","0","22-168-0404","False","False","20","6/17/2022 12:38:00 PM","No Pedestrians Involved","Dry","No Unusual Conditions","Daylight","Violation Driver 1","Controls Functioning","Clear","Rear End","Related","Parked Vehicle","Not Applicable","Not Applicable","South Of",""
"684681","CR-0000093309","0","2","0","0","22-168-0484","False","False","0","6/17/2022 1:30:00 PM","No Pedestrians Involved","Dry","No Unusual Conditions","Daylight","Violation Driver 1","Controls Functioning","Clear","Head On","Intersection","Other Vehicle","Not Applicable","Not Applicable","At",""
"684682","CR-0000093310","1","0","0","0","22-168-0516","False","False","52","6/17/2022 4:22:00 PM","No Pedestrians Involved","Dry","No Unusual Conditions","Daylight","Violation Driver 1","Controls Functioning","Clear","Hit Object","Non-Related","Fixed Object","Not Applicable","Not Applicable","South Of","Hydrant"
"684683","CR-0000093311","0","1","0","0","22-169-0146","False","False","111","6/18/2022 3:15:00 AM","Crossing - Not In Crosswalk","Dry","No Unusual Conditions","Dark - Street Light","Pedestrian At Fault","Controls Functioning","Clear","Vehicle/Pedestrian","Non-Related","Pedestrian","North","South","West Of","PED"
"684684","CR-0000093312","0","1","0","0","22-169-0448","False","False","0","6/18/2022 12:57:00 PM","No Pedestrians Involved","Dry","No Unusual Conditions","Daylight","Bike At Fault","Controls Functioning","Clear","Sideswipe","Intersection","Bike","Not Applicable","Not Applicable","At","BIKE"
"684685","CR-0000093313","0","1","0","0","22-169-0697","False","False","0","6/18/2022 5:59:00 PM","Crossing In Crosswalk - At Intersection","Dry","No Unusual Conditions","Daylight","Violation Driver 1","Controls Functioning","Clear","Vehicle/Pedestrian","Intersection","Skateboard","West","East","At","PED(Skateboard)"
"684686","CR-0000093314","0","0","0","0","22-169-0729","True","False","204","6/18/2022 6:37:00 PM","Crossing In Crosswalk - Not At Intersection","Dry","No Unusual Conditions","Daylight","Pedestrian At Fault","Controls Functioning","Clear","Hit Object","Non-Related","Fixed Object","South","North","West Of","PED was not impacted but caused the crash CVC: 21955"
"684687","CR-0000093315","3","0","0","0","22-170-0519","False","False","0","6/19/2022 3:46:00 PM","No Pedestrians Involved","Dry","No Unusual Conditions","Daylight","Violation Driver 1","Controls Functioning","Clear","Broadside","Intersection","Other Vehicle","Not Applicable","Not Applicable","At",""
"684688","CR-0000093316","0","0","0","0","22-172-9709","False","True","51","6/20/2022 7:03:00 AM","No Pedestrians Involved","Dry","No Unusual Conditions","Daylight","Unknown","Controls Functioning","Clear","Sideswipe","Non-Related","Motor Vehicle On Other Roadway","Not Applicable","Not Applicable","East Of",""
"684689","CR-0000093317","1","0","0","0","22-171-0617","False","False","134","6/20/2022 4:00:00 PM","No Pedestrians Involved","Dry","No Unusual Conditions","Daylight","Violation Driver 1","Controls Functioning","Clear","Vehicle/Bike","Non-Related","Scooter Motorized","Not Applicable","Not Applicable","South Of","BIKE(E.SCOOTER)"
"684690","CR-0000093318","0","0","0","0","22-181-9707","False","True","","6/21/2022 5:20:00 PM","No Pedestrians Involved","Dry","No Unusual Conditions","Daylight","Unknown","Controls Functioning","Clear","Sideswipe","Related","Motorcycle","Not Applicable","Not Applicable","South Of",""
"684691","CR-0000093319","0","0","1","0","22-172-0972","True","False","54","6/22/2022 9:53:00 PM","No Pedestrians Involved","Dry","No Unusual Conditions","Dark - Street Light","Violation Driver 1","No Controls Present/Factor","Clear","Hit Object","Non-Related","Fixed Object","Not Applicable","Not Applicable","North Of","TREE"
"684692","CR-0000093320","1","0","0","0","22-174-0553","True","False","51","6/23/2022 3:43:00 PM","No Pedestrians Involved","Dry","No Unusual Conditions","Daylight","Violation Driver 1","No Controls Present/Factor","Clear","Hit Object","Non-Related","Fixed Object","Not Applicable","Not Applicable","South Of","Median Island"
"684693","CR-0000093321","1","0","0","0","22-174-0749","False","False","0","6/23/2022 7:11:00 PM","No Pedestrians Involved","Dry","No Unusual Conditions","Daylight","Violation Driver 1","Controls Functioning","Clear","Broadside","Intersection","Other Vehicle","Not Applicable","Not Applicable","At",""
"684694","CR-0000093322","1","0","0","0","22-174-0776","False","False","30","6/23/2022 7:44:00 PM","No Pedestrians Involved","Dry","No Unusual Conditions","Daylight","Violation Driver 1","Controls Functioning","Clear","Sideswipe","Related","Motorcycle","Not Applicable","Not Applicable","East Of",""
"684695","CR-0000093323","0","1","0","0","22-174-0823","False","False","400","6/23/2022 8:32:00 PM","No Pedestrians Involved","Dry","No Unusual Conditions","Dark - Street Light","Violation Driver 1","No Controls Present/Factor","Clear","Head On","Non-Related","Fixed Object","Not Applicable","Not Applicable","North Of","Cement Barrier"
"684696","CR-0000093324","0","0","0","0","22-176-9706","False","True","51","6/24/2022 9:00:00 AM","No Pedestrians Involved","Dry","No Unusual Conditions","Daylight","Unknown","No Controls Present/Factor","Clear","Sideswipe","Non-Related","Parked Vehicle","Not Applicable","Not Applicable","East Of",""
"684697","CR-0000093326","1","0","0","0","22-178-9704","False","True","0","6/24/2022 12:42:00 PM","No Pedestrians Involved","Dry","No Unusual Conditions","Daylight","Unknown","Controls Functioning","Clear","Rear End","Intersection","Other Vehicle","Not Applicable","Not Applicable","At",""
"684698","CR-0000093327","1","0","0","0","22-175-0744","False","False","63","6/24/2022 4:50:00 PM","No Pedestrians Involved","Dry","No Unusual Conditions","Daylight","Violation Driver 1","No Controls Present/Factor","Clear","Head On","Non-Related","Other Vehicle","Not Applicable","Not Applicable","South Of",""
"684699","CR-0000093328","0","0","0","0","22-192-9703","False","True","","6/25/2022 10:20:00 AM","No Pedestrians Involved","Dry","No Unusual Conditions","Daylight","Unknown","Controls Functioning","Clear","Sideswipe","Related","Other Vehicle","Not Applicable","Not Applicable","South Of",""
"684700","CR-0000093329","1","0","0","0","22-176-0246","False","False","120","6/25/2022 10:46:00 AM","No Pedestrians Involved","Dry","No Unusual Conditions","Daylight","Violation Driver 1","No Controls Present/Factor","Clear","Broadside","Non-Related","Parked Vehicle","Not Applicable","Not Applicable","East Of",""
"684701","CR-0000093330","0","0","0","0","22-177-0327","False","False","80","6/26/2022 10:26:00 AM","No Pedestrians Involved","Dry","No Unusual Conditions","Daylight","Violation Driver 1","Controls Functioning","Clear","Rear End","Non-Related","Other Vehicle","Not Applicable","Not Applicable","North Of",""
"684702","CR-0000093331","1","0","0","0","22-177-0701","False","False","0","6/26/2022 6:23:00 PM","No Pedestrians Involved","Dry","No Unusual Conditions","Daylight","Violation Driver 1","Controls Functioning","Clear","Head On","Intersection","Other Vehicle","Not Applicable","Not Applicable","At",""
"684703","CR-0000093332","0","0","0","0","22-186-9703","False","True","51","6/27/2022 10:54:00 AM","No Pedestrians Involved","Dry","No Unusual Conditions","Daylight","Violation Driver 1","No Controls Present/Factor","Clear","Other","Non-Related","Parked Vehicle","Not Applicable","Not Applicable","West Of",""
"684704","CR-0000093333","0","0","0","0","22-180-9704","False","True","0","6/27/2022 5:00:00 PM","No Pedestrians Involved","Unknown","No Unusual Conditions","Daylight","Unknown","Unknown","Unknown","Vehicle/Bike","Intersection","Bike","Not Applicable","Not Applicable","At","BIKE"
"684705","CR-0000093334","0","0","0","0","22-178-9702","False","True","51","6/27/2022 12:00:00 AM","No Pedestrians Involved","Dry","No Unusual Conditions","Dark - Street Light","Unknown","No Controls Present/Factor","Clear","Sideswipe","Non-Related","Other Vehicle","Not Applicable","Not Applicable","East Of",""
"684706","CR-0000093335","0","0","0","0","22-179-0182","False","True","0","6/28/2022 8:01:00 AM","No Pedestrians Involved","Dry","No Unusual Conditions","Daylight","Unknown","Controls Not Functioning","Clear","Rear End","Intersection","Other Vehicle","Not Applicable","Not Applicable","At",""
"684708","CR-0000093337","0","0","0","0","22-184-9706","False","True","","6/28/2022 6:35:00 PM","No Pedestrians Involved","Dry","No Unusual Conditions","Daylight","Unknown","Controls Functioning","Clear","Rear End","Related","Other Vehicle","Not Applicable","Not Applicable","Unknown",""
"684709","CR-0000093338","0","0","0","0","22-180-9709","False","True","0","6/29/2022 3:00:00 PM","No Pedestrians Involved","Dry","No Unusual Conditions","Daylight","Unknown","Controls Functioning","Clear","Broadside","Intersection","Other Vehicle","Not Applicable","Not Applicable","At",""
"684710","CR-0000093339","0","0","0","0","22-181-9702","False","True","","6/29/2022 6:30:00 PM","No Pedestrians Involved","Dry","No Unusual Conditions","Daylight","Violation Driver 1","Controls Functioning","Clear","Rear End","Related","Other Vehicle","Not Applicable","Not Applicable","South Of",""
"684711","CR-0000093404","0","0","0","0","22-189-0672","False","False","533","7/8/2022 5:25:00 PM","No Pedestrians Involved","Dry","No Unusual Conditions","Daylight","Violation Driver 1","No Controls Present/Factor","Clear","Rear End","Non-Related","Parked Vehicle","Not Applicable","Not Applicable","East Of",""
"684712","CR-0000093412","1","0","0","0","22-184-0389","False","False","0","7/3/2022 12:31:00 PM","No Pedestrians Involved","Dry","No Unusual Conditions","Daylight","Violation Driver 1","No Controls Present/Factor","Clear","Broadside","Intersection","Other Vehicle","Not Applicable","Not Applicable","At",""
"684713","CR-0000093410","0","0","0","0","22-184-0324","False","False","222","7/3/2022 9:48:00 AM","No Pedestrians Involved","Dry","No Unusual Conditions","Daylight","Violation Driver 1","No Controls Present/Factor","Cloudy","Rear End","Non-Related","Other Vehicle","Not Applicable","Not Applicable","West Of",""
"684714","CR-0000093350","0","0","0","0","22-182-0297","False","False","373","7/1/2022 10:01:00 AM","No Pedestrians Involved","Dry","No Unusual Conditions","Daylight","Violation Driver 1","No Controls Present/Factor","Clear","Rear End","Non-Related","Other Vehicle","Not Applicable","Not Applicable","East Of",""
"684715","CR-0000093385","0","0","0","0","22-216-0276","True","False","77","8/4/2022 9:30:00 AM","No Pedestrians Involved","Dry","No Unusual Conditions","Daylight","Violation Driver 1","Controls Functioning","Clear","Other","Non-Related","Parked Vehicle","Not Applicable","Not Applicable","North Of","EMERGENCY VEHICLE PD"
"684716","CR-0000093400","0","1","0","0","22-188-0718","False","False","0","7/7/2022 6:24:00 PM","No Pedestrians Involved","Dry","No Unusual Conditions","Daylight","Violation Driver 1","Controls Functioning","Clear","Vehicle/Bike","Intersection","Scooter Motorized","Not Applicable","Not Applicable","At","MOTORIZED SCOOTER"
"684717","CR-0000093434","1","1","0","0","22-185-1161","False","False","0","7/4/2022 11:45:00 PM","No Pedestrians Involved","Dry","No Unusual Conditions","Dark - Street Light","Violation Driver 1","Controls Functioning","Clear","Broadside","Intersection","Other Vehicle","Not Applicable","Not Applicable","At",""
"684718","CR-0000093365","0","0","0","0","22-183-0198","False","False","170","7/2/2022 7:07:00 AM","No Pedestrians Involved","Dry","No Unusual Conditions","Daylight","Violation Driver 1","No Controls Present/Factor","Clear","Sideswipe","Non-Related","Parked Vehicle","Not Applicable","Not Applicable","North Of",""
"684719","CR-0000093489","0","0","0","0","22-187-9705","False","True","0","7/4/2022 10:00:00 AM","No Pedestrians Involved","Dry","No Unusual Conditions","Daylight","Unknown","No Controls Present/Factor","Clear","Broadside","Intersection","Other Vehicle","Not Applicable","Not Applicable","At",""
"684720","CR-0000093469","1","0","0","0","22-189-0258","False","False","0","7/8/2022 9:25:00 AM","No Pedestrians Involved","Dry","No Unusual Conditions","Daylight","Violation Driver 1","Controls Functioning","Clear","Broadside","Intersection","Other Vehicle","Not Applicable","Not Applicable","At",""
"684721","CR-0000093390","0","0","0","0","22-171-4500","False","False","51","6/17/2022 1:00:00 PM","No Pedestrians Involved","Unknown","Unknown","Daylight","Unknown","Unknown","Unknown","Sideswipe","Non-Related","Unknown","Not Applicable","Not Applicable","East Of",""
"684722","CR-0000093430","0","0","0","0","22-185-0316","True","False","192","7/4/2022 9:00:00 AM","No Pedestrians Involved","Dry","No Unusual Conditions","Daylight","Violation Driver 1","Controls Functioning","Clear","Head On","Non-Related","Fixed Object","Not Applicable","Not Applicable","South Of","Light pole/Tree"
"684723","CR-0000093451","0","1","0","0","22-200-0729","True","False","75","7/19/2022 6:52:00 PM","No Pedestrians Involved","Dry","No Unusual Conditions","Daylight","Violation Driver 1","Controls Functioning","Clear","Hit Object","Non-Related","Fixed Object","Not Applicable","Not Applicable","South Of","Sign"
"684724","CR-0000093374","0","0","0","0","22-213-0565","True","False","51","8/1/2022 2:50:00 PM","No Pedestrians Involved","Dry","No Unusual Conditions","Daylight","Violation Driver 1","No Controls Present/Factor","Clear","Hit Object","Non-Related","Fixed Object","Not Applicable","Not Applicable","Unknown","K-RAILS/MEDIAN"
"684725","CR-0000093458","0","0","0","0","22-192-0223","False","False","51","7/11/2022 7:39:00 AM","No Pedestrians Involved","Dry","No Unusual Conditions","Dusk - Dawn","Violation Driver 1","No Controls Present/Factor","Unknown","Hit Object","Non-Related","Fixed Object","Not Applicable","Not Applicable","East Of",""
"684726","CR-0000093381","1","0","0","0","22-219-1021","False","False","33","8/7/2022 11:33:00 PM","No Pedestrians Involved","Dry","No Unusual Conditions","Dark - Street Light","Violation Driver 1","Controls Functioning","Clear","Rear End","Related","Other Vehicle","Not Applicable","Not Applicable","East Of",""
"684727","CR-0000093352","0","0","0","0","22-182-0362","False","False","0","7/1/2022 11:30:00 AM","No Pedestrians Involved","Dry","No Unusual Conditions","Daylight","Violation Driver 1","No Controls Present/Factor","Clear","Broadside","Intersection","Other Vehicle","Not Applicable","Not Applicable","At",""
"684728","CR-0000093462","0","0","0","0","22-162-0301","False","False","0","6/11/2022 9:32:00 AM","No Pedestrians Involved","Dry","No Unusual Conditions","Daylight","Violation Driver 1","No Controls Present/Factor","Clear","Rear End","Intersection","Other Vehicle","Not Applicable","Not Applicable","At",""
"684729","CR-0000093361","0","0","0","0","22-182-4004","False","True","0","7/1/2022 4:45:00 PM","No Pedestrians Involved","Unknown","Unknown","Daylight","Unknown","Unknown","Unknown","Rear End","Intersection","Other Vehicle","Not Applicable","Not Applicable","At",""
"684730","CR-0000093419","0","0","1","0","22-190-0434","False","False","25","7/9/2022 12:04:00 PM","No Pedestrians Involved","Dry","No Unusual Conditions","Daylight","Violation Driver 1","Controls Functioning","Clear","Vehicle/Bike","Related","Scooter Motorized","Not Applicable","Not Applicable","West Of",""
"684731","CR-0000093349","1","1","0","0","22-182-0071","False","False","0","7/1/2022 1:47:00 AM","No Pedestrians Involved","Dry","No Unusual Conditions","Dark - Street Light","Violation Driver 1","Controls Functioning","Clear","Broadside","Intersection","Other Vehicle","Not Applicable","Not Applicable","At",""
"684732","CR-0000093453","1","0","0","0","22-206-0602","False","False","140","7/25/2022 3:21:00 PM","No Pedestrians Involved","Dry","No Unusual Conditions","Daylight","Bike At Fault","No Controls Present/Factor","Clear","Broadside","Non-Related","Bike","Not Applicable","Not Applicable","West Of",""
"684733","CR-0000093414","0","0","0","0","22-184-0718","True","False","0","7/3/2022 7:10:00 PM","No Pedestrians Involved","Dry","No Unusual Conditions","Dusk - Dawn","Violation Driver 1","No Controls Present/Factor","Clear","Hit Object","Intersection","Fixed Object","Not Applicable","Not Applicable","At","Stop Sign"
"684734","CR-0000093392","0","0","0","0","22-187-0152","False","False","51","7/6/2022 7:37:00 AM","No Pedestrians Involved","Dry","No Unusual Conditions","Daylight","Violation Driver 1","Controls Functioning","Clear","Rear End","Non-Related","Other Vehicle","Not Applicable","Not Applicable","South Of",""