"CrashFactId","Name","MinorInjuries","ModerateInjuries","SevereInjuries","FatalInjuries","TcrNumber","CityDamageFlag","ShortFormFlag","Distance","CrashDateTime","PedestrianAction","RoadwaySurface","RoadwayCondition","Lighting","PrimaryCollisionFactor","TrafficControl","Weather","CollisionType","ProximityToIntersection","VehicleInvolvedWith","PedestrianDirectionFrom","PedestrianDirectionTo","DirectionFromIntersection","Comment"
"684735","CR-0000093444","1","0","0","0","22-196-0302","False","False","162","7/15/2022 10:07:00 AM","No Pedestrians Involved","Dry","No Unusual Conditions","Daylight","Violation Driver 1","Controls Functioning","Clear","Broadside","Non-Related","Bike","Not Applicable","Not Applicable","West Of","BIKE"
"684736","CR-0000093456","0","0","0","0","22-206-0739","True","False","243","7/25/2022 5:56:00 PM","No Pedestrians Involved","Dry","No Unusual Conditions","Daylight","Violation Driver 1","No Controls Present/Factor","Clear","Sideswipe","Non-Related","Parked Vehicle","Not Applicable","Not Applicable","East Of","DOT Vehicle"
"684737","CR-0000093351","0","0","0","0","22-182-0331","True","False","100","7/1/2022 10:42:00 AM","No Pedestrians Involved","Dry","No Unusual Conditions","Daylight","Violation Driver 1","No Controls Present/Factor","Clear","Hit Object","Non-Related","Fixed Object","Not Applicable","Not Applicable","North Of","Light Pole"
"684738","CR-0000093377","0","1","0","0","22-182-0645","False","False","111","7/1/2022 4:55:00 PM","No Pedestrians Involved","Dry","No Unusual Conditions","Daylight","Bike At Fault","Controls Functioning","Clear","Broadside","Non-Related","Bike","Not Applicable","Not Applicable","South Of","BIKE"
"684739","CR-0000093439","0","0","0","0","22-191-4001","False","True","51","7/10/2022 11:28:00 AM","No Pedestrians Involved","Unknown","Unknown","Daylight","Unknown","Unknown","Unknown","Rear End","Non-Related","Other Vehicle","Not Applicable","Not Applicable","South Of",""
"684740","CR-0000093440","0","0","0","0","22-186-0159","False","False","0","7/5/2022 2:33:00 AM","No Pedestrians Involved","Dry","No Unusual Conditions","Dark - Street Light","Violation Driver 1","Controls Functioning","Clear","Rear End","Intersection","Other Vehicle","Not Applicable","Not Applicable","At",""
"684741","CR-0000093464","0","1","0","0","22-185-0070","False","False","310","7/4/2022 12:56:00 AM","No Pedestrians Involved","Dry","No Unusual Conditions","Dark - Street Light","Violation Driver 1","No Controls Present/Factor","Clear","Other","Non-Related","Other Object","Not Applicable","Not Applicable","East Of","E. Scooter"
"684742","CR-0000093442","0","0","0","0","22-186-1144","False","False","170","7/5/2022 11:35:00 PM","No Pedestrians Involved","Dry","No Unusual Conditions","Dark - Street Light","Violation Driver 1","No Controls Present/Factor","Clear","Rear End","Non-Related","Parked Vehicle","Not Applicable","Not Applicable","North Of",""
"684743","CR-0000093428","0","0","0","0","22-185-0147","True","False","0","7/4/2022 2:23:00 AM","No Pedestrians Involved","Dry","No Unusual Conditions","Dark - Street Light","Violation Driver 1","Controls Functioning","Clear","Hit Object","Intersection","Fixed Object","Not Applicable","Not Applicable","At","Traffic Signal"
"684744","CR-0000093460","2","0","0","0","22-192-0303","False","False","0","7/11/2022 10:29:00 AM","No Pedestrians Involved","Dry","No Unusual Conditions","Daylight","Violation Driver 1","Controls Functioning","Clear","Broadside","Intersection","Other Vehicle","Not Applicable","Not Applicable","At",""
"684745","CR-0000093391","0","1","0","0","22-187-0079","False","False","0","7/6/2022 3:15:00 AM","No Pedestrians Involved","Dry","No Unusual Conditions","Dark - Street Light","Violation Driver 1","Controls Functioning","Clear","Sideswipe","Intersection","Other Vehicle","Not Applicable","Not Applicable","At",""
"684746","CR-0000093359","0","0","0","0","22-182-1031","False","False","462","7/1/2022 11:00:00 PM","No Pedestrians Involved","Dry","No Unusual Conditions","Dark - Street Light","Violation Driver 1","Controls Functioning","Clear","Sideswipe","Non-Related","Parked Vehicle","Not Applicable","Not Applicable","South Of",""
"684747","CR-0000093399","0","0","0","0","22-192-4003","False","True","51","7/6/2022 6:34:00 PM","No Pedestrians Involved","Unknown","Unknown","Unknown","Unknown","Unknown","Unknown","Other","Non-Related","Fixed Object","Not Applicable","Not Applicable","East Of","LIGHTPOLE"
"684748","CR-0000093422","0","0","0","0","22-190-4000","False","True","","7/9/2022 10:00:00 AM","No Pedestrians Involved","Unknown","Unknown","Daylight","Unknown","Unknown","Unknown","Sideswipe","Related","Unknown","Not Applicable","Not Applicable","South Of",""
"684749","CR-0000093409","1","0","0","0","22-184-0188","True","False","0","7/3/2022 5:39:00 AM","No Pedestrians Involved","Dry","No Unusual Conditions","Daylight","Violation Driver 1","Controls Functioning","Clear","Hit Object","Intersection","Fixed Object","Not Applicable","Not Applicable","At","Light Pole"
"684750","CR-0000093437","0","0","0","0","22-185-4000","False","True","","7/4/2022 12:30:00 PM","No Pedestrians Involved","Unknown","Unknown","Daylight","Unknown","Unknown","Unknown","Other","Related","Other Vehicle","Not Applicable","Not Applicable","West Of",""
"684751","CR-0000093472","1","0","0","0","22-192-0531","False","False","34","7/11/2022 1:40:00 PM","No Pedestrians Involved","Dry","No Unusual Conditions","Daylight","Bike At Fault","No Controls Present/Factor","Clear","Vehicle/Bike","Related","Bike","Not Applicable","Not Applicable","North Of","BIKE"
"684752","CR-0000093396","1","0","0","0","22-187-0755","False","False","0","7/6/2022 6:33:00 PM","Crossing In Crosswalk - At Intersection","Dry","No Unusual Conditions","Daylight","Violation Driver 1","Controls Functioning","Clear","Broadside","Intersection","Other Vehicle","Not Applicable","Not Applicable","At",""
"684753","CR-0000093384","1","0","0","0","22-217-0729","False","False","117","8/5/2022 6:52:00 PM","No Pedestrians Involved","Dry","No Unusual Conditions","Daylight","Violation Driver 1","No Controls Present/Factor","Clear","Broadside","Non-Related","Other Vehicle","Not Applicable","Not Applicable","South Of",""
"684754","CR-0000093364","0","0","0","0","22-183-0146","True","False","40","7/2/2022 3:56:00 AM","No Pedestrians Involved","Dry","No Unusual Conditions","Dark - Street Light","Violation Driver 1","No Controls Present/Factor","Clear","Head On","Related","Fixed Object","Not Applicable","Not Applicable","West Of","Stop Sign"
"684755","CR-0000093490","0","0","0","0","22-187-9702","False","True","0","7/4/2022 7:30:00 PM","No Pedestrians Involved","Dry","No Unusual Conditions","Daylight","Unknown","Unknown","Clear","Sideswipe","Intersection","Other Vehicle","Not Applicable","Not Applicable","At",""
"684756","CR-0000093463","2","0","0","0","22-184-0650","False","False","45","7/3/2022 6:10:00 PM","No Pedestrians Involved","Dry","No Unusual Conditions","Daylight","Violation Driver 1","Controls Functioning","Clear","Broadside","Related","Other Vehicle","Not Applicable","Not Applicable","North Of",""
"684757","CR-0000093441","0","0","0","0","22-186-0656","True","False","1000","7/5/2022 2:38:00 PM","No Pedestrians Involved","Dry","No Unusual Conditions","Daylight","Unknown","Controls Functioning","Clear","Hit Object","Non-Related","Fixed Object","Not Applicable","Not Applicable","North Of","Guard Rail"
"684758","CR-0000093461","0","1","0","0","22-209-0689","False","False","0","7/28/2022 5:45:00 PM","No Pedestrians Involved","Dry","No Unusual Conditions","Daylight","Violation Driver 1","Controls Functioning","Clear","Rear End","Intersection","Other Vehicle","Not Applicable","Not Applicable","At",""
"684759","CR-0000093459","0","1","0","0","22-209-0671","False","False","0","7/28/2022 5:28:00 PM","No Pedestrians Involved","Dry","No Unusual Conditions","Daylight","Violation Driver 1","Controls Functioning","Clear","Sideswipe","Intersection","Bike","Not Applicable","Not Applicable","At",""
"684760","CR-0000093477","1","0","0","0","22-193-0838","False","False","0","7/12/2022 7:59:00 PM","No Pedestrians Involved","Dry","No Unusual Conditions","Daylight","Violation Driver 1","Controls Functioning","Clear","Vehicle/Pedestrian","Intersection","Other Object","Not Applicable","Not Applicable","At","E-Scooter"
"684761","CR-0000093375","0","0","0","0","22-214-0268","False","False","0","8/2/2022 9:49:00 AM","No Pedestrians Involved","Dry","No Unusual Conditions","Daylight","Violation Driver 1","Controls Functioning","Clear","Sideswipe","Intersection","Other Vehicle","Not Applicable","Not Applicable","At",""
"684762","CR-0000093475","0","0","0","0","22-193-0759","False","False","51","7/12/2022 6:45:00 PM","No Pedestrians Involved","Dry","No Unusual Conditions","Daylight","Violation Driver 1","Controls Functioning","Clear","Rear End","Non-Related","Other Vehicle","Not Applicable","Not Applicable","East Of",""
"684763","CR-0000093407","0","0","0","0","22-184-0031","False","False","0","7/3/2022 12:33:00 AM","No Pedestrians Involved","Dry","No Unusual Conditions","Dark - Street Light","Violation Driver 1","No Controls Present/Factor","Clear","Sideswipe","Intersection","Parked Vehicle","Not Applicable","Not Applicable","At","Street sign and Light Pole Undamaged"
"684764","CR-0000093450","2","0","0","0","22-199-0725","False","False","0","7/18/2022 9:19:00 PM","No Pedestrians Involved","Dry","No Unusual Conditions","Daylight","Violation Driver 1","No Controls Present/Factor","Clear","Rear End","Intersection","Other Vehicle","Not Applicable","Not Applicable","At",""
"684765","CR-0000093421","0","0","0","0","22-190-0833","False","False","188","7/9/2022 8:38:00 PM","No Pedestrians Involved","Dry","No Unusual Conditions","Dark - Street Light","Violation Driver 1","No Controls Present/Factor","Clear","Sideswipe","Non-Related","Parked Vehicle","Not Applicable","Not Applicable","North Of",""
"684766","CR-0000093402","0","0","0","0","22-189-0535","True","False","20","7/8/2022 4:00:00 PM","No Pedestrians Involved","Dry","No Unusual Conditions","Daylight","Violation Driver 1","Controls Functioning","Clear","Head On","Related","Parked Vehicle","Not Applicable","Not Applicable","West Of","STOP SIGN"
"684767","CR-0000093432","0","1","0","0","22-185-1113","False","False","50","7/4/2022 11:06:00 PM","No Pedestrians Involved","Dry","No Unusual Conditions","Dark - Street Light","Violation Driver 1","Controls Functioning","Clear","Rear End","Related","Other Vehicle","Not Applicable","Not Applicable","North Of",""
"684768","CR-0000093491","1","0","0","0","22-187-0398","False","False","280","7/6/2022 9:40:00 AM","No Pedestrians Involved","Dry","No Unusual Conditions","Daylight","Violation Driver 1","Controls Functioning","Clear","Vehicle/Bike","Non-Related","Bike","Not Applicable","Not Applicable","East Of","BIKE"
"684769","CR-0000093429","0","0","0","0","22-185-0166","True","False","65","7/4/2022 3:09:00 AM","No Pedestrians Involved","Dry","No Unusual Conditions","Dark - Street Light","Violation Driver 1","No Controls Present/Factor","Clear","Hit Object","Non-Related","Fixed Object","Not Applicable","Not Applicable","West Of","Tree"
"684770","CR-0000093378","0","1","0","0","22-228-0972","False","False","0","8/16/2022 8:27:00 PM","Crossing In Crosswalk - At Intersection","Dry","No Unusual Conditions","Daylight","Violation Driver 1","Controls Functioning","Clear","Vehicle/Pedestrian","Intersection","Pedestrian","East","West","At","PED"
"684771","CR-0000093373","0","0","0","0","22-213-0343","True","False","0","8/1/2022 10:21:00 AM","No Pedestrians Involved","Dry","No Unusual Conditions","Daylight","Violation Driver 1","Controls Functioning","Clear","Other","Intersection","Fixed Object","Not Applicable","Not Applicable","At","TRAFFIC LIGHT"
"684772","CR-0000093423","0","0","0","0","22-190-4001","False","True","","7/9/2022 3:57:00 PM","No Pedestrians Involved","Unknown","Unknown","Daylight","Unknown","Unknown","Unknown","Broadside","Related","Other Vehicle","Not Applicable","Not Applicable","North Of",""
"684773","CR-0000093356","0","0","0","0","22-182-0693","False","False","55","7/1/2022 5:54:00 PM","No Pedestrians Involved","Dry","No Unusual Conditions","Daylight","Violation Driver 1","Controls Not Functioning","Clear","Hit Object","Non-Related","Fixed Object","Not Applicable","Not Applicable","West Of",""
"684774","CR-0000093449","2","0","0","0","22-199-0286","False","False","0","7/18/2022 8:41:00 AM","No Pedestrians Involved","Dry","No Unusual Conditions","Daylight","Violation Driver 1","Unknown","Clear","Sideswipe","Intersection","Other Vehicle","Not Applicable","Not Applicable","At",""
"684775","CR-0000093474","0","1","0","0","22-193-0157","False","False","0","7/12/2022 7:05:00 AM","Crossing - Not In Crosswalk","Dry","No Unusual Conditions","Daylight","Unknown","No Controls Present/Factor","Clear","Vehicle/Pedestrian","Intersection","Pedestrian","South","North","At","PED"
"684776","CR-0000093443","0","0","0","0","22-186-4001","False","True","0","7/5/2022 12:30:00 PM","No Pedestrians Involved","Unknown","Unknown","Daylight","Unknown","Unknown","Unknown","Broadside","Intersection","Other Vehicle","Not Applicable","Not Applicable","At",""
"684777","CR-0000093389","1","0","0","0","22-183-0478","False","False","0","7/2/2022 1:46:00 PM","No Pedestrians Involved","Dry","No Unusual Conditions","Daylight","Violation Driver 1","Controls Functioning","Clear","Rear End","Intersection","Other Vehicle","Not Applicable","Not Applicable","At",""
"684778","CR-0000093369","0","0","0","1","22-246-0811","False","False","150","9/3/2022 8:44:00 PM","In Road - Includes Shoulder","Dry","No Unusual Conditions","Dark - Street Light","Violation Driver 1","No Controls Present/Factor","Clear","Vehicle/Pedestrian","Non-Related","Pedestrian","No Direction (Not Walking)","No Direction (Not Walking)","West Of","PED"
"684779","CR-0000093394","1","0","0","0","22-187-0617","False","False","0","7/6/2022 4:07:00 PM","No Pedestrians Involved","Dry","No Unusual Conditions","Daylight","Violation Driver 1","Controls Functioning","Clear","Rear End","Intersection","Motor Vehicle On Other Roadway","Not Applicable","Not Applicable","At",""
"684780","CR-0000093465","0","0","0","0","22-186-0777","False","False","180","7/5/2022 4:45:00 PM","No Pedestrians Involved","Dry","No Unusual Conditions","Daylight","Violation Driver 1","No Controls Present/Factor","Clear","Sideswipe","Non-Related","Other Vehicle","Not Applicable","Not Applicable","North Of",""
"684781","CR-0000093471","1","0","0","0","22-192-0306","False","False","0","7/11/2022 9:35:00 AM","Crossing In Crosswalk - At Intersection","Dry","No Unusual Conditions","Daylight","Violation Driver 1","Controls Functioning","Clear","Vehicle/Pedestrian","Intersection","Pedestrian","East","West","At","PED"
"684782","CR-0000093436","2","0","0","0","22-191-0905","False","False","0","7/10/2022 9:04:00 PM","No Pedestrians Involved","Dry","No Unusual Conditions","Dark - Street Light","Violation Driver 1","No Controls Present/Factor","Clear","Head On","Intersection","Other Vehicle","Not Applicable","Not Applicable","At",""
"684783","CR-0000093354","0","1","0","0","22-182-0643","False","False","69","7/1/2022 4:52:00 PM","No Pedestrians Involved","Dry","No Unusual Conditions","Daylight","Bike At Fault","Unknown","Clear","Broadside","Non-Related","Bike","Not Applicable","Not Applicable","North Of","BIKE"
"684784","CR-0000093473","1","0","0","0","22-192-0794","False","False","51","7/11/2022 5:59:00 PM","No Pedestrians Involved","Dry","No Unusual Conditions","Daylight","Violation Driver 1","No Controls Present/Factor","Clear","Hit Object","Non-Related","Fixed Object","Not Applicable","Not Applicable","South Of","CURB"
"684785","CR-0000093427","0","0","0","0","22-185-0040","False","False","380","7/4/2022 12:00:00 AM","No Pedestrians Involved","Dry","No Unusual Conditions","Dark - Street Light","Violation Driver 1","No Controls Present/Factor","Clear","Sideswipe","Non-Related","Parked Vehicle","Not Applicable","Not Applicable","North Of",""
"684786","CR-0000093476","1","0","0","0","22-193-0771","False","False","0","7/12/2022 6:58:00 PM","No Pedestrians Involved","Dry","No Unusual Conditions","Daylight","Violation Driver 1","Controls Functioning","Clear","Head On","Intersection","Other Vehicle","Not Applicable","Not Applicable","At",""
"684787","CR-0000093370","0","0","1","0","22-213-0056","True","False","27","8/1/2022 1:11:00 AM","No Pedestrians Involved","Dry","No Unusual Conditions","Dark - Street Light","Violation Driver 1","No Controls Present/Factor","Clear","Hit Object","Related","Fixed Object","Not Applicable","Not Applicable","North Of","TREE"
"684788","CR-0000093447","0","1","0","0","22-197-0559","False","False","285","7/16/2022 2:47:00 PM","No Pedestrians Involved","Dry","No Unusual Conditions","Daylight","Violation Driver 1","Controls Functioning","Clear","Head On","Non-Related","Bike","Not Applicable","Not Applicable","East Of","BIKE"
"684789","CR-0000093445","2","0","0","0","22-196-0844","False","False","218","7/15/2022 8:53:00 PM","No Pedestrians Involved","Dry","No Unusual Conditions","Dark - Street Light","Violation Driver 1","Controls Functioning","Clear","Broadside","Non-Related","Other Vehicle","Not Applicable","Not Applicable","North Of",""
"684790","CR-0000093357","0","0","0","0","22-182-0953","False","False","190","7/1/2022 10:13:00 PM","No Pedestrians Involved","Dry","No Unusual Conditions","Dark - Street Light","Violation Driver 1","Controls Functioning","Clear","Rear End","Non-Related","Parked Vehicle","Not Applicable","Not Applicable","North Of",""
"684791","CR-0000093433","0","0","0","0","22-185-1158","False","False","30","7/4/2022 11:04:00 PM","No Pedestrians Involved","Dry","No Unusual Conditions","Dark - Street Light","Violation Driver 1","No Controls Present/Factor","Clear","Head On","Related","Fixed Object","Not Applicable","Not Applicable","North Of","Hydrant"
"684792","CR-0000093388","0","0","0","0","22-156-0073","False","False","0","6/5/2022 1:00:00 AM","No Pedestrians Involved","Wet","Unknown","Dark - Street Light","Violation Driver 1","No Controls Present/Factor","Clear","Rear End","Intersection","Other Vehicle","Not Applicable","Not Applicable","At",""
"684793","CR-0000093368","0","0","0","1","22-246-0132","False","False","130","9/3/2022 3:34:00 AM","In Road - Includes Shoulder","Dry","No Unusual Conditions","Dark - Street Light","Violation Driver 1","No Controls Present/Factor","Clear","Vehicle/Pedestrian","Non-Related","Pedestrian","No Direction (Not Walking)","No Direction (Not Walking)","West Of","PED Refer to 22-246-0192 which occurred before the Fatality. Victim was the the victim of referred report."
"684794","CR-0000093435","0","0","0","0","22-191-0687","False","False","0","7/10/2022 4:30:00 PM","No Pedestrians Involved","Dry","No Unusual Conditions","Daylight","Violation Driver 1","No Controls Present/Factor","Clear","Rear End","Intersection","Other Vehicle","Not Applicable","Not Applicable","At",""
"684795","CR-0000093403","0","1","0","0","22-189-0543","False","False","0","7/8/2022 3:29:00 PM","No Pedestrians Involved","Dry","No Unusual Conditions","Daylight","Violation Driver 1","Controls Functioning","Clear","Rear End","Related","Other Vehicle","Not Applicable","Not Applicable","At",""
"684796","CR-0000093467","0","0","0","0","22-187-0202","False","False","0","7/6/2022 9:29:00 AM","No Pedestrians Involved","Dry","Unknown","Daylight","Violation Driver 1","Controls Functioning","Clear","Broadside","Intersection","Other Vehicle","Not Applicable","Not Applicable","At",""
"684797","CR-0000093363","0","0","1","0","22-183-0140","True","False","109","7/2/2022 3:37:00 AM","No Pedestrians Involved","Dry","No Unusual Conditions","Dark - Street Light","Violation Driver 1","Controls Functioning","Clear","Head On","Non-Related","Fixed Object","Not Applicable","Not Applicable","East Of","Light Pole"
"684798","CR-0000093386","0","0","0","0","22-219-9701","False","True","51","8/6/2022 6:00:00 PM","No Pedestrians Involved","Dry","No Unusual Conditions","Dark - Street Light","Unknown","No Controls Present/Factor","Clear","Other","Non-Related","Parked Vehicle","Not Applicable","Not Applicable","West Of",""
"684799","CR-0000093366","2","0","0","0","22-183-0268","False","False","0","7/2/2022 9:07:00 AM","No Pedestrians Involved","Unknown","No Unusual Conditions","Daylight","Violation Driver 1","Controls Functioning","Clear","Rear End","Intersection","Other Vehicle","Not Applicable","Not Applicable","At",""
"684800","CR-0000093383","0","0","0","0","22-226-0285","False","False","180","8/14/2022 6:48:00 AM","No Pedestrians Involved","Dry","No Unusual Conditions","Daylight","Violation Driver 1","No Controls Present/Factor","Clear","Sideswipe","Non-Related","Other Vehicle","Not Applicable","Not Applicable","West Of",""
"684801","CR-0000093411","0","0","0","0","22-184-0353","True","False","60","7/3/2022 12:25:00 PM","No Pedestrians Involved","Dry","No Unusual Conditions","Daylight","Violation Driver 1","Controls Functioning","Clear","Hit Object","Non-Related","Fixed Object","Not Applicable","Not Applicable","West Of","Control Box (Light)"
"684802","CR-0000093372","0","0","0","0","22-213-0147","False","False","120","8/1/2022 9:49:00 AM","No Pedestrians Involved","Dry","No Unusual Conditions","Dusk - Dawn","Violation Driver 1","No Controls Present/Factor","Clear","Sideswipe","Non-Related","Parked Vehicle","Not Applicable","Not Applicable","North Of",""
"684803","CR-0000093401","0","0","0","0","22-189-0228","False","False","22","7/8/2022 8:40:00 AM","No Pedestrians Involved","Dry","No Unusual Conditions","Daylight","Violation Driver 1","Controls Functioning","Clear","Broadside","Related","Other Vehicle","Not Applicable","Not Applicable","West Of",""
"684804","CR-0000093397","0","0","0","0","22-187-0839","False","False","1009","7/6/2022 8:07:00 PM","No Pedestrians Involved","Dry","No Unusual Conditions","Dark - Street Light","Violation Driver 1","Controls Functioning","Clear","Rear End","Non-Related","Other Vehicle","Not Applicable","Not Applicable","North Of",""
"684805","CR-0000093379","1","0","0","0","22-226-1022","False","False","461","8/14/2022 10:53:00 PM","No Pedestrians Involved","Dry","No Unusual Conditions","Dark - Street Light","Violation Driver 1","No Controls Present/Factor","Clear","Sideswipe","Non-Related","Other Vehicle","Not Applicable","Not Applicable","West Of","Street Sweeper"
"684806","CR-0000093431","0","1","0","0","22-185-0477","False","False","364","7/4/2022 1:19:00 PM","No Pedestrians Involved","Dry","No Unusual Conditions","Daylight","Bike At Fault","No Controls Present/Factor","Clear","Vehicle/Bike","Non-Related","Bike","Not Applicable","No Direction (Not Walking)","South Of","BIKE"
"684807","CR-0000093413","2","2","1","0","22-184-0567","False","False","0","7/3/2022 4:49:00 PM","No Pedestrians Involved","Dry","No Unusual Conditions","Daylight","Violation Driver 1","Controls Functioning","Clear","Broadside","Intersection","Other Vehicle","Not Applicable","Not Applicable","At",""
"684808","CR-0000093417","0","0","0","0","22-184-1033","True","False","0","7/3/2022 11:19:00 PM","No Pedestrians Involved","Dry","No Unusual Conditions","Dark - Street Light","Violation Driver 1","Controls Functioning","Clear","Hit Object","Intersection","Fixed Object","Not Applicable","Not Applicable","At","Sign"
"684809","CR-0000093415","0","0","0","0","22-184-0871","False","False","144","7/3/2022 9:26:00 PM","No Pedestrians Involved","Dry","No Unusual Conditions","Dark - Street Light","Violation Driver 1","Controls Functioning","Clear","Sideswipe","Non-Related","Parked Vehicle","Not Applicable","Not Applicable","West Of",""
"684810","CR-0000093405","0","0","0","0","22-192-4000","False","True","51","7/8/2022 6:52:00 PM","No Pedestrians Involved","Unknown","Unknown","Dusk - Dawn","Unknown","Unknown","Unknown","Rear End","Non-Related","Other Vehicle","Not Applicable","Not Applicable","East Of",""
"684811","CR-0000093452","1","0","0","0","22-206-0186","True","False","45","7/25/2022 6:15:00 AM","No Pedestrians Involved","Dry","No Unusual Conditions","Dusk - Dawn","Violation Driver 1","No Controls Present/Factor","Clear","Head On","Related","Fixed Object","Not Applicable","Not Applicable","West Of","TREE"
"684812","CR-0000093393","1","0","0","0","22-187-0423","False","False","200","7/6/2022 12:57:00 PM","No Pedestrians Involved","Dry","No Unusual Conditions","Daylight","Violation Driver 1","Controls Functioning","Clear","Vehicle/Bike","Non-Related","Bike","Not Applicable","Not Applicable","West Of","BIKE"
"684813","CR-0000093395","0","0","0","0","22-187-0620","False","False","450","7/6/2022 4:24:00 PM","No Pedestrians Involved","Dry","No Unusual Conditions","Daylight","Violation Driver 1","No Controls Present/Factor","Clear","Rear End","Non-Related","Other Vehicle","Not Applicable","Not Applicable","East Of",""
"684814","CR-0000093488","0","0","0","0","22-192-0317","False","False","0","7/11/2022 10:57:00 AM","No Pedestrians Involved","Dry","Unknown","Daylight","Violation Driver 1","No Controls Present/Factor","Clear","Rear End","Intersection","Other Vehicle","Not Applicable","Not Applicable","At",""
"684815","CR-0000093468","0","1","0","0","22-188-0391","False","False","0","7/7/2022 12:29:00 PM","No Pedestrians Involved","Dry","No Unusual Conditions","Daylight","Violation Driver 1","No Controls Present/Factor","Clear","Vehicle/Bike","Intersection","Bike","Not Applicable","Not Applicable","At","BIKE"
"684816","CR-0000093382","0","0","0","0","22-217-0555","False","False","185","8/5/2022 3:09:00 PM","No Pedestrians Involved","Dry","No Unusual Conditions","Daylight","Violation Driver 1","No Controls Present/Factor","Clear","Rear End","Non-Related","Other Vehicle","Not Applicable","Not Applicable","South Of",""
"684817","CR-0000093446","0","1","0","0","22-197-0330","False","False","0","7/16/2022 9:26:00 AM","Crossing In Crosswalk - At Intersection","Dry","Other","Daylight","Violation Driver 1","Controls Functioning","Clear","Vehicle/Pedestrian","Intersection","Pedestrian","Unknown","Unknown","At","PED"
"684818","CR-0000093380","0","0","0","0","22-225-0987","True","False","23","8/13/2022 11:36:00 PM","No Pedestrians Involved","Dry","No Unusual Conditions","Dark - Street Light","Violation Driver 1","Controls Functioning","Clear","Hit Object","Related","Fixed Object","Not Applicable","Not Applicable","South Of","Light Pole"
"684819","CR-0000093360","0","0","0","0","22-182-4000","False","True","51","7/1/2022 7:00:00 AM","No Pedestrians Involved","Unknown","Unknown","Daylight","Unknown","Unknown","Unknown","Sideswipe","Non-Related","Parked Vehicle","Not Applicable","Not Applicable","South Of",""
"684820","CR-0000093492","0","0","0","0","22-188-0614","False","False","0","7/7/2022 2:00:00 PM","No Pedestrians Involved","Dry","No Unusual Conditions","Daylight","Violation Driver 1","No Controls Present/Factor","Clear","Sideswipe","Intersection","Parked Vehicle","Not Applicable","Not Applicable","At",""
"684821","CR-0000093466","0","0","0","0","22-187-9701","False","True","0","7/5/2022 6:30:00 PM","No Pedestrians Involved","Dry","No Unusual Conditions","Daylight","Unknown","Controls Functioning","Clear","Rear End","Intersection","Other Vehicle","Not Applicable","Not Applicable","At",""
"684822","CR-0000093355","0","0","0","0","22-182-0656","False","False","0","7/1/2022 4:55:00 PM","No Pedestrians Involved","Dry","No Unusual Conditions","Daylight","Violation Driver 1","Controls Functioning","Clear","Sideswipe","Intersection","Other Vehicle","Not Applicable","Not Applicable","At",""
"684823","CR-0000093455","1","0","0","0","22-206-0687","False","False","0","7/25/2022 5:05:00 PM","No Pedestrians Involved","Dry","No Unusual Conditions","Daylight","Violation Driver 1","Controls Functioning","Clear","Head On","Intersection","Other Vehicle","Not Applicable","Not Applicable","At",""
"684824","CR-0000093448","4","0","0","0","22-197-0809","False","False","441","7/16/2022 7:58:00 PM","No Pedestrians Involved","Dry","No Unusual Conditions","Dusk - Dawn","Violation Driver 1","Controls Not Functioning","Clear","Broadside","Non-Related","Other Vehicle","Not Applicable","Not Applicable","East Of",""
"684825","CR-0000093424","0","0","0","0","22-191-0118","False","False","0","7/10/2022 1:41:00 AM","No Pedestrians Involved","Dry","No Unusual Conditions","Dark - Street Light","Violation Driver 1","Unknown","Clear","Sideswipe","Related","Other Vehicle","Not Applicable","Not Applicable","At",""
"684826","CR-0000093362","0","0","0","0","22-183-0008","False","False","400","7/2/2022 12:18:00 AM","No Pedestrians Involved","Dry","No Unusual Conditions","Dark - Street Light","Violation Driver 1","Controls Functioning","Clear","Rear End","Non-Related","Parked Vehicle","Not Applicable","Not Applicable","West Of",""
"684827","CR-0000093371","0","0","0","0","22-213-0162","False","False","46","8/1/2022 6:46:00 AM","No Pedestrians Involved","Dry","No Unusual Conditions","Dusk - Dawn","Violation Driver 1","Controls Functioning","Clear","Broadside","Related","Other Vehicle","Not Applicable","Not Applicable","North Of",""
"684828","CR-0000093426","2","0","0","0","22-191-0531","False","False","0","7/10/2022 5:09:00 PM","No Pedestrians Involved","Dry","No Unusual Conditions","Daylight","Violation Driver 1","Controls Functioning","Clear","Rear End","Intersection","Other Vehicle","Not Applicable","Not Applicable","At",""
"684829","CR-0000093416","0","0","0","0","22-184-0959","False","False","135","7/3/2022 8:19:00 PM","No Pedestrians Involved","Dry","No Unusual Conditions","Dark - Street Light","Violation Driver 1","Controls Not Functioning","Clear","Sideswipe","Non-Related","Parked Vehicle","Not Applicable","Not Applicable","East Of",""
"684830","CR-0000093406","1","0","0","0","22-190-0326","False","False","0","7/9/2022 1:52:00 PM","No Pedestrians Involved","Dry","Unknown","Daylight","Violation Driver 1","Controls Functioning","Clear","Head On","Intersection","Other Vehicle","Not Applicable","Not Applicable","At",""
"684831","CR-0000093358","0","1","0","0","22-182-0984","False","False","0","7/1/2022 10:33:00 PM","No Pedestrians Involved","Dry","No Unusual Conditions","Dark - Street Light","Violation Driver 1","Controls Functioning","Clear","Sideswipe","Intersection","Other Vehicle","Not Applicable","Not Applicable","At",""