"CrashFactId","Name","MinorInjuries","ModerateInjuries","SevereInjuries","FatalInjuries","TcrNumber","CityDamageFlag","ShortFormFlag","Distance","CrashDateTime","PedestrianAction","RoadwaySurface","RoadwayCondition","Lighting","PrimaryCollisionFactor","TrafficControl","Weather","CollisionType","ProximityToIntersection","VehicleInvolvedWith","PedestrianDirectionFrom","PedestrianDirectionTo","DirectionFromIntersection","Comment"
"684929","CR-0000093641","0","0","0","0","22-218-0823","False","False","44","8/6/2022 7:43:00 PM","No Pedestrians Involved","Dry","No Unusual Conditions","Dusk - Dawn","Violation Driver 1","No Controls Present/Factor","Clear","Rear End","Related","Parked Vehicle","Not Applicable","Not Applicable","East Of",""
"684930","CR-0000093635","0","1","0","0","22-234-0882","False","False","640","8/22/2022 7:35:00 PM","No Pedestrians Involved","Dry","No Unusual Conditions","Dusk - Dawn","Violation Driver 1","No Controls Present/Factor","Clear","Broadside","Non-Related","Other Vehicle","Not Applicable","Not Applicable","East Of",""
"684931","CR-0000093605","1","0","0","0","22-215-0897","False","False","0","8/3/2022 9:35:00 PM","No Pedestrians Involved","Dry","No Unusual Conditions","Dark - Street Light","Violation Driver 1","Controls Functioning","Clear","Broadside","Intersection","Other Vehicle","Not Applicable","Not Applicable","At",""
"684932","CR-0000093647","1","0","0","0","22-235-0837","False","False","0","8/23/2022 5:37:00 PM","No Pedestrians Involved","Dry","No Unusual Conditions","Daylight","Violation Driver 1","Controls Functioning","Clear","Broadside","Intersection","Other Vehicle","Not Applicable","Not Applicable","At",""
"684933","CR-0000093596","0","0","0","0","22-232-1075","False","False","101","8/20/2022 11:55:00 PM","No Pedestrians Involved","Dry","No Unusual Conditions","Dark - Street Light","Violation Driver 1","Controls Functioning","Clear","Rear End","Non-Related","Other Vehicle","Not Applicable","Not Applicable","East Of","PD (EMERGENCY VEHICLE)"
"684934","CR-0000093621","1","0","0","0","22-218-1016","False","False","55","8/6/2022 10:48:00 PM","No Pedestrians Involved","Slippery (Muddy Oily etc.)","No Unusual Conditions","Dark - Street Light Not Functioning","Violation Driver 1","Controls Functioning","Clear","Sideswipe","Non-Related","Parked Vehicle","Not Applicable","Not Applicable","North Of",""
"684935","CR-0000093622","0","0","0","0","22-218-1076","False","False","51","8/6/2022 11:32:00 PM","No Pedestrians Involved","Slippery (Muddy Oily etc.)","No Unusual Conditions","Dark - Street Light","Violation Driver 1","No Controls Present/Factor","Clear","Sideswipe","Non-Related","Parked Vehicle","Not Applicable","Not Applicable","South Of",""
"684936","CR-0000093615","0","0","0","0","22-199-0260","False","False","120","7/18/2022 8:00:00 AM","No Pedestrians Involved","Dry","No Unusual Conditions","Daylight","Violation Driver 1","Unknown","Clear","Sideswipe","Non-Related","Parked Vehicle","Not Applicable","Not Applicable","West Of",""
"684937","CR-0000093645","0","0","0","0","22-200-0063","True","False","175","8/8/2022 1:43:00 AM","No Pedestrians Involved","Dry","No Unusual Conditions","Dusk - Dawn","Violation Driver 1","Controls Functioning","Clear","Head On","Non-Related","Fixed Object","Not Applicable","Not Applicable","West Of","LIGHT POLE, TREE"
"684938","CR-0000093642","0","0","1","0","22-219-0488","False","False","0","8/7/2022 1:05:00 PM","No Pedestrians Involved","Dry","No Unusual Conditions","Daylight","Violation Driver 1","Controls Functioning","Clear","Rear End","Intersection","Other Vehicle","Not Applicable","Not Applicable","At",""
"684939","CR-0000093627","2","0","0","0","22-216-0326","False","False","0","8/4/2022 10:15:00 AM","No Pedestrians Involved","Dry","No Unusual Conditions","Daylight","Violation Driver 1","Controls Functioning","Clear","Broadside","Intersection","Other Vehicle","Not Applicable","Not Applicable","At",""
"684940","CR-0000093662","0","0","0","0","22-225-0199","True","False","538","8/13/2022 6:24:00 AM","No Pedestrians Involved","Dry","No Unusual Conditions","Daylight","Violation Driver 1","Controls Functioning","Clear","Hit Object","Non-Related","Fixed Object","Not Applicable","Not Applicable","South Of","SIGN"
"684941","CR-0000093650","1","1","0","0","22-235-0842","False","False","0","8/23/2022 5:40:00 PM","No Pedestrians Involved","Dry","No Unusual Conditions","Daylight","Violation Driver 1","No Controls Present/Factor","Clear","Broadside","Intersection","Other Vehicle","Not Applicable","Not Applicable","At",""
"684942","CR-0000093608","2","0","0","0","22-196-0137","False","False","350","7/15/2022 4:02:00 AM","No Pedestrians Involved","Dry","No Unusual Conditions","Dark - Street Light","Violation Driver 1","Controls Functioning","Clear","Head On","Non-Related","Parked Vehicle","Not Applicable","Not Applicable","West Of",""
"684943","CR-0000093638","1","0","0","0","22-216-0820","False","False","0","8/4/2022 7:05:00 PM","Crossing - Not In Crosswalk","Dry","No Unusual Conditions","Daylight","Pedestrian At Fault","No Controls Present/Factor","Clear","Vehicle/Pedestrian","Intersection","Pedestrian","North","South","At","PEDESTRIAN"
"684944","CR-0000093624","0","0","0","0","22-220-9713","False","False","0","8/8/2022 12:36:00 PM","No Pedestrians Involved","Dry","No Unusual Conditions","Daylight","Unknown","Controls Functioning","Clear","Other","Intersection","Other Vehicle","Not Applicable","Not Applicable","At",""
"684945","CR-0000093625","0","0","0","0","22-213-0656","False","False","0","8/1/2022 4:15:00 PM","No Pedestrians Involved","Dry","No Unusual Conditions","Daylight","Violation Driver 1","No Controls Present/Factor","Clear","Head On","Intersection","Motor Vehicle On Other Roadway","Not Applicable","Not Applicable","At",""
"684946","CR-0000093651","1","0","0","0","22-222-0251","False","False","0","8/10/2022 9:08:00 AM","Crossing In Crosswalk - At Intersection","Dry","No Unusual Conditions","Daylight","Violation Driver 1","Controls Functioning","Clear","Head On","Intersection","Pedestrian","East","West","At","PEDESTRIAN"
"684947","CR-0000093594","2","0","0","0","22-232-0242","False","False","0","8/20/2022 8:05:00 AM","No Pedestrians Involved","Dry","No Unusual Conditions","Daylight","Violation Driver 1","Controls Functioning","Clear","Broadside","Intersection","Other Vehicle","Not Applicable","Not Applicable","At",""
"684948","CR-0000093654","0","0","0","0","22-223-0690","False","False","42","8/11/2022 5:38:00 PM","No Pedestrians Involved","Dry","No Unusual Conditions","Daylight","Violation Driver 1","Controls Functioning","Clear","Sideswipe","Related","Other Vehicle","Not Applicable","Not Applicable","South Of",""
"684949","CR-0000093636","0","0","0","0","22-235-0464","False","False","48","8/23/2022 11:36:00 AM","No Pedestrians Involved","Dry","No Unusual Conditions","Daylight","Violation Driver 1","Controls Not Functioning","Clear","Rear End","Related","Other Vehicle","Not Applicable","Not Applicable","South Of","PD - EMERGENCY VEHICLE INVOLVED"
"684950","CR-0000093606","1","1","0","0","22-194-0655","False","False","0","7/13/2022 5:05:00 PM","No Pedestrians Involved","Dry","No Unusual Conditions","Daylight","Violation Driver 1","No Controls Present/Factor","Clear","Broadside","Intersection","Other Vehicle","Not Applicable","Not Applicable","At",""
"684951","CR-0000093595","0","0","0","0","22-232-0862","False","False","51","8/20/2022 8:58:00 PM","No Pedestrians Involved","Dry","No Unusual Conditions","Dark - Street Light","Violation Driver 1","No Controls Present/Factor","Clear","Head On","Non-Related","Fixed Object","Not Applicable","Not Applicable","West Of","PG&E POLE"
"684952","CR-0000093617","0","0","0","0","22-217-0902","False","False","300","8/5/2022 9:43:00 PM","No Pedestrians Involved","Dry","No Unusual Conditions","Dark - Street Light Not Functioning","Violation Driver 1","No Controls Present/Factor","Clear","Hit Object","Non-Related","Fixed Object","Not Applicable","Not Applicable","East Of","HYDRANT"
"684953","CR-0000093637","1","0","0","0","22-235-0702","False","False","0","8/23/2022 3:16:00 PM","No Pedestrians Involved","Dry","No Unusual Conditions","Daylight","Violation Driver 1","Controls Functioning","Clear","Rear End","Intersection","Other Vehicle","Not Applicable","Not Applicable","At",""
"684954","CR-0000093607","0","0","0","0","22-216-0182","False","False","0","8/4/2022 7:13:00 AM","No Pedestrians Involved","Dry","No Unusual Conditions","Daylight","Violation Driver 1","Unknown","Clear","Sideswipe","Intersection","Other Vehicle","Not Applicable","Not Applicable","At",""
"684955","CR-0000093652","0","0","0","0","22-222-0700","False","False","81","8/10/2022 4:30:00 PM","No Pedestrians Involved","Dry","No Unusual Conditions","Daylight","Violation Driver 1","Controls Functioning","Clear","Sideswipe","Non-Related","Other Vehicle","Not Applicable","Not Applicable","East Of",""
"684956","CR-0000093655","0","0","0","0","22-224-0438","False","False","52","8/12/2022 1:12:00 PM","No Pedestrians Involved","Dry","No Unusual Conditions","Daylight","Violation Driver 1","Controls Functioning","Clear","Rear End","Non-Related","Other Vehicle","Not Applicable","Not Applicable","East Of",""
"684957","CR-0000093598","0","0","0","0","22-233-0961","False","False","51","8/21/2022 10:31:00 PM","No Pedestrians Involved","Dry","No Unusual Conditions","Dark - Street Light","Violation Driver 1","Controls Functioning","Clear","Hit Object","Non-Related","Fixed Object","Not Applicable","Not Applicable","East Of","PD - EMERGENCY VEHICLE INVOLVED"
"684958","CR-0000093599","0","0","0","0","22-215-0118","False","False","285","8/3/2022 4:16:00 AM","No Pedestrians Involved","Dry","No Unusual Conditions","Dark - Street Light","Violation Driver 1","No Controls Present/Factor","Clear","Rear End","Non-Related","Other Vehicle","Not Applicable","Not Applicable","South Of",""
"684959","CR-0000093603","0","0","0","0","22-216-0234","False","False","127","8/3/2022 2:40:00 PM","No Pedestrians Involved","Dry","No Unusual Conditions","Daylight","Violation Driver 1","No Controls Present/Factor","Clear","Hit Object","Non-Related","Parked Vehicle","Not Applicable","Not Applicable","South Of","FENCE"
"684960","CR-0000093629","0","0","0","0","22-201-9704","False","True","0","7/20/2022 10:05:00 AM","No Pedestrians Involved","Dry","Other","Daylight","Unknown","Controls Functioning","Clear","Sideswipe","Intersection","Other Vehicle","Not Applicable","Not Applicable","At",""
"684961","CR-0000093633","1","0","0","0","22-234-0305","False","False","0","8/22/2022 9:57:00 AM","No Pedestrians Involved","Dry","No Unusual Conditions","Daylight","Violation Driver 1","Controls Functioning","Clear","Broadside","Intersection","Other Vehicle","Not Applicable","Not Applicable","At",""
"684962","CR-0000093600","0","0","0","0","22-192-9701","False","False","51","7/8/2022 9:25:00 AM","No Pedestrians Involved","Dry","No Unusual Conditions","Daylight","Unknown","No Controls Present/Factor","Clear","Rear End","Non-Related","Parked Vehicle","Not Applicable","Not Applicable","North Of",""
"684963","CR-0000093658","1","1","0","0","22-236-0641","False","False","0","8/24/2022 3:51:00 PM","No Pedestrians Involved","Dry","No Unusual Conditions","Daylight","Bike At Fault","Controls Functioning","Clear","Vehicle/Bike","Intersection","Bike","Not Applicable","Not Applicable","At","BIKE"
"684964","CR-0000093630","0","1","0","0","22-202-0570","False","False","0","7/21/2022 3:05:00 PM","No Pedestrians Involved","Dry","No Unusual Conditions","Daylight","Violation Driver 1","Controls Functioning","Clear","Broadside","Intersection","Other Vehicle","Not Applicable","Not Applicable","At",""
"684965","CR-0000093616","0","0","0","0","22-217-0964","False","False","97","8/5/2022 4:30:00 PM","No Pedestrians Involved","Dry","No Unusual Conditions","Dark - Street Light Not Functioning","Violation Driver 1","No Controls Present/Factor","Clear","Sideswipe","Non-Related","Parked Vehicle","Not Applicable","Not Applicable","West Of",""
"684966","CR-0000093593","0","1","0","0","22-231-1065","False","False","0","8/19/2022 11:33:00 PM","No Pedestrians Involved","Dry","No Unusual Conditions","Dark - Street Light","Violation Driver 1","Controls Functioning","Clear","Broadside","Intersection","Other Vehicle","Not Applicable","Not Applicable","At",""
"684967","CR-0000093659","2","0","0","0","22-236-0706","False","False","0","8/24/2022 4:38:00 PM","No Pedestrians Involved","Dry","No Unusual Conditions","Daylight","Violation Driver 1","Controls Functioning","Clear","Broadside","Intersection","Other Vehicle","Not Applicable","Not Applicable","At",""
"684968","CR-0000093597","0","0","0","0","22-233-0992","False","False","38","8/21/2022 11:01:00 PM","No Pedestrians Involved","Dry","No Unusual Conditions","Dark - Street Light","Violation Driver 1","Controls Functioning","Clear","Sideswipe","Related","Parked Vehicle","Not Applicable","Not Applicable","East Of","PD - EMERGENCY VEHICLE"
"684969","CR-0000093626","0","0","0","0","22-216-0116","False","False","160","8/4/2022 4:25:00 AM","No Pedestrians Involved","Dry","No Unusual Conditions","Dark - Street Light","Violation Driver 1","No Controls Present/Factor","Clear","Head On","Non-Related","Parked Vehicle","Not Applicable","Not Applicable","North Of",""
"684970","CR-0000093613","0","0","0","0","22-217-0179","False","False","189","8/5/2022 8:28:00 AM","No Pedestrians Involved","Dry","No Unusual Conditions","Daylight","Violation Driver 1","No Controls Present/Factor","Clear","Head On","Non-Related","Parked Vehicle","Not Applicable","Not Applicable","North Of",""
"684971","CR-0000093646","0","0","0","0","22-220-0188","False","False","120","8/8/2022 2:00:00 AM","No Pedestrians Involved","Dry","No Unusual Conditions","Dark - Street Light","Unknown","No Controls Present/Factor","Clear","Sideswipe","Non-Related","Parked Vehicle","Not Applicable","Not Applicable","North Of",""
"684972","CR-0000093620","0","0","0","0","22-218-0773","False","False","0","8/6/2022 7:31:00 PM","No Pedestrians Involved","Dry","No Unusual Conditions","Daylight","Violation Driver 1","Controls Functioning","Clear","Broadside","Intersection","Other Vehicle","Not Applicable","Not Applicable","At",""
"684973","CR-0000093601","0","0","0","0","22-216-9707","False","True","51","8/3/2022 8:58:00 AM","No Pedestrians Involved","Dry","No Unusual Conditions","Daylight","Unknown","Unknown","Clear","Sideswipe","Non-Related","Other Vehicle","Not Applicable","Not Applicable","South Of",""
"684974","CR-0000093602","0","0","0","0","22-193-9701","False","True","51","7/11/2022 6:30:00 PM","No Pedestrians Involved","Dry","No Unusual Conditions","Daylight","Unknown","No Controls Present/Factor","Clear","Other","Non-Related","Parked Vehicle","Not Applicable","Not Applicable","South Of",""
"684975","CR-0000093643","0","0","0","0","22-219-0549","False","False","0","8/7/2022 2:54:00 PM","No Pedestrians Involved","Dry","No Unusual Conditions","Daylight","Violation Driver 1","Controls Functioning","Clear","Head On","Intersection","Motor Vehicle On Other Roadway","Not Applicable","Not Applicable","At",""
"684976","CR-0000093631","0","0","1","0","22-020-0951","False","False","0","7/21/2022 9:24:00 PM","Crossing In Crosswalk - At Intersection","Dry","No Unusual Conditions","Dark - Street Light","Pedestrian At Fault","Controls Functioning","Clear","Vehicle/Pedestrian","Intersection","Pedestrian","West","East","At","PED"
"684977","CR-0000093632","0","0","0","0","22-203-0055","False","False","280","7/22/2022 1:48:00 AM","No Pedestrians Involved","Dry","No Unusual Conditions","Dark - Street Light","Violation Driver 1","No Controls Present/Factor","Clear","Hit Object","Non-Related","Fixed Object","Not Applicable","Not Applicable","South Of","HYDRANT"
"684978","CR-0000093657","0","1","1","0","22-224-0782","False","False","0","8/12/2022 6:57:00 PM","No Pedestrians Involved","Dry","No Unusual Conditions","Daylight","Violation Driver 1","Controls Functioning","Clear","Head On","Intersection","Other Vehicle","Not Applicable","Not Applicable","At",""
"684979","CR-0000093618","0","0","0","0","22-218-0296","True","False","110","8/6/2022 9:21:00 AM","No Pedestrians Involved","Dry","No Unusual Conditions","Daylight","Violation Driver 1","Controls Functioning","Clear","Hit Object","Non-Related","Fixed Object","Not Applicable","Not Applicable","South Of","STREET LIGHT"
"684980","CR-0000093619","0","0","0","0","22-218-0732","False","False","0","8/6/2022 7:05:00 PM","No Pedestrians Involved","Dry","No Unusual Conditions","Daylight","Violation Driver 1","Controls Functioning","Clear","Rear End","Intersection","Other Vehicle","Not Applicable","Not Applicable","At",""
"684981","CR-0000093640","1","1","0","0","22-217-0255","False","False","0","8/5/2022 9:07:00 AM","No Pedestrians Involved","Dry","No Unusual Conditions","Daylight","Violation Driver 1","Controls Functioning","Clear","Head On","Intersection","Other Vehicle","Not Applicable","Not Applicable","At",""
"684982","CR-0000093623","0","0","0","0","22-219-0199","False","False","0","8/7/2022 3:17:00 AM","No Pedestrians Involved","Dry","No Unusual Conditions","Dark - Street Light Not Functioning","Violation Driver 1","No Controls Present/Factor","Clear","Rear End","Intersection","Parked Vehicle","Not Applicable","Not Applicable","At",""
"684983","CR-0000093639","0","0","1","0","22-217-0138","False","False","315","8/5/2022 5:08:00 AM","Crossing - Not In Crosswalk","Dry","No Unusual Conditions","Dark - Street Light","Pedestrian At Fault","Controls Functioning","Clear","Head On","Non-Related","Pedestrian","Unknown","Unknown","East Of","PEDESTRIAN"
"684984","CR-0000093612","0","0","0","0","22-127-0121","False","False","0","8/5/2022 3:42:00 AM","No Pedestrians Involved","Dry","No Unusual Conditions","Dark - Street Light","Violation Driver 1","No Controls Present/Factor","Clear","Sideswipe","Intersection","Parked Vehicle","Not Applicable","Not Applicable","At",""
"684985","CR-0000093656","0","0","0","0","22-236-0450","False","False","18","8/24/2022 12:23:00 PM","No Pedestrians Involved","Dry","No Unusual Conditions","Daylight","Violation Driver 1","Controls Functioning","Clear","Sideswipe","Related","Other Vehicle","Not Applicable","Not Applicable","East Of","PD - EMERGENCY VEHICLE INVOLVED"
"684986","CR-0000093604","0","0","0","0","22-194-9701","False","True","","7/13/2022 6:00:00 AM","No Pedestrians Involved","Dry","No Unusual Conditions","Dark - Street Light","Unknown","No Controls Present/Factor","Clear","Other","Related","Parked Vehicle","Not Applicable","Not Applicable","North Of",""
"684987","CR-0000093661","0","1","0","0","22-225-0069","False","False","162","8/13/2022 1:26:00 AM","No Pedestrians Involved","Dry","No Unusual Conditions","Dark - Street Light","Violation Driver 1","Controls Functioning","Clear","Sideswipe","Non-Related","Parked Vehicle","Not Applicable","Not Applicable","North Of",""
"684988","CR-0000093610","1","0","0","0","22-217-0076","True","False","460","8/5/2022 2:01:00 AM","No Pedestrians Involved","Dry","No Unusual Conditions","Daylight","Violation Driver 1","No Controls Present/Factor","Clear","Head On","Non-Related","Fixed Object","Not Applicable","Not Applicable","East Of","TREE"
"684989","CR-0000093628","0","0","0","0","22-202-9706","False","True","51","7/18/2022 3:00:00 PM","No Pedestrians Involved","Dry","No Unusual Conditions","Daylight","Unknown","Controls Functioning","Clear","Rear End","Non-Related","Other Vehicle","Not Applicable","Not Applicable","North Of",""
"684990","CR-0000093634","2","0","0","0","22-234-0470","False","False","665","8/22/2022 1:30:00 PM","No Pedestrians Involved","Dry","No Unusual Conditions","Daylight","Violation Driver 1","No Controls Present/Factor","Clear","Broadside","Non-Related","Other Vehicle","Not Applicable","Not Applicable","West Of",""
"684991","CR-0000093648","0","0","0","0","22-221-0551","True","False","0","8/9/2022 2:00:00 PM","No Pedestrians Involved","Dry","No Unusual Conditions","Daylight","Violation Driver 1","No Controls Present/Factor","Clear","Hit Object","Intersection","Fixed Object","Not Applicable","Not Applicable","At","STOP SIGN, HYDRANT"
"684992","CR-0000093649","0","0","0","0","22-222-0013","True","False","34","8/10/2022 12:12:00 AM","No Pedestrians Involved","Dry","No Unusual Conditions","Dark - Street Light","Violation Driver 1","No Controls Present/Factor","Clear","Hit Object","Related","Fixed Object","Not Applicable","Not Applicable","East Of","LIGHT POLE"
"684993","CR-0000093660","0","1","1","0","22-224-0966","False","False","80","8/12/2022 9:57:00 PM","No Pedestrians Involved","Dry","No Unusual Conditions","Dusk - Dawn","Unknown","Controls Functioning","Clear","Head On","Non-Related","Motorcycle","Not Applicable","Not Applicable","South Of",""
"684994","CR-0000093653","1","0","0","0","22-236-0215","False","False","17","8/24/2022 8:28:00 AM","No Pedestrians Involved","Dry","No Unusual Conditions","Daylight","Bike At Fault","Controls Functioning","Clear","Vehicle/Bike","Related","Bike","Not Applicable","Not Applicable","North Of","BIKE"
"684995","CR-0000093614","0","0","0","0","22-198-0657","False","False","450","7/17/2022 5:30:00 PM","No Pedestrians Involved","Dry","No Unusual Conditions","Daylight","Violation Driver 1","Controls Functioning","Clear","Rear End","Non-Related","Parked Vehicle","Not Applicable","Not Applicable","North Of",""
"684996","CR-0000093611","0","0","0","0","22-210-0467","False","False","100","7/15/2022 11:00:00 PM","No Pedestrians Involved","Unknown","No Unusual Conditions","Unknown","Violation Driver 1","Controls Functioning","Other","Sideswipe","Non-Related","Parked Vehicle","Not Applicable","Not Applicable","West Of",""
"684997","CR-0000093692","1","0","0","0","22-212-0531","False","False","0","7/31/2022 3:27:00 PM","No Pedestrians Involved","Dry","No Unusual Conditions","Daylight","Violation Driver 1","Controls Functioning","Clear","Head On","Intersection","Other Vehicle","Not Applicable","Not Applicable","At",""
"684998","CR-0000093678","1","1","0","0","22-238-0195","False","False","0","8/26/2022 8:25:00 AM","No Pedestrians Involved","Dry","No Unusual Conditions","Daylight","Violation Driver 1","Controls Functioning","Clear","Head On","Intersection","Other Vehicle","Not Applicable","Not Applicable","At",""
"684999","CR-0000093684","0","0","0","0","22-210-0655","False","False","0","7/29/2022 5:06:00 PM","No Pedestrians Involved","Dry","No Unusual Conditions","Daylight","Violation Driver 1","Controls Functioning","Clear","Rear End","Intersection","Other Vehicle","Not Applicable","Not Applicable","West Of",""
"685000","CR-0000093687","0","1","0","0","22-211-0044","True","False","103","7/30/2022 12:35:00 AM","No Pedestrians Involved","Dry","No Unusual Conditions","Dark - Street Light","Violation Driver 1","No Controls Present/Factor","Clear","Hit Object","Non-Related","Fixed Object","Not Applicable","Not Applicable","East Of","LIGHTPOLE"
"685001","CR-0000093667","0","0","0","0","22-204-0746","False","False","0","7/23/2022 8:00:00 PM","No Pedestrians Involved","Unknown","No Unusual Conditions","Dark - Street Light","Violation Driver 1","Controls Functioning","Clear","Sideswipe","Intersection","Other Vehicle","Not Applicable","Not Applicable","At",""
"685002","CR-0000093691","0","0","0","0","22-212-0202","False","False","0","7/31/2022 5:11:00 AM","No Pedestrians Involved","Dry","No Unusual Conditions","Dark - Street Light","Violation Driver 1","No Controls Present/Factor","Clear","Hit Object","Intersection","Fixed Object","Not Applicable","Not Applicable","At",""
"685003","CR-0000093682","0","0","0","0","22-209-0655","False","False","64","7/28/2022 5:15:00 PM","No Pedestrians Involved","Dry","No Unusual Conditions","Daylight","Violation Driver 1","Controls Functioning","Clear","Sideswipe","Non-Related","Other Vehicle","Not Applicable","Not Applicable","South Of",""
"685004","CR-0000093679","2","0","0","0","22-208-0318","False","False","0","7/27/2022 10:22:00 AM","No Pedestrians Involved","Dry","No Unusual Conditions","Daylight","Violation Driver 1","Controls Functioning","Clear","Rear End","Intersection","Other Vehicle","Not Applicable","Not Applicable","At",""
"685005","CR-0000093685","0","0","0","0","22-210-0806","False","False","100","7/29/2022 6:15:00 PM","No Pedestrians Involved","Dry","No Unusual Conditions","Daylight","Violation Driver 1","No Controls Present/Factor","Clear","Sideswipe","Non-Related","Parked Vehicle","Not Applicable","Not Applicable","West Of",""
"685006","CR-0000093665","1","0","0","0","22-238-0184","False","False","0","8/25/2022 8:30:00 AM","Crossing In Crosswalk - At Intersection","Dry","No Unusual Conditions","Daylight","Violation Driver 1","Controls Functioning","Clear","Vehicle/Pedestrian","Intersection","Pedestrian","West","East","At","PEDESTRIAN"
"685007","CR-0000093690","1","0","0","0","22-211-0875","False","False","0","7/30/2022 8:31:00 PM","No Pedestrians Involved","Dry","No Unusual Conditions","Dark - Street Light","Violation Driver 1","No Controls Present/Factor","Clear","Sideswipe","Intersection","Other Vehicle","Not Applicable","Not Applicable","At",""
"685008","CR-0000093697","0","0","0","0","22-187-0136","False","False","0","7/6/2022 6:58:00 AM","No Pedestrians Involved","Dry","No Unusual Conditions","Daylight","Violation Driver 1","No Controls Present/Factor","Clear","Head On","Intersection","Motor Vehicle On Other Roadway","Not Applicable","Not Applicable","At",""
"685009","CR-0000093677","0","0","0","0","22-208-0141","False","False","51","7/27/2022 5:29:00 AM","No Pedestrians Involved","Dry","No Unusual Conditions","Dark - Street Light","Violation Driver 1","No Controls Present/Factor","Clear","Broadside","Non-Related","Parked Vehicle","Not Applicable","Not Applicable","East Of",""
"685010","CR-0000093694","0","0","0","0","22-213-9702","False","True","51","7/31/2022 11:30:00 PM","No Pedestrians Involved","Dry","No Unusual Conditions","Dark - Street Light","Unknown","Unknown","Clear","Sideswipe","Non-Related","Parked Vehicle","Not Applicable","Not Applicable","East Of",""
"685011","CR-0000093695","0","0","0","0","22-129-0957","False","False","22","7/31/2022 11:26:00 PM","No Pedestrians Involved","Dry","No Unusual Conditions","Dark - Street Light","Violation Driver 1","Controls Functioning","Clear","Broadside","Related","Other Vehicle","Not Applicable","Not Applicable","South Of",""
"685012","CR-0000093676","0","0","0","0","22-238-0069","False","False","96","8/26/2022 2:42:00 AM","No Pedestrians Involved","Dry","No Unusual Conditions","Dark - Street Light","Violation Driver 1","No Controls Present/Factor","Clear","Sideswipe","Non-Related","Parked Vehicle","Not Applicable","Not Applicable","West Of",""
"685013","CR-0000093700","1","2","0","0","22-188-0371","False","False","0","7/7/2022 12:00:00 PM","No Pedestrians Involved","Dry","No Unusual Conditions","Daylight","Violation Driver 1","Controls Functioning","Clear","Broadside","Intersection","Other Object","Not Applicable","Not Applicable","At",""
"685014","CR-0000093704","1","0","0","0","22-202-0877","False","False","24","7/21/2022 5:59:00 PM","Crossing In Crosswalk - At Intersection","Dry","No Unusual Conditions","Daylight","Violation Driver 1","Controls Not Functioning","Clear","Vehicle/Pedestrian","Related","Pedestrian","North","South","East Of","PED"
"685015","CR-0000093701","2","0","0","0","22-188-0524","False","False","0","7/7/2022 3:21:00 PM","No Pedestrians Involved","Dry","No Unusual Conditions","Daylight","Violation Driver 1","Controls Functioning","Clear","Broadside","Related","Other Vehicle","Not Applicable","Not Applicable","At",""
"685016","CR-0000093703","2","0","0","0","22-202-0710","False","False","0","7/21/2022 5:18:00 PM","No Pedestrians Involved","Dry","No Unusual Conditions","Daylight","Violation Driver 1","Controls Functioning","Clear","Broadside","Intersection","Other Vehicle","Not Applicable","Not Applicable","At",""
"685017","CR-0000093686","0","1","0","0","22-210-0874","False","False","970","7/29/2022 8:14:00 PM","No Pedestrians Involved","Dry","No Unusual Conditions","Daylight","Bike At Fault","No Controls Present/Factor","Cloudy","Vehicle/Bike","Non-Related","Bike","Not Applicable","Not Applicable","South Of","BIKE"
"685018","CR-0000093666","1","0","0","0","22-237-0433","False","False","0","8/25/2022 12:35:00 PM","No Pedestrians Involved","Dry","No Unusual Conditions","Daylight","Violation Driver 1","No Controls Present/Factor","Clear","Broadside","Intersection","Other Vehicle","Not Applicable","Not Applicable","At",""
"685019","CR-0000093698","0","0","0","0","22-187-0438","False","False","690","7/6/2022 1:17:00 PM","No Pedestrians Involved","Dry","No Unusual Conditions","Daylight","Violation Driver 1","No Controls Present/Factor","Clear","Hit Object","Non-Related","Fixed Object","Not Applicable","Not Applicable","West Of","Telephone Pole"
"685020","CR-0000093673","0","2","1","0","22-206-0596","False","False","0","7/25/2022 3:17:00 PM","No Pedestrians Involved","Dry","No Unusual Conditions","Daylight","Violation Driver 1","No Controls Present/Factor","Clear","Broadside","Intersection","Other Vehicle","Not Applicable","Not Applicable","At",""
"685021","CR-0000093705","0","0","0","0","22-203-0918","False","False","90","7/22/2022 9:49:00 PM","No Pedestrians Involved","Dry","No Unusual Conditions","Dark - Street Light","Violation Driver 1","Controls Functioning","Clear","Sideswipe","Non-Related","Parked Vehicle","Not Applicable","Not Applicable","North Of",""
"685022","CR-0000093670","0","0","0","0","22-205-0611","False","False","0","7/24/2022 4:25:00 PM","No Pedestrians Involved","Dry","No Unusual Conditions","Daylight","Violation Driver 1","No Controls Present/Factor","Clear","Sideswipe","Intersection","Other Vehicle","Not Applicable","Not Applicable","At",""
"685023","CR-0000093699","1","0","0","0","22-187-0626","False","False","24","7/6/2022 4:15:00 PM","No Pedestrians Involved","Dry","No Unusual Conditions","Daylight","Violation Driver 1","Controls Functioning","Clear","Rear End","Related","Other Vehicle","Not Applicable","Not Applicable","West Of",""