"CrashFactId","Name","MinorInjuries","ModerateInjuries","SevereInjuries","FatalInjuries","TcrNumber","CityDamageFlag","ShortFormFlag","Distance","CrashDateTime","PedestrianAction","RoadwaySurface","RoadwayCondition","Lighting","PrimaryCollisionFactor","TrafficControl","Weather","CollisionType","ProximityToIntersection","VehicleInvolvedWith","PedestrianDirectionFrom","PedestrianDirectionTo","DirectionFromIntersection","Comment"
"685024","CR-0000093671","0","0","0","0","22-207-9706","False","False","0","7/25/2022 2:30:00 PM","No Pedestrians Involved","Dry","No Unusual Conditions","Daylight","Unknown","Controls Functioning","Clear","Rear End","Intersection","Other Vehicle","Not Applicable","Not Applicable","At",""
"685025","CR-0000093702","1","0","0","0","22-195-0769","False","False","0","7/14/2022 6:55:00 PM","No Pedestrians Involved","Dry","No Unusual Conditions","Daylight","Bike At Fault","Controls Functioning","Clear","Broadside","Intersection","Bike","Not Applicable","Not Applicable","At","BIKE"
"685026","CR-0000093696","1","0","0","0","22-182-0095","False","False","105","7/1/2022 2:33:00 AM","No Pedestrians Involved","Dry","No Unusual Conditions","Dark - Street Light","Violation Driver 1","Controls Functioning","Clear","Rear End","Non-Related","Parked Vehicle","Not Applicable","Not Applicable","East Of",""
"685027","CR-0000093683","0","0","0","0","22-210-0535","True","False","583","7/29/2022 2:57:00 PM","No Pedestrians Involved","Dry","No Unusual Conditions","Daylight","Violation Driver 1","No Controls Present/Factor","Clear","Hit Object","Non-Related","Fixed Object","Not Applicable","Not Applicable","West Of","No Stopping Sign"
"685028","CR-0000093668","2","0","0","0","22-237-0473","False","False","0","8/25/2022 1:19:00 PM","No Pedestrians Involved","Dry","No Unusual Conditions","Daylight","Violation Driver 1","No Controls Present/Factor","Clear","Broadside","Intersection","Other Vehicle","Not Applicable","Not Applicable","At",""
"685029","CR-0000093674","0","0","0","0","22-207-0279","False","False","0","7/26/2022 9:57:00 AM","No Pedestrians Involved","Dry","No Unusual Conditions","Daylight","Violation Driver 1","No Controls Present/Factor","Clear","Broadside","Intersection","Other Vehicle","Not Applicable","Not Applicable","At",""
"685030","CR-0000093688","1","0","0","0","22-211-0400","False","False","0","7/30/2022 11:22:00 AM","No Pedestrians Involved","Dry","No Unusual Conditions","Daylight","Unknown","Controls Functioning","Clear","Broadside","Intersection","Other Vehicle","Not Applicable","Not Applicable","At",""
"685031","CR-0000093706","0","0","0","0","22-211-0711","False","False","0","7/30/2022 5:21:00 PM","No Pedestrians Involved","Dry","No Unusual Conditions","Daylight","Violation Driver 1","Controls Functioning","Clear","Sideswipe","Intersection","Non-Collision","Not Applicable","Not Applicable","At",""
"685032","CR-0000093693","0","0","0","0","22-120-0860","False","False","0","7/31/2022 9:40:00 PM","No Pedestrians Involved","Dry","No Unusual Conditions","Dark - Street Light","Violation Driver 1","Controls Functioning","Clear","Rear End","Intersection","Other Vehicle","Not Applicable","Not Applicable","At",""
"685033","CR-0000093681","0","0","0","0","22-209-0046","False","False","104","7/28/2022 1:10:00 AM","No Pedestrians Involved","Dry","No Unusual Conditions","Dark - Street Light","Violation Driver 1","No Controls Present/Factor","Clear","Broadside","Non-Related","Parked Vehicle","Not Applicable","Not Applicable","West Of",""
"685034","CR-0000093680","0","0","0","0","22-216-9702","False","False","","7/27/2022 1:00:00 PM","No Pedestrians Involved","Dry","No Unusual Conditions","Daylight","Unknown","Controls Functioning","Clear","Rear End","Related","Other Vehicle","Not Applicable","Not Applicable","West Of",""
"685035","CR-0000093672","2","0","0","0","22-237-0871","False","False","0","8/25/2022 7:51:00 PM","No Pedestrians Involved","Dry","No Unusual Conditions","Daylight","Violation Driver 1","Unknown","Unknown","Broadside","Intersection","Other Vehicle","Not Applicable","Not Applicable","At",""
"685036","CR-0000093689","0","0","0","0","22-211-9703","False","True","0","7/30/2022 1:20:00 PM","No Pedestrians Involved","Dry","No Unusual Conditions","Daylight","Unknown","No Controls Present/Factor","Clear","Rear End","Intersection","Parked Vehicle","Not Applicable","Not Applicable","At",""
"685037","CR-0000093675","0","0","0","0","22-207-0524","False","False","0","7/26/2022 10:30:00 AM","No Pedestrians Involved","Dry","No Unusual Conditions","Daylight","Violation Driver 1","Controls Functioning","Clear","Sideswipe","Intersection","Other Vehicle","Not Applicable","Not Applicable","At",""
"685038","CR-0000093707","1","0","0","0","22-238-0872","False","False","75","8/26/2022 8:25:00 PM","Crossing - Not In Crosswalk","Dry","No Unusual Conditions","Dark - Street Light","Pedestrian At Fault","No Controls Present/Factor","Clear","Vehicle/Pedestrian","Non-Related","Pedestrian","North","South","West Of","PEDESTRIAN"
"685039","CR-0000093708","1","0","0","0","22-239-0407","False","False","300","8/27/2022 12:36:00 PM","No Pedestrians Involved","Dry","No Unusual Conditions","Daylight","Violation Driver 1","Controls Functioning","Clear","Rear End","Non-Related","Other Vehicle","Not Applicable","Not Applicable","West Of",""
"685040","CR-0000093710","1","0","0","0","22-240-0402","False","False","100","8/28/2022 11:29:00 AM","No Pedestrians Involved","Dry","No Unusual Conditions","Daylight","Violation Driver 1","Controls Functioning","Clear","Rear End","Non-Related","Other Vehicle","Not Applicable","Not Applicable","South Of",""
"685041","CR-0000093709","1","2","0","0","22-240-0329","False","False","75","8/28/2022 9:06:00 AM","No Pedestrians Involved","Dry","No Unusual Conditions","Daylight","Violation Driver 1","Controls Functioning","Clear","Rear End","Non-Related","Other Vehicle","Not Applicable","Not Applicable","East Of",""
"685042","CR-0000093711","0","0","0","0","22-250-9707","False","True","51","8/28/2022 2:30:00 PM","No Pedestrians Involved","Dry","No Unusual Conditions","Daylight","Unknown","Controls Functioning","Clear","Rear End","Non-Related","Other Vehicle","Not Applicable","Not Applicable","East Of",""
"685043","CR-0000093712","4","0","0","0","22-240-0583","False","False","250","8/28/2022 3:13:00 PM","No Pedestrians Involved","Dry","Unknown","Daylight","Violation Driver 1","Controls Functioning","Clear","Rear End","Non-Related","Other Vehicle","Not Applicable","Not Applicable","North Of",""
"685044","CR-0000093722","1","0","0","0","22-241-0884","False","False","114","8/29/2022 7:57:00 PM","No Pedestrians Involved","Dry","No Unusual Conditions","Dark - Street Light","Violation Driver 1","Unknown","Clear","Hit Object","Non-Related","Fixed Object","Not Applicable","Not Applicable","East Of","CURB"
"685045","CR-0000093720","2","0","0","0","22-241-0566","False","False","0","8/29/2022 2:39:00 PM","No Pedestrians Involved","Dry","No Unusual Conditions","Daylight","Violation Driver 1","Controls Not Functioning","Clear","Sideswipe","Intersection","Other Vehicle","Not Applicable","Not Applicable","At",""
"685046","CR-0000093737","0","1","0","0","22-215-0857","False","False","0","8/3/2022 8:45:00 PM","No Pedestrians Involved","Dry","No Unusual Conditions","Dark - Street Light","Violation Driver 1","No Controls Present/Factor","Clear","Sideswipe","Intersection","Other Vehicle","Not Applicable","Not Applicable","At",""
"685047","CR-0000093726","1","1","0","0","22-242-0774","False","False","0","8/30/2022 5:10:00 PM","No Pedestrians Involved","Dry","No Unusual Conditions","Daylight","Violation Driver 1","Controls Functioning","Clear","Broadside","Intersection","Other Vehicle","Not Applicable","Not Applicable","At",""
"685048","CR-0000093717","0","1","0","0","22-241-0033","True","False","52","8/29/2022 12:48:00 AM","No Pedestrians Involved","Dry","No Unusual Conditions","Dark - Street Light","Violation Driver 1","Controls Functioning","Clear","Hit Object","Non-Related","Fixed Object","Not Applicable","Not Applicable","South Of","TRAFFIC SIGNAL"
"685049","CR-0000093718","1","0","0","0","22-241-0529","False","False","350","8/29/2022 1:28:00 PM","No Pedestrians Involved","Dry","No Unusual Conditions","Daylight","Violation Driver 1","No Controls Present/Factor","Clear","Broadside","Non-Related","Other Vehicle","Not Applicable","Not Applicable","East Of",""
"685050","CR-0000093734","1","0","0","0","22-213-0395","False","False","0","8/1/2022 11:45:00 AM","No Pedestrians Involved","Dry","No Unusual Conditions","Daylight","Violation Driver 1","Controls Not Functioning","Clear","Broadside","Intersection","Other Vehicle","Not Applicable","Not Applicable","At",""
"685051","CR-0000093731","1","0","0","0","22-238-0128","False","False","0","8/26/2022 6:05:00 AM","No Pedestrians Involved","Dry","No Unusual Conditions","Dusk - Dawn","Violation Driver 1","No Controls Present/Factor","Clear","Sideswipe","Intersection","Parked Vehicle","Not Applicable","Not Applicable","At",""
"685052","CR-0000093733","1","1","0","0","22-213-0255","False","False","67","8/1/2022 9:07:00 AM","No Pedestrians Involved","Dry","No Unusual Conditions","Daylight","Violation Driver 1","Controls Functioning","Clear","Rear End","Non-Related","Other Vehicle","Not Applicable","Not Applicable","East Of",""
"685053","CR-0000093730","1","0","0","0","22-238-0505","False","False","0","8/26/2022 2:35:00 PM","No Pedestrians Involved","Dry","No Unusual Conditions","Daylight","Violation Driver 1","Controls Functioning","Clear","Broadside","Intersection","Other Vehicle","Not Applicable","Not Applicable","At",""
"685054","CR-0000093727","2","2","0","0","22-242-0884","False","False","0","8/30/2022 6:47:00 PM","No Pedestrians Involved","Dry","No Unusual Conditions","Daylight","Violation Driver 1","No Controls Present/Factor","Clear","Head On","Intersection","Other Vehicle","Not Applicable","Not Applicable","At",""
"685055","CR-0000093714","0","0","0","0","22-240-0787","True","False","0","8/28/2022 6:55:00 PM","No Pedestrians Involved","Dry","No Unusual Conditions","Daylight","Violation Driver 1","No Controls Present/Factor","Clear","Hit Object","Intersection","Fixed Object","Not Applicable","Not Applicable","At","CROSSWALK SIGN"
"685056","CR-0000093713","0","1","0","0","22-240-0693","False","False","75","8/28/2022 5:21:00 PM","No Pedestrians Involved","Dry","No Unusual Conditions","Daylight","Violation Driver 1","Unknown","Clear","Vehicle/Bike","Non-Related","Bike","Not Applicable","Not Applicable","North Of","BIKE"
"685057","CR-0000093715","1","0","0","0","22-240-0792","False","False","0","8/28/2022 7:03:00 PM","No Pedestrians Involved","Dry","No Unusual Conditions","Daylight","Violation Driver 1","Controls Functioning","Clear","Broadside","Intersection","Other Vehicle","Not Applicable","Not Applicable","At",""
"685058","CR-0000093719","1","0","0","0","22-241-0234","False","False","0","8/29/2022 8:14:00 AM","No Pedestrians Involved","Dry","No Unusual Conditions","Daylight","Violation Driver 1","Controls Functioning","Clear","Head On","Intersection","Other Vehicle","Not Applicable","Not Applicable","At",""
"685059","CR-0000093728","1","1","0","0","22-242-1083","False","False","0","8/30/2022 11:40:00 PM","No Pedestrians Involved","Dry","No Unusual Conditions","Dark - Street Light","Violation Driver 1","Controls Functioning","Clear","Broadside","Intersection","Other Vehicle","Not Applicable","Not Applicable","At",""
"685060","CR-0000093723","1","0","0","0","22-242-0399","False","False","110","8/30/2022 11:20:00 AM","In Road - Includes Shoulder","Dry","No Unusual Conditions","Daylight","Pedestrian At Fault","No Controls Present/Factor","Clear","Vehicle/Pedestrian","Non-Related","Pedestrian","West","East","North Of","PEDESTRIANS (2) (ADULT & BABY)"
"685061","CR-0000093735","2","0","0","0","22-213-1044","False","False","0","8/1/2022 11:34:00 PM","No Pedestrians Involved","Dry","No Unusual Conditions","Dark - Street Light","Violation Driver 1","No Controls Present/Factor","Clear","Broadside","Related","Other Vehicle","Not Applicable","Not Applicable","At",""
"685062","CR-0000093724","1","0","0","0","22-242-0516","False","False","0","8/30/2022 12:54:00 PM","No Pedestrians Involved","Unknown","Unknown","Daylight","Violation Driver 1","Unknown","Unknown","Vehicle/Bike","Intersection","Bike","Not Applicable","Not Applicable","At","BIKE"
"685063","CR-0000093721","3","2","0","0","22-242-0194","False","False","0","8/30/2022 7:50:00 AM","No Pedestrians Involved","Dry","No Unusual Conditions","Daylight","Violation Driver 1","Controls Functioning","Clear","Broadside","Intersection","Other Vehicle","Not Applicable","Not Applicable","At",""
"685064","CR-0000093732","0","0","0","0","22-240-0658","False","False","51","8/28/2022 4:40:00 PM","No Pedestrians Involved","Dry","No Unusual Conditions","Daylight","Violation Driver 1","Controls Functioning","Clear","Rear End","Non-Related","Other Vehicle","Not Applicable","Not Applicable","East Of",""
"685065","CR-0000093729","0","0","0","0","22-243-0320","False","False","81","8/30/2022 10:40:00 AM","No Pedestrians Involved","Dry","No Unusual Conditions","Daylight","Violation Driver 1","Controls Functioning","Clear","Rear End","Non-Related","Other Vehicle","Not Applicable","Not Applicable","East Of","EMERGENCY VEHICLE INVOLVED"
"685066","CR-0000093736","1","0","0","0","22-215-0672","False","False","46","8/3/2022 5:17:00 PM","No Pedestrians Involved","Dry","No Unusual Conditions","Daylight","Violation Driver 1","Controls Functioning","Clear","Broadside","Related","Other Vehicle","Not Applicable","Not Applicable","North Of",""
"685067","CR-0000093725","0","1","0","0","22-242-0556","False","False","413","8/30/2022 1:41:00 PM","No Pedestrians Involved","Dry","No Unusual Conditions","Daylight","Violation Driver 1","No Controls Present/Factor","Clear","Sideswipe","Non-Related","Other Vehicle","Not Applicable","Not Applicable","South Of",""
"685068","CR-0000093716","2","0","0","0","22-240-0853","False","False","0","8/28/2022 8:12:00 PM","No Pedestrians Involved","Dry","No Unusual Conditions","Dark - Street Light","Violation Driver 1","Controls Functioning","Clear","Broadside","Intersection","Other Vehicle","Not Applicable","Not Applicable","At",""
"685069","CR-0000093740","0","0","0","0","22-220-0063","True","False","170","8/8/2022 1:43:00 AM","No Pedestrians Involved","Dry","No Unusual Conditions","Dark - Street Light","Violation Driver 1","Controls Functioning","Clear","Hit Object","Non-Related","Fixed Object","Not Applicable","Not Applicable","East Of","Light Pole and Tree"
"685070","CR-0000093738","0","0","1","1","22-259-0211","False","False","0","9/16/2022 8:03:00 AM","Crossing In Crosswalk - At Intersection","Dry","No Unusual Conditions","Daylight","Violation Driver 1","No Controls Present/Factor","Clear","Vehicle/Pedestrian","Intersection","Pedestrian","South","North","At","PED"
"685071","CR-0000093739","0","0","1","0","22-201-0825","False","False","0","7/20/2022 8:09:00 PM","No Pedestrians Involved","Dry","No Unusual Conditions","Dusk - Dawn","Violation Driver 1","No Controls Present/Factor","Clear","Other","Intersection","Unknown","Not Applicable","Not Applicable","At","OTHER VEHICLE IS LISTED, BUT DESCRIPTION DOESN'T SAY HOW IT WAS INVOLVED. MENTION OF A TREE, NOT SURE WHY."
"685072","CR-0000093741","0","0","0","0","22-225-0082","False","False","290","8/13/2022 1:44:00 AM","No Pedestrians Involved","Dry","No Unusual Conditions","Unknown","Violation Driver 1","Controls Functioning","Clear","Sideswipe","Non-Related","Parked Vehicle","Not Applicable","Not Applicable","West Of",""
"685073","CR-0000093742","0","0","0","0","22-236-0967","False","False","0","8/24/2022 8:37:00 PM","No Pedestrians Involved","Dry","No Unusual Conditions","Dark - Street Light","Violation Driver 1","Controls Functioning","Clear","Rear End","Intersection","Other Vehicle","Not Applicable","Not Applicable","At",""
"685074","CR-0000093752","1","0","0","0","22-217-0561","False","False","0","8/5/2022 3:48:00 PM","No Pedestrians Involved","Dry","No Unusual Conditions","Daylight","Violation Driver 1","No Controls Present/Factor","Clear","Sideswipe","Intersection","Other Vehicle","Not Applicable","Not Applicable","At",""
"685075","CR-0000093744","0","1","0","0","22-216-0329","False","False","1100","8/4/2022 10:21:00 AM","No Pedestrians Involved","Dry","No Unusual Conditions","Daylight","Violation Driver 1","No Controls Present/Factor","Clear","Rear End","Non-Related","Other Vehicle","Not Applicable","Not Applicable","South Of",""
"685076","CR-0000093747","0","0","0","0","22-216-0730","False","False","0","8/4/2022 5:25:00 PM","Crossing In Crosswalk - At Intersection","Dry","Unknown","Daylight","Violation Driver 1","No Controls Present/Factor","Clear","Vehicle/Pedestrian","Intersection","Pedestrian","South","North","At","PEDESTRIAN"
"685077","CR-0000093754","1","1","0","0","22-219-0545","False","False","0","8/7/2022 3:26:00 PM","No Pedestrians Involved","Dry","No Unusual Conditions","Daylight","Violation Driver 1","No Controls Present/Factor","Clear","Rear End","Intersection","Other Vehicle","Not Applicable","Not Applicable","At",""
"685078","CR-0000093748","1","1","0","0","22-216-0845","False","False","0","8/4/2022 7:30:00 PM","No Pedestrians Involved","Dry","Construction - Repair Zone","Dusk - Dawn","Violation Driver 1","No Controls Present/Factor","Clear","Broadside","Intersection","Other Vehicle","Not Applicable","Not Applicable","At",""
"685079","CR-0000093743","4","2","0","0","22-216-0265","False","False","521","8/4/2022 9:15:00 AM","No Pedestrians Involved","Dry","No Unusual Conditions","Daylight","Violation Driver 1","No Controls Present/Factor","Clear","Broadside","Non-Related","Other Vehicle","Not Applicable","Not Applicable","North Of",""
"685080","CR-0000093746","1","0","0","0","22-216-0708","False","False","51","8/4/2022 4:58:00 PM","No Pedestrians Involved","Dry","No Unusual Conditions","Daylight","Violation Driver 1","No Controls Present/Factor","Clear","Rear End","Non-Related","Other Vehicle","Not Applicable","Not Applicable","South Of",""
"685081","CR-0000093750","1","1","0","0","22-217-0329","False","False","108","8/5/2022 10:50:00 AM","No Pedestrians Involved","Dry","No Unusual Conditions","Daylight","Violation Driver 1","Controls Functioning","Clear","Rear End","Non-Related","Other Vehicle","Not Applicable","Not Applicable","South Of",""
"685082","CR-0000093753","1","0","0","0","22-218-0431","False","False","0","8/6/2022 12:52:00 PM","No Pedestrians Involved","Dry","No Unusual Conditions","Daylight","Violation Driver 1","Unknown","Clear","Sideswipe","Intersection","Other Vehicle","Not Applicable","Not Applicable","At",""
"685083","CR-0000093745","1","0","0","0","22-216-0435","False","False","0","8/4/2022 1:43:00 PM","No Pedestrians Involved","Dry","Unknown","Daylight","Violation Driver 1","Controls Functioning","Clear","Broadside","Intersection","Other Vehicle","Not Applicable","Not Applicable","At",""
"685084","CR-0000093749","0","2","0","0","22-216-0854","True","False","333","8/4/2022 7:41:00 PM","No Pedestrians Involved","Dry","No Unusual Conditions","Dusk - Dawn","Violation Driver 1","No Controls Present/Factor","Clear","Hit Object","Non-Related","Fixed Object","Not Applicable","Not Applicable","East Of","GOLF CART HIT LIGHT POLE WITH NO DAMAGE"
"685085","CR-0000093751","0","1","0","0","22-217-0447","False","False","68","8/5/2022 1:27:00 PM","No Pedestrians Involved","Dry","No Unusual Conditions","Daylight","Violation Driver 1","Controls Functioning","Clear","Rear End","Non-Related","Other Vehicle","Not Applicable","Not Applicable","East Of",""
"685086","CR-0000093760","1","0","0","0","22-220-0728","False","False","0","8/8/2022 6:00:00 PM","No Pedestrians Involved","Dry","No Unusual Conditions","Daylight","Violation Driver 1","Unknown","Clear","Rear End","Intersection","Other Vehicle","Not Applicable","Not Applicable","At",""
"685087","CR-0000093756","1","0","0","1","22-265-0683","True","False","695","9/22/2022 4:33:00 PM","No Pedestrians Involved","Dry","No Unusual Conditions","Daylight","Unknown","No Controls Present/Factor","Clear","Sideswipe","Non-Related","Parked Vehicle","Not Applicable","Not Applicable","North Of","TREE, Party 1 was towing 2 pickup trucks"
"685088","CR-0000093759","0","0","1","0","22-221-1080","True","False","0","8/9/2022 11:21:00 PM","No Pedestrians Involved","Dry","Unknown","Dark - Street Light","Unknown","Controls Functioning","Clear","Broadside","Intersection","Other Vehicle","Not Applicable","Not Applicable","At","TRAFFIC LIGHT"
"685089","CR-0000093764","0","1","0","0","22-222-0612","False","False","0","8/10/2022 3:30:00 PM","No Pedestrians Involved","Dry","No Unusual Conditions","Daylight","Violation Driver 1","No Controls Present/Factor","Clear","Broadside","Intersection","Other Vehicle","Not Applicable","Not Applicable","At",""
"685090","CR-0000093761","0","0","0","0","22-221-0217","False","False","50","8/9/2022 8:14:00 AM","No Pedestrians Involved","Dry","No Unusual Conditions","Daylight","Violation Driver 1","No Controls Present/Factor","Clear","Sideswipe","Related","Parked Vehicle","Not Applicable","Not Applicable","North Of",""
"685091","CR-0000093763","0","1","0","0","22-221-0718","False","False","0","8/9/2022 5:01:00 PM","No Pedestrians Involved","Dry","No Unusual Conditions","Daylight","Violation Driver 1","Controls Functioning","Clear","Broadside","Intersection","Other Vehicle","Not Applicable","Not Applicable","At",""
"685092","CR-0000093762","2","0","0","0","22-221-0706","False","False","45","8/9/2022 4:05:00 PM","No Pedestrians Involved","Dry","No Unusual Conditions","Daylight","Violation Driver 1","Controls Functioning","Clear","Rear End","Related","Other Vehicle","Not Applicable","Not Applicable","West Of",""
"685093","CR-0000093758","2","0","0","0","22-219-0813","False","False","0","8/7/2022 8:20:00 PM","No Pedestrians Involved","Dry","Unknown","Dark - Street Light","Violation Driver 1","Controls Functioning","Clear","Broadside","Intersection","Other Vehicle","Not Applicable","Not Applicable","At",""
"685094","CR-0000093765","0","0","0","0","22-217-0121","False","False","0","8/5/2022 3:42:00 AM","No Pedestrians Involved","Dry","No Unusual Conditions","Dark - Street Light","Violation Driver 1","No Controls Present/Factor","Clear","Sideswipe","Intersection","Parked Vehicle","Not Applicable","Not Applicable","At",""
"685095","CR-0000093766","0","0","0","0","22-219-0100","False","False","0","8/7/2022 1:22:00 AM","No Pedestrians Involved","Dry","No Unusual Conditions","Dark - Street Light","Violation Driver 1","Controls Functioning","Clear","Head On","Intersection","Parked Vehicle","Not Applicable","Not Applicable","At",""
"685096","CR-0000093767","1","0","0","0","22-223-0697","False","False","59","8/11/2022 5:47:00 PM","No Pedestrians Involved","Dry","No Unusual Conditions","Daylight","Violation Driver 1","Controls Functioning","Clear","Other","Non-Related","Parked Vehicle","Not Applicable","Not Applicable","South Of",""
"685097","CR-0000093768","0","0","0","0","22-224-0365","False","False","0","8/12/2022 11:48:00 AM","No Pedestrians Involved","Dry","No Unusual Conditions","Daylight","Violation Driver 1","Controls Functioning","Clear","Rear End","Intersection","Other Vehicle","Not Applicable","Not Applicable","At",""
"685098","CR-0000093769","1","1","0","0","22-225-0163","False","False","0","8/13/2022 4:15:00 AM","No Pedestrians Involved","Dry","No Unusual Conditions","Dark - Street Light","Violation Driver 1","Controls Functioning","Clear","Broadside","Intersection","Other Vehicle","Not Applicable","Not Applicable","At",""
"685099","CR-0000093770","1","0","0","0","22-225-0807","False","False","0","8/13/2022 8:45:00 PM","No Pedestrians Involved","Dry","No Unusual Conditions","Dark - Street Light","Unknown","Controls Functioning","Clear","Broadside","Intersection","Other Vehicle","Not Applicable","Not Applicable","At",""
"685100","CR-0000093771","0","0","0","1","22-271-0250","False","False","350","9/28/2022 9:00:00 AM","No Pedestrians Involved","Dry","No Unusual Conditions","Daylight","Violation Driver 1","No Controls Present/Factor","Clear","Hit Object","Non-Related","Fixed Object","Not Applicable","Not Applicable","South Of","MC"
"685101","CR-0000093773","0","2","0","0","22-226-0723","False","False","0","8/14/2022 6:20:00 PM","No Pedestrians Involved","Dry","No Unusual Conditions","Daylight","Violation Driver 1","Controls Functioning","Clear","Head On","Intersection","Other Vehicle","Not Applicable","Not Applicable","At",""
"685102","CR-0000093774","1","1","0","0","22-226-0868","False","False","0","8/14/2022 9:02:00 PM","No Pedestrians Involved","Dry","No Unusual Conditions","Dark - Street Light","Violation Driver 1","Controls Functioning","Clear","Broadside","Intersection","Motor Vehicle On Other Roadway","Not Applicable","Not Applicable","At",""
"685103","CR-0000093775","0","1","0","0","22-226-0952","False","False","584","8/14/2022 10:45:00 PM","No Pedestrians Involved","Dry","No Unusual Conditions","Dark - Street Light","Violation Driver 1","Controls Functioning","Clear","Head On","Non-Related","Other Vehicle","Not Applicable","Not Applicable","North Of",""
"685104","CR-0000093776","0","0","0","0","22-228-0473","False","False","0","8/16/2022 12:23:00 PM","No Pedestrians Involved","Dry","Construction - Repair Zone","Daylight","Violation Driver 1","Controls Not Functioning","Clear","Broadside","Intersection","Other Vehicle","Not Applicable","Not Applicable","At",""
"685105","CR-0000093777","0","1","0","0","22-228-0793","False","False","83","8/16/2022 5:36:00 PM","No Pedestrians Involved","Dry","No Unusual Conditions","Daylight","Violation Driver 1","No Controls Present/Factor","Clear","Sideswipe","Non-Related","Other Vehicle","Not Applicable","Not Applicable","East Of",""
"685106","CR-0000093778","2","0","0","0","22-228-0875","False","False","0","8/16/2022 6:43:00 PM","No Pedestrians Involved","Dry","No Unusual Conditions","Daylight","Violation Driver 1","Controls Functioning","Clear","Broadside","Intersection","Other Vehicle","Not Applicable","Not Applicable","At",""
"685107","CR-0000093779","1","0","0","0","22-229-0573","False","False","30","8/17/2022 1:39:00 PM","No Pedestrians Involved","Wet","No Unusual Conditions","Daylight","Violation Driver 1","No Controls Present/Factor","Clear","Broadside","Related","Other Vehicle","Not Applicable","Not Applicable","North Of",""
"685108","CR-0000093780","0","0","0","0","22-229-0665","True","False","24","8/17/2022 3:00:00 PM","No Pedestrians Involved","Dry","No Unusual Conditions","Dusk - Dawn","Unknown","No Controls Present/Factor","Clear","Sideswipe","Related","Other Vehicle","Not Applicable","Not Applicable","East Of",""
"685109","CR-0000093781","0","1","0","0","22-230-0508","False","False","0","8/18/2022 1:44:00 PM","No Pedestrians Involved","Dry","No Unusual Conditions","Daylight","Unknown","Controls Functioning","Clear","Sideswipe","Intersection","Bike","Not Applicable","Not Applicable","At","BIKE"
"685110","CR-0000093782","0","0","0","0","22-230-0547","True","False","26","8/18/2022 2:03:00 PM","No Pedestrians Involved","Dry","No Unusual Conditions","Daylight","Violation Driver 1","No Controls Present/Factor","Clear","Sideswipe","Related","Parked Vehicle","Not Applicable","Not Applicable","West Of","City Vehicle"
"685111","CR-0000093783","2","0","0","0","22-230-0569","False","False","66","8/18/2022 2:30:00 PM","No Pedestrians Involved","Dry","No Unusual Conditions","Daylight","Violation Driver 1","No Controls Present/Factor","Clear","Broadside","Non-Related","Other Vehicle","Not Applicable","Not Applicable","East Of",""
"685112","CR-0000093785","1","0","0","0","22-230-0611","False","False","233","8/18/2022 3:21:00 PM","No Pedestrians Involved","Dry","No Unusual Conditions","Daylight","Violation Driver 1","No Controls Present/Factor","Clear","Broadside","Non-Related","Other Vehicle","Not Applicable","Not Applicable","North Of",""
"685113","CR-0000093786","1","0","0","0","22-230-0720","False","False","18","8/18/2022 5:04:00 PM","No Pedestrians Involved","Dry","No Unusual Conditions","Daylight","Violation Driver 1","Controls Functioning","Clear","Rear End","Related","Other Vehicle","Not Applicable","Not Applicable","South Of",""
"685114","CR-0000093787","0","0","0","0","22-230-0776","False","False","60","8/18/2022 5:56:00 PM","No Pedestrians Involved","Dry","No Unusual Conditions","Daylight","Violation Driver 1","No Controls Present/Factor","Clear","Rear End","Non-Related","Bike","Not Applicable","Not Applicable","West Of",""
"685115","CR-0000093788","0","0","0","0","22-233-0475","False","False","79","8/21/2022 1:08:00 PM","No Pedestrians Involved","Dry","No Unusual Conditions","Daylight","Violation Driver 1","Controls Functioning","Clear","Head On","Non-Related","Fixed Object","Not Applicable","Not Applicable","West Of","Fence and Residence"
"685116","CR-0000093789","0","1","0","0","22-233-0484","False","False","285","8/21/2022 1:19:00 PM","No Pedestrians Involved","Dry","No Unusual Conditions","Daylight","Violation Driver 1","No Controls Present/Factor","Clear","Vehicle/Bike","Non-Related","Scooter Motorized","Not Applicable","Not Applicable","South Of","Moto Scooter"
"685117","CR-0000093790","0","1","0","0","22-233-0707","False","False","330","8/21/2022 6:01:00 PM","No Pedestrians Involved","Dry","No Unusual Conditions","Daylight","Violation Driver 1","No Controls Present/Factor","Clear","Overturned","Non-Related","Parked Vehicle","Not Applicable","Not Applicable","South Of",""
"685118","CR-0000093791","1","0","0","0","22-201-0306","False","False","55","7/20/2022 10:00:00 AM","No Pedestrians Involved","Dry","No Unusual Conditions","Daylight","Violation Driver 1","No Controls Present/Factor","Clear","Rear End","Non-Related","Other Vehicle","Not Applicable","Not Applicable","South Of",""
"685119","CR-0000093792","1","0","0","0","22-202-0448","False","False","0","7/21/2022 12:26:00 PM","No Pedestrians Involved","Dry","No Unusual Conditions","Daylight","Violation Driver 1","Controls Functioning","Clear","Broadside","Intersection","Other Vehicle","Not Applicable","Not Applicable","At",""