"CrashFactId","Name","MinorInjuries","ModerateInjuries","SevereInjuries","FatalInjuries","TcrNumber","CityDamageFlag","ShortFormFlag","Distance","CrashDateTime","PedestrianAction","RoadwaySurface","RoadwayCondition","Lighting","PrimaryCollisionFactor","TrafficControl","Weather","CollisionType","ProximityToIntersection","VehicleInvolvedWith","PedestrianDirectionFrom","PedestrianDirectionTo","DirectionFromIntersection","Comment"
"685120","CR-0000093793","1","1","0","0","22-202-0590","False","False","50","7/21/2022 3:26:00 PM","No Pedestrians Involved","Dry","No Unusual Conditions","Daylight","Violation Driver 1","No Controls Present/Factor","Clear","Sideswipe","Related","Other Vehicle","Not Applicable","Not Applicable","South Of",""
"685121","CR-0000093794","2","0","0","0","22-202-0634","False","False","17","7/21/2022 3:30:00 PM","No Pedestrians Involved","Dry","No Unusual Conditions","Daylight","Violation Driver 1","Controls Functioning","Clear","Rear End","Related","Other Vehicle","Not Applicable","Not Applicable","South Of",""
"685122","CR-0000093795","2","0","0","0","22-203-0213","False","False","0","7/22/2022 8:24:00 AM","Crossing In Crosswalk - At Intersection","Dry","No Unusual Conditions","Daylight","Violation Driver 1","Controls Functioning","Clear","Vehicle/Pedestrian","Intersection","Pedestrian","East","West","At","PED (2)"
"685123","CR-0000093796","1","0","0","0","22-203-0735","False","False","987","7/22/2022 6:38:00 PM","No Pedestrians Involved","Dry","No Unusual Conditions","Daylight","Violation Driver 1","Controls Functioning","Clear","Rear End","Non-Related","Other Vehicle","Not Applicable","Not Applicable","North Of",""
"685124","CR-0000093797","2","0","0","0","22-204-0589","False","False","0","7/23/2022 4:57:00 PM","No Pedestrians Involved","Dry","No Unusual Conditions","Daylight","Violation Driver 1","Controls Functioning","Clear","Head On","Intersection","Other Vehicle","Not Applicable","Not Applicable","At",""
"685125","CR-0000093798","0","0","0","0","22-231-1009","False","False","0","8/19/2022 10:38:00 PM","No Pedestrians Involved","Dry","No Unusual Conditions","Dark - Street Light","Violation Driver 1","Controls Functioning","Clear","Sideswipe","Intersection","Other Vehicle","Not Applicable","Not Applicable","At",""
"685126","CR-0000093799","1","0","0","0","22-231-1076","False","False","0","8/19/2022 11:43:00 PM","No Pedestrians Involved","Dry","No Unusual Conditions","Dark - No Street Light","Violation Driver 1","Controls Functioning","Clear","Broadside","Intersection","Other Vehicle","Not Applicable","Not Applicable","At",""
"685127","CR-0000093800","0","0","0","0","22-235-0071","False","False","90","8/23/2022 1:57:00 AM","No Pedestrians Involved","Dry","No Unusual Conditions","Dark - Street Light","Violation Driver 1","Controls Functioning","Clear","Sideswipe","Non-Related","Parked Vehicle","Not Applicable","Not Applicable","South Of",""
"685128","CR-0000093801","0","0","0","0","22-235-0319","False","False","72","8/23/2022 9:39:00 AM","No Pedestrians Involved","Dry","No Unusual Conditions","Daylight","Violation Driver 1","No Controls Present/Factor","Clear","Broadside","Non-Related","Other Vehicle","Not Applicable","Not Applicable","North Of",""
"685129","CR-0000093802","0","0","0","0","22-235-0705","False","False","0","8/23/2022 2:20:00 PM","No Pedestrians Involved","Dry","No Unusual Conditions","Daylight","Violation Driver 1","Controls Functioning","Clear","Sideswipe","Intersection","Other Vehicle","Not Applicable","Not Applicable","At",""
"685130","CR-0000093803","1","0","0","0","22-235-0740","False","False","0","8/23/2022 4:04:00 PM","No Pedestrians Involved","Dry","No Unusual Conditions","Daylight","Violation Driver 1","No Controls Present/Factor","Clear","Sideswipe","Intersection","Parked Vehicle","Not Applicable","Not Applicable","At",""
"685131","CR-0000093804","1","1","0","0","22-235-0799","False","False","0","8/23/2022 5:00:00 PM","No Pedestrians Involved","Dry","No Unusual Conditions","Daylight","Unknown","Controls Functioning","Clear","Head On","Intersection","Other Vehicle","Not Applicable","Not Applicable","At",""
"685132","CR-0000093805","0","0","0","0","22-235-0873","False","False","86","8/23/2022 6:10:00 PM","No Pedestrians Involved","Dry","No Unusual Conditions","Daylight","Violation Driver 1","Controls Functioning","Clear","Rear End","Non-Related","Parked Vehicle","Not Applicable","Not Applicable","North Of",""
"685133","CR-0000093806","1","0","0","0","22-235-0928","False","False","0","8/23/2022 6:54:00 PM","No Pedestrians Involved","Dry","No Unusual Conditions","Daylight","Violation Driver 1","Controls Functioning","Clear","Overturned","Intersection","Other Vehicle","Not Applicable","Not Applicable","At",""
"685134","CR-0000093807","1","0","0","0","22-235-0948","False","False","180","8/23/2022 7:13:00 PM","Not In Road","Dry","No Unusual Conditions","Daylight","Pedestrian At Fault","No Controls Present/Factor","Clear","Broadside","Non-Related","Pedestrian","North","South","South Of","PED/SCOOTER"
"685135","CR-0000093808","1","0","0","0","22-235-1021","False","False","0","8/23/2022 8:40:00 PM","No Pedestrians Involved","Dry","No Unusual Conditions","Dark - Street Light","Bike At Fault","Controls Functioning","Clear","Sideswipe","Intersection","Bike","Not Applicable","Not Applicable","At",""
"685136","CR-0000093811","0","0","0","0","22-234-9703","False","True","0","8/21/2022 7:45:00 AM","No Pedestrians Involved","Dry","No Unusual Conditions","Daylight","Bike At Fault","Controls Functioning","Clear","Vehicle/Bike","Intersection","Bike","Not Applicable","Not Applicable","At","BIKE"
"685137","CR-0000093813","1","1","1","0","22-234-0445","False","False","0","8/22/2022 12:15:00 PM","No Pedestrians Involved","Dry","No Unusual Conditions","Daylight","Violation Driver 1","Controls Functioning","Clear","Broadside","Intersection","Other Vehicle","Not Applicable","Not Applicable","At",""
"685138","CR-0000093814","0","0","0","0","22-234-0498","False","False","0","8/22/2022 1:10:00 PM","No Pedestrians Involved","Dry","No Unusual Conditions","Daylight","Violation Driver 1","Controls Functioning","Clear","Sideswipe","Intersection","Other Vehicle","Not Applicable","Not Applicable","At",""
"685139","CR-0000093815","0","0","0","0","22-234-0585","False","False","65","8/22/2022 12:00:00 PM","No Pedestrians Involved","Dry","No Unusual Conditions","Daylight","Violation Driver 1","Controls Functioning","Clear","Sideswipe","Non-Related","Parked Vehicle","Not Applicable","Not Applicable","East Of",""
"685140","CR-0000093816","0","0","0","0","22-234-0592","False","False","0","8/22/2022 2:44:00 PM","No Pedestrians Involved","Dry","No Unusual Conditions","Daylight","Violation Driver 1","Controls Functioning","Clear","Broadside","Intersection","Other Vehicle","Not Applicable","Not Applicable","At",""
"685141","CR-0000093810","0","0","0","0","22-233-0736","True","False","0","8/21/2022 6:31:00 PM","No Pedestrians Involved","Dry","No Unusual Conditions","Daylight","Violation Driver 1","Controls Functioning","Clear","Hit Object","Intersection","Fixed Object","Not Applicable","Not Applicable","At","TRAFFIC SIGNAL"
"685142","CR-0000093812","0","0","0","0","22-234-0195","True","False","220","8/22/2022 7:15:00 AM","No Pedestrians Involved","Dry","Obstruction On Roadway","Daylight","Violation Driver 1","Unknown","Clear","Hit Object","Non-Related","Fixed Object","Not Applicable","Not Applicable","West Of","PEDESTRIAN CROSSING LIGHT POLE"
"685143","CR-0000093817","0","0","0","0","22-234-0651","False","False","0","8/22/2022 3:36:00 PM","No Pedestrians Involved","Dry","No Unusual Conditions","Daylight","Violation Driver 1","No Controls Present/Factor","Clear","Sideswipe","Intersection","Parked Vehicle","Not Applicable","Not Applicable","At",""
"685144","CR-0000093818","0","0","0","0","22-234-0837","False","False","0","8/22/2022 6:43:00 PM","No Pedestrians Involved","Dry","No Unusual Conditions","Daylight","Violation Driver 1","Controls Functioning","Clear","Rear End","Intersection","Other Vehicle","Not Applicable","Not Applicable","At",""
"685145","CR-0000093819","0","0","0","0","22-235-9705","False","True","51","8/22/2022 3:20:00 PM","No Pedestrians Involved","Dry","No Unusual Conditions","Daylight","Unknown","No Controls Present/Factor","Clear","Rear End","Non-Related","Other Vehicle","Not Applicable","Not Applicable","West Of",""
"685146","CR-0000093820","0","0","0","0","22-214-0564","True","False","17","8/2/2022 3:21:00 PM","No Pedestrians Involved","Dry","No Unusual Conditions","Daylight","Violation Driver 1","Controls Functioning","Cloudy","Rear End","Related","Other Vehicle","Not Applicable","Not Applicable","South Of","EMERGENCY VEHICLE/ POLICE"
"685147","CR-0000093821","0","0","0","0","22-224-0187","False","False","51","8/5/2022 7:21:00 PM","No Pedestrians Involved","Dry","No Unusual Conditions","Daylight","Violation Driver 1","No Controls Present/Factor","Clear","Other","Non-Related","Animal","Not Applicable","Not Applicable","West Of","DOG"
"685148","CR-0000093822","1","0","0","0","22-220-0697","False","False","163","8/8/2022 5:19:00 PM","No Pedestrians Involved","Dry","No Unusual Conditions","Daylight","Violation Driver 1","No Controls Present/Factor","Clear","Broadside","Non-Related","Other Vehicle","Not Applicable","Not Applicable","East Of",""
"685149","CR-0000093823","1","2","2","0","22-221-0671","True","False","34","8/9/2022 4:03:00 PM","Not In Road","Dry","No Unusual Conditions","Daylight","Violation Driver 1","Controls Functioning","Clear","Vehicle/Pedestrian","Related","Pedestrian","Unknown","Unknown","West Of","PEDESTRIAN/LIGHT POLE"
"685150","CR-0000093824","0","0","0","0","22-222-1014","False","False","0","8/10/2022 10:37:00 PM","No Pedestrians Involved","Dry","No Unusual Conditions","Dark - Street Light","Violation Driver 1","No Controls Present/Factor","Clear","Broadside","Intersection","Parked Vehicle","Not Applicable","Not Applicable","At",""
"685151","CR-0000093825","0","0","0","0","22-223-0708","False","False","51","8/11/2022 2:00:00 PM","No Pedestrians Involved","Dry","Other","Daylight","Violation Driver 1","No Controls Present/Factor","Clear","Hit Object","Non-Related","Parked Vehicle","Not Applicable","Not Applicable","East Of",""
"685152","CR-0000093826","0","0","0","0","22-227-9702","False","True","51","8/11/2022 7:55:00 PM","No Pedestrians Involved","Dry","No Unusual Conditions","Dusk - Dawn","Unknown","Controls Functioning","Clear","Sideswipe","Non-Related","Other Vehicle","Not Applicable","Not Applicable","West Of",""
"685153","CR-0000093827","0","0","0","0","22-224-0064","False","False","240","8/12/2022 1:40:00 AM","No Pedestrians Involved","Dry","No Unusual Conditions","Daylight","Violation Driver 1","No Controls Present/Factor","Clear","Head On","Non-Related","Other Vehicle","Not Applicable","Not Applicable","South Of",""
"685154","CR-0000093828","0","0","0","0","22-235-1129","True","False","21","8/23/2022 11:40:00 PM","No Pedestrians Involved","Dry","No Unusual Conditions","Dark - Street Light","Violation Driver 1","Controls Functioning","Clear","Hit Object","Related","Fixed Object","Not Applicable","Not Applicable","North Of",""
"685155","CR-0000093830","0","0","0","0","22-236-0482","False","False","0","8/24/2022 1:00:00 PM","No Pedestrians Involved","Dry","No Unusual Conditions","Daylight","Violation Driver 1","Controls Functioning","Clear","Broadside","Intersection","Other Vehicle","Not Applicable","Not Applicable","At",""
"685156","CR-0000093831","0","1","0","0","22-236-0689","False","False","0","8/24/2022 4:25:00 PM","Crossing - Not In Crosswalk","Dry","No Unusual Conditions","Daylight","Pedestrian At Fault","Controls Functioning","Clear","Vehicle/Pedestrian","Intersection","Pedestrian","North","South","At","PED"
"685157","CR-0000093832","0","0","0","0","22-245-0912","False","False","124","8/24/2022 11:53:00 PM","No Pedestrians Involved","Dry","No Unusual Conditions","Dark - Street Light","Violation Driver 1","No Controls Present/Factor","Clear","Rear End","Non-Related","Parked Vehicle","Not Applicable","Not Applicable","East Of",""
"685158","CR-0000093833","0","0","0","0","22-236-0931","False","False","0","8/24/2022 7:56:00 PM","No Pedestrians Involved","Dry","No Unusual Conditions","Dark - No Street Light","Violation Driver 1","Controls Functioning","Clear","Broadside","Intersection","Other Vehicle","Not Applicable","Not Applicable","At",""
"685159","CR-0000093834","1","0","0","0","22-237-0245","False","False","0","8/25/2022 9:10:00 AM","No Pedestrians Involved","Dry","No Unusual Conditions","Daylight","Violation Driver 1","Controls Functioning","Clear","Rear End","Intersection","Other Vehicle","Not Applicable","Not Applicable","At",""
"685160","CR-0000093835","1","0","0","0","22-237-0409","False","False","44","8/25/2022 12:11:00 PM","No Pedestrians Involved","Dry","No Unusual Conditions","Daylight","Violation Driver 1","No Controls Present/Factor","Clear","Broadside","Related","Other Vehicle","Not Applicable","Not Applicable","South Of",""
"685161","CR-0000093836","0","0","0","0","22-237-0548","True","False","0","8/25/2022 2:29:00 PM","No Pedestrians Involved","Dry","No Unusual Conditions","Daylight","Violation Driver 1","Controls Functioning","Clear","Hit Object","Intersection","Fixed Object","Not Applicable","Not Applicable","At","LIGHT POLE"
"685162","CR-0000093837","0","0","0","0","22-237-0559","False","False","0","8/25/2022 2:40:00 PM","In Road - Includes Shoulder","Dry","No Unusual Conditions","Daylight","Violation Driver 1","Controls Functioning","Clear","Head On","Intersection","Pedestrian","North","South","At","PED"
"685163","CR-0000093838","0","0","0","0","22-238-0007","True","False","45","8/26/2022 12:13:00 AM","No Pedestrians Involved","Dry","No Unusual Conditions","Dark - Street Light","Violation Driver 1","Controls Functioning","Clear","Hit Object","Related","Fixed Object","Not Applicable","Not Applicable","North Of","LIGHT POLE"
"685164","CR-0000093840","0","0","0","0","22-231-0408","False","False","110","8/26/2022 7:16:00 AM","No Pedestrians Involved","Dry","No Unusual Conditions","Daylight","Violation Driver 1","No Controls Present/Factor","Clear","Sideswipe","Non-Related","Parked Vehicle","Not Applicable","Not Applicable","North Of",""
"685165","CR-0000093841","0","0","0","0","22-238-0535","False","False","263","8/26/2022 3:09:00 PM","No Pedestrians Involved","Dry","Loose Material On Roadway","Daylight","Violation Driver 1","Controls Functioning","Clear","Rear End","Non-Related","Other Vehicle","Not Applicable","Not Applicable","West Of",""
"685166","CR-0000093842","0","0","0","0","22-238-0585","False","False","26","8/26/2022 4:00:00 PM","No Pedestrians Involved","Dry","No Unusual Conditions","Daylight","Violation Driver 1","No Controls Present/Factor","Clear","Rear End","Related","Other Vehicle","Not Applicable","Not Applicable","South Of",""
"685167","CR-0000093843","0","0","0","0","22-238-0655","False","False","0","8/26/2022 5:11:00 PM","No Pedestrians Involved","Dry","No Unusual Conditions","Daylight","Violation Driver 1","No Controls Present/Factor","Clear","Sideswipe","Intersection","Other Vehicle","Not Applicable","Not Applicable","At",""
"685168","CR-0000093844","0","0","1","0","22-238-0888","False","False","75","8/26/2022 8:37:00 PM","No Pedestrians Involved","Dry","No Unusual Conditions","Dark - Street Light","Violation Driver 1","Controls Functioning","Clear","Rear End","Non-Related","Other Vehicle","Not Applicable","Not Applicable","North Of",""
"685169","CR-0000093845","0","0","0","0","22-238-1093","False","False","0","8/26/2022 11:54:00 PM","No Pedestrians Involved","Dry","No Unusual Conditions","Dark - Street Light","Violation Driver 1","Controls Functioning","Clear","Rear End","Intersection","Other Vehicle","Not Applicable","Not Applicable","At",""
"685170","CR-0000093846","0","0","1","0","22-239-0069","False","False","94","8/27/2022 1:12:00 AM","No Pedestrians Involved","Dry","No Unusual Conditions","Dark - Street Light","Violation Driver 1","No Controls Present/Factor","Clear","Other","Non-Related","Non-Collision","Not Applicable","Not Applicable","West Of",""
"685171","CR-0000093847","0","0","0","0","22-390-0098","False","False","211","8/27/2022 1:54:00 AM","No Pedestrians Involved","Dry","No Unusual Conditions","Dark - Street Light","Violation Driver 1","Controls Functioning","Clear","Rear End","Non-Related","Other Vehicle","Not Applicable","Not Applicable","West Of",""
"685172","CR-0000093848","0","0","0","0","22-239-0112","False","False","47","8/27/2022 5:27:00 AM","No Pedestrians Involved","Dry","No Unusual Conditions","Dark - Street Light","Violation Driver 1","Controls Functioning","Clear","Sideswipe","Related","Parked Vehicle","Not Applicable","Not Applicable","North Of",""
"685173","CR-0000093849","0","0","0","0","22-239-0121","False","False","165","8/27/2022 2:30:00 AM","No Pedestrians Involved","Dry","No Unusual Conditions","Dark - Street Light","Violation Driver 1","No Controls Present/Factor","Clear","Sideswipe","Non-Related","Parked Vehicle","Not Applicable","Not Applicable","West Of",""
"685174","CR-0000093850","1","0","0","0","22-239-0349","False","False","22","8/27/2022 11:10:00 AM","Crossing In Crosswalk - At Intersection","Dry","No Unusual Conditions","Daylight","Violation Driver 1","Controls Functioning","Clear","Vehicle/Pedestrian","Related","Pedestrian","West","East","North Of","PED"
"685175","CR-0000093829","1","2","0","0","22-224-0792","False","False","0","8/12/2022 7:05:00 PM","No Pedestrians Involved","Dry","No Unusual Conditions","Daylight","Violation Driver 1","Controls Functioning","Clear","Head On","Intersection","Other Vehicle","Not Applicable","Not Applicable","At",""
"685176","CR-0000093851","0","0","0","0","22-239-0415","False","False","568","8/27/2022 12:30:00 PM","No Pedestrians Involved","Dry","No Unusual Conditions","Daylight","Violation Driver 1","No Controls Present/Factor","Clear","Sideswipe","Non-Related","Other Vehicle","Not Applicable","Not Applicable","West Of",""
"685177","CR-0000093853","0","0","0","0","22-239-0794","False","False","0","8/27/2022 8:01:00 PM","No Pedestrians Involved","Dry","No Unusual Conditions","Dusk - Dawn","Violation Driver 1","No Controls Present/Factor","Clear","Rear End","Intersection","Other Vehicle","Not Applicable","Not Applicable","At",""
"685178","CR-0000093854","0","1","0","0","22-228-0272","False","False","0","8/16/2022 8:39:00 AM","No Pedestrians Involved","Dry","No Unusual Conditions","Daylight","Violation Driver 1","No Controls Present/Factor","Clear","Vehicle/Bike","Intersection","Bike","Not Applicable","Not Applicable","At","BIKE"
"685179","CR-0000093855","0","1","0","1","22-235-0930","False","False","27","8/23/2022 6:59:00 PM","In Road - Includes Shoulder","Dry","No Unusual Conditions","Daylight","Violation Driver 1","Controls Functioning","Clear","Vehicle/Bike","Related","Scooter Motorized","South","North","South Of","M.SCOOTER (ELECTRIC WHEELCHAIR)"
"685180","CR-0000093856","1","1","0","0","22-235-0231","False","False","146","8/23/2022 8:18:00 AM","No Pedestrians Involved","Dry","No Unusual Conditions","Daylight","Violation Driver 1","Controls Functioning","Clear","Broadside","Non-Related","Other Vehicle","Not Applicable","Not Applicable","North Of",""
"685181","CR-0000093857","0","0","0","0","22-250-0521","True","False","30","9/7/2022 12:58:00 PM","No Pedestrians Involved","Dry","No Unusual Conditions","Daylight","Violation Driver 1","Controls Functioning","Clear","Rear End","Related","Other Vehicle","Not Applicable","Not Applicable","South Of","PD (UNMARKED) VEHICLE INVOLVED"
"685182","CR-0000093858","0","1","0","0","22-251-0169","False","False","0","9/8/2022 7:38:00 AM","No Pedestrians Involved","Dry","No Unusual Conditions","Daylight","Violation Driver 1","Controls Functioning","Clear","Rear End","Intersection","Other Vehicle","Not Applicable","Not Applicable","At",""
"685183","CR-0000093859","0","0","0","0","22-269-0515","False","False","51","9/8/2022 8:04:00 PM","No Pedestrians Involved","Unknown","No Unusual Conditions","Dark - Street Light","Bike At Fault","Controls Functioning","Unknown","Vehicle/Bike","Non-Related","Scooter Motorized","Not Applicable","Not Applicable","North Of","ELECTRIC SCOOTER"
"685184","CR-0000093860","3","0","1","0","22-239-1015","False","False","0","8/27/2022 11:00:00 PM","No Pedestrians Involved","Dry","No Unusual Conditions","Dark - Street Light","Violation Driver 1","Controls Functioning","Clear","Broadside","Intersection","Other Vehicle","Not Applicable","Not Applicable","At",""
"685185","CR-0000093861","0","0","0","0","22-239-9703","False","True","0","8/27/2022 5:00:00 AM","No Pedestrians Involved","Dry","No Unusual Conditions","Dark - No Street Light","Unknown","Unknown","Cloudy","Broadside","Intersection","Other Vehicle","Not Applicable","Not Applicable","At",""
"685186","CR-0000093863","0","0","0","0","22-240-0856","True","False","0","8/28/2022 4:00:00 PM","No Pedestrians Involved","Dry","No Unusual Conditions","Dark - No Street Light","Violation Driver 1","Unknown","Clear","Hit Object","Intersection","Fixed Object","Not Applicable","Not Applicable","At","UTILITY BOX"
"685187","CR-0000093865","0","0","0","0","22-241-0098","False","False","1013","8/29/2022 2:02:00 AM","No Pedestrians Involved","Dry","No Unusual Conditions","Dark - Street Light","Violation Driver 1","No Controls Present/Factor","Clear","Rear End","Non-Related","Parked Vehicle","Not Applicable","Not Applicable","North Of",""
"685188","CR-0000093866","2","0","0","0","22-241-0123","False","False","0","8/29/2022 2:55:00 AM","No Pedestrians Involved","Dry","No Unusual Conditions","Dusk - Dawn","Violation Driver 1","Controls Functioning","Clear","Rear End","Intersection","Other Vehicle","Not Applicable","Not Applicable","At",""
"685189","CR-0000093867","1","0","0","0","22-241-0793","False","False","51","8/29/2022 5:49:00 PM","No Pedestrians Involved","Dry","No Unusual Conditions","Daylight","Violation Driver 1","Controls Functioning","Clear","Head On","Non-Related","Parked Vehicle","Not Applicable","Not Applicable","South Of","Fence and Residence"
"685190","CR-0000093868","0","0","0","0","22-241-0822","False","False","83","8/29/2022 6:10:00 PM","No Pedestrians Involved","Dry","No Unusual Conditions","Daylight","Violation Driver 1","Controls Functioning","Clear","Rear End","Non-Related","Other Vehicle","Not Applicable","Not Applicable","North Of",""
"685191","CR-0000093869","0","1","0","0","22-242-0703","False","False","0","8/30/2022 3:58:00 PM","No Pedestrians Involved","Dry","No Unusual Conditions","Daylight","Violation Driver 1","No Controls Present/Factor","Clear","Broadside","Intersection","Other Vehicle","Not Applicable","Not Applicable","At",""
"685192","CR-0000093870","0","0","0","0","22-241-0826","False","False","0","8/30/2022 12:38:00 AM","No Pedestrians Involved","Dry","No Unusual Conditions","Daylight","Violation Driver 1","Controls Functioning","Clear","Rear End","Intersection","Other Vehicle","Not Applicable","Not Applicable","At",""
"685193","CR-0000093871","0","0","0","0","22-243-0078","False","False","0","8/31/2022 2:52:00 AM","No Pedestrians Involved","Dry","No Unusual Conditions","Dark - Street Light","Violation Driver 1","Controls Functioning","Clear","Sideswipe","Intersection","Parked Vehicle","Not Applicable","Not Applicable","At",""
"685194","CR-0000093872","0","0","0","0","22-243-0169","False","False","270","8/31/2022 7:43:00 AM","No Pedestrians Involved","Dry","No Unusual Conditions","Daylight","Violation Driver 1","No Controls Present/Factor","Clear","Sideswipe","Non-Related","Parked Vehicle","Not Applicable","Not Applicable","North Of",""
"685195","CR-0000093873","1","0","0","0","22-243-0455","False","False","0","8/31/2022 1:39:00 PM","No Pedestrians Involved","Dry","No Unusual Conditions","Daylight","Violation Driver 1","Controls Functioning","Clear","Broadside","Intersection","Other Vehicle","Not Applicable","Not Applicable","At",""
"685196","CR-0000093874","1","0","0","0","22-243-0461","False","False","24","8/31/2022 1:40:00 PM","No Pedestrians Involved","Dry","No Unusual Conditions","Daylight","Violation Driver 1","Controls Functioning","Clear","Rear End","Related","Other Vehicle","Not Applicable","Not Applicable","North Of",""
"685197","CR-0000093875","0","1","0","0","22-243-0617","False","False","0","8/31/2022 4:34:00 PM","No Pedestrians Involved","Dry","No Unusual Conditions","Daylight","Violation Driver 1","Controls Functioning","Clear","Vehicle/Bike","Intersection","Bike","Not Applicable","Not Applicable","At","BIKE"
"685198","CR-0000093876","1","0","0","0","22-243-0853","False","False","60","8/31/2022 9:08:00 PM","No Pedestrians Involved","Dry","No Unusual Conditions","Dark - Street Light","Violation Driver 1","Controls Functioning","Clear","Rear End","Non-Related","Other Vehicle","Not Applicable","Not Applicable","East Of",""
"685199","CR-0000093877","0","0","0","0","22-243-0932","False","False","202","8/31/2022 11:13:00 PM","No Pedestrians Involved","Dry","No Unusual Conditions","Dark - Street Light","Violation Driver 1","No Controls Present/Factor","Clear","Sideswipe","Non-Related","Parked Vehicle","Not Applicable","Not Applicable","South Of",""
"685200","CR-0000093878","0","1","0","0","22-142-0775","True","False","170","5/22/2022 7:24:00 PM","No Pedestrians Involved","Dry","No Unusual Conditions","Daylight","Violation Driver 1","Controls Functioning","Clear","Hit Object","Non-Related","Fixed Object","Not Applicable","Not Applicable","East Of","Tree and Parking Sign"
"685201","CR-0000093879","0","1","0","0","22-146-0064","True","False","40","5/26/2022 1:44:00 AM","No Pedestrians Involved","Dry","No Unusual Conditions","Dark - Street Light","Violation Driver 1","Controls Functioning","Clear","Hit Object","Related","Fixed Object","Not Applicable","Not Applicable","South Of",""
"685202","CR-0000093881","1","0","0","0","22-179-0466","False","False","265","6/28/2022 1:11:00 PM","No Pedestrians Involved","Dry","No Unusual Conditions","Daylight","Violation Driver 1","No Controls Present/Factor","Clear","Broadside","Non-Related","Other Vehicle","Not Applicable","Not Applicable","East Of",""
"685203","CR-0000093882","0","2","0","0","22-177-0971","False","False","102","6/26/2022 10:00:00 PM","No Pedestrians Involved","Dry","No Unusual Conditions","Dark - Street Light","Violation Driver 1","Controls Functioning","Clear","Sideswipe","Non-Related","Other Vehicle","Not Applicable","Not Applicable","South Of","MC"
"685204","CR-0000093883","0","2","0","0","22-179-0705","False","False","0","6/28/2022 5:21:00 PM","No Pedestrians Involved","Dry","No Unusual Conditions","Daylight","Violation Driver 1","Controls Not Functioning","Clear","Broadside","Intersection","Other Vehicle","Not Applicable","Not Applicable","At",""
"685205","CR-0000093884","0","1","0","0","22-175-0637","False","False","0","6/24/2022 3:00:00 PM","No Pedestrians Involved","Unknown","Unknown","Daylight","Bike At Fault","Unknown","Clear","Vehicle/Bike","Intersection","Scooter Motorized","Not Applicable","Not Applicable","At","M.SCOOTER"
"685207","CR-0000093886","1","0","0","0","22-252-0727","False","False","0","9/9/2022 9:51:00 PM","No Pedestrians Involved","Dry","No Unusual Conditions","Daylight","Violation Driver 1","Controls Functioning","Clear","Rear End","Intersection","Other Vehicle","Not Applicable","Not Applicable","At",""
"685208","CR-0000093887","0","0","0","0","22-253-9706","False","True","0","9/10/2022 3:12:00 PM","No Pedestrians Involved","Dry","No Unusual Conditions","Daylight","Unknown","Controls Functioning","Clear","Rear End","Intersection","Other Vehicle","Not Applicable","Not Applicable","At",""
"685209","CR-0000093888","0","0","1","0","22-254-0552","False","False","207","9/11/2022 11:30:00 AM","No Pedestrians Involved","Dry","No Unusual Conditions","Daylight","Violation Driver 1","Controls Functioning","Clear","Sideswipe","Non-Related","Other Vehicle","Not Applicable","Not Applicable","South Of",""
"685210","CR-0000093889","0","0","0","1","22-254-0898","False","False","0","9/11/2022 9:49:00 PM","No Pedestrians Involved","Dry","No Unusual Conditions","Dark - Street Light","Violation Driver 1","Controls Functioning","Clear","Vehicle/Bike","Intersection","Bike","Not Applicable","Not Applicable","At","BIKE"
"685211","CR-0000093890","0","1","0","0","22-256-0683","False","False","0","9/13/2022 4:06:00 PM","No Pedestrians Involved","Dry","No Unusual Conditions","Daylight","Violation Driver 2","Controls Functioning","Clear","Broadside","Intersection","Other Vehicle","Not Applicable","Not Applicable","At",""
"685212","CR-0000093891","0","1","0","0","22-256-0924","False","False","29","9/13/2022 8:00:00 PM","No Pedestrians Involved","Dry","No Unusual Conditions","Dark - Street Light","Violation Driver 1","No Controls Present/Factor","Clear","Vehicle/Bike","Related","Bike","Not Applicable","Not Applicable","West Of","BIKE"
"685213","CR-0000093892","1","0","0","0","22-258-0735","False","False","0","9/15/2022 3:35:00 PM","No Pedestrians Involved","Dry","No Unusual Conditions","Daylight","Violation Driver 1","Controls Functioning","Clear","Rear End","Intersection","Other Vehicle","Not Applicable","Not Applicable","At",""
"685214","CR-0000093893","1","0","0","0","22-260-0166","False","False","0","9/17/2022 6:59:00 AM","No Pedestrians Involved","Dry","No Unusual Conditions","Daylight","Violation Driver 1","Controls Functioning","Clear","Broadside","Intersection","Other Vehicle","Not Applicable","Not Applicable","At",""
"685215","CR-0000093894","0","0","0","0","22-262-9701","False","True","0","9/18/2022 7:45:00 PM","No Pedestrians Involved","Wet","No Unusual Conditions","Dark - Street Light","Violation Driver 1","Controls Functioning","Rain","Rear End","Intersection","Other Vehicle","Not Applicable","Not Applicable","At",""
"685216","CR-0000093895","0","0","0","0","22-262-0192","False","False","190","9/19/2022 7:38:00 AM","No Pedestrians Involved","Wet","Obstruction On Roadway","Daylight","Violation Driver 1","No Controls Present/Factor","Clear","Rear End","Non-Related","Other Vehicle","Not Applicable","Not Applicable","South Of","POLICE VEHICLE INVOLVED"
"685217","CR-0000093896","1","0","0","0","22-263-0877","False","False","0","9/20/2022 8:15:00 PM","No Pedestrians Involved","Dry","No Unusual Conditions","Dark - Street Light","Violation Driver 1","Controls Functioning","Clear","Vehicle/Bike","Intersection","Bike","Not Applicable","Not Applicable","At","BIKE"