"CrashFactId","Name","MinorInjuries","ModerateInjuries","SevereInjuries","FatalInjuries","TcrNumber","CityDamageFlag","ShortFormFlag","Distance","CrashDateTime","PedestrianAction","RoadwaySurface","RoadwayCondition","Lighting","PrimaryCollisionFactor","TrafficControl","Weather","CollisionType","ProximityToIntersection","VehicleInvolvedWith","PedestrianDirectionFrom","PedestrianDirectionTo","DirectionFromIntersection","Comment"
"685218","CR-0000093897","1","0","0","0","22-264-0180","False","False","0","9/21/2022 8:07:00 AM","No Pedestrians Involved","Dry","No Unusual Conditions","Daylight","Violation Driver 1","Unknown","Clear","Broadside","Intersection","Other Vehicle","Not Applicable","Not Applicable","At",""
"685219","CR-0000093898","1","0","0","0","22-267-0919","False","False","0","9/24/2022 9:26:00 PM","Crossing In Crosswalk - At Intersection","Dry","No Unusual Conditions","Dark - Street Light","Violation Driver 1","Controls Functioning","Clear","Vehicle/Bike","Intersection","Bike","East","West","At","BIKE"
"685220","CR-0000093899","0","1","1","0","22-268-0586","False","False","0","9/25/2022 3:48:00 PM","No Pedestrians Involved","Dry","No Unusual Conditions","Daylight","Violation Driver 1","Controls Functioning","Clear","Broadside","Intersection","Other Vehicle","Not Applicable","Not Applicable","At",""
"685221","CR-0000093900","0","0","0","0","22-268-0837","False","False","39","9/25/2022 9:13:00 PM","No Pedestrians Involved","Dry","No Unusual Conditions","Dark - Street Light","Violation Driver 2","No Controls Present/Factor","Clear","Sideswipe","Related","Other Vehicle","Not Applicable","Not Applicable","South Of",""
"685222","CR-0000093901","0","0","0","0","22-268-0880","False","False","245","9/25/2022 10:11:00 PM","No Pedestrians Involved","Dry","No Unusual Conditions","Dark - Street Light","Violation Driver 1","No Controls Present/Factor","Clear","Rear End","Non-Related","Parked Vehicle","Not Applicable","Not Applicable","East Of",""
"685223","CR-0000093902","0","0","0","0","22-269-0941","False","False","150","9/26/2022 10:46:00 PM","No Pedestrians Involved","Dry","Construction - Repair Zone","Dusk - Dawn","Violation Driver 1","Controls Functioning","Clear","Rear End","Non-Related","Other Vehicle","Not Applicable","Not Applicable","East Of",""
"685224","CR-0000093903","0","1","0","0","22-269-0687","False","False","0","10/26/2022 5:16:00 PM","Crossing In Crosswalk - At Intersection","Dry","No Unusual Conditions","Daylight","Violation Driver 1","No Controls Present/Factor","Clear","Vehicle/Bike","Intersection","Bike","West","East","At","BIKE"
"685225","CR-0000093904","0","0","0","0","22-270-0272","False","False","112","9/27/2022 9:12:00 AM","No Pedestrians Involved","Dry","Unknown","Daylight","Violation Driver 1","Unknown","Clear","Rear End","Non-Related","Parked Vehicle","Not Applicable","Not Applicable","North Of",""
"685226","CR-0000093905","1","0","0","0","22-248-0196","False","False","0","9/5/2022 5:36:00 AM","No Pedestrians Involved","Dry","No Unusual Conditions","Dark - Street Light","Violation Driver 1","Controls Functioning","Clear","Broadside","Intersection","Other Vehicle","Not Applicable","Not Applicable","At",""
"685227","CR-0000093906","0","0","0","0","22-270-0176","False","False","734","9/26/2022 9:00:00 PM","No Pedestrians Involved","Dry","No Unusual Conditions","Dark - Street Light","Violation Driver 1","No Controls Present/Factor","Clear","Sideswipe","Non-Related","Parked Vehicle","Not Applicable","Not Applicable","South Of",""
"685228","CR-0000093907","0","0","0","0","22-146-0794","False","False","322","5/26/2022 4:59:00 PM","No Pedestrians Involved","Dry","No Unusual Conditions","Daylight","Violation Driver 1","No Controls Present/Factor","Cloudy","Rear End","Non-Related","Parked Vehicle","Not Applicable","Not Applicable","West Of",""
"685229","CR-0000093908","0","0","0","0","22-270-0907","False","False","87","9/27/2022 10:09:00 PM","No Pedestrians Involved","Dry","No Unusual Conditions","Dark - Street Light","Violation Driver 1","No Controls Present/Factor","Clear","Sideswipe","Non-Related","Other Vehicle","Not Applicable","Not Applicable","South Of",""
"685230","CR-0000093909","0","0","0","0","22-153-0439","False","False","0","6/2/2022 12:25:00 PM","No Pedestrians Involved","Dry","No Unusual Conditions","Daylight","Violation Driver 1","Controls Functioning","Clear","Sideswipe","Intersection","Other Vehicle","Not Applicable","Not Applicable","At",""
"685231","CR-0000093912","1","0","0","0","22-199-9709","False","False","51","6/24/2022 11:50:00 AM","In Road - Includes Shoulder","Dry","No Unusual Conditions","Daylight","Unknown","No Controls Present/Factor","Clear","Vehicle/Pedestrian","Non-Related","Pedestrian","Unknown","Unknown","South Of","PED"
"685232","CR-0000093910","0","0","0","0","22-271-0566","False","False","81","9/28/2022 2:58:00 PM","No Pedestrians Involved","Dry","No Unusual Conditions","Daylight","Violation Driver 1","Controls Functioning","Clear","Rear End","Non-Related","Other Vehicle","Not Applicable","Not Applicable","South Of","CITY OF SAN JOSE VEHICLE"
"685233","CR-0000093914","0","0","0","0","22-204-9702","False","True","51","6/13/2022 2:00:00 PM","No Pedestrians Involved","Dry","No Unusual Conditions","Daylight","Unknown","No Controls Present/Factor","Clear","Broadside","Non-Related","Parked Vehicle","Not Applicable","Not Applicable","North Of",""
"685234","CR-0000093913","0","0","0","0","22-273-0907","False","False","60","9/30/2022 8:30:00 AM","No Pedestrians Involved","Dry","No Unusual Conditions","Dark - Street Light","Violation Driver 1","No Controls Present/Factor","Clear","Broadside","Non-Related","Parked Vehicle","Not Applicable","Not Applicable","East Of",""
"685235","CR-0000093915","1","1","0","0","22-273-0576","False","False","0","9/30/2022 2:22:00 PM","No Pedestrians Involved","Dry","No Unusual Conditions","Daylight","Violation Driver 1","Controls Functioning","Clear","Sideswipe","Intersection","Other Vehicle","Not Applicable","Not Applicable","At",""
"685236","CR-0000093916","0","0","0","0","22-273-0690","False","False","51","9/30/2022 3:58:00 PM","No Pedestrians Involved","Dry","No Unusual Conditions","Daylight","Violation Driver 1","No Controls Present/Factor","Clear","Rear End","Non-Related","Other Vehicle","Not Applicable","Not Applicable","West Of",""
"685237","CR-0000093917","1","0","0","0","22-273-0796","False","False","180","9/30/2022 5:19:00 PM","No Pedestrians Involved","Dry","No Unusual Conditions","Daylight","Violation Driver 1","Controls Functioning","Clear","Rear End","Non-Related","Other Vehicle","Not Applicable","Not Applicable","East Of",""
"685238","CR-0000093918","1","0","0","0","22-273-0827","False","False","0","9/30/2022 5:42:00 PM","Crossing In Crosswalk - At Intersection","Dry","No Unusual Conditions","Daylight","Violation Driver 1","Controls Functioning","Clear","Vehicle/Pedestrian","Intersection","Pedestrian","North","South","At","PEDESTRIAN"
"685239","CR-0000093919","1","1","0","0","22-244-0768","False","False","415","9/1/2022 5:20:00 PM","No Pedestrians Involved","Dry","No Unusual Conditions","Daylight","Violation Driver 1","No Controls Present/Factor","Clear","Rear End","Non-Related","Other Vehicle","Not Applicable","Not Applicable","West Of",""
"685240","CR-0000093920","0","0","0","0","22-260-0502","False","False","0","9/11/2022 3:00:00 PM","No Pedestrians Involved","Dry","No Unusual Conditions","Daylight","Violation Driver 1","No Controls Present/Factor","Clear","Sideswipe","Intersection","Other Vehicle","Not Applicable","Not Applicable","At",""
"685241","CR-0000093921","1","0","0","0","22-258-0241","False","False","100","9/15/2022 9:00:00 AM","No Pedestrians Involved","Dry","Unknown","Daylight","Violation Driver 1","Unknown","Clear","Rear End","Non-Related","Other Vehicle","Not Applicable","Not Applicable","South Of",""
"685242","CR-0000093922","1","0","0","0","22-258-0523","False","False","38","9/15/2022 2:11:00 PM","No Pedestrians Involved","Dry","No Unusual Conditions","Daylight","Violation Driver 1","Controls Functioning","Clear","Rear End","Related","Other Vehicle","Not Applicable","Not Applicable","South Of",""
"685243","CR-0000093923","0","0","3","0","22-259-0460","False","False","116","9/15/2022 12:52:00 PM","No Pedestrians Involved","Dry","No Unusual Conditions","Daylight","Violation Driver 1","Controls Functioning","Clear","Head On","Non-Related","Other Vehicle","Not Applicable","Not Applicable","West Of",""
"685244","CR-0000093925","0","1","0","0","22-245-0249","False","False","550","9/2/2022 9:11:00 AM","No Pedestrians Involved","Dry","No Unusual Conditions","Daylight","Violation Driver 1","No Controls Present/Factor","Clear","Sideswipe","Non-Related","Parked Vehicle","Not Applicable","Not Applicable","East Of",""
"685245","CR-0000093926","0","0","0","0","22-244-0047","False","False","20","9/1/2022 1:52:00 AM","No Pedestrians Involved","Dry","No Unusual Conditions","Dark - Street Light","Violation Driver 1","Unknown","Clear","Head On","Related","Fixed Object","Not Applicable","Not Applicable","North Of","CURB"
"685246","CR-0000093927","0","1","0","0","22-244-0153","False","False","0","9/1/2022 7:52:00 AM","Crossing In Crosswalk - At Intersection","Dry","No Unusual Conditions","Daylight","Violation Driver 1","Controls Functioning","Clear","Vehicle/Pedestrian","Intersection","Pedestrian","South","North","At","PEDESTRIAN"
"685247","CR-0000093924","0","0","0","1","22-286-0842","False","False","70","10/13/2022 7:26:00 PM","Crossing - Not In Crosswalk","Dry","No Unusual Conditions","Dark - Street Light","Unknown","No Controls Present/Factor","Clear","Vehicle/Pedestrian","Non-Related","Pedestrian","Unknown","Unknown","South Of","PED"
"685248","CR-0000093928","1","0","0","0","22-244-0180","False","False","419","9/1/2022 8:23:00 AM","No Pedestrians Involved","Dry","No Unusual Conditions","Daylight","Violation Driver 1","No Controls Present/Factor","Clear","Broadside","Non-Related","Other Vehicle","Not Applicable","Not Applicable","At",""
"685249","CR-0000093929","0","1","0","0","22-244-0355","False","False","0","9/1/2022 11:22:00 AM","No Pedestrians Involved","Dry","No Unusual Conditions","Daylight","Violation Driver 1","Controls Functioning","Clear","Broadside","Intersection","Other Vehicle","Not Applicable","Not Applicable","At",""
"685250","CR-0000093930","1","0","0","0","22-201-0791","False","False","161","7/20/2022 7:09:00 PM","No Pedestrians Involved","Dry","No Unusual Conditions","Daylight","Violation Driver 1","Controls Functioning","Clear","Rear End","Non-Related","Other Vehicle","Not Applicable","Not Applicable","North Of",""
"685251","CR-0000093931","0","0","1","0","22-244-0647","False","False","229","9/1/2022 3:38:00 PM","No Pedestrians Involved","Dry","No Unusual Conditions","Daylight","Violation Driver 1","No Controls Present/Factor","Clear","Broadside","Non-Related","Motorcycle","Not Applicable","Not Applicable","North Of",""
"685252","CR-0000093932","0","0","0","0","22-244-0886","False","False","18","9/1/2022 6:30:00 PM","No Pedestrians Involved","Dry","No Unusual Conditions","Daylight","Violation Driver 1","Unknown","Clear","Broadside","Related","Parked Vehicle","Not Applicable","Not Applicable","South Of",""
"685253","CR-0000093933","0","0","0","0","22-245-0059","False","False","85","9/2/2022 1:31:00 AM","No Pedestrians Involved","Dry","No Unusual Conditions","Dark - Street Light","Violation Driver 1","No Controls Present/Factor","Clear","Sideswipe","Non-Related","Parked Vehicle","Not Applicable","Not Applicable","East Of",""
"685254","CR-0000093934","0","0","0","0","22-155-0559","False","False","0","6/4/2022 3:46:00 PM","No Pedestrians Involved","Dry","No Unusual Conditions","Daylight","Violation Driver 1","Controls Functioning","Clear","Broadside","Intersection","Train","Not Applicable","Not Applicable","At","VTA TRAIN"
"685255","CR-0000093935","0","0","0","0","22-160-0380","False","False","65","6/9/2022 12:25:00 PM","No Pedestrians Involved","Dry","No Unusual Conditions","Daylight","Violation Driver 1","No Controls Present/Factor","Clear","Head On","Non-Related","Other Vehicle","Not Applicable","Not Applicable","South Of","Hydrant, Fence"
"685256","CR-0000093936","0","0","0","0","22-162-0228","False","False","337","6/10/2022 5:56:00 PM","No Pedestrians Involved","Dry","No Unusual Conditions","Daylight","Violation Driver 1","No Controls Present/Factor","Clear","Sideswipe","Non-Related","Parked Vehicle","Not Applicable","Not Applicable","North Of",""
"685257","CR-0000093937","1","0","0","0","22-177-0125","False","False","277","6/26/2022 2:55:00 AM","No Pedestrians Involved","Dry","No Unusual Conditions","Dark - Street Light","Violation Driver 1","No Controls Present/Factor","Clear","Head On","Non-Related","Parked Vehicle","Not Applicable","Not Applicable","West Of",""
"685258","CR-0000093938","1","0","0","0","22-177-0667","False","False","22","6/26/2022 5:45:00 PM","Crossing In Crosswalk - At Intersection","Dry","No Unusual Conditions","Daylight","Violation Driver 1","Controls Functioning","Clear","Vehicle/Pedestrian","Related","Pedestrian","North","South","West Of","PED"
"685259","CR-0000093939","0","0","1","0","22-180-0582","False","False","660","6/29/2022 3:36:00 PM","No Pedestrians Involved","Dry","No Unusual Conditions","Daylight","Unknown","Controls Functioning","Clear","Overturned","Non-Related","Non-Collision","Not Applicable","Not Applicable","South Of","MC"
"685260","CR-0000093940","1","0","0","0","22-180-0751","False","False","42","6/29/2022 6:23:00 PM","No Pedestrians Involved","Dry","No Unusual Conditions","Daylight","Violation Driver 1","Controls Functioning","Clear","Head On","Related","Parked Vehicle","Not Applicable","Not Applicable","East Of",""
"685261","CR-0000093941","1","1","0","0","22-180-0756","False","False","0","6/29/2022 6:52:00 PM","No Pedestrians Involved","Dry","No Unusual Conditions","Daylight","Violation Driver 1","Controls Functioning","Clear","Broadside","Intersection","Other Vehicle","Not Applicable","Not Applicable","At",""
"685262","CR-0000093942","1","0","0","0","22-208-0315","False","False","28","7/27/2022 10:18:00 AM","Crossing In Crosswalk - At Intersection","Dry","No Unusual Conditions","Daylight","Violation Driver 1","Controls Functioning","Clear","Vehicle/Pedestrian","Related","Pedestrian","Unknown","Unknown","East Of","PED"
"685263","CR-0000093943","0","0","1","0","22-208-1000","False","False","0","7/27/2022 10:00:00 PM","No Pedestrians Involved","Dry","No Unusual Conditions","Dark - Street Light","Bike At Fault","Controls Functioning","Clear","Vehicle/Bike","Intersection","Bike","Not Applicable","Not Applicable","At","BIKE"
"685264","CR-0000093944","1","0","0","0","22-209-0121","True","False","0","7/28/2022 5:22:00 AM","No Pedestrians Involved","Dry","No Unusual Conditions","Dark - Street Light","Violation Driver 1","Controls Functioning","Clear","Hit Object","Intersection","Fixed Object","Not Applicable","Not Applicable","At","TREE"
"685265","CR-0000093945","3","0","0","0","22-209-0611","False","False","0","7/28/2022 5:30:00 PM","No Pedestrians Involved","Dry","No Unusual Conditions","Daylight","Violation Driver 1","Controls Functioning","Clear","Head On","Intersection","Other Vehicle","Not Applicable","Not Applicable","At",""
"685266","CR-0000093946","0","0","0","0","22-213-9703","False","True","0","7/30/2022 9:00:00 AM","No Pedestrians Involved","Dry","No Unusual Conditions","Daylight","Unknown","Controls Functioning","Clear","Broadside","Intersection","Other Vehicle","Not Applicable","Not Applicable","At",""
"685267","CR-0000093947","0","0","0","0","22-233-9705","False","True","0","7/30/2022 11:30:00 AM","No Pedestrians Involved","Dry","No Unusual Conditions","Daylight","Unknown","Controls Functioning","Clear","Broadside","Intersection","Other Vehicle","Not Applicable","Not Applicable","At",""
"685268","CR-0000093948","0","0","0","0","22-211-0459","False","True","","7/30/2022 12:49:00 PM","No Pedestrians Involved","Dry","No Unusual Conditions","Daylight","Unknown","Unknown","Clear","Sideswipe","Related","Other Vehicle","Not Applicable","Not Applicable","West Of",""
"685269","CR-0000093949","0","0","0","0","22-214-9711","False","True","0","7/30/2022 3:45:00 AM","No Pedestrians Involved","Dry","No Unusual Conditions","Daylight","Unknown","Controls Functioning","Clear","Rear End","Intersection","Other Vehicle","Not Applicable","Not Applicable","At",""
"685270","CR-0000093950","0","0","0","0","22-213-9705","False","True","0","7/30/2022 10:30:00 PM","No Pedestrians Involved","Dry","No Unusual Conditions","Dark - Street Light","Unknown","No Controls Present/Factor","Clear","Sideswipe","Intersection","Other Vehicle","Not Applicable","Not Applicable","At",""
"685271","CR-0000093951","1","0","0","0","22-211-0769","False","False","0","7/30/2022 6:21:00 PM","No Pedestrians Involved","Dry","No Unusual Conditions","Daylight","Violation Driver 1","Controls Functioning","Clear","Rear End","Intersection","Other Vehicle","Not Applicable","Not Applicable","At",""
"685272","CR-0000093952","0","0","0","0","22-211-0907","False","False","53","7/30/2022 9:14:00 PM","No Pedestrians Involved","Dry","No Unusual Conditions","Dark - Street Light","Violation Driver 1","Controls Functioning","Clear","Sideswipe","Non-Related","Parked Vehicle","Not Applicable","Not Applicable","North Of",""
"685273","CR-0000093953","0","0","0","0","22-244-0725","False","False","0","9/1/2022 4:50:00 PM","No Pedestrians Involved","Dry","No Unusual Conditions","Daylight","Violation Driver 1","Controls Not Functioning","Clear","Broadside","Intersection","Other Vehicle","Not Applicable","Not Applicable","At","MALFUNCTIONING TRAFFIC LIGHTS"
"685274","CR-0000093954","1","0","0","0","22-247-0789","False","False","0","9/4/2022 8:21:00 PM","Crossing In Crosswalk - At Intersection","Dry","No Unusual Conditions","Dark - Street Light","Bike At Fault","Controls Functioning","Clear","Vehicle/Bike","Intersection","Bike","East","West","At","BIKE"
"685275","CR-0000093955","0","0","0","0","22-252-4001","False","True","51","9/6/2022 11:00:00 PM","No Pedestrians Involved","Unknown","Unknown","Unknown","Unknown","Unknown","Unknown","Other","Non-Related","Other Vehicle","Not Applicable","Not Applicable","West Of",""
"685276","CR-0000093956","2","0","0","0","22-250-0455","False","False","0","9/7/2022 12:02:00 PM","No Pedestrians Involved","Dry","No Unusual Conditions","Daylight","Violation Driver 1","Controls Functioning","Clear","Broadside","Intersection","Other Vehicle","Not Applicable","Not Applicable","At",""
"685277","CR-0000093957","0","1","0","0","22-251-1004","False","False","363","9/8/2022 10:12:00 PM","No Pedestrians Involved","Dry","No Unusual Conditions","Dark - Street Light","Violation Driver 1","No Controls Present/Factor","Clear","Sideswipe","Non-Related","Parked Vehicle","Not Applicable","Not Applicable","South Of",""
"685278","CR-0000093958","2","0","0","0","22-252-0167","False","False","112","9/9/2022 6:40:00 AM","No Pedestrians Involved","Dry","No Unusual Conditions","Dusk - Dawn","Violation Driver 1","No Controls Present/Factor","Clear","Rear End","Non-Related","Other Vehicle","Not Applicable","Not Applicable","South Of",""
"685279","CR-0000093959","0","1","0","0","22-254-0096","False","False","0","9/11/2022 1:45:00 AM","No Pedestrians Involved","Dry","No Unusual Conditions","Dark - Street Light","Violation Driver 1","Controls Functioning","Clear","Hit Object","Intersection","Fixed Object","Not Applicable","Not Applicable","At","CURB"
"685280","CR-0000093960","0","1","0","0","22-254-0548","False","False","0","9/11/2022 3:01:00 PM","No Pedestrians Involved","Dry","No Unusual Conditions","Daylight","Violation Driver 1","Controls Functioning","Clear","Broadside","Intersection","Other Vehicle","Not Applicable","Not Applicable","At",""
"685281","CR-0000093961","0","1","0","0","22-255-0363","False","False","198","9/12/2022 11:09:00 AM","No Pedestrians Involved","Dry","No Unusual Conditions","Daylight","Violation Driver 1","No Controls Present/Factor","Clear","Rear End","Non-Related","Other Vehicle","Not Applicable","Not Applicable","West Of",""
"685282","CR-0000093962","0","1","0","0","22-255-0450","False","False","0","9/12/2022 12:31:00 PM","No Pedestrians Involved","Dry","No Unusual Conditions","Daylight","Violation Driver 1","Controls Functioning","Clear","Hit Object","Intersection","Fixed Object","Not Applicable","Not Applicable","At","TRAFFIC POLE"
"685283","CR-0000093963","1","0","0","0","22-255-0468","False","False","0","9/12/2022 12:50:00 PM","No Pedestrians Involved","Dry","No Unusual Conditions","Daylight","Violation Driver 1","Controls Functioning","Clear","Broadside","Intersection","Motor Vehicle On Other Roadway","Not Applicable","Not Applicable","At",""
"685284","CR-0000093964","0","1","0","0","22-256-0222","False","False","144","9/13/2022 8:35:00 AM","No Pedestrians Involved","Dry","Holes Deep Rut","Daylight","Violation Driver 1","Controls Functioning","Clear","Other","Non-Related","Non-Collision","Not Applicable","Not Applicable","West Of","MOTORCYCLE"
"685285","CR-0000093965","0","1","0","0","22-256-0240","False","False","0","9/13/2022 8:55:00 AM","No Pedestrians Involved","Dry","No Unusual Conditions","Daylight","Violation Driver 1","Controls Functioning","Clear","Broadside","Intersection","Other Vehicle","Not Applicable","Not Applicable","At",""
"685286","CR-0000093966","1","1","0","0","22-256-0551","False","False","180","9/13/2022 2:05:00 PM","No Pedestrians Involved","Dry","No Unusual Conditions","Daylight","Violation Driver 1","No Controls Present/Factor","Clear","Sideswipe","Non-Related","Other Vehicle","Not Applicable","Not Applicable","South Of",""
"685287","CR-0000093967","1","0","0","0","22-257-0152","False","False","0","9/14/2022 7:25:00 AM","No Pedestrians Involved","Dry","No Unusual Conditions","Daylight","Violation Driver 1","Unknown","Clear","Sideswipe","Intersection","Other Vehicle","Not Applicable","Not Applicable","At",""
"685288","CR-0000093968","0","1","0","0","22-259-0676","False","False","89","9/16/2022 4:50:00 PM","No Pedestrians Involved","Dry","No Unusual Conditions","Daylight","Violation Driver 1","No Controls Present/Factor","Clear","Broadside","Non-Related","Other Vehicle","Not Applicable","Not Applicable","South Of",""
"685289","CR-0000093969","2","0","0","0","22-259-0968","False","False","0","9/16/2022 8:54:00 PM","No Pedestrians Involved","Unknown","No Unusual Conditions","Daylight","Violation Driver 1","Controls Functioning","Clear","Rear End","Intersection","Other Vehicle","Not Applicable","Not Applicable","At",""
"685290","CR-0000093970","0","1","0","0","22-260-0208","False","False","98","9/17/2022 8:51:00 AM","Crossing - Not In Crosswalk","Dry","No Unusual Conditions","Daylight","Violation Driver 1","Unknown","Clear","Vehicle/Pedestrian","Non-Related","Pedestrian","Unknown","Unknown","North Of","PEDESTRIAN"
"685291","CR-0000093971","0","0","1","0","22-261-0666","False","False","0","9/18/2022 5:51:00 PM","No Pedestrians Involved","Wet","No Unusual Conditions","Dark - Street Light","Bike At Fault","Controls Functioning","Rain","Vehicle/Bike","Intersection","Bike","Not Applicable","Not Applicable","At","BIKE"
"685292","CR-0000093972","0","0","0","0","22-261-0924","False","False","0","9/18/2022 11:01:00 PM","No Pedestrians Involved","Wet","No Unusual Conditions","Dark - Street Light","Violation Driver 1","Controls Functioning","Rain","Hit Object","Intersection","Parked Vehicle","Not Applicable","Not Applicable","At",""
"685293","CR-0000093973","0","1","0","0","22-263-0072","False","False","42","9/20/2022 2:11:00 AM","No Pedestrians Involved","Dry","No Unusual Conditions","Dark - Street Light","Violation Driver 1","No Controls Present/Factor","Clear","Rear End","Related","Parked Vehicle","Not Applicable","Not Applicable","West Of",""
"685294","CR-0000093974","0","0","0","0","22-263-0140","True","False","198","9/20/2022 5:45:00 AM","No Pedestrians Involved","Dry","No Unusual Conditions","Dusk - Dawn","Violation Driver 1","No Controls Present/Factor","Clear","Hit Object","Non-Related","Fixed Object","Not Applicable","Not Applicable","West Of","LIGHT POLE (12R396)"
"685295","CR-0000093976","0","0","0","0","22-263-0196","False","False","0","9/20/2022 8:30:00 AM","No Pedestrians Involved","Dry","Unknown","Daylight","Violation Driver 1","Controls Functioning","Cloudy","Broadside","Intersection","Other Vehicle","Not Applicable","Not Applicable","At",""
"685296","CR-0000093977","0","0","1","0","22-263-0882","False","False","0","9/20/2022 8:20:00 PM","Crossing In Crosswalk - At Intersection","Dry","No Unusual Conditions","Dark - Street Light","Violation Driver 1","No Controls Present/Factor","Clear","Vehicle/Pedestrian","Intersection","Pedestrian","Unknown","Unknown","At","PEDESTRIAN"
"685297","CR-0000093978","3","0","0","0","22-264-0795","False","False","20","9/21/2022 6:30:00 PM","No Pedestrians Involved","Dry","No Unusual Conditions","Daylight","Violation Driver 1","Controls Functioning","Clear","Broadside","Related","Other Vehicle","Not Applicable","Not Applicable","West Of",""
"685298","CR-0000093979","1","0","0","0","22-265-0149","False","False","0","9/22/2022 7:12:00 AM","No Pedestrians Involved","Dry","No Unusual Conditions","Daylight","Violation Driver 1","Unknown","Clear","Broadside","Intersection","Other Vehicle","Not Applicable","Not Applicable","At",""
"685299","CR-0000093980","1","0","0","0","22-266-0685","False","False","353","9/23/2022 4:46:00 PM","No Pedestrians Involved","Dry","No Unusual Conditions","Daylight","Violation Driver 1","No Controls Present/Factor","Clear","Head On","Non-Related","Other Vehicle","Not Applicable","Not Applicable","West Of",""
"685300","CR-0000093981","0","0","0","0","22-245-0816","False","False","48","9/2/2022 6:30:00 PM","No Pedestrians Involved","Dry","No Unusual Conditions","Daylight","Violation Driver 1","Unknown","Clear","Broadside","Related","Parked Vehicle","Not Applicable","Not Applicable","South Of",""
"685301","CR-0000093982","1","0","0","0","22-246-0370","False","False","0","9/3/2022 11:32:00 AM","No Pedestrians Involved","Dry","No Unusual Conditions","Daylight","Violation Driver 1","Controls Functioning","Clear","Head On","Intersection","Other Vehicle","Not Applicable","Not Applicable","At",""
"685302","CR-0000093983","0","0","0","0","22-246-0817","False","False","30","9/3/2022 8:50:00 PM","No Pedestrians Involved","Dry","No Unusual Conditions","Dark - Street Light","Violation Driver 1","No Controls Present/Factor","Clear","Rear End","Related","Other Vehicle","Not Applicable","Not Applicable","North Of","PD"
"685303","CR-0000093984","1","0","0","0","22-246-0834","False","False","0","9/3/2022 9:24:00 PM","No Pedestrians Involved","Dry","No Unusual Conditions","Dark - Street Light","Violation Driver 1","No Controls Present/Factor","Clear","Rear End","Intersection","Other Vehicle","Not Applicable","Not Applicable","At",""
"685304","CR-0000093985","0","0","0","0","22-247-0142","False","False","382","9/4/2022 3:49:00 AM","No Pedestrians Involved","Dry","No Unusual Conditions","Dark - Street Light","Violation Driver 1","Controls Functioning","Clear","Rear End","Non-Related","Parked Vehicle","Not Applicable","Not Applicable","East Of",""
"685305","CR-0000093986","0","0","0","0","22-247-0257","False","False","0","9/4/2022 9:16:00 AM","No Pedestrians Involved","Dry","No Unusual Conditions","Daylight","Violation Driver 1","Controls Functioning","Clear","Sideswipe","Intersection","Other Vehicle","Not Applicable","Not Applicable","At",""
"685306","CR-0000093987","0","0","0","0","22-247-0348","False","False","0","9/4/2022 12:00:00 PM","No Pedestrians Involved","Dry","No Unusual Conditions","Daylight","Violation Driver 1","Controls Functioning","Clear","Sideswipe","Intersection","Parked Vehicle","Not Applicable","Not Applicable","At","SJFD VEHICLE INVOLVED"
"685307","CR-0000093988","0","0","0","0","22-247-0678","False","False","45","9/4/2022 6:37:00 PM","No Pedestrians Involved","Dry","No Unusual Conditions","Daylight","Violation Driver 1","Controls Functioning","Clear","Other","Related","Parked Vehicle","Not Applicable","Not Applicable","West Of",""
"685308","CR-0000093989","1","0","0","0","22-247-0750","False","False","93","9/4/2022 7:43:00 PM","No Pedestrians Involved","Dry","No Unusual Conditions","Dark - Street Light","Violation Driver 1","No Controls Present/Factor","Clear","Broadside","Non-Related","Parked Vehicle","Not Applicable","Not Applicable","South Of",""
"685309","CR-0000093990","1","0","0","0","22-247-0759","True","False","0","9/4/2022 7:55:00 PM","No Pedestrians Involved","Wet","No Unusual Conditions","Dark - Street Light","Violation Driver 1","Controls Functioning","Clear","Sideswipe","Intersection","Other Vehicle","Not Applicable","Not Applicable","At","LIGHT POLE"
"685310","CR-0000093991","0","0","0","0","22-248-0324","False","False","235","9/5/2022 9:55:00 AM","No Pedestrians Involved","Dry","No Unusual Conditions","Daylight","Violation Driver 1","No Controls Present/Factor","Clear","Sideswipe","Non-Related","Parked Vehicle","Not Applicable","Not Applicable","West Of",""
"685311","CR-0000093992","0","0","0","0","22-248-0796","True","False","41","9/5/2022 7:05:00 PM","No Pedestrians Involved","Dry","No Unusual Conditions","Daylight","Violation Driver 1","Controls Functioning","Clear","Hit Object","Related","Fixed Object","Not Applicable","Not Applicable","East Of","TREE"
"685312","CR-0000093993","0","0","0","0","22-248-0957","False","False","0","9/5/2022 9:57:00 PM","No Pedestrians Involved","Dry","No Unusual Conditions","Dark - Street Light","Violation Driver 1","Controls Functioning","Clear","Broadside","Intersection","Other Vehicle","Not Applicable","Not Applicable","At",""
"685313","CR-0000093994","0","0","0","0","22-249-0218","False","False","164","9/5/2022 10:00:00 PM","No Pedestrians Involved","Dry","No Unusual Conditions","Dusk - Dawn","Violation Driver 1","No Controls Present/Factor","Unknown","Rear End","Non-Related","Parked Vehicle","Not Applicable","Not Applicable","North Of",""