"CrashFactId","Name","MinorInjuries","ModerateInjuries","SevereInjuries","FatalInjuries","TcrNumber","CityDamageFlag","ShortFormFlag","Distance","CrashDateTime","PedestrianAction","RoadwaySurface","RoadwayCondition","Lighting","PrimaryCollisionFactor","TrafficControl","Weather","CollisionType","ProximityToIntersection","VehicleInvolvedWith","PedestrianDirectionFrom","PedestrianDirectionTo","DirectionFromIntersection","Comment"
"685314","CR-0000093995","3","1","0","0","22-249-0108","False","False","33","9/6/2022 10:30:00 PM","No Pedestrians Involved","Dry","No Unusual Conditions","Dark - Street Light Not Functioning","Violation Driver 1","Controls Not Functioning","Clear","Rear End","Related","Other Vehicle","Not Applicable","Not Applicable","West Of","POWER OUTAGE"
"685315","CR-0000093996","0","0","0","0","22-250-0012","True","False","0","9/7/2022 12:03:00 AM","No Pedestrians Involved","Dry","No Unusual Conditions","Dark - Street Light","Violation Driver 1","No Controls Present/Factor","Clear","Rear End","Intersection","Parked Vehicle","Not Applicable","Not Applicable","At","LIGHT POLE"
"685316","CR-0000093997","0","0","0","0","22-250-0206","False","False","0","9/7/2022 8:03:00 AM","No Pedestrians Involved","Dry","No Unusual Conditions","Daylight","Violation Driver 1","Controls Not Functioning","Clear","Broadside","Intersection","Other Vehicle","Not Applicable","Not Applicable","At",""
"685317","CR-0000093998","0","0","0","0","22-250-9705","False","True","345","9/7/2022 7:45:00 AM","No Pedestrians Involved","Dry","No Unusual Conditions","Daylight","Unknown","Controls Functioning","Clear","Broadside","Non-Related","Other Vehicle","Not Applicable","Not Applicable","East Of",""
"685318","CR-0000093999","0","0","0","0","22-251-0240","False","False","100","9/8/2022 7:30:00 AM","No Pedestrians Involved","Dry","No Unusual Conditions","Daylight","Violation Driver 1","Controls Functioning","Clear","Rear End","Non-Related","Other Vehicle","Not Applicable","Not Applicable","West Of",""
"685319","CR-0000094000","0","0","0","0","22-251-0641","False","False","0","9/8/2022 3:55:00 PM","No Pedestrians Involved","Dry","No Unusual Conditions","Daylight","Violation Driver 1","Controls Functioning","Clear","Broadside","Intersection","Other Vehicle","Not Applicable","Not Applicable","At","SJPD INVOLVED"
"685320","CR-0000094001","0","0","0","0","22-251-0668","True","False","19","9/8/2022 4:14:00 PM","No Pedestrians Involved","Dry","No Unusual Conditions","Daylight","Violation Driver 1","Unknown","Clear","Head On","Related","Fixed Object","Not Applicable","Not Applicable","East Of","STOP SIGN"
"685321","CR-0000094002","0","0","0","0","22-251-0715","False","False","150","9/8/2022 4:55:00 PM","No Pedestrians Involved","Dry","No Unusual Conditions","Daylight","Violation Driver 1","Controls Functioning","Clear","Rear End","Non-Related","Other Vehicle","Not Applicable","Not Applicable","East Of",""
"685322","CR-0000094003","0","0","0","0","22-252-0378","False","False","108","9/9/2022 10:30:00 AM","No Pedestrians Involved","Dry","No Unusual Conditions","Daylight","Violation Driver 1","No Controls Present/Factor","Clear","Sideswipe","Non-Related","Other Vehicle","Not Applicable","Not Applicable","West Of",""
"685323","CR-0000094004","0","0","0","0","22-252-0977","False","False","0","9/9/2022 9:00:00 PM","No Pedestrians Involved","Dry","Unknown","Dark - Street Light","Violation Driver 1","Controls Functioning","Clear","Rear End","Intersection","Other Vehicle","Not Applicable","Not Applicable","At",""
"685324","CR-0000094005","0","0","0","0","22-252-0995","False","False","121","9/9/2022 9:50:00 PM","No Pedestrians Involved","Dry","No Unusual Conditions","Dark - Street Light","Violation Driver 1","No Controls Present/Factor","Clear","Head On","Non-Related","Parked Vehicle","Not Applicable","Not Applicable","West Of",""
"685325","CR-0000094006","0","0","0","0","22-252-1095","False","False","22","9/9/2022 11:16:00 PM","No Pedestrians Involved","Dry","No Unusual Conditions","Dark - Street Light","Violation Driver 1","No Controls Present/Factor","Clear","Head On","Related","Parked Vehicle","Not Applicable","Not Applicable","South Of",""
"685326","CR-0000094007","0","0","0","0","22-253-0119","False","False","180","9/10/2022 2:32:00 AM","No Pedestrians Involved","Dry","No Unusual Conditions","Dark - Street Light","Violation Driver 1","Controls Functioning","Clear","Rear End","Non-Related","Parked Vehicle","Not Applicable","Not Applicable","South Of",""
"685327","CR-0000094008","0","0","0","0","22-253-0845","False","False","0","9/10/2022 7:20:00 PM","No Pedestrians Involved","Dry","No Unusual Conditions","Dark - Street Light","Violation Driver 1","No Controls Present/Factor","Clear","Broadside","Intersection","Other Vehicle","Not Applicable","Not Applicable","At",""
"685328","CR-0000094009","0","0","0","0","22-253-0972","True","False","38","9/10/2022 9:30:00 PM","No Pedestrians Involved","Dry","No Unusual Conditions","Dark - Street Light","Violation Driver 1","Controls Functioning","Clear","Rear End","Related","Fixed Object","Not Applicable","Not Applicable","South Of","SIGNAL POLE AND TRASH CAN"
"685329","CR-0000094010","0","0","0","0","22-252-0091","False","False","478","9/9/2022 2:51:00 AM","No Pedestrians Involved","Dry","No Unusual Conditions","Dark - No Street Light","Violation Driver 1","No Controls Present/Factor","Clear","Head On","Non-Related","Parked Vehicle","Not Applicable","Not Applicable","West Of",""
"685330","CR-0000094011","3","1","0","0","22-249-1082","False","False","33","9/6/2022 10:30:00 PM","No Pedestrians Involved","Dry","No Unusual Conditions","Dark - Street Light Not Functioning","Violation Driver 1","Controls Not Functioning","Clear","Rear End","Related","Other Vehicle","Not Applicable","Not Applicable","West Of","POWER OUTAGE"
"685331","CR-0000094057","1","0","0","0","22-258-0701","False","False","135","9/15/2022 5:00:00 PM","No Pedestrians Involved","Dry","No Unusual Conditions","Daylight","Violation Driver 1","No Controls Present/Factor","Cloudy","Head On","Non-Related","Other Vehicle","Not Applicable","Not Applicable","South Of",""
"685332","CR-0000094058","1","0","0","0","22-252-0451","True","False","103","9/9/2022 12:27:00 PM","No Pedestrians Involved","Dry","Unknown","Daylight","Violation Driver 1","No Controls Present/Factor","Clear","Rear End","Non-Related","Parked Vehicle","Not Applicable","Not Applicable","North Of","POLE"
"685333","CR-0000094059","1","0","0","0","22-260-0516","True","False","1056","9/17/2022 4:14:00 PM","No Pedestrians Involved","Dry","No Unusual Conditions","Daylight","Violation Driver 1","No Controls Present/Factor","Clear","Hit Object","Non-Related","Fixed Object","Not Applicable","Not Applicable","North Of","TREE"
"685334","CR-0000094060","0","0","0","0","22-286-9710","False","True","","9/23/2022 5:30:00 PM","No Pedestrians Involved","Dry","No Unusual Conditions","Daylight","Violation Driver 1","No Controls Present/Factor","Clear","Rear End","Related","Parked Vehicle","Not Applicable","Not Applicable","Unknown",""
"685335","CR-0000094061","0","1","0","0","22-258-0666","False","False","134","9/15/2022 4:25:00 PM","No Pedestrians Involved","Dry","No Unusual Conditions","Daylight","Violation Driver 1","No Controls Present/Factor","Clear","Broadside","Non-Related","Parked Vehicle","Not Applicable","Not Applicable","South Of",""
"685336","CR-0000094062","0","0","0","0","22-267-0494","False","False","40","9/24/2022 1:22:00 PM","No Pedestrians Involved","Dry","No Unusual Conditions","Daylight","Violation Driver 1","Controls Functioning","Clear","Rear End","Related","Other Vehicle","Not Applicable","Not Applicable","East Of",""
"685337","CR-0000094063","0","0","0","0","22-225-0138","False","False","667","8/13/2022 3:11:00 AM","No Pedestrians Involved","Dry","No Unusual Conditions","Dark - Street Light","Violation Driver 1","No Controls Present/Factor","Clear","Hit Object","Non-Related","Fixed Object","Not Applicable","Not Applicable","South Of","CURB, SOUND WALL"
"685338","CR-0000094064","0","1","0","0","22-225-0188","False","False","27","8/13/2022 2:39:00 AM","No Pedestrians Involved","Dry","No Unusual Conditions","Dark - Street Light","Violation Driver 1","Controls Not Functioning","Clear","Hit Object","Related","Fixed Object","Not Applicable","Not Applicable","North Of","CURB"
"685339","CR-0000094065","0","0","0","0","22-225-0141","False","False","126","8/13/2022 3:30:00 AM","No Pedestrians Involved","Dry","No Unusual Conditions","Dark - Street Light","Violation Driver 1","Controls Not Functioning","Clear","Rear End","Non-Related","Parked Vehicle","Not Applicable","Not Applicable","West Of",""
"685340","CR-0000094066","0","0","0","0","22-225-0198","False","False","91","8/13/2022 6:16:00 AM","No Pedestrians Involved","Dry","No Unusual Conditions","Daylight","Violation Driver 1","No Controls Present/Factor","Clear","Rear End","Non-Related","Parked Vehicle","Not Applicable","Not Applicable","West Of",""
"685341","CR-0000094067","0","0","0","0","22-225-0687","False","False","350","8/13/2022 6:51:00 PM","No Pedestrians Involved","Dry","No Unusual Conditions","Daylight","Violation Driver 1","No Controls Present/Factor","Clear","Head On","Non-Related","Parked Vehicle","Not Applicable","Not Applicable","South Of",""
"685342","CR-0000094068","0","0","0","0","22-226-0204","False","False","66","8/14/2022 2:30:00 AM","No Pedestrians Involved","Dry","No Unusual Conditions","Dark - No Street Light","Violation Driver 1","Controls Functioning","Clear","Head On","Non-Related","Other Vehicle","Not Applicable","Not Applicable","South Of",""
"685343","CR-0000094069","0","0","0","0","22-226-0267","False","False","60","8/14/2022 5:20:00 AM","No Pedestrians Involved","Dry","No Unusual Conditions","Dusk - Dawn","Violation Driver 1","No Controls Present/Factor","Clear","Head On","Non-Related","Parked Vehicle","Not Applicable","Not Applicable","North Of",""
"685344","CR-0000094070","2","0","0","0","22-226-0491","False","False","25","8/14/2022 1:49:00 PM","No Pedestrians Involved","Dry","No Unusual Conditions","Daylight","Violation Driver 1","Controls Functioning","Clear","Head On","Related","Other Vehicle","Not Applicable","Not Applicable","North Of",""
"685345","CR-0000094071","0","0","0","0","22-229-0406","False","False","60","8/14/2022 4:00:00 PM","No Pedestrians Involved","Dry","No Unusual Conditions","Unknown","Violation Driver 1","No Controls Present/Factor","Unknown","Sideswipe","Non-Related","Parked Vehicle","Not Applicable","Not Applicable","East Of",""
"685346","CR-0000094072","1","0","0","0","22-267-0645","True","False","0","9/24/2022 4:38:00 PM","No Pedestrians Involved","Dry","No Unusual Conditions","Daylight","Violation Driver 1","Controls Functioning","Clear","Hit Object","Intersection","Fixed Object","Not Applicable","Not Applicable","At","LIGHT POLE"
"685347","CR-0000094073","1","0","1","0","22-268-0335","False","False","0","9/25/2022 9:36:00 AM","No Pedestrians Involved","Dry","No Unusual Conditions","Daylight","Violation Driver 1","No Controls Present/Factor","Cloudy","Rear End","Intersection","Parked Vehicle","Not Applicable","Not Applicable","At",""
"685348","CR-0000094074","1","1","0","0","22-268-0141","False","False","0","9/25/2022 2:23:00 AM","No Pedestrians Involved","Dry","No Unusual Conditions","Dark - Street Light","Violation Driver 1","Controls Functioning","Clear","Head On","Intersection","Other Vehicle","Not Applicable","Not Applicable","At",""
"685349","CR-0000094075","0","1","0","0","22-226-0893","False","False","365","8/14/2022 9:27:00 PM","No Pedestrians Involved","Dry","No Unusual Conditions","Dark - Street Light","Violation Driver 1","Unknown","Clear","Rear End","Non-Related","Parked Vehicle","Not Applicable","Not Applicable","East Of",""
"685350","CR-0000094076","0","0","0","0","22-226-0994","False","False","51","8/14/2022 11:22:00 PM","No Pedestrians Involved","Dry","No Unusual Conditions","Dark - Street Light","Violation Driver 1","No Controls Present/Factor","Clear","Sideswipe","Non-Related","Other Vehicle","Not Applicable","Not Applicable","South Of",""
"685351","CR-0000094077","3","1","0","0","22-268-0493","False","False","47","9/25/2022 1:10:00 PM","No Pedestrians Involved","Dry","No Unusual Conditions","Daylight","Violation Driver 1","Controls Functioning","Unknown","Head On","Related","Other Vehicle","Not Applicable","Not Applicable","North Of",""
"685352","CR-0000094078","0","0","0","0","22-227-0200","False","False","51","8/15/2022 7:10:00 AM","No Pedestrians Involved","Dry","No Unusual Conditions","Daylight","Violation Driver 1","Controls Functioning","Clear","Rear End","Non-Related","Other Vehicle","Not Applicable","Not Applicable","West Of",""
"685353","CR-0000094079","0","0","0","0","22-268-0792","False","False","0","9/25/2022 8:26:00 PM","No Pedestrians Involved","Dry","No Unusual Conditions","Dark - Street Light","Violation Driver 1","Controls Functioning","Clear","Broadside","Intersection","Other Vehicle","Not Applicable","Not Applicable","At",""
"685354","CR-0000094080","0","0","0","0","22-269-0895","False","False","0","9/26/2022 9:52:00 PM","No Pedestrians Involved","Dry","No Unusual Conditions","Dark - Street Light","Violation Driver 1","Controls Functioning","Clear","Broadside","Intersection","Other Vehicle","Not Applicable","Not Applicable","At",""
"685356","CR-0000094082","0","0","0","0","22-227-9706","False","True","51","8/15/2022 11:30:00 AM","No Pedestrians Involved","Dry","No Unusual Conditions","Daylight","Unknown","No Controls Present/Factor","Clear","Sideswipe","Non-Related","Parked Vehicle","Not Applicable","Not Applicable","West Of",""
"685357","CR-0000094083","0","0","1","0","22-227-0521","False","False","0","8/15/2022 1:52:00 PM","No Pedestrians Involved","Dry","No Unusual Conditions","Daylight","Violation Driver 1","Controls Functioning","Clear","Broadside","Intersection","Other Vehicle","Not Applicable","Not Applicable","At",""
"685358","CR-0000094084","0","0","0","0","22-228-9701","False","False","50","8/15/2022 4:12:00 PM","No Pedestrians Involved","Dry","No Unusual Conditions","Daylight","Unknown","No Controls Present/Factor","Clear","Sideswipe","Related","Other Vehicle","Not Applicable","Not Applicable","Unknown",""
"685359","CR-0000094085","0","0","0","0","22-269-0241","False","False","","9/26/2022 9:35:00 AM","No Pedestrians Involved","Dry","No Unusual Conditions","Daylight","Violation Driver 1","Controls Functioning","Clear","Sideswipe","Related","Other Vehicle","Not Applicable","Not Applicable","South Of",""
"685360","CR-0000094086","0","0","0","0","22-227-0890","False","False","432","8/15/2022 8:29:00 PM","No Pedestrians Involved","Dry","No Unusual Conditions","Dark - No Street Light","Bike At Fault","Controls Functioning","Clear","Rear End","Non-Related","Bike","Not Applicable","Not Applicable","South Of","BICYCLIST"
"685361","CR-0000094087","1","0","0","0","22-269-0795","False","False","0","9/26/2022 7:43:00 PM","No Pedestrians Involved","Dry","Unknown","Dark - Street Light","Violation Driver 1","Controls Functioning","Clear","Sideswipe","Intersection","Other Vehicle","Not Applicable","Not Applicable","At",""
"685362","CR-0000094088","0","0","0","0","22-227-1078","False","False","87","8/15/2022 11:45:00 PM","No Pedestrians Involved","Dry","No Unusual Conditions","Dark - Street Light","Violation Driver 1","No Controls Present/Factor","Clear","Sideswipe","Non-Related","Parked Vehicle","Not Applicable","Not Applicable","East Of",""
"685363","CR-0000094090","0","0","0","0","22-269-0945","True","False","217","9/26/2022 10:58:00 PM","No Pedestrians Involved","Dry","No Unusual Conditions","Dark - Street Light","Violation Driver 1","No Controls Present/Factor","Clear","Hit Object","Non-Related","Fixed Object","Not Applicable","Not Applicable","East Of","LIGHT POLE"
"685364","CR-0000094089","0","1","0","0","22-228-0743","False","False","32","8/16/2022 4:54:00 PM","No Pedestrians Involved","Dry","No Unusual Conditions","Daylight","Violation Driver 1","No Controls Present/Factor","Clear","Rear End","Related","Parked Vehicle","Not Applicable","Not Applicable","At",""
"685365","CR-0000094091","0","0","0","0","22-228-0915","True","False","0","8/16/2022 7:30:00 PM","No Pedestrians Involved","Dry","No Unusual Conditions","Daylight","Violation Driver 1","Controls Functioning","Clear","Hit Object","Intersection","Fixed Object","Not Applicable","Not Applicable","At","TRAFFIC SIGNAL"
"685366","CR-0000094092","0","1","0","0","22-229-0069","False","False","137","8/17/2022 12:57:00 AM","No Pedestrians Involved","Dry","No Unusual Conditions","Dark - Street Light","Violation Driver 1","No Controls Present/Factor","Clear","Sideswipe","Non-Related","Parked Vehicle","Not Applicable","Not Applicable","West Of",""
"685367","CR-0000094093","0","0","0","0","22-229-0224","False","False","0","8/17/2022 8:15:00 AM","No Pedestrians Involved","Dry","No Unusual Conditions","Daylight","Violation Driver 1","No Controls Present/Factor","Clear","Broadside","Intersection","Other Vehicle","Not Applicable","Not Applicable","At",""
"685368","CR-0000094094","0","0","0","0","22-230-0406","False","False","0","8/17/2022 9:45:00 PM","No Pedestrians Involved","Dry","No Unusual Conditions","Dark - Street Light","Violation Driver 1","Controls Functioning","Clear","Sideswipe","Intersection","Parked Vehicle","Not Applicable","Not Applicable","At",""
"685369","CR-0000094095","0","0","0","0","22-230-0025","False","False","236","8/18/2022 12:26:00 AM","No Pedestrians Involved","Dry","No Unusual Conditions","Dark - Street Light","Violation Driver 1","Controls Functioning","Clear","Head On","Non-Related","Parked Vehicle","Not Applicable","Not Applicable","East Of",""
"685370","CR-0000094096","0","0","0","0","22-230-0066","False","False","0","8/18/2022 2:00:00 AM","No Pedestrians Involved","Dry","No Unusual Conditions","Dark - Street Light","Violation Driver 1","Controls Functioning","Clear","Rear End","Intersection","Other Vehicle","Not Applicable","Not Applicable","At",""
"685371","CR-0000094097","0","0","0","0","22-230-0504","False","False","100","8/18/2022 1:15:00 PM","No Pedestrians Involved","Dry","No Unusual Conditions","Daylight","Violation Driver 1","No Controls Present/Factor","Clear","Rear End","Non-Related","Parked Vehicle","Not Applicable","Not Applicable","East Of",""
"685372","CR-0000094098","0","0","0","0","22-230-0135","False","False","24","8/18/2022 6:30:00 PM","No Pedestrians Involved","Dry","No Unusual Conditions","Dark - Street Light","Unknown","Controls Functioning","Clear","Broadside","Related","Parked Vehicle","Not Applicable","Not Applicable","South Of",""
"685373","CR-0000094099","0","0","0","0","22-230-0952","False","False","0","8/18/2022 8:53:00 PM","No Pedestrians Involved","Dry","No Unusual Conditions","Dark - Street Light","Violation Driver 1","No Controls Present/Factor","Clear","Head On","Intersection","Other Vehicle","Not Applicable","Not Applicable","At",""
"685374","CR-0000094100","0","0","0","0","22-230-0959","False","False","60","8/18/2022 9:06:00 PM","No Pedestrians Involved","Dry","No Unusual Conditions","Dark - Street Light","Unknown","No Controls Present/Factor","Clear","Rear End","Non-Related","Other Vehicle","Not Applicable","Not Applicable","South Of",""
"685375","CR-0000094102","0","0","0","0","22-230-1047","False","False","97","8/19/2022 12:01:00 AM","No Pedestrians Involved","Dry","No Unusual Conditions","Dark - Street Light","Violation Driver 1","Controls Functioning","Clear","Sideswipe","Non-Related","Other Vehicle","Not Applicable","Not Applicable","East Of",""
"685376","CR-0000094103","0","1","0","0","22-231-0343","False","False","500","8/19/2022 11:32:00 AM","No Pedestrians Involved","Dry","No Unusual Conditions","Daylight","Violation Driver 1","Unknown","Clear","Other","Non-Related","Non-Collision","Not Applicable","Not Applicable","South Of",""
"685377","CR-0000094101","0","0","0","0","22-270-0114","False","False","152","9/27/2022 3:44:00 AM","No Pedestrians Involved","Dry","No Unusual Conditions","Dark - Street Light","Violation Driver 1","No Controls Present/Factor","Clear","Rear End","Non-Related","Parked Vehicle","Not Applicable","Not Applicable","East Of",""
"685378","CR-0000094104","0","0","0","0","22-231-0545","False","False","78","8/19/2022 3:43:00 PM","No Pedestrians Involved","Dry","No Unusual Conditions","Daylight","Violation Driver 1","No Controls Present/Factor","Clear","Broadside","Non-Related","Parked Vehicle","Not Applicable","Not Applicable","West Of",""
"685379","CR-0000094106","0","0","0","0","22-231-0725","False","False","51","8/19/2022 6:00:00 PM","No Pedestrians Involved","Dry","No Unusual Conditions","Daylight","Violation Driver 1","Controls Functioning","Clear","Sideswipe","Non-Related","Other Vehicle","Not Applicable","Not Applicable","South Of",""
"685380","CR-0000094107","0","0","0","0","22-270-0250","False","False","180","9/27/2022 7:43:00 AM","No Pedestrians Involved","Dry","No Unusual Conditions","Daylight","Violation Driver 1","No Controls Present/Factor","Clear","Head On","Non-Related","Parked Vehicle","Not Applicable","Not Applicable","West Of",""
"685381","CR-0000094116","0","0","0","0","22-231-0896","False","False","18","8/19/2022 8:00:00 PM","No Pedestrians Involved","Dry","No Unusual Conditions","Dark - Street Light","Violation Driver 1","No Controls Present/Factor","Clear","Head On","Related","Parked Vehicle","Not Applicable","Not Applicable","North Of",""
"685382","CR-0000094117","0","0","0","0","22-231-0908","False","False","577","8/19/2022 9:07:00 PM","No Pedestrians Involved","Dry","No Unusual Conditions","Dark - Street Light","Violation Driver 1","No Controls Present/Factor","Clear","Rear End","Non-Related","Other Vehicle","Not Applicable","Not Applicable","West Of",""
"685383","CR-0000094118","0","0","0","0","22-270-0429","False","False","0","9/27/2022 1:15:00 PM","No Pedestrians Involved","Dry","No Unusual Conditions","Daylight","Violation Driver 1","Controls Functioning","Clear","Broadside","Intersection","Other Vehicle","Not Applicable","Not Applicable","At",""
"685384","CR-0000094119","0","2","0","0","22-232-0139","False","False","0","8/20/2022 3:46:00 AM","No Pedestrians Involved","Dry","No Unusual Conditions","Dark - Street Light","Violation Driver 1","Controls Functioning","Clear","Broadside","Intersection","Other Vehicle","Not Applicable","Not Applicable","At",""
"685385","CR-0000094120","0","0","0","0","22-270-0633","False","False","0","9/27/2022 3:55:00 PM","No Pedestrians Involved","Dry","No Unusual Conditions","Daylight","Violation Driver 1","Controls Functioning","Clear","Head On","Intersection","Other Vehicle","Not Applicable","Not Applicable","At",""
"685386","CR-0000094121","0","1","0","0","22-232-0106","False","False","83","8/20/2022 2:18:00 AM","No Pedestrians Involved","Dry","No Unusual Conditions","Dark - Street Light","Violation Driver 1","Controls Functioning","Clear","Rear End","Non-Related","Other Vehicle","Not Applicable","Not Applicable","East Of",""
"685387","CR-0000094123","1","0","0","0","22-232-0365","True","False","43","8/20/2022 11:15:00 AM","No Pedestrians Involved","Dry","No Unusual Conditions","Daylight","Violation Driver 1","No Controls Present/Factor","Clear","Hit Object","Related","Fixed Object","Not Applicable","Not Applicable","West Of","LIGHT POLE"
"685388","CR-0000094122","1","0","0","0","22-270-0836","False","False","24","9/27/2022 7:04:00 PM","No Pedestrians Involved","Dry","No Unusual Conditions","Daylight","Violation Driver 1","Controls Functioning","Clear","Head On","Related","Other Vehicle","Not Applicable","Not Applicable","South Of",""
"685389","CR-0000094125","0","0","0","0","22-232-0656","False","False","0","8/20/2022 5:30:00 PM","No Pedestrians Involved","Dry","No Unusual Conditions","Daylight","Violation Driver 1","Controls Functioning","Clear","Broadside","Intersection","Other Vehicle","Not Applicable","Not Applicable","At",""
"685390","CR-0000094124","0","0","0","0","22-270-0947","True","False","128","9/27/2022 8:56:00 PM","No Pedestrians Involved","Dry","No Unusual Conditions","Dark - No Street Light","Violation Driver 1","Controls Functioning","Clear","Hit Object","Non-Related","Fixed Object","Not Applicable","Not Applicable","South Of","POLE"
"685391","CR-0000094126","1","0","0","0","22-270-1021","True","False","46","9/27/2022 11:11:00 PM","No Pedestrians Involved","Dry","No Unusual Conditions","Dark - Street Light","Violation Driver 1","No Controls Present/Factor","Clear","Head On","Related","Fixed Object","Not Applicable","Not Applicable","North Of","CURB"
"685392","CR-0000094127","0","0","0","0","22-271-0048","False","False","102","9/28/2022 4:00:00 AM","No Pedestrians Involved","Dry","No Unusual Conditions","Daylight","Violation Driver 1","Controls Obscured","Clear","Rear End","Non-Related","Parked Vehicle","Not Applicable","Not Applicable","South Of",""
"685393","CR-0000094128","0","0","0","0","22-271-0256","False","False","20","9/28/2022 8:10:00 AM","No Pedestrians Involved","Dry","No Unusual Conditions","Daylight","Violation Driver 1","Controls Functioning","Clear","Vehicle/Bike","Related","Bike","Not Applicable","Not Applicable","North Of","BIKE"
"685394","CR-0000094129","0","0","0","0","22-272-0733","True","False","0","9/29/2022 5:19:00 PM","No Pedestrians Involved","Dry","No Unusual Conditions","Daylight","Violation Driver 1","Controls Functioning","Clear","Hit Object","Intersection","Fixed Object","Not Applicable","Not Applicable","At","SIGNAL LIGHT"
"685395","CR-0000094130","2","0","0","0","22-273-0189","False","False","0","9/30/2022 7:15:00 AM","No Pedestrians Involved","Dry","No Unusual Conditions","Daylight","Violation Driver 1","Controls Functioning","Clear","Head On","Intersection","Other Vehicle","Not Applicable","Not Applicable","At",""
"685396","CR-0000094131","0","0","0","0","22-273-0316","False","False","0","9/30/2022 10:00:00 AM","No Pedestrians Involved","Dry","Construction - Repair Zone","Daylight","Violation Driver 1","Controls Functioning","Clear","Head On","Intersection","Other Vehicle","Not Applicable","Not Applicable","At",""
"685397","CR-0000094132","2","0","0","0","22-272-0595","False","False","45","9/30/2022 10:51:00 AM","No Pedestrians Involved","Dry","Unknown","Daylight","Violation Driver 1","No Controls Present/Factor","Clear","Sideswipe","Related","Other Vehicle","Not Applicable","Not Applicable","East Of",""
"685398","CR-0000094133","0","0","0","0","22-271-0358","False","False","0","9/28/2022 11:18:00 AM","No Pedestrians Involved","Dry","No Unusual Conditions","Daylight","Violation Driver 1","Controls Functioning","Clear","Broadside","Intersection","Train","Not Applicable","Not Applicable","At","VTA TRAIN"
"685399","CR-0000094134","0","0","0","0","22-272-4000","False","True","","9/28/2022 5:15:00 PM","No Pedestrians Involved","Unknown","Unknown","Daylight","Unknown","Unknown","Unknown","Rear End","Related","Other Vehicle","Not Applicable","Not Applicable","Unknown",""
"685400","CR-0000094135","2","0","0","0","22-258-0616","False","False","51","9/15/2022 3:49:00 PM","No Pedestrians Involved","Dry","No Unusual Conditions","Daylight","Violation Driver 1","Controls Functioning","Clear","Rear End","Non-Related","Other Object","Not Applicable","Not Applicable","South Of",""
"685401","CR-0000094136","1","0","0","0","22-259-0530","False","False","","9/16/2022 2:26:00 PM","No Pedestrians Involved","Dry","No Unusual Conditions","Daylight","Violation Driver 1","Controls Functioning","Clear","Rear End","Related","Other Vehicle","Not Applicable","Not Applicable","East Of",""
"685402","CR-0000094137","0","0","0","0","22-259-1108","False","False","51","9/16/2022 11:25:00 PM","No Pedestrians Involved","Dry","No Unusual Conditions","Dark - Street Light","Violation Driver 1","No Controls Present/Factor","Clear","Head On","Non-Related","Parked Vehicle","Not Applicable","Not Applicable","North Of",""
"685403","CR-0000094138","1","0","0","0","22-260-0314","False","False","85","9/17/2022 11:55:00 AM","No Pedestrians Involved","Dry","No Unusual Conditions","Daylight","Violation Driver 1","Controls Functioning","Clear","Hit Object","Non-Related","Fixed Object","Not Applicable","Not Applicable","South Of","CURB, HOUSE AND WALL"
"685404","CR-0000094139","1","0","0","0","22-260-0460","False","False","29","9/17/2022 2:56:00 PM","No Pedestrians Involved","Dry","No Unusual Conditions","Daylight","Violation Driver 1","Controls Functioning","Clear","Broadside","Related","Other Vehicle","Not Applicable","Not Applicable","West Of",""
"685405","CR-0000094140","0","0","0","0","22-260-0889","False","False","168","9/17/2022 10:35:00 PM","No Pedestrians Involved","Dry","No Unusual Conditions","Dark - Street Light","Violation Driver 1","No Controls Present/Factor","Clear","Sideswipe","Non-Related","Parked Vehicle","Not Applicable","Not Applicable","South Of",""
"685406","CR-0000094141","0","0","0","0","22-261-0063","True","False","40","9/18/2022 1:51:00 AM","No Pedestrians Involved","Dry","No Unusual Conditions","Dark - Street Light","Violation Driver 1","Controls Functioning","Clear","Hit Object","Related","Fixed Object","Not Applicable","Not Applicable","South Of","LIGHT POLE"
"685407","CR-0000094142","0","0","0","0","22-261-0240","False","False","282","9/18/2022 6:45:00 AM","No Pedestrians Involved","Wet","No Unusual Conditions","Dark - Street Light Not Functioning","Violation Driver 1","No Controls Present/Factor","Unknown","Rear End","Non-Related","Parked Vehicle","Not Applicable","Not Applicable","North Of",""
"685408","CR-0000094143","0","0","0","0","22-266-0878","False","False","147","9/18/2022 6:30:00 AM","No Pedestrians Involved","Dry","Loose Material On Roadway","Dark - Street Light","Violation Driver 1","Controls Functioning","Clear","Sideswipe","Non-Related","Parked Vehicle","Not Applicable","Not Applicable","South Of",""
"685409","CR-0000094144","0","0","0","0","22-261-0480","True","False","18","9/18/2022 1:26:00 PM","No Pedestrians Involved","Dry","No Unusual Conditions","Daylight","Violation Driver 1","Controls Functioning","Rain","Hit Object","Related","Fixed Object","Not Applicable","Not Applicable","East Of","LIGHT POLE"
"685410","CR-0000094145","1","0","0","0","22-261-0565","False","False","0","9/18/2022 3:45:00 PM","No Pedestrians Involved","Wet","No Unusual Conditions","Daylight","Violation Driver 1","Controls Functioning","Rain","Head On","Intersection","Other Vehicle","Not Applicable","Not Applicable","At",""