"CrashFactId","Name","MinorInjuries","ModerateInjuries","SevereInjuries","FatalInjuries","TcrNumber","CityDamageFlag","ShortFormFlag","Distance","CrashDateTime","PedestrianAction","RoadwaySurface","RoadwayCondition","Lighting","PrimaryCollisionFactor","TrafficControl","Weather","CollisionType","ProximityToIntersection","VehicleInvolvedWith","PedestrianDirectionFrom","PedestrianDirectionTo","DirectionFromIntersection","Comment"
"685411","CR-0000094146","0","0","0","0","22-261-0601","False","False","0","9/18/2022 4:33:00 PM","No Pedestrians Involved","Wet","No Unusual Conditions","Daylight","Violation Driver 1","Controls Functioning","Rain","Rear End","Intersection","Other Vehicle","Not Applicable","Not Applicable","At",""
"685412","CR-0000094147","0","0","0","0","22-261-0933","False","False","0","9/18/2022 11:50:00 PM","No Pedestrians Involved","Wet","No Unusual Conditions","Dark - Street Light","Violation Driver 1","Controls Functioning","Clear","Sideswipe","Intersection","Non-Collision","Not Applicable","Not Applicable","At",""
"685413","CR-0000094148","0","0","0","0","22-262-0189","False","False","455","9/19/2022 6:40:00 AM","No Pedestrians Involved","Dry","No Unusual Conditions","Dusk - Dawn","Violation Driver 1","No Controls Present/Factor","Other","Head On","Non-Related","Parked Vehicle","Not Applicable","Not Applicable","North Of",""
"685414","CR-0000094149","0","0","0","0","22-262-0904","False","False","18","9/19/2022 10:19:00 PM","No Pedestrians Involved","Dry","No Unusual Conditions","Dark - Street Light","Violation Driver 1","Unknown","Clear","Rear End","Related","Other Vehicle","Not Applicable","Not Applicable","East Of",""
"685415","CR-0000094150","1","0","0","0","22-263-0853","False","False","47","9/20/2022 7:46:00 PM","No Pedestrians Involved","Dry","No Unusual Conditions","Dark - Street Light","Violation Driver 1","No Controls Present/Factor","Cloudy","Sideswipe","Related","Parked Vehicle","Not Applicable","Not Applicable","South Of",""
"685416","CR-0000094151","0","0","0","0","22-263-0911","False","False","70","9/20/2022 9:07:00 PM","No Pedestrians Involved","Dry","No Unusual Conditions","Dark - Street Light","Violation Driver 1","No Controls Present/Factor","Clear","Rear End","Non-Related","Parked Vehicle","Not Applicable","Not Applicable","North Of",""
"685417","CR-0000094152","0","1","0","0","22-264-0542","False","False","0","9/21/2022 2:19:00 PM","Crossing In Crosswalk - At Intersection","Dry","No Unusual Conditions","Daylight","Violation Driver 1","No Controls Present/Factor","Clear","Vehicle/Pedestrian","Intersection","Pedestrian","East","West","At","PEDESTRIAN (SKATEBOARD)"
"685418","CR-0000094153","0","0","0","0","22-264-0664","False","False","0","9/21/2022 4:20:00 PM","No Pedestrians Involved","Dry","No Unusual Conditions","Daylight","Violation Driver 1","Controls Functioning","Clear","Rear End","Intersection","Other Vehicle","Not Applicable","Not Applicable","At",""
"685419","CR-0000094154","0","1","0","0","22-265-0060","False","False","0","9/22/2022 1:45:00 AM","No Pedestrians Involved","Dry","No Unusual Conditions","Dark - Street Light","Violation Driver 1","Controls Functioning","Clear","Sideswipe","Intersection","Parked Vehicle","Not Applicable","Not Applicable","At",""
"685420","CR-0000094155","0","0","0","0","22-265-0237","False","False","","9/22/2022 8:15:00 AM","No Pedestrians Involved","Dry","No Unusual Conditions","Daylight","Violation Driver 1","Controls Functioning","Clear","Sideswipe","Related","Other Vehicle","Not Applicable","Not Applicable","East Of",""
"685421","CR-0000094156","0","0","0","0","22-265-0285","False","False","400","9/22/2022 9:58:00 AM","No Pedestrians Involved","Dry","No Unusual Conditions","Daylight","Violation Driver 1","Controls Functioning","Clear","Sideswipe","Non-Related","Parked Vehicle","Not Applicable","Not Applicable","East Of",""
"685422","CR-0000094157","0","0","0","0","22-265-0605","False","False","18","9/22/2022 3:17:00 PM","No Pedestrians Involved","Dry","No Unusual Conditions","Daylight","Violation Driver 1","Controls Functioning","Clear","Hit Object","Related","Fixed Object","Not Applicable","Not Applicable","East Of","FIRE HYDRANT"
"685423","CR-0000094158","0","0","0","0","22-265-0888","False","False","51","9/22/2022 4:05:00 PM","No Pedestrians Involved","Dry","Other","Daylight","Violation Driver 1","Unknown","Clear","Other","Non-Related","Animal","Not Applicable","Not Applicable","West Of","DOG"
"685424","CR-0000094159","0","0","0","0","22-224-0938","False","False","206","9/1/2022 7:58:00 PM","No Pedestrians Involved","Dry","No Unusual Conditions","Dusk - Dawn","Other Than Driver","No Controls Present/Factor","Clear","Broadside","Non-Related","Parked Vehicle","Not Applicable","Not Applicable","West Of",""
"685425","CR-0000094160","0","0","0","0","22-266-0184","True","False","204","9/23/2022 7:30:00 AM","No Pedestrians Involved","Dry","No Unusual Conditions","Daylight","Violation Driver 1","No Controls Present/Factor","Clear","Hit Object","Non-Related","Fixed Object","Not Applicable","Not Applicable","East Of","TELEPHONE POLE"
"685426","CR-0000094161","1","0","0","0","22-440-0417","False","False","460","9/1/2022 12:14:00 PM","No Pedestrians Involved","Dry","No Unusual Conditions","Daylight","Violation Driver 1","No Controls Present/Factor","Clear","Broadside","Non-Related","Other Vehicle","Not Applicable","Not Applicable","South Of",""
"685427","CR-0000094162","2","0","0","0","22-244-0862","False","False","0","9/1/2022 6:47:00 PM","No Pedestrians Involved","Dry","No Unusual Conditions","Daylight","Violation Driver 1","No Controls Present/Factor","Clear","Broadside","Intersection","Other Vehicle","Not Applicable","Not Applicable","At",""
"685428","CR-0000094163","1","0","0","0","22-245-0135","True","False","0","9/2/2022 5:20:00 AM","No Pedestrians Involved","Dry","No Unusual Conditions","Dusk - Dawn","Violation Driver 1","Controls Functioning","Clear","Hit Object","Intersection","Fixed Object","Not Applicable","Not Applicable","At","LIGHT POLE"
"685429","CR-0000094164","1","0","0","0","22-245-0137","False","False","0","9/2/2022 5:45:00 AM","No Pedestrians Involved","Dry","No Unusual Conditions","Daylight","Violation Driver 1","Controls Functioning","Clear","Head On","Intersection","Other Vehicle","Not Applicable","Not Applicable","At",""
"685430","CR-0000094165","1","0","0","0","22-245-0569","False","False","32","9/2/2022 2:36:00 PM","No Pedestrians Involved","Dry","No Unusual Conditions","Daylight","Violation Driver 1","Unknown","Clear","Broadside","Related","Other Vehicle","Not Applicable","Not Applicable","West Of",""
"685431","CR-0000094175","0","0","0","0","22-266-0197","False","False","61","9/23/2022 7:45:00 AM","No Pedestrians Involved","Dry","No Unusual Conditions","Daylight","Violation Driver 1","Controls Functioning","Clear","Sideswipe","Non-Related","Other Vehicle","Not Applicable","Not Applicable","East Of",""
"685432","CR-0000094176","3","0","0","0","22-266-0260","False","False","0","9/23/2022 9:00:00 AM","No Pedestrians Involved","Unknown","Unknown","Daylight","Violation Driver 1","Unknown","Unknown","Rear End","Intersection","Other Vehicle","Not Applicable","Not Applicable","At",""
"685433","CR-0000094177","0","0","0","0","22-245-0627","False","False","100","9/2/2022 3:53:00 PM","No Pedestrians Involved","Dry","No Unusual Conditions","Daylight","Violation Driver 1","Controls Functioning","Clear","Rear End","Non-Related","Other Vehicle","Not Applicable","Not Applicable","South Of",""
"685434","CR-0000094178","1","0","0","0","22-245-0981","False","False","97","9/2/2022 9:12:00 PM","No Pedestrians Involved","Dry","No Unusual Conditions","Dark - Street Light","Violation Driver 1","Controls Functioning","Clear","Rear End","Non-Related","Other Vehicle","Not Applicable","Not Applicable","West Of",""
"685435","CR-0000094179","0","0","0","0","22-246-0192","False","False","187","9/3/2022 3:05:00 AM","No Pedestrians Involved","Dry","No Unusual Conditions","Dark - Street Light","Violation Driver 1","No Controls Present/Factor","Clear","Sideswipe","Non-Related","Parked Vehicle","Not Applicable","Not Applicable","West Of","REFER TO 22-246-0132(Fatality) Driver of this crash was the fatal victim of the referred report"
"685436","CR-0000094180","0","1","0","0","22-246-0533","False","False","0","9/3/2022 3:00:00 PM","No Pedestrians Involved","Dry","No Unusual Conditions","Daylight","Violation Driver 1","Controls Functioning","Clear","Rear End","Intersection","Other Vehicle","Not Applicable","Not Applicable","At",""
"685437","CR-0000094181","0","1","0","0","22-246-0538","False","False","21","9/3/2022 3:06:00 PM","No Pedestrians Involved","Dry","No Unusual Conditions","Daylight","Bike At Fault","Controls Functioning","Clear","Vehicle/Bike","Related","Bike","Not Applicable","Not Applicable","East Of","BIKE"
"685438","CR-0000094183","1","0","0","0","22-246-0639","False","False","0","9/3/2022 5:25:00 PM","No Pedestrians Involved","Dry","No Unusual Conditions","Daylight","Violation Driver 1","Controls Functioning","Clear","Sideswipe","Intersection","Other Vehicle","Not Applicable","Not Applicable","At",""
"685439","CR-0000094182","0","0","1","0","22-266-1010","False","False","67","9/23/2022 9:04:00 PM","No Pedestrians Involved","Dry","No Unusual Conditions","Dark - Street Light","Violation Driver 1","Controls Functioning","Clear","Rear End","Non-Related","Other Vehicle","Not Applicable","Not Applicable","North Of",""
"685440","CR-0000094185","2","0","0","0","22-246-0886","False","False","110","9/3/2022 10:15:00 PM","In Road - Includes Shoulder","Dry","No Unusual Conditions","Dark - Street Light","Violation Driver 1","No Controls Present/Factor","Clear","Rear End","Non-Related","Pedestrian","No Direction (Not Walking)","No Direction (Not Walking)","North Of","PED (3)"
"685441","CR-0000094184","0","0","0","0","22-266-1054","False","False","527","9/23/2022 9:40:00 PM","No Pedestrians Involved","Dry","No Unusual Conditions","Dark - Street Light","Violation Driver 1","No Controls Present/Factor","Clear","Sideswipe","Non-Related","Parked Vehicle","Not Applicable","Not Applicable","West Of",""
"685442","CR-0000094186","1","0","0","0","22-247-0359","False","False","0","9/4/2022 12:12:00 PM","No Pedestrians Involved","Dry","No Unusual Conditions","Daylight","Violation Driver 1","No Controls Present/Factor","Clear","Broadside","Related","Other Vehicle","Not Applicable","Not Applicable","South Of",""
"685443","CR-0000094187","1","1","0","0","22-248-0484","False","False","30","9/5/2022 12:54:00 PM","No Pedestrians Involved","Dry","No Unusual Conditions","Daylight","Violation Driver 1","Controls Functioning","Clear","Head On","Related","Other Vehicle","Not Applicable","Not Applicable","North Of",""
"685444","CR-0000094188","0","0","0","0","22-267-0263","False","False","51","9/24/2022 3:00:00 AM","No Pedestrians Involved","Dry","No Unusual Conditions","Dark - Street Light","Violation Driver 1","Unknown","Clear","Sideswipe","Non-Related","Parked Vehicle","Not Applicable","Not Applicable","East Of",""
"685445","CR-0000094189","0","0","0","0","22-267-0117","False","False","24","9/24/2022 1:54:00 AM","Crossing - Not In Crosswalk","Dry","No Unusual Conditions","Dark - Street Light","Violation Driver 1","Controls Functioning","Clear","Rear End","Related","Other Vehicle","Not Applicable","Not Applicable","South Of",""
"686420","CR-0000094190","0","0","0","0","22-251-0433","False","False","0","9/8/2022 12:26:00 PM","No Pedestrians Involved","Dry","No Unusual Conditions","Daylight","Violation Driver 1","No Controls Present/Factor","Clear","Other","Intersection","Other Vehicle","Not Applicable","Not Applicable","At","CITY VEHICLE (PRNS)"
"686421","CR-0000094191","1","0","0","0","22-260-0271","False","False","0","9/17/2022 10:49:00 AM","No Pedestrians Involved","Dry","No Unusual Conditions","Daylight","Violation Driver 1","No Controls Present/Factor","Clear","Broadside","Intersection","Other Vehicle","Not Applicable","Not Applicable","At",""
"686422","CR-0000094192","0","0","0","0","22-263-0867","False","False","0","9/20/2022 7:00:00 PM","Crossing In Crosswalk - At Intersection","Dry","No Unusual Conditions","Dusk - Dawn","Violation Driver 1","Controls Functioning","Clear","Vehicle/Pedestrian","Intersection","Pedestrian","East","West","At","PEDESTRIAN"
"686423","CR-0000094193","0","0","0","0","22-267-0410","False","False","64","9/24/2022 11:17:00 AM","No Pedestrians Involved","Dry","No Unusual Conditions","Daylight","Violation Driver 1","Controls Functioning","Clear","Rear End","Non-Related","Other Vehicle","Not Applicable","Not Applicable","North Of",""
"686424","CR-0000094194","2","1","0","0","22-248-0679","False","False","0","9/5/2022 4:55:00 PM","No Pedestrians Involved","Dry","No Unusual Conditions","Daylight","Violation Driver 1","Controls Functioning","Clear","Head On","Intersection","Other Object","Not Applicable","Not Applicable","At",""
"686425","CR-0000094195","0","1","0","0","22-248-0966","False","False","18","9/5/2022 10:09:00 PM","No Pedestrians Involved","Dry","No Unusual Conditions","Dusk - Dawn","Violation Driver 1","Controls Functioning","Clear","Broadside","Related","Other Vehicle","Not Applicable","Not Applicable","South Of","Moped"
"686426","CR-0000094196","1","0","0","0","22-248-0994","False","False","0","9/5/2022 10:40:00 PM","No Pedestrians Involved","Dry","No Unusual Conditions","Dark - Street Light Not Functioning","Violation Driver 1","Controls Not Functioning","Clear","Broadside","Intersection","Other Vehicle","Not Applicable","Not Applicable","At",""
"686427","CR-0000094197","2","0","0","0","22-249-0225","False","False","0","9/6/2022 8:06:00 AM","No Pedestrians Involved","Dry","No Unusual Conditions","Daylight","Violation Driver 1","No Controls Present/Factor","Clear","Rear End","Intersection","Other Vehicle","Not Applicable","Not Applicable","At",""
"687420","CR-0000094198","0","1","0","0","22-249-0419","False","False","70","9/6/2022 11:24:00 AM","No Pedestrians Involved","Dry","No Unusual Conditions","Daylight","Violation Driver 1","No Controls Present/Factor","Clear","Rear End","Non-Related","Parked Vehicle","Not Applicable","Not Applicable","West Of",""
"687421","CR-0000094199","2","0","0","0","22-249-0760","False","False","0","9/6/2022 4:44:00 PM","No Pedestrians Involved","Dry","No Unusual Conditions","Daylight","Unknown","Controls Not Functioning","Clear","Head On","Intersection","Other Vehicle","Not Applicable","Not Applicable","At",""
"687422","CR-0000094200","0","1","0","0","22-249-0882","False","False","60","9/6/2022 6:27:00 PM","No Pedestrians Involved","Dry","No Unusual Conditions","Daylight","Violation Driver 1","No Controls Present/Factor","Clear","Rear End","Non-Related","Parked Vehicle","Not Applicable","Not Applicable","West Of",""
"687423","CR-0000094201","1","0","0","0","22-249-0886","False","False","0","9/6/2022 6:30:00 PM","No Pedestrians Involved","Dry","No Unusual Conditions","Dusk - Dawn","Violation Driver 1","Controls Not Functioning","Clear","Broadside","Intersection","Other Vehicle","Not Applicable","Not Applicable","At",""
"687424","CR-0000094202","1","0","0","0","22-250-0147","False","False","0","9/7/2022 6:19:00 AM","No Pedestrians Involved","Dry","No Unusual Conditions","Dark - Street Light","Bike At Fault","No Controls Present/Factor","Clear","Vehicle/Bike","Intersection","Bike","Not Applicable","Not Applicable","At","BIKE"
"687425","CR-0000094204","2","0","0","0","22-250-0622","False","False","0","9/7/2022 2:41:00 PM","No Pedestrians Involved","Dry","No Unusual Conditions","Daylight","Violation Driver 1","Controls Functioning","Clear","Broadside","Intersection","Other Vehicle","Not Applicable","Not Applicable","At",""
"687426","CR-0000094205","2","0","0","0","22-250-0671","False","False","0","9/7/2022 3:39:00 PM","No Pedestrians Involved","Dry","No Unusual Conditions","Daylight","Violation Driver 1","No Controls Present/Factor","Clear","Broadside","Intersection","Other Vehicle","Not Applicable","Not Applicable","At",""
"687427","CR-0000094206","1","0","0","0","22-250-0785","False","False","0","9/7/2022 12:22:00 PM","Crossing In Crosswalk - At Intersection","Dry","No Unusual Conditions","Daylight","Violation Driver 1","Controls Functioning","Clear","Vehicle/Pedestrian","Intersection","Pedestrian","North","South","At","PED"
"687428","CR-0000094207","0","1","0","0","22-251-0122","False","False","114","9/8/2022 5:57:00 AM","Crossing - Not In Crosswalk","Dry","No Unusual Conditions","Dark - Street Light","Pedestrian At Fault","Controls Functioning","Clear","Vehicle/Pedestrian","Non-Related","Pedestrian","North","South","West Of","PED"
"687429","CR-0000094208","1","0","0","0","22-251-0256","False","False","0","9/8/2022 9:23:00 AM","No Pedestrians Involved","Dry","No Unusual Conditions","Daylight","Violation Driver 1","No Controls Present/Factor","Clear","Broadside","Intersection","Other Vehicle","Not Applicable","Not Applicable","At",""
"687430","CR-0000094210","1","0","0","0","22-251-0593","False","False","33","9/8/2022 2:58:00 PM","No Pedestrians Involved","Dry","No Unusual Conditions","Daylight","Violation Driver 1","Controls Functioning","Clear","Rear End","Related","Other Vehicle","Not Applicable","Not Applicable","North Of",""
"687431","CR-0000094209","0","0","0","0","22-268-0013","False","False","237","9/25/2022 12:08:00 AM","No Pedestrians Involved","Dry","No Unusual Conditions","Dark - Street Light","Violation Driver 1","No Controls Present/Factor","Clear","Sideswipe","Non-Related","Parked Vehicle","Not Applicable","Not Applicable","North Of",""
"687432","CR-0000094211","1","1","0","0","22-251-0607","False","False","0","9/8/2022 3:35:00 PM","No Pedestrians Involved","Dry","No Unusual Conditions","Daylight","Violation Driver 1","Controls Functioning","Clear","Broadside","Intersection","Motor Vehicle On Other Roadway","Not Applicable","Not Applicable","At",""
"687433","CR-0000094212","1","1","0","0","22-268-0076","False","False","0","9/25/2022 1:09:00 AM","No Pedestrians Involved","Dry","No Unusual Conditions","Dark - Street Light","Violation Driver 1","No Controls Present/Factor","Clear","Broadside","Intersection","Other Vehicle","Not Applicable","Not Applicable","At",""
"687434","CR-0000094213","0","0","0","0","22-268-0126","False","False","92","9/25/2022 2:04:00 AM","No Pedestrians Involved","Dry","No Unusual Conditions","Dark - Street Light","Violation Driver 1","Controls Functioning","Clear","Hit Object","Non-Related","Fixed Object","Not Applicable","Not Applicable","West Of","SAND BARREL"
"687435","CR-0000094214","0","0","0","0","22-252-0042","False","False","308","9/9/2022 1:10:00 AM","No Pedestrians Involved","Dry","No Unusual Conditions","Dark - Street Light","Violation Driver 1","Controls Functioning","Clear","Head On","Non-Related","Parked Vehicle","Not Applicable","Not Applicable","South Of",""
"687436","CR-0000094215","1","0","0","0","22-269-0684","False","False","","9/26/2022 5:05:00 PM","Crossing In Crosswalk - At Intersection","Dry","No Unusual Conditions","Daylight","Violation Driver 1","Controls Functioning","Clear","Rear End","Related","Other Vehicle","Not Applicable","Not Applicable","South Of",""
"687437","CR-0000094216","0","0","0","0","22-272-0148","False","False","425","9/29/2022 7:07:00 AM","No Pedestrians Involved","Dry","No Unusual Conditions","Daylight","Violation Driver 1","No Controls Present/Factor","Clear","Sideswipe","Non-Related","Other Vehicle","Not Applicable","Not Applicable","South Of",""
"687438","CR-0000094217","0","0","0","0","22-274-0021","False","False","0","10/1/2022 12:28:00 AM","No Pedestrians Involved","Dry","No Unusual Conditions","Dark - Street Light","Violation Driver 1","No Controls Present/Factor","Clear","Rear End","Intersection","Parked Vehicle","Not Applicable","Not Applicable","At",""
"687439","CR-0000094218","1","0","0","0","22-274-0115","False","False","432","10/1/2022 2:06:00 AM","No Pedestrians Involved","Dry","No Unusual Conditions","Dark - Street Light","Violation Driver 1","Unknown","Clear","Sideswipe","Non-Related","Parked Vehicle","Not Applicable","Not Applicable","North Of",""
"687440","CR-0000094219","0","1","0","0","22-274-0651","False","False","0","10/1/2022 4:35:00 PM","No Pedestrians Involved","Dry","No Unusual Conditions","Daylight","Violation Driver 1","No Controls Present/Factor","Clear","Vehicle/Bike","Intersection","Bike","Not Applicable","Not Applicable","At","BIKE"
"687447","CR-0000094226","1","1","0","0","22-252-0212","False","False","0","9/9/2022 7:57:00 AM","No Pedestrians Involved","Dry","No Unusual Conditions","Daylight","Unknown","Controls Functioning","Clear","Head On","Intersection","Other Vehicle","Not Applicable","Not Applicable","At",""
"687448","CR-0000094227","0","0","0","0","22-252-0276","False","False","20","9/9/2022 8:30:00 AM","No Pedestrians Involved","Dry","Unknown","Daylight","Violation Driver 1","Controls Functioning","Clear","Rear End","Related","Other Vehicle","Not Applicable","Not Applicable","East Of",""
"687449","CR-0000094228","0","1","0","0","22-252-0685","False","False","0","9/9/2022 4:26:00 PM","Crossing In Crosswalk - At Intersection","Dry","No Unusual Conditions","Daylight","Violation Driver 1","No Controls Present/Factor","Clear","Vehicle/Pedestrian","Intersection","Pedestrian","West","East","At","PED"
"687450","CR-0000094229","0","1","0","0","22-252-0695","False","False","175","9/9/2022 4:34:00 PM","No Pedestrians Involved","Dry","No Unusual Conditions","Daylight","Violation Driver 1","No Controls Present/Factor","Clear","Broadside","Non-Related","Other Vehicle","Not Applicable","Not Applicable","East Of",""
"687451","CR-0000094230","2","0","0","0","22-253-0187","False","False","0","9/10/2022 3:30:00 AM","No Pedestrians Involved","Dry","No Unusual Conditions","Dark - No Street Light","Violation Driver 1","Controls Functioning","Clear","Rear End","Intersection","Other Vehicle","Not Applicable","Not Applicable","At",""
"687452","CR-0000094231","0","0","0","0","22-253-0165","False","False","333","9/10/2022 3:50:00 AM","No Pedestrians Involved","Dry","No Unusual Conditions","Dark - Street Light","Violation Driver 1","No Controls Present/Factor","Clear","Rear End","Non-Related","Parked Vehicle","Not Applicable","Not Applicable","North Of",""
"687453","CR-0000094232","0","1","0","0","22-253-0320","False","False","109","9/10/2022 9:20:00 AM","No Pedestrians Involved","Dry","No Unusual Conditions","Daylight","Violation Driver 1","No Controls Present/Factor","Clear","Sideswipe","Non-Related","Parked Vehicle","Not Applicable","Not Applicable","North Of",""
"687454","CR-0000094233","0","1","0","0","22-254-0021","False","False","40","9/11/2022 12:13:00 AM","No Pedestrians Involved","Dry","No Unusual Conditions","Dark - Street Light","Violation Driver 1","No Controls Present/Factor","Clear","Head On","Related","Parked Vehicle","Not Applicable","Not Applicable","East Of",""
"687455","CR-0000094234","0","0","0","0","22-254-0233","False","False","425","9/11/2022 3:25:00 AM","No Pedestrians Involved","Dry","No Unusual Conditions","Dark - Street Light","Unknown","No Controls Present/Factor","Clear","Rear End","Non-Related","Other Vehicle","Not Applicable","Not Applicable","South Of",""
"687456","CR-0000094235","4","0","0","0","22-254-0445","False","False","0","9/11/2022 12:50:00 PM","No Pedestrians Involved","Dry","No Unusual Conditions","Daylight","Violation Driver 1","Controls Functioning","Clear","Broadside","Intersection","Other Vehicle","Not Applicable","Not Applicable","At",""
"687457","CR-0000094236","1","0","0","0","22-254-0632","False","False","45","9/11/2022 5:01:00 PM","No Pedestrians Involved","Dry","No Unusual Conditions","Daylight","Violation Driver 1","Controls Functioning","Cloudy","Rear End","Related","Other Vehicle","Not Applicable","Not Applicable","North Of",""
"687458","CR-0000094237","0","1","0","0","22-254-0788","False","False","0","9/11/2022 8:56:00 PM","No Pedestrians Involved","Dry","No Unusual Conditions","Dark - Street Light","Violation Driver 1","Controls Functioning","Clear","Rear End","Intersection","Other Vehicle","Not Applicable","Not Applicable","At",""
"687459","CR-0000094238","0","0","0","0","22-254-0857","False","False","0","9/11/2022 9:05:00 PM","No Pedestrians Involved","Dry","Unknown","Dark - Street Light","Violation Driver 1","No Controls Present/Factor","Clear","Rear End","Intersection","Parked Vehicle","Not Applicable","Not Applicable","At",""
"687460","CR-0000094239","0","0","0","0","22-256-0208","False","False","85","9/12/2022 1:36:00 AM","No Pedestrians Involved","Dry","No Unusual Conditions","Dark - Street Light","Violation Driver 1","Controls Functioning","Clear","Rear End","Non-Related","Other Vehicle","Not Applicable","Not Applicable","South Of",""
"687461","CR-0000094240","1","0","0","0","22-255-0096","False","False","0","9/12/2022 2:14:00 AM","No Pedestrians Involved","Dry","No Unusual Conditions","Dark - Street Light","Violation Driver 1","Controls Functioning","Clear","Hit Object","Intersection","Non-Collision","Not Applicable","Not Applicable","At","Median"
"687462","CR-0000094241","0","2","0","0","22-255-0302","False","False","254","9/12/2022 9:51:00 AM","Crossing - Not In Crosswalk","Dry","No Unusual Conditions","Daylight","Pedestrian At Fault","No Controls Present/Factor","Clear","Vehicle/Pedestrian","Non-Related","Pedestrian","East","West","North Of","PED"
"687463","CR-0000094242","0","0","0","0","22-255-0488","True","False","0","9/12/2022 1:11:00 PM","No Pedestrians Involved","Dry","No Unusual Conditions","Daylight","Violation Driver 1","Controls Functioning","Clear","Hit Object","Intersection","Fixed Object","Not Applicable","Not Applicable","South Of","LIGHT POLE"
"687464","CR-0000094244","0","2","0","0","22-256-0200","False","False","0","9/13/2022 8:01:00 AM","No Pedestrians Involved","Dry","No Unusual Conditions","Daylight","Violation Driver 1","Controls Functioning","Other","Vehicle/Bike","Intersection","Scooter Motorized","No Direction (Not Walking)","No Direction (Not Walking)","At",""
"687465","CR-0000094245","0","0","0","0","22-257-9706","False","True","0","9/13/2022 5:05:00 PM","No Pedestrians Involved","Dry","No Unusual Conditions","Daylight","Unknown","Controls Functioning","Clear","Sideswipe","Intersection","Other Vehicle","Not Applicable","Not Applicable","At",""
"687466","CR-0000094246","0","0","0","0","22-256-0753","False","False","57","9/13/2022 5:16:00 PM","No Pedestrians Involved","Dry","No Unusual Conditions","Daylight","Violation Driver 1","Unknown","Clear","Sideswipe","Non-Related","Other Vehicle","Not Applicable","Not Applicable","South Of",""
"687467","CR-0000094247","0","0","0","0","22-257-9704","False","True","51","9/13/2022 6:35:00 PM","No Pedestrians Involved","Dry","Unknown","Daylight","Unknown","No Controls Present/Factor","Clear","Sideswipe","Non-Related","Parked Vehicle","Not Applicable","Not Applicable","West Of",""
"687468","CR-0000094248","0","0","1","0","22-256-0890","False","False","0","9/13/2022 7:30:00 PM","No Pedestrians Involved","Dry","No Unusual Conditions","Dusk - Dawn","Violation Driver 2","No Controls Present/Factor","Clear","Rear End","Intersection","Other Vehicle","Not Applicable","Not Applicable","At",""
"687484","CR-0000094272","0","0","0","0","22-257-0063","True","False","24","9/14/2022 12:00:00 AM","No Pedestrians Involved","Dry","No Unusual Conditions","Dark - Street Light","Unknown","Controls Functioning","Clear","Hit Object","Related","Fixed Object","Not Applicable","Not Applicable","East Of","STOP SIGN"
"687485","CR-0000094273","0","0","0","0","22-257-0064","False","False","104","9/14/2022 2:21:00 AM","No Pedestrians Involved","Dry","No Unusual Conditions","Dark - No Street Light","Violation Driver 1","No Controls Present/Factor","Clear","Head On","Non-Related","Parked Vehicle","Not Applicable","Not Applicable","East Of",""
"687486","CR-0000094274","0","0","0","0","22-257-0065","True","False","229","9/14/2022 2:24:00 AM","No Pedestrians Involved","Dry","No Unusual Conditions","Dark - Street Light","Violation Driver 1","No Controls Present/Factor","Clear","Sideswipe","Non-Related","Other Vehicle","Not Applicable","Not Applicable","South Of","TREE"
"687487","CR-0000094275","1","0","0","0","22-257-0114","False","False","0","9/14/2022 5:48:00 AM","No Pedestrians Involved","Dry","No Unusual Conditions","Dark - Street Light","Violation Driver 1","Controls Functioning","Clear","Broadside","Intersection","Other Vehicle","Not Applicable","Not Applicable","At",""
"687488","CR-0000094276","0","2","0","0","22-257-0240","False","False","198","9/14/2022 9:53:00 AM","No Pedestrians Involved","Dry","No Unusual Conditions","Daylight","Violation Driver 1","No Controls Present/Factor","Clear","Vehicle/Bike","Non-Related","Bike","Not Applicable","Not Applicable","East Of","BIKE"
"687489","CR-0000094277","0","0","0","0","22-257-0345","False","False","20","9/14/2022 10:50:00 AM","No Pedestrians Involved","Dry","No Unusual Conditions","Daylight","Violation Driver 1","Controls Functioning","Clear","Broadside","Related","Other Vehicle","Not Applicable","Not Applicable","East Of",""
"687490","CR-0000094278","0","0","0","0","22-257-0543","False","False","0","9/14/2022 2:30:00 PM","No Pedestrians Involved","Dry","No Unusual Conditions","Daylight","Violation Driver 1","Controls Functioning","Clear","Broadside","Intersection","Other Vehicle","Not Applicable","Not Applicable","At",""
"687491","CR-0000094279","1","0","0","0","22-257-0806","False","False","280","9/14/2022 8:14:00 PM","No Pedestrians Involved","Dry","No Unusual Conditions","Dark - Street Light","Violation Driver 1","No Controls Present/Factor","Clear","Broadside","Non-Related","Other Vehicle","Not Applicable","Not Applicable","East Of",""
"687492","CR-0000094280","0","0","0","0","22-257-0865","False","False","0","9/14/2022 9:44:00 PM","No Pedestrians Involved","Dry","No Unusual Conditions","Dark - Street Light","Violation Driver 1","No Controls Present/Factor","Clear","Broadside","Intersection","Other Vehicle","Not Applicable","Not Applicable","At",""