"CrashFactId","Name","MinorInjuries","ModerateInjuries","SevereInjuries","FatalInjuries","TcrNumber","CityDamageFlag","ShortFormFlag","Distance","CrashDateTime","PedestrianAction","RoadwaySurface","RoadwayCondition","Lighting","PrimaryCollisionFactor","TrafficControl","Weather","CollisionType","ProximityToIntersection","VehicleInvolvedWith","PedestrianDirectionFrom","PedestrianDirectionTo","DirectionFromIntersection","Comment"
"687493","CR-0000094281","0","0","0","0","22-258-0027","False","False","105","9/15/2022 12:47:00 AM","No Pedestrians Involved","Dry","No Unusual Conditions","Dark - Street Light","Violation Driver 1","No Controls Present/Factor","Clear","Rear End","Non-Related","Parked Vehicle","Not Applicable","Not Applicable","South Of",""
"687494","CR-0000094282","0","0","0","0","22-258-0207","False","False","200","9/15/2022 8:30:00 AM","No Pedestrians Involved","Dry","No Unusual Conditions","Daylight","Violation Driver 1","No Controls Present/Factor","Clear","Rear End","Non-Related","Other Vehicle","Not Applicable","Not Applicable","North Of",""
"687496","CR-0000094284","0","0","0","0","22-258-0579","False","False","243","9/15/2022 3:12:00 PM","No Pedestrians Involved","Dry","No Unusual Conditions","Daylight","Violation Driver 1","No Controls Present/Factor","Clear","Head On","Non-Related","Parked Vehicle","Not Applicable","Not Applicable","North Of",""
"687497","CR-0000094287","1","0","0","0","22-258-0682","False","False","0","9/15/2022 4:47:00 PM","No Pedestrians Involved","Dry","No Unusual Conditions","Daylight","Violation Driver 1","No Controls Present/Factor","Clear","Broadside","Intersection","Other Vehicle","Not Applicable","Not Applicable","At",""
"687498","CR-0000094288","0","0","0","0","22-258-1027","True","False","0","9/15/2022 10:37:00 PM","No Pedestrians Involved","Dry","No Unusual Conditions","Dark - Street Light","Violation Driver 1","Controls Functioning","Clear","Hit Object","Intersection","Fixed Object","Not Applicable","Not Applicable","At","LIGHT POLE"
"687499","CR-0000094289","0","0","0","0","22-258-1061","False","False","63","9/16/2022 12:05:00 AM","No Pedestrians Involved","Dry","No Unusual Conditions","Dark - Street Light","Violation Driver 1","Controls Functioning","Clear","Head On","Non-Related","Parked Vehicle","Not Applicable","Not Applicable","East Of",""
"687500","CR-0000094290","1","0","0","0","22-259-0256","False","False","0","9/16/2022 9:02:00 AM","No Pedestrians Involved","Dry","No Unusual Conditions","Daylight","Violation Driver 1","No Controls Present/Factor","Clear","Broadside","Intersection","Motor Vehicle On Other Roadway","Not Applicable","Not Applicable","At",""
"687501","CR-0000094291","0","1","0","0","22-259-0877","False","False","0","9/16/2022 7:21:00 PM","No Pedestrians Involved","Dry","No Unusual Conditions","Dark - Street Light","Bike At Fault","Controls Functioning","Clear","Broadside","Intersection","Other Vehicle","Not Applicable","Not Applicable","At","Moto-Scooter"
"687502","CR-0000094292","0","1","0","0","22-260-0179","False","False","0","9/17/2022 7:39:00 AM","No Pedestrians Involved","Dry","No Unusual Conditions","Daylight","Violation Driver 1","No Controls Present/Factor","Clear","Broadside","Intersection","Other Vehicle","Not Applicable","Not Applicable","At",""
"687503","CR-0000094293","0","0","0","0","22-260-0075","False","False","0","9/17/2022 1:55:00 AM","No Pedestrians Involved","Dry","No Unusual Conditions","Dark - Street Light","Violation Driver 1","No Controls Present/Factor","Clear","Rear End","Intersection","Other Vehicle","Not Applicable","Not Applicable","At",""
"687504","CR-0000094294","1","0","0","0","22-261-0135","False","False","30","9/18/2022 2:32:00 AM","No Pedestrians Involved","Dry","No Unusual Conditions","Dark - Street Light","Violation Driver 1","Controls Functioning","Clear","Broadside","Related","Other Vehicle","Not Applicable","Not Applicable","West Of",""
"687505","CR-0000094295","0","0","0","0","22-261-0536","False","False","47","9/18/2022 3:00:00 PM","In Road - Includes Shoulder","Wet","No Unusual Conditions","Daylight","Violation Driver 1","Controls Functioning","Clear","Sideswipe","Related","Pedestrian","South","North","South Of","PED"
"687510","CR-0000094299","0","0","0","0","22-267-0121","False","False","124","9/24/2022 2:00:00 AM","No Pedestrians Involved","Dry","No Unusual Conditions","Dark - Street Light","Violation Driver 1","No Controls Present/Factor","Clear","Rear End","Non-Related","Parked Vehicle","Not Applicable","Not Applicable","South Of",""
"687511","CR-0000094300","0","0","0","0","22-267-0220","False","False","388","9/24/2022 5:51:00 AM","No Pedestrians Involved","Dry","No Unusual Conditions","Dark - Street Light","Violation Driver 1","No Controls Present/Factor","Clear","Rear End","Non-Related","Parked Vehicle","Not Applicable","Not Applicable","South Of",""
"687512","CR-0000094301","0","0","0","0","22-267-0829","False","False","195","9/24/2022 7:09:00 PM","No Pedestrians Involved","Dry","No Unusual Conditions","Daylight","Violation Driver 1","No Controls Present/Factor","Clear","Head On","Non-Related","Parked Vehicle","Not Applicable","Not Applicable","West Of",""
"687513","CR-0000094302","0","0","0","0","22-268-0002","False","False","710","9/25/2022 12:06:00 AM","No Pedestrians Involved","Dry","No Unusual Conditions","Dark - Street Light","Violation Driver 1","No Controls Present/Factor","Clear","Sideswipe","Non-Related","Parked Vehicle","Not Applicable","Not Applicable","South Of",""
"687530","CR-0000094319","1","0","0","0","22-264-1033","False","False","0","9/21/2022 11:51:00 PM","No Pedestrians Involved","Dry","No Unusual Conditions","Dark - Street Light","Violation Driver 1","Controls Functioning","Clear","Broadside","Intersection","Other Vehicle","Not Applicable","Not Applicable","At",""
"687531","CR-0000094320","0","1","0","0","22-262-0609","False","False","0","9/18/2022 7:40:00 PM","Crossing In Crosswalk - At Intersection","Wet","No Unusual Conditions","Dark - Street Light","Violation Driver 1","No Controls Present/Factor","Cloudy","Vehicle/Pedestrian","Intersection","Pedestrian","North","South","At","PEDESTRIAN"
"687546","CR-0000094336","1","0","0","0","22-263-0615","False","False","0","9/20/2022 3:44:00 PM","No Pedestrians Involved","Dry","No Unusual Conditions","Daylight","Violation Driver 1","No Controls Present/Factor","Clear","Broadside","Intersection","Other Vehicle","Not Applicable","Not Applicable","At",""
"687547","CR-0000094337","0","1","0","0","22-259-0247","False","False","152","9/16/2022 8:51:00 AM","No Pedestrians Involved","Dry","No Unusual Conditions","Daylight","Violation Driver 1","Controls Functioning","Clear","Broadside","Non-Related","Other Vehicle","Not Applicable","Not Applicable","West Of",""
"687548","CR-0000094338","0","0","0","0","22-263-0189","False","False","51","9/20/2022 8:25:00 AM","Not In Road","Dry","No Unusual Conditions","Daylight","Violation Driver 1","No Controls Present/Factor","Clear","Vehicle/Pedestrian","Non-Related","Pedestrian","West","East","East Of","PEDESTRIAN"
"687549","CR-0000094339","1","0","0","0","22-268-0626","False","False","124","9/25/2022 4:41:00 PM","No Pedestrians Involved","Dry","No Unusual Conditions","Daylight","Violation Driver 1","Controls Functioning","Clear","Sideswipe","Non-Related","Other Vehicle","Not Applicable","Not Applicable","South Of",""
"687550","CR-0000094340","0","1","0","0","22-236-0546","False","False","0","8/24/2022 2:10:00 PM","No Pedestrians Involved","Dry","No Unusual Conditions","Daylight","Bike At Fault","No Controls Present/Factor","Clear","Vehicle/Bike","Intersection","Bike","Not Applicable","Not Applicable","At","BIKE"
"687551","CR-0000094341","2","1","0","0","22-257-0933","False","False","0","9/14/2022 10:59:00 PM","No Pedestrians Involved","Dry","No Unusual Conditions","Dark - Street Light","Violation Driver 1","No Controls Present/Factor","Clear","Broadside","Intersection","Other Vehicle","Not Applicable","Not Applicable","At",""
"687552","CR-0000094342","0","1","0","0","22-258-0187","False","False","193","9/15/2022 8:12:00 AM","No Pedestrians Involved","Dry","Unknown","Daylight","Bike At Fault","Controls Functioning","Clear","Vehicle/Bike","Non-Related","Bike","Not Applicable","Not Applicable","West Of","BIKE"
"687553","CR-0000094343","1","0","0","0","22-266-0341","False","False","0","9/23/2022 10:33:00 AM","No Pedestrians Involved","Dry","No Unusual Conditions","Daylight","Violation Driver 1","Controls Functioning","Clear","Rear End","Intersection","Other Vehicle","Not Applicable","Not Applicable","At",""
"687554","CR-0000094344","1","2","0","0","22-260-0345","False","False","0","9/17/2022 2:04:00 PM","No Pedestrians Involved","Dry","No Unusual Conditions","Daylight","Violation Driver 1","Controls Functioning","Clear","Sideswipe","Intersection","Other Vehicle","Not Applicable","Not Applicable","At",""
"687555","CR-0000094345","1","0","0","0","22-260-0590","False","False","25","9/17/2022 5:28:00 PM","Crossing - Not In Crosswalk","Dry","Unknown","Daylight","Violation Driver 1","Controls Functioning","Clear","Vehicle/Pedestrian","Related","Pedestrian","South","North","West Of","PEDESTRIAN"
"687556","CR-0000094346","0","1","0","0","22-259-0291","False","False","92","9/16/2022 10:17:00 AM","No Pedestrians Involved","Dry","No Unusual Conditions","Daylight","Bike At Fault","Unknown","Clear","Vehicle/Bike","Non-Related","Bike","Not Applicable","Not Applicable","South Of","BIKE"
"687557","CR-0000094347","0","1","0","0","22-260-0374","True","False","60","9/17/2022 1:04:00 PM","No Pedestrians Involved","Dry","No Unusual Conditions","Daylight","Violation Driver 1","Unknown","Clear","Hit Object","Non-Related","Fixed Object","Not Applicable","Not Applicable","West Of","LIGHT POLE (19M129)"
"687558","CR-0000094348","0","0","0","0","22-264-0140","False","False","92","9/21/2022 12:01:00 AM","No Pedestrians Involved","Dry","No Unusual Conditions","Dark - No Street Light","Violation Driver 1","No Controls Present/Factor","Cloudy","Sideswipe","Non-Related","Parked Vehicle","Not Applicable","Not Applicable","East Of",""
"687559","CR-0000094349","1","0","0","0","22-272-0388","False","False","0","9/29/2022 12:00:00 PM","No Pedestrians Involved","Dry","No Unusual Conditions","Daylight","Violation Driver 1","Controls Functioning","Clear","Head On","Intersection","Other Vehicle","Not Applicable","Not Applicable","At",""
"687560","CR-0000094352","0","1","0","0","22-261-0695","False","False","210","9/18/2022 6:18:00 PM","No Pedestrians Involved","Wet","No Unusual Conditions","Dark - Street Light","Violation Driver 1","No Controls Present/Factor","Rain","Vehicle/Bike","Non-Related","Bike","Not Applicable","Not Applicable","South Of","BIKE"
"687565","CR-0000094351","1","0","0","0","22-260-0636","False","False","51","9/17/2022 6:09:00 PM","No Pedestrians Involved","Dry","No Unusual Conditions","Daylight","Violation Driver 1","Controls Functioning","Clear","Rear End","Non-Related","Other Vehicle","Not Applicable","Not Applicable","North Of",""
"687566","CR-0000094350","2","1","0","0","22-241-0246","False","False","0","8/29/2022 8:37:00 AM","No Pedestrians Involved","Dry","No Unusual Conditions","Daylight","Violation Driver 1","Controls Functioning","Clear","Head On","Intersection","Other Vehicle","Not Applicable","Not Applicable","At",""
"687573","CR-0000094364","0","1","0","0","22-252-0273","False","False","67","9/9/2022 9:18:00 AM","No Pedestrians Involved","Dry","No Unusual Conditions","Daylight","Violation Driver 1","Unknown","Clear","Other","Non-Related","Other Vehicle","Not Applicable","Not Applicable","North Of",""
"687575","CR-0000094366","0","0","0","0","22-256-0453","True","False","0","9/13/2022 12:36:00 PM","No Pedestrians Involved","Dry","No Unusual Conditions","Daylight","Violation Driver 1","Controls Functioning","Clear","Broadside","Intersection","Other Vehicle","Not Applicable","Not Applicable","At",""
"687576","CR-0000094367","2","0","0","0","22-259-0683","False","False","610","9/16/2022 5:02:00 PM","No Pedestrians Involved","Dry","No Unusual Conditions","Daylight","Violation Driver 1","No Controls Present/Factor","Clear","Rear End","Non-Related","Other Vehicle","Not Applicable","Not Applicable","South Of",""
"687578","CR-0000094370","1","0","0","0","22-260-0443","False","False","208","9/17/2022 2:43:00 PM","No Pedestrians Involved","Dry","No Unusual Conditions","Daylight","Violation Driver 1","Controls Functioning","Clear","Rear End","Non-Related","Other Vehicle","Not Applicable","Not Applicable","East Of",""
"687579","CR-0000094371","2","0","0","0","22-262-0675","False","False","0","9/19/2022 5:35:00 PM","No Pedestrians Involved","Dry","No Unusual Conditions","Daylight","Violation Driver 1","Controls Functioning","Clear","Broadside","Intersection","Other Vehicle","Not Applicable","Not Applicable","At",""
"687580","CR-0000094372","1","0","0","0","22-262-0178","True","False","229","9/19/2022 7:15:00 AM","No Pedestrians Involved","Wet","Unknown","Daylight","Violation Driver 1","Controls Functioning","Clear","Hit Object","Non-Related","Fixed Object","Not Applicable","Not Applicable","North Of",""
"687581","CR-0000094373","1","0","0","0","22-262-0697","False","False","330","9/19/2022 5:57:00 PM","No Pedestrians Involved","Dry","No Unusual Conditions","Daylight","Violation Driver 1","Controls Functioning","Clear","Rear End","Non-Related","Other Vehicle","Not Applicable","Not Applicable","West Of",""
"687582","CR-0000094375","1","0","0","0","22-262-0684","False","False","29","9/19/2022 5:42:00 PM","No Pedestrians Involved","Dry","No Unusual Conditions","Daylight","Violation Driver 1","Controls Functioning","Cloudy","Rear End","Related","Other Vehicle","Not Applicable","Not Applicable","South Of",""
"687584","CR-0000094376","3","0","0","0","22-263-0538","False","False","40","9/20/2022 2:11:00 PM","No Pedestrians Involved","Dry","No Unusual Conditions","Daylight","Violation Driver 1","Controls Functioning","Clear","Rear End","Related","Other Vehicle","Not Applicable","Not Applicable","South Of",""
"687586","CR-0000094378","0","1","0","0","22-265-0565","False","False","0","9/22/2022 2:40:00 PM","Crossing In Crosswalk - At Intersection","Dry","No Unusual Conditions","Daylight","Violation Driver 1","Controls Functioning","Clear","Vehicle/Pedestrian","Intersection","Pedestrian","West","East","At","PED"
"687598","CR-0000094391","3","0","0","0","22-265-0672","False","False","412","9/22/2022 4:26:00 PM","No Pedestrians Involved","Dry","No Unusual Conditions","Daylight","Violation Driver 1","Controls Functioning","Clear","Sideswipe","Non-Related","Other Vehicle","Not Applicable","Not Applicable","East Of",""
"687599","CR-0000094392","1","1","0","0","22-265-0172","False","False","0","9/22/2022 7:54:00 AM","No Pedestrians Involved","Dry","No Unusual Conditions","Daylight","Violation Driver 1","No Controls Present/Factor","Clear","Head On","Intersection","Other Vehicle","Not Applicable","Not Applicable","At",""
"687600","CR-0000094393","1","0","0","0","22-266-0613","False","False","32","9/23/2022 3:33:00 PM","No Pedestrians Involved","Dry","No Unusual Conditions","Daylight","Violation Driver 1","Controls Functioning","Clear","Sideswipe","Related","Other Vehicle","Not Applicable","Not Applicable","West Of",""
"687601","CR-0000094394","1","0","0","0","22-266-0154","False","False","40","9/23/2022 7:00:00 AM","In Road - Includes Shoulder","Dry","No Unusual Conditions","Dark - Street Light","Violation Driver 1","Controls Functioning","Clear","Vehicle/Pedestrian","Related","Pedestrian","East","West","West Of","PED"
"687602","CR-0000094395","1","0","0","0","22-266-0702","False","False","0","9/23/2022 4:58:00 PM","Crossing In Crosswalk - At Intersection","Dry","No Unusual Conditions","Daylight","Violation Driver 1","No Controls Present/Factor","Clear","Vehicle/Pedestrian","Intersection","Pedestrian","West","East","At","PED"
"687603","CR-0000094396","0","2","0","0","22-266-1039","False","False","0","9/23/2022 9:30:00 PM","No Pedestrians Involved","Dry","No Unusual Conditions","Daylight","Violation Driver 1","Controls Functioning","Clear","Broadside","Intersection","Other Vehicle","Not Applicable","Not Applicable","At",""
"687604","CR-0000094397","0","1","0","0","22-266-0214","False","False","0","9/23/2022 8:07:00 AM","No Pedestrians Involved","Dry","No Unusual Conditions","Daylight","Bike At Fault","No Controls Present/Factor","Clear","Vehicle/Bike","Intersection","Bike","Not Applicable","Not Applicable","At","BIKE"
"687605","CR-0000094398","1","0","0","0","22-266-0191","False","False","0","9/23/2022 7:41:00 AM","No Pedestrians Involved","Dry","No Unusual Conditions","Daylight","Violation Driver 2","Controls Functioning","Clear","Broadside","Intersection","Other Vehicle","Not Applicable","Not Applicable","At",""
"687606","CR-0000094399","1","0","0","0","22-267-0453","False","False","0","9/24/2022 12:19:00 PM","No Pedestrians Involved","Dry","No Unusual Conditions","Daylight","Violation Driver 1","Controls Functioning","Clear","Sideswipe","Intersection","Other Vehicle","Not Applicable","Not Applicable","At",""
"687607","CR-0000094400","4","1","0","0","22-267-0130","False","False","0","9/24/2022 2:14:00 AM","No Pedestrians Involved","Dry","No Unusual Conditions","Dark - Street Light","Violation Driver 1","Controls Functioning","Clear","Head On","Intersection","Other Vehicle","Not Applicable","Not Applicable","At",""
"687608","CR-0000094401","0","2","0","0","22-267-0359","False","False","0","9/24/2022 10:03:00 AM","No Pedestrians Involved","Dry","No Unusual Conditions","Daylight","Violation Driver 1","Controls Functioning","Clear","Broadside","Intersection","Other Vehicle","Not Applicable","Not Applicable","At",""
"687609","CR-0000094402","0","1","0","0","22-268-0014","False","False","50","9/25/2022 12:09:00 AM","No Pedestrians Involved","Dry","No Unusual Conditions","Dark - Street Light","Violation Driver 1","Controls Functioning","Clear","Rear End","Related","Parked Vehicle","Not Applicable","Not Applicable","South Of",""
"687610","CR-0000094403","0","1","0","0","22-268-0581","False","False","0","9/25/2022 3:43:00 PM","No Pedestrians Involved","Dry","No Unusual Conditions","Daylight","Violation Driver 1","No Controls Present/Factor","Clear","Vehicle/Bike","Intersection","Bike","Not Applicable","Not Applicable","At","BIKE"
"687611","CR-0000094404","1","0","0","0","22-269-0328","False","False","","9/26/2022 10:25:00 AM","No Pedestrians Involved","Dry","No Unusual Conditions","Daylight","Violation Driver 1","Unknown","Clear","Vehicle/Bike","Non-Related","Bike","Not Applicable","Not Applicable","North Of","BIKE"
"687612","CR-0000094405","1","1","0","0","22-269-0718","False","False","24","9/26/2022 5:52:00 PM","No Pedestrians Involved","Dry","No Unusual Conditions","Daylight","Violation Driver 1","Controls Functioning","Clear","Broadside","Related","Other Vehicle","Not Applicable","Not Applicable","North Of",""
"687613","CR-0000094406","0","1","0","0","22-270-0148","False","False","0","9/27/2022 5:50:00 AM","No Pedestrians Involved","Dry","No Unusual Conditions","Dark - Street Light","Unknown","No Controls Present/Factor","Clear","Vehicle/Bike","Intersection","Bike","North","South","At","BIKE"
"687614","CR-0000094407","2","0","0","0","22-269-0868","False","False","0","9/26/2022 9:20:00 PM","No Pedestrians Involved","Dry","No Unusual Conditions","Dark - Street Light","Violation Driver 1","Controls Functioning","Clear","Broadside","Intersection","Other Vehicle","Not Applicable","Not Applicable","At",""
"687615","CR-0000094408","1","0","0","0","22-270-0433","False","False","0","9/27/2022 12:20:00 PM","No Pedestrians Involved","Dry","No Unusual Conditions","Daylight","Violation Driver 1","Controls Functioning","Clear","Sideswipe","Intersection","Other Vehicle","Not Applicable","Not Applicable","At",""
"687616","CR-0000094409","1","0","0","0","22-271-0500","False","False","0","9/28/2022 1:51:00 PM","No Pedestrians Involved","Dry","No Unusual Conditions","Daylight","Unknown","Controls Functioning","Clear","Broadside","Intersection","Other Vehicle","Not Applicable","Not Applicable","At",""
"687617","CR-0000094410","1","0","0","0","22-271-0138","False","False","36","9/28/2022 5:48:00 AM","No Pedestrians Involved","Dry","No Unusual Conditions","Dark - Street Light","Violation Driver 1","Controls Functioning","Clear","Rear End","Related","Other Vehicle","Not Applicable","Not Applicable","South Of",""
"687618","CR-0000094411","0","0","0","0","22-271-0656","False","False","0","9/28/2022 4:50:00 PM","No Pedestrians Involved","Dry","No Unusual Conditions","Daylight","Unknown","No Controls Present/Factor","Clear","Sideswipe","Intersection","Other Vehicle","Not Applicable","Not Applicable","At",""
"687619","CR-0000094412","1","0","0","0","22-272-0345","False","False","21","9/29/2022 11:09:00 AM","No Pedestrians Involved","Dry","No Unusual Conditions","Daylight","Violation Driver 1","Controls Functioning","Clear","Broadside","Related","Other Vehicle","Not Applicable","Not Applicable","West Of",""
"687620","CR-0000094413","1","0","0","0","22-272-0631","False","False","0","9/29/2022 3:56:00 PM","No Pedestrians Involved","Dry","No Unusual Conditions","Daylight","Violation Driver 1","Controls Functioning","Clear","Rear End","Intersection","Other Vehicle","Not Applicable","Not Applicable","At",""
"687621","CR-0000094414","1","0","0","0","22-272-0586","False","False","0","9/29/2022 4:06:00 PM","No Pedestrians Involved","Dry","Construction - Repair Zone","Daylight","Violation Driver 1","No Controls Present/Factor","Clear","Broadside","Intersection","Other Vehicle","Not Applicable","Not Applicable","At",""
"687622","CR-0000094415","3","0","0","0","22-273-0197","True","False","34","9/30/2022 7:35:00 AM","No Pedestrians Involved","Dry","No Unusual Conditions","Daylight","Violation Driver 1","No Controls Present/Factor","Clear","Sideswipe","Related","Other Vehicle","Not Applicable","Not Applicable","East Of",""
"687645","CR-0000094438","1","0","0","0","22-270-0446","False","False","0","9/27/2022 12:38:00 PM","No Pedestrians Involved","Dry","No Unusual Conditions","Daylight","Violation Driver 1","No Controls Present/Factor","Clear","Sideswipe","Intersection","Other Vehicle","Not Applicable","Not Applicable","At",""
"687673","CR-0000094468","0","1","0","0","22-225-0118","False","False","0","8/13/2022 2:39:00 AM","No Pedestrians Involved","Dry","No Unusual Conditions","Dark - Street Light","Violation Driver 1","Controls Functioning","Clear","Hit Object","Intersection","Fixed Object","Not Applicable","Not Applicable","At","Curb"
"688679","CR-0000094500","1","0","0","0","22-263-0646","False","False","50","9/19/2022 3:31:00 PM","No Pedestrians Involved","Dry","No Unusual Conditions","Daylight","Unknown","Controls Functioning","Clear","Rear End","Related","Other Vehicle","Not Applicable","Not Applicable","North Of",""
"688680","CR-0000094501","1","0","0","0","22-263-0767","False","False","165","9/20/2022 6:10:00 PM","No Pedestrians Involved","Dry","No Unusual Conditions","Daylight","Violation Driver 1","No Controls Present/Factor","Clear","Vehicle/Bike","Non-Related","Bike","Not Applicable","Not Applicable","North Of","BIKE"
"688681","CR-0000094502","1","0","0","0","22-263-0262","False","False","650","9/20/2022 9:40:00 AM","No Pedestrians Involved","Dry","No Unusual Conditions","Daylight","Violation Driver 1","No Controls Present/Factor","Clear","Rear End","Non-Related","Other Vehicle","Not Applicable","Not Applicable","South Of",""
"688682","CR-0000094503","1","0","0","0","22-264-0618","False","False","0","9/21/2022 3:33:00 PM","No Pedestrians Involved","Dry","No Unusual Conditions","Daylight","Violation Driver 1","Controls Functioning","Clear","Sideswipe","Intersection","Other Vehicle","Not Applicable","Not Applicable","At",""
"688683","CR-0000094504","1","1","0","0","22-261-0554","False","False","25","9/18/2022 3:32:00 PM","No Pedestrians Involved","Wet","No Unusual Conditions","Daylight","Unknown","Controls Functioning","Cloudy","Head On","Related","Other Vehicle","Not Applicable","Not Applicable","South Of",""
"688684","CR-0000094505","0","1","0","0","22-262-0405","False","False","250","9/19/2022 12:49:00 PM","No Pedestrians Involved","Dry","No Unusual Conditions","Daylight","Violation Driver 1","No Controls Present/Factor","Clear","Sideswipe","Non-Related","Parked Vehicle","Not Applicable","Not Applicable","North Of",""
"688685","CR-0000094507","0","1","0","0","22-264-0914","False","False","0","9/21/2022 8:58:00 PM","Crossing In Crosswalk - At Intersection","Dry","No Unusual Conditions","Dark - Street Light","Unknown","No Controls Present/Factor","Clear","Vehicle/Pedestrian","Intersection","Pedestrian","South","North","At","PED"
"688686","CR-0000094508","0","1","0","0","22-262-0286","False","False","73","9/19/2022 9:53:00 AM","Crossing - Not In Crosswalk","Dry","No Unusual Conditions","Daylight","Pedestrian At Fault","Controls Functioning","Clear","Vehicle/Pedestrian","Non-Related","Pedestrian","East","West","North Of","PED"
"688687","CR-0000094509","3","0","0","0","22-267-0396","False","False","0","9/24/2022 11:01:00 AM","No Pedestrians Involved","Dry","No Unusual Conditions","Daylight","Violation Driver 1","Controls Functioning","Clear","Broadside","Intersection","Other Vehicle","Not Applicable","Not Applicable","At",""
"688697","CR-0000094522","0","0","0","0","22-186-4000","False","True","51","7/5/2022 8:35:00 AM","No Pedestrians Involved","Unknown","Unknown","Daylight","Unknown","Unknown","Unknown","Other","Non-Related","Parked Vehicle","Not Applicable","Not Applicable","East Of",""
"688698","CR-0000094523","0","0","0","0","22-207-4000","False","True","","7/25/2022 2:30:00 PM","No Pedestrians Involved","Unknown","Unknown","Daylight","Unknown","Unknown","Unknown","Rear End","Related","Other Vehicle","Not Applicable","Not Applicable","West Of",""
"688699","CR-0000094524","0","0","0","0","22-184-4001","False","True","51","7/3/2022 9:00:00 AM","No Pedestrians Involved","Unknown","Unknown","Daylight","Unknown","Unknown","Unknown","Other","Non-Related","Unknown","Not Applicable","Not Applicable","West Of",""
"688700","CR-0000094525","0","0","0","0","22-200-4004","False","True","51","7/19/2022 12:00:00 PM","No Pedestrians Involved","Unknown","Unknown","Daylight","Unknown","Unknown","Unknown","Rear End","Non-Related","Unknown","Not Applicable","Not Applicable","Unknown",""
"688701","CR-0000094526","0","0","0","0","22-203-4001","False","True","0","7/15/2022 12:20:00 PM","No Pedestrians Involved","Unknown","Unknown","Daylight","Unknown","Unknown","Unknown","Rear End","Intersection","Other Vehicle","Not Applicable","Not Applicable","At",""
"688702","CR-0000094527","0","0","0","0","22-209-4004","False","True","51","7/28/2022 7:30:00 AM","No Pedestrians Involved","Unknown","Unknown","Daylight","Unknown","Unknown","Unknown","Rear End","Non-Related","Parked Vehicle","Not Applicable","Not Applicable","West Of",""
"688703","CR-0000094528","0","0","0","0","22-194-4003","False","True","","7/12/2022 8:37:00 AM","No Pedestrians Involved","Unknown","Unknown","Daylight","Unknown","Unknown","Unknown","Rear End","Related","Other Vehicle","Not Applicable","Not Applicable","West Of","ALSO SEE TCR#221954000"
"688704","CR-0000094529","0","0","0","0","22-205-4001","False","True","0","7/24/2022 9:20:00 PM","No Pedestrians Involved","Unknown","Unknown","Unknown","Unknown","Unknown","Unknown","Rear End","Intersection","Other Vehicle","Not Applicable","Not Applicable","At",""
"688705","CR-0000094530","0","0","0","0","22-206-4001","False","True","51","7/24/2022 8:30:00 AM","No Pedestrians Involved","Unknown","Unknown","Daylight","Unknown","Unknown","Unknown","Other","Non-Related","Unknown","Not Applicable","Not Applicable","North Of",""
"688706","CR-0000094531","0","0","0","0","22-202-4006","False","True","0","7/21/2022 7:52:00 PM","No Pedestrians Involved","Unknown","Unknown","Unknown","Unknown","Unknown","Unknown","Rear End","Intersection","Other Vehicle","Not Applicable","Not Applicable","At",""
"688707","CR-0000094532","0","0","0","0","22-192-4008","False","True","51","7/9/2022 12:00:00 AM","No Pedestrians Involved","Unknown","Unknown","Unknown","Unknown","Unknown","Unknown","Other","Non-Related","Unknown","Not Applicable","Not Applicable","Unknown",""
"688708","CR-0000094533","0","0","0","0","22-209-4002","False","True","","7/28/2022 4:40:00 PM","No Pedestrians Involved","Unknown","Unknown","Daylight","Unknown","Unknown","Unknown","Rear End","Related","Other Vehicle","Not Applicable","Not Applicable","Unknown",""
"688709","CR-0000094534","0","0","0","0","22-208-4001","False","True","","7/27/2022 5:00:00 PM","No Pedestrians Involved","Unknown","Unknown","Daylight","Unknown","Unknown","Unknown","Rear End","Related","Other Vehicle","Not Applicable","Not Applicable","Unknown",""
"688710","CR-0000094535","0","0","0","0","22-209-4001","False","True","51","7/23/2022 4:42:00 PM","No Pedestrians Involved","Unknown","Unknown","Daylight","Unknown","Unknown","Unknown","Other","Non-Related","Unknown","Not Applicable","Not Applicable","South Of",""
"688711","CR-0000094536","0","0","0","0","22-207-4004","False","True","51","7/26/2022 2:30:00 PM","No Pedestrians Involved","Unknown","Unknown","Daylight","Unknown","Unknown","Unknown","Rear End","Non-Related","Other Vehicle","Not Applicable","Not Applicable","North Of",""
"688712","CR-0000094537","0","0","0","0","22-212-4001","False","True","0","7/31/2022 12:00:00 AM","No Pedestrians Involved","Unknown","Unknown","Unknown","Unknown","Unknown","Unknown","Rear End","Intersection","Other Vehicle","Not Applicable","Not Applicable","At",""
"688713","CR-0000094538","0","0","0","0","22-184-4003","False","True","","7/3/2022 10:50:00 AM","No Pedestrians Involved","Unknown","Unknown","Daylight","Unknown","Unknown","Unknown","Rear End","Related","Other Vehicle","Not Applicable","Not Applicable","Unknown",""
"688714","CR-0000094539","0","0","0","0","22-186-4004","False","True","51","7/5/2022 8:40:00 PM","No Pedestrians Involved","Unknown","Unknown","Unknown","Unknown","Unknown","Unknown","Sideswipe","Non-Related","Parked Vehicle","Not Applicable","Not Applicable","South Of",""
"688715","CR-0000094540","0","0","0","0","22-197-4000","False","True","","7/15/2022 10:18:00 AM","No Pedestrians Involved","Unknown","Unknown","Daylight","Unknown","Unknown","Unknown","Sideswipe","Related","Other Vehicle","Not Applicable","Not Applicable","South Of",""