"CrashFactId","Name","MinorInjuries","ModerateInjuries","SevereInjuries","FatalInjuries","TcrNumber","CityDamageFlag","ShortFormFlag","Distance","CrashDateTime","PedestrianAction","RoadwaySurface","RoadwayCondition","Lighting","PrimaryCollisionFactor","TrafficControl","Weather","CollisionType","ProximityToIntersection","VehicleInvolvedWith","PedestrianDirectionFrom","PedestrianDirectionTo","DirectionFromIntersection","Comment"
"688716","CR-0000094541","0","0","0","0","22-196-4001","False","True","51","7/14/2022 10:45:00 AM","No Pedestrians Involved","Unknown","Unknown","Daylight","Unknown","Unknown","Unknown","Hit Object","Non-Related","Fixed Object","Not Applicable","Not Applicable","West Of",""
"688717","CR-0000094542","0","0","0","0","22-188-4001","False","True","51","7/6/2022 5:00:00 PM","No Pedestrians Involved","Unknown","Unknown","Daylight","Unknown","Unknown","Unknown","Rear End","Non-Related","Parked Vehicle","Not Applicable","Not Applicable","West Of",""
"688718","CR-0000094543","0","0","0","0","22-188-4000","False","True","51","7/1/2022 9:00:00 AM","No Pedestrians Involved","Unknown","Unknown","Daylight","Unknown","Unknown","Unknown","Other","Non-Related","Parked Vehicle","Not Applicable","Not Applicable","West Of",""
"688719","CR-0000094544","0","0","0","0","22-191-4002","False","True","51","7/10/2022 1:11:00 PM","No Pedestrians Involved","Unknown","Unknown","Daylight","Unknown","Unknown","Unknown","Rear End","Non-Related","Parked Vehicle","Not Applicable","Not Applicable","North Of",""
"688720","CR-0000094545","0","0","0","0","22-202-4005","False","True","51","7/20/2022 7:21:00 PM","No Pedestrians Involved","Unknown","Unknown","Unknown","Unknown","Unknown","Unknown","Sideswipe","Non-Related","Parked Vehicle","Not Applicable","Not Applicable","North Of",""
"688721","CR-0000094546","0","0","0","0","22-193-4003","False","True","51","7/12/2022 4:30:00 PM","No Pedestrians Involved","Unknown","Unknown","Daylight","Unknown","Unknown","Unknown","Broadside","Non-Related","Other Vehicle","Not Applicable","Not Applicable","East Of",""
"688722","CR-0000094547","0","0","0","0","22-194-4001","False","True","","7/11/2022 6:50:00 AM","No Pedestrians Involved","Unknown","Unknown","Daylight","Unknown","Unknown","Unknown","Sideswipe","Related","Parked Vehicle","Not Applicable","Not Applicable","Unknown",""
"688723","CR-0000094548","0","0","0","0","22-206-4000","False","True","0","7/24/2022 6:27:00 PM","No Pedestrians Involved","Unknown","Unknown","Unknown","Unknown","Unknown","Unknown","Rear End","Intersection","Other Vehicle","Not Applicable","Not Applicable","At",""
"688724","CR-0000094549","0","0","0","0","22-275-0237","False","False","522","10/2/2022 6:30:00 AM","No Pedestrians Involved","Dry","No Unusual Conditions","Dark - Street Light","Violation Driver 1","Controls Functioning","Clear","Hit Object","Non-Related","Other Object","Not Applicable","Not Applicable","North Of","FIRE HYDRANT"
"688725","CR-0000094550","0","0","0","0","22-275-4000","False","False","","10/2/2022 9:50:00 AM","No Pedestrians Involved","Unknown","Unknown","Daylight","Unknown","Unknown","Unknown","Other","Related","Other Vehicle","Not Applicable","Not Applicable","West Of",""
"688726","CR-0000094551","0","0","0","0","22-257-4001","False","True","51","8/8/2022 12:55:00 PM","No Pedestrians Involved","Unknown","Unknown","Daylight","Unknown","Unknown","Unknown","Rear End","Non-Related","Other Vehicle","Not Applicable","Not Applicable","Unknown",""
"688727","CR-0000094552","0","0","0","0","22-221-4002","False","True","","8/9/2022 3:40:00 PM","No Pedestrians Involved","Unknown","Unknown","Daylight","Unknown","Unknown","Unknown","Sideswipe","Non-Related","Other Vehicle","Not Applicable","Not Applicable","Unknown",""
"688728","CR-0000094553","0","0","0","0","22-221-4003","False","True","0","8/8/2022 5:35:00 PM","No Pedestrians Involved","Unknown","Unknown","Daylight","Unknown","Unknown","Unknown","Rear End","Intersection","Other Vehicle","Not Applicable","Not Applicable","At",""
"688729","CR-0000094554","0","0","0","0","22-233-4001","False","True","51","8/12/2022 3:45:00 PM","No Pedestrians Involved","Unknown","Unknown","Daylight","Unknown","Unknown","Unknown","Sideswipe","Non-Related","Unknown","Not Applicable","Not Applicable","South Of",""
"688730","CR-0000094555","0","0","0","0","22-252-4000","False","True","51","8/14/2022 9:02:00 PM","No Pedestrians Involved","Unknown","Unknown","Unknown","Unknown","Unknown","Unknown","Rear End","Non-Related","Other Vehicle","Not Applicable","Not Applicable","West Of",""
"688731","CR-0000094556","0","0","0","0","22-234-4004","False","True","","8/18/2022 11:40:00 AM","No Pedestrians Involved","Unknown","Unknown","Daylight","Unknown","Unknown","Unknown","Rear End","Related","Other Vehicle","Not Applicable","Not Applicable","Unknown",""
"688732","CR-0000094557","0","0","0","0","22-245-4004","False","True","0","8/19/2022 2:00:00 PM","No Pedestrians Involved","Unknown","Unknown","Daylight","Unknown","Unknown","Unknown","Sideswipe","Intersection","Unknown","Not Applicable","Not Applicable","At",""
"688733","CR-0000094559","0","0","0","0","22-234-4003","False","False","","8/14/2022 4:50:00 PM","No Pedestrians Involved","Unknown","Unknown","Daylight","Unknown","Unknown","Unknown","Sideswipe","Related","Other Vehicle","Not Applicable","Not Applicable","North Of",""
"688734","CR-0000094560","0","0","0","0","22-230-4005","False","True","","8/18/2022 10:00:00 PM","No Pedestrians Involved","Unknown","Unknown","Unknown","Unknown","Unknown","Unknown","Rear End","Related","Other Vehicle","Not Applicable","Not Applicable","Unknown",""
"688735","CR-0000094561","0","0","0","0","22-234-4000","False","True","51","8/22/2022 8:20:00 PM","No Pedestrians Involved","Unknown","Unknown","Unknown","Unknown","Unknown","Unknown","Other","Non-Related","Parked Vehicle","Not Applicable","Not Applicable","West Of",""
"688736","CR-0000094562","0","0","0","0","22-233-4002","False","True","","8/21/2022 5:20:00 AM","No Pedestrians Involved","Unknown","Unknown","Unknown","Unknown","Unknown","Unknown","Rear End","Related","Other Vehicle","Not Applicable","Not Applicable","East Of",""
"688737","CR-0000094563","0","0","0","0","22-235-4004","False","True","","8/22/2022 5:55:00 PM","No Pedestrians Involved","Unknown","Unknown","Daylight","Unknown","Unknown","Unknown","Sideswipe","Related","Other Vehicle","Not Applicable","Not Applicable","South Of",""
"688738","CR-0000094564","0","0","0","0","22-238-4003","False","True","0","8/23/2022 6:15:00 PM","No Pedestrians Involved","Unknown","Unknown","Dusk - Dawn","Unknown","Unknown","Unknown","Sideswipe","Intersection","Unknown","Not Applicable","Not Applicable","At",""
"688739","CR-0000094565","0","0","0","0","22-235-4006","False","True","0","8/23/2022 9:00:00 AM","No Pedestrians Involved","Unknown","Unknown","Daylight","Unknown","Unknown","Unknown","Broadside","Intersection","Other Vehicle","Not Applicable","Not Applicable","At",""
"688740","CR-0000094566","0","0","0","0","22-235-4007","False","True","51","8/23/2022 2:50:00 PM","No Pedestrians Involved","Unknown","Unknown","Daylight","Unknown","Unknown","Unknown","Rear End","Non-Related","Other Vehicle","Not Applicable","Not Applicable","Unknown",""
"688741","CR-0000094567","0","0","0","0","22-236-4002","False","True","","8/24/2022 2:30:00 PM","No Pedestrians Involved","Unknown","Unknown","Daylight","Unknown","Unknown","Unknown","Sideswipe","Related","Other Vehicle","Not Applicable","Not Applicable","Unknown",""
"688742","CR-0000094568","0","0","0","0","22-236-4001","False","True","0","8/24/2022 12:56:00 PM","No Pedestrians Involved","Unknown","Unknown","Daylight","Unknown","Unknown","Unknown","Broadside","Intersection","Other Vehicle","Not Applicable","Not Applicable","At",""
"688743","CR-0000094569","0","0","0","0","22-237-4003","False","True","","8/24/2022 7:30:00 AM","No Pedestrians Involved","Unknown","Unknown","Daylight","Unknown","Unknown","Unknown","Other","Related","Unknown","Not Applicable","Not Applicable","Unknown",""
"688744","CR-0000094570","0","0","0","0","22-236-4005","False","True","51","8/24/2022 9:04:00 PM","No Pedestrians Involved","Unknown","Unknown","Unknown","Unknown","Unknown","Unknown","Rear End","Non-Related","Other Vehicle","Not Applicable","Not Applicable","East Of",""
"688745","CR-0000094571","0","0","0","0","22-238-4009","False","True","51","8/24/2022 4:09:00 PM","No Pedestrians Involved","Unknown","Unknown","Daylight","Unknown","Unknown","Unknown","Sideswipe","Non-Related","Other Vehicle","Not Applicable","Not Applicable","West Of",""
"688746","CR-0000094572","0","0","0","0","22-237-4002","False","True","51","8/25/2022 11:30:00 AM","No Pedestrians Involved","Unknown","Unknown","Daylight","Unknown","Unknown","Unknown","Sideswipe","Non-Related","Other Vehicle","Not Applicable","Not Applicable","West Of",""
"688747","CR-0000094573","0","0","0","0","22-319-9809","True","False","400","9/16/2022 4:44:00 PM","No Pedestrians Involved","Dry","No Unusual Conditions","Daylight","Violation Driver 1","No Controls Present/Factor","Clear","Hit Object","Non-Related","Fixed Object","Not Applicable","Not Applicable","East Of","SIGN"
"688749","CR-0000094575","0","0","0","0","22-235-4001","False","True","51","8/21/2022 7:00:00 PM","No Pedestrians Involved","Unknown","Unknown","Unknown","Unknown","Unknown","Unknown","Sideswipe","Non-Related","Unknown","Not Applicable","Not Applicable","East Of",""
"688750","CR-0000094576","0","0","0","0","22-275-4004","False","True","51","10/2/2022 6:15:00 PM","No Pedestrians Involved","Unknown","Unknown","Dusk - Dawn","Unknown","Unknown","Unknown","Sideswipe","Non-Related","Other Vehicle","Not Applicable","Not Applicable","North Of",""
"688751","CR-0000094577","0","0","0","0","22-275-4005","False","True","51","10/2/2022 2:50:00 PM","No Pedestrians Involved","Unknown","Unknown","Daylight","Unknown","Unknown","Unknown","Head On","Non-Related","Other Vehicle","Not Applicable","Not Applicable","East Of",""
"688752","CR-0000094578","0","0","0","0","22-277-4000","False","True","51","10/4/2022 6:15:00 PM","No Pedestrians Involved","Unknown","Unknown","Dusk - Dawn","Unknown","Unknown","Unknown","Sideswipe","Non-Related","Other Vehicle","Not Applicable","Not Applicable","West Of",""
"688753","CR-0000094579","0","0","0","0","22-278-4000","False","True","0","10/5/2022 7:50:00 AM","No Pedestrians Involved","Unknown","Unknown","Daylight","Unknown","Unknown","Unknown","Sideswipe","Intersection","Other Vehicle","Not Applicable","Not Applicable","At",""
"688754","CR-0000094580","0","0","0","0","22-279-4004","False","True","0","10/5/2022 7:40:00 PM","No Pedestrians Involved","Unknown","Unknown","Unknown","Unknown","Unknown","Unknown","Broadside","Intersection","Other Vehicle","Not Applicable","Not Applicable","At",""
"688755","CR-0000094581","0","0","0","0","22-279-4002","False","True","51","10/6/2022 9:35:00 AM","No Pedestrians Involved","Unknown","Unknown","Daylight","Unknown","Unknown","Unknown","Sideswipe","Non-Related","Other Vehicle","Not Applicable","Not Applicable","West Of",""
"688756","CR-0000094582","0","0","0","0","22-275-4003","False","True","51","10/1/2022 12:18:00 PM","No Pedestrians Involved","Unknown","Unknown","Daylight","Unknown","Unknown","Unknown","Hit Object","Non-Related","Fixed Object","Not Applicable","Not Applicable","West Of","TREE"
"688757","CR-0000094592","0","0","0","0","22-279-4006","False","True","","10/6/2022 4:30:00 PM","No Pedestrians Involved","Unknown","Unknown","Daylight","Unknown","Unknown","Unknown","Rear End","Related","Other Vehicle","Not Applicable","Not Applicable","East Of",""
"688758","CR-0000094593","0","0","0","0","22-280-4000","False","True","51","10/7/2022 11:23:00 AM","No Pedestrians Involved","Unknown","Unknown","Daylight","Unknown","Unknown","Unknown","Other","Non-Related","Other Vehicle","Not Applicable","Not Applicable","West Of",""
"688759","CR-0000094594","0","0","0","0","22-237-4004","False","True","0","8/25/2022 5:15:00 PM","No Pedestrians Involved","Unknown","Unknown","Daylight","Unknown","Unknown","Unknown","Sideswipe","Intersection","Other Vehicle","Not Applicable","Not Applicable","At",""
"688760","CR-0000094595","0","0","0","0","22-238-4007","False","True","","8/25/2022 4:30:00 AM","No Pedestrians Involved","Unknown","Unknown","Unknown","Unknown","Unknown","Unknown","Sideswipe","Related","Unknown","Not Applicable","Not Applicable","West Of",""
"688761","CR-0000094596","0","0","0","0","22-242-4000","False","True","51","8/25/2022 11:00:00 PM","No Pedestrians Involved","Unknown","Unknown","Unknown","Unknown","Unknown","Unknown","Sideswipe","Non-Related","Unknown","Not Applicable","Not Applicable","West Of",""
"688762","CR-0000094597","0","0","0","0","22-238-4008","False","True","51","8/26/2022 12:10:00 PM","No Pedestrians Involved","Unknown","Unknown","Daylight","Unknown","Unknown","Unknown","Sideswipe","Non-Related","Other Vehicle","Not Applicable","Not Applicable","Unknown",""
"688763","CR-0000094598","0","0","0","0","22-238-4002","False","True","0","8/26/2022 8:27:00 AM","No Pedestrians Involved","Unknown","Unknown","Daylight","Unknown","Unknown","Unknown","Other","Intersection","Unknown","Not Applicable","Not Applicable","At",""
"688764","CR-0000094599","0","0","0","0","22-239-4001","False","True","","8/27/2022 12:15:00 PM","No Pedestrians Involved","Unknown","Unknown","Daylight","Unknown","Unknown","Unknown","Rear End","Related","Other Vehicle","Not Applicable","Not Applicable","Unknown",""
"688765","CR-0000094600","0","0","0","0","22-240-4005","False","True","","8/28/2022 9:45:00 PM","No Pedestrians Involved","Unknown","Unknown","Unknown","Unknown","Unknown","Unknown","Sideswipe","Related","Other Vehicle","Not Applicable","Not Applicable","West Of",""
"688766","CR-0000094601","0","0","0","0","22-241-4000","False","True","51","8/29/2022 2:00:00 AM","No Pedestrians Involved","Unknown","Unknown","Unknown","Unknown","Unknown","Unknown","Rear End","Non-Related","Unknown","Not Applicable","Not Applicable","South Of",""
"688767","CR-0000094602","0","0","0","0","22-251-4001","False","True","51","8/29/2022 9:02:00 AM","No Pedestrians Involved","Unknown","Unknown","Daylight","Unknown","Unknown","Unknown","Rear End","Non-Related","Other Vehicle","Not Applicable","Not Applicable","Unknown",""
"688768","CR-0000094603","0","0","0","0","22-241-4003","False","True","51","8/29/2022 3:09:00 PM","No Pedestrians Involved","Unknown","Unknown","Unknown","Unknown","Unknown","Unknown","Sideswipe","Non-Related","Other Vehicle","Not Applicable","Not Applicable","South Of",""
"688769","CR-0000094604","0","0","0","0","22-242-4001","False","True","51","8/30/2022 12:00:00 AM","No Pedestrians Involved","Unknown","Unknown","Unknown","Unknown","Unknown","Unknown","Other","Non-Related","Unknown","Not Applicable","Not Applicable","East Of",""
"688770","CR-0000094605","0","0","0","0","22-244-4000","False","True","","8/31/2022 5:30:00 AM","No Pedestrians Involved","Unknown","Unknown","Unknown","Unknown","Unknown","Unknown","Other","Related","Other Vehicle","Not Applicable","Not Applicable","Unknown",""
"688771","CR-0000094606","0","0","0","0","22-285-4002","False","True","51","10/9/2022 4:10:00 PM","No Pedestrians Involved","Unknown","Unknown","Daylight","Unknown","Unknown","Unknown","Sideswipe","Non-Related","Other Vehicle","Not Applicable","Not Applicable","North Of",""
"688772","CR-0000094607","0","0","0","0","22-288-4000","False","True","51","10/13/2022 9:00:00 PM","No Pedestrians Involved","Unknown","Unknown","Unknown","Unknown","Unknown","Unknown","Sideswipe","Non-Related","Unknown","Not Applicable","Not Applicable","South Of",""
"688773","CR-0000094617","0","0","0","0","22-290-4000","False","True","51","10/17/2022 7:45:00 AM","No Pedestrians Involved","Unknown","Unknown","Daylight","Unknown","Unknown","Unknown","Vehicle/Bike","Non-Related","Bike","Not Applicable","Not Applicable","Unknown",""
"688774","CR-0000094618","0","0","0","0","22-290-4002","False","True","51","10/14/2022 8:30:00 PM","No Pedestrians Involved","Unknown","Unknown","Unknown","Unknown","Unknown","Unknown","Rear End","Non-Related","Other Vehicle","Not Applicable","Not Applicable","South Of",""
"688775","CR-0000094619","0","0","0","0","22-291-4000","False","True","0","10/2/2022 9:15:00 AM","No Pedestrians Involved","Unknown","Unknown","Daylight","Unknown","Unknown","Unknown","Rear End","Intersection","Other Vehicle","Not Applicable","Not Applicable","At",""
"688776","CR-0000094620","0","0","0","0","22-291-4006","False","True","","10/18/2022 12:20:00 PM","No Pedestrians Involved","Unknown","Unknown","Daylight","Unknown","Unknown","Unknown","Rear End","Related","Other Vehicle","Not Applicable","Not Applicable","East Of",""
"688777","CR-0000094621","0","0","0","0","22-297-4001","False","True","51","10/23/2022 9:51:00 PM","No Pedestrians Involved","Unknown","Unknown","Unknown","Unknown","Unknown","Unknown","Sideswipe","Non-Related","Other Vehicle","Not Applicable","Not Applicable","West Of",""
"688778","CR-0000094622","0","0","0","0","22-297-4000","False","True","51","10/23/2022 12:56:00 AM","No Pedestrians Involved","Unknown","Unknown","Unknown","Unknown","Unknown","Unknown","Rear End","Non-Related","Other Vehicle","Not Applicable","Not Applicable","South Of",""
"688779","CR-0000094623","0","0","0","0","22-297-4002","False","True","51","10/23/2022 9:35:00 PM","No Pedestrians Involved","Unknown","Unknown","Unknown","Unknown","Unknown","Unknown","Rear End","Non-Related","Unknown","Not Applicable","Not Applicable","East Of",""
"688780","CR-0000094624","0","0","0","0","22-293-4000","False","True","0","10/7/2022 5:00:00 AM","No Pedestrians Involved","Unknown","Unknown","Unknown","Unknown","Unknown","Unknown","Sideswipe","Intersection","Other Vehicle","Not Applicable","Not Applicable","At",""
"688781","CR-0000094625","0","0","0","0","22-294-4004","False","True","51","10/21/2022 9:28:00 AM","No Pedestrians Involved","Unknown","Unknown","Daylight","Unknown","Unknown","Unknown","Other","Non-Related","Unknown","Not Applicable","Not Applicable","South Of",""
"688782","CR-0000094626","0","0","0","0","22-296-4001","False","True","51","10/22/2022 8:28:00 PM","No Pedestrians Involved","Unknown","Unknown","Unknown","Unknown","Unknown","Unknown","Other","Non-Related","Other Vehicle","Not Applicable","Not Applicable","South Of",""
"688783","CR-0000094627","0","0","0","0","22-297-4005","False","True","51","10/24/2022 1:46:00 AM","No Pedestrians Involved","Unknown","Unknown","Unknown","Unknown","Unknown","Unknown","Rear End","Non-Related","Other Vehicle","Not Applicable","Not Applicable","North Of",""
"688784","CR-0000094628","0","0","0","0","22-297-4006","False","True","51","10/24/2022 3:53:00 AM","No Pedestrians Involved","Unknown","Unknown","Unknown","Unknown","Unknown","Unknown","Broadside","Non-Related","Motorcycle","Not Applicable","Not Applicable","West Of",""
"688785","CR-0000094629","0","0","0","0","22-297-4007","False","True","51","10/23/2022 4:35:00 PM","No Pedestrians Involved","Unknown","Unknown","Daylight","Unknown","Unknown","Unknown","Sideswipe","Non-Related","Other Vehicle","Not Applicable","Not Applicable","North Of",""
"688786","CR-0000094630","0","0","0","0","22-305-4000","False","True","0","10/31/2022 8:35:00 AM","No Pedestrians Involved","Unknown","Unknown","Daylight","Unknown","Unknown","Unknown","Broadside","Intersection","Other Vehicle","Not Applicable","Not Applicable","At",""
"688787","CR-0000094631","0","0","0","0","22-307-4000","False","True","51","11/2/2022 7:20:00 PM","No Pedestrians Involved","Unknown","Unknown","Unknown","Unknown","Unknown","Unknown","Sideswipe","Non-Related","Other Vehicle","Not Applicable","Not Applicable","North Of",""
"688788","CR-0000094632","0","0","0","0","22-306-4004","False","True","51","10/31/2022 12:15:00 AM","No Pedestrians Involved","Unknown","Unknown","Unknown","Unknown","Unknown","Unknown","Rear End","Non-Related","Other Vehicle","Not Applicable","Not Applicable","East Of",""
"688789","CR-0000094633","0","0","0","0","22-306-4000","False","True","0","11/2/2022 9:28:00 AM","No Pedestrians Involved","Unknown","Unknown","Daylight","Unknown","Unknown","Unknown","Broadside","Intersection","Other Vehicle","Not Applicable","Not Applicable","At",""
"688790","CR-0000094634","0","0","0","0","22-306-4003","False","True","51","11/1/2022 10:00:00 PM","No Pedestrians Involved","Unknown","Unknown","Unknown","Unknown","Unknown","Unknown","Rear End","Non-Related","Unknown","Not Applicable","Not Applicable","North Of",""
"688791","CR-0000094635","0","0","0","0","22-306-4002","False","True","51","10/31/2022 4:05:00 AM","No Pedestrians Involved","Unknown","Unknown","Unknown","Unknown","Unknown","Unknown","Sideswipe","Non-Related","Parked Vehicle","Not Applicable","Not Applicable","South Of",""
"688792","CR-0000094636","0","0","0","0","22-305-4001","False","True","51","11/1/2022 6:35:00 AM","No Pedestrians Involved","Unknown","Unknown","Dusk - Dawn","Unknown","Unknown","Unknown","Sideswipe","Non-Related","Other Vehicle","Not Applicable","Not Applicable","North Of",""
"688793","CR-0000094637","0","0","0","0","22-304-4004","False","True","51","10/31/2022 11:30:00 AM","No Pedestrians Involved","Unknown","Unknown","Daylight","Unknown","Unknown","Unknown","Sideswipe","Non-Related","Other Vehicle","Not Applicable","Not Applicable","West Of",""
"688794","CR-0000094640","0","0","0","0","22-304-4003","False","True","51","10/30/2022 2:42:00 AM","No Pedestrians Involved","Unknown","Unknown","Unknown","Unknown","Unknown","Unknown","Sideswipe","Non-Related","Other Vehicle","Not Applicable","Not Applicable","South Of",""
"688795","CR-0000094641","0","0","0","0","22-304-4002","False","True","51","10/29/2022 2:00:00 AM","No Pedestrians Involved","Unknown","Unknown","Unknown","Unknown","Unknown","Unknown","Other","Non-Related","Parked Vehicle","Not Applicable","Not Applicable","North Of",""
"688796","CR-0000094642","0","0","0","0","22-303-4002","False","True","","10/30/2022 3:30:00 AM","No Pedestrians Involved","Unknown","Unknown","Unknown","Unknown","Unknown","Unknown","Other","Related","Unknown","Not Applicable","Not Applicable","West Of",""
"688797","CR-0000094643","0","0","0","0","22-303-4001","False","True","51","10/28/2022 3:00:00 AM","No Pedestrians Involved","Unknown","Unknown","Unknown","Unknown","Unknown","Unknown","Sideswipe","Non-Related","Other Vehicle","Not Applicable","Not Applicable","South Of",""
"688798","CR-0000094644","0","0","0","0","22-303-4004","False","True","51","10/30/2022 7:39:00 PM","No Pedestrians Involved","Unknown","Unknown","Unknown","Unknown","Unknown","Unknown","Sideswipe","Non-Related","Other Vehicle","Not Applicable","Not Applicable","West Of",""
"688799","CR-0000094645","0","0","0","0","22-303-4005","False","True","51","10/23/2022 4:00:00 PM","No Pedestrians Involved","Unknown","Unknown","Daylight","Unknown","Unknown","Unknown","Rear End","Non-Related","Other Vehicle","Not Applicable","Not Applicable","West Of",""
"688800","CR-0000094646","0","0","0","0","22-304-4009","False","True","51","10/31/2022 10:40:00 PM","No Pedestrians Involved","Unknown","Unknown","Unknown","Unknown","Unknown","Unknown","Rear End","Non-Related","Other Vehicle","Not Applicable","Not Applicable","South Of",""
"688801","CR-0000094647","0","0","0","0","22-304-4006","False","True","51","10/30/2022 4:35:00 AM","No Pedestrians Involved","Unknown","Unknown","Unknown","Unknown","Unknown","Unknown","Sideswipe","Non-Related","Unknown","Not Applicable","Not Applicable","South Of",""
"688802","CR-0000094648","0","0","0","0","22-304-4000","False","True","51","10/27/2022 12:00:00 AM","No Pedestrians Involved","Unknown","Unknown","Unknown","Unknown","Unknown","Unknown","Hit Object","Non-Related","Fixed Object","Not Applicable","Not Applicable","South Of",""
"688803","CR-0000094649","0","0","0","0","22-304-4001","False","True","51","10/31/2022 10:15:00 AM","No Pedestrians Involved","Unknown","Unknown","Daylight","Unknown","Unknown","Unknown","Sideswipe","Non-Related","Parked Vehicle","Not Applicable","Not Applicable","West Of",""
"688804","CR-0000094650","0","0","0","0","22-244-4005","False","True","51","9/1/2022 2:30:00 PM","No Pedestrians Involved","Unknown","Unknown","Daylight","Unknown","Unknown","Unknown","Sideswipe","Non-Related","Parked Vehicle","Not Applicable","Not Applicable","East Of",""
"688805","CR-0000094651","0","0","0","0","22-245-4005","False","True","51","9/1/2022 5:05:00 PM","No Pedestrians Involved","Unknown","Unknown","Daylight","Unknown","Unknown","Unknown","Rear End","Non-Related","Other Vehicle","Not Applicable","Not Applicable","Unknown",""
"688806","CR-0000094652","0","0","0","0","22-244-4006","False","True","51","9/1/2022 5:48:00 PM","No Pedestrians Involved","Unknown","Unknown","Dusk - Dawn","Unknown","Unknown","Unknown","Other","Non-Related","Parked Vehicle","Not Applicable","Not Applicable","East Of",""
"688807","CR-0000094653","0","0","0","0","22-245-4003","False","True","51","9/2/2022 12:15:00 PM","Unknown","Unknown","Unknown","Daylight","Unknown","Unknown","Unknown","Broadside","Non-Related","Other Vehicle","Not Applicable","Not Applicable","Unknown",""
"688808","CR-0000094654","0","0","0","0","22-245-4006","False","True","51","9/2/2022 9:00:00 PM","No Pedestrians Involved","Unknown","Unknown","Unknown","Unknown","Unknown","Unknown","Rear End","Non-Related","Other Vehicle","Not Applicable","Not Applicable","West Of",""
"688809","CR-0000094655","0","0","0","0","22-245-4007","False","True","51","9/2/2022 9:37:00 AM","No Pedestrians Involved","Unknown","Unknown","Daylight","Unknown","Unknown","Unknown","Rear End","Non-Related","Other Vehicle","Not Applicable","Not Applicable","East Of",""
"688810","CR-0000094656","0","0","0","0","22-248-4002","False","True","0","9/3/2022 3:20:00 PM","No Pedestrians Involved","Unknown","Unknown","Daylight","Unknown","Unknown","Unknown","Broadside","Intersection","Other Vehicle","Not Applicable","Not Applicable","At",""
"688811","CR-0000094657","0","0","0","0","22-249-4000","False","True","51","9/4/2022 2:45:00 PM","No Pedestrians Involved","Unknown","Unknown","Daylight","Unknown","Unknown","Unknown","Sideswipe","Non-Related","Other Vehicle","Not Applicable","Not Applicable","East Of",""
"688812","CR-0000094658","0","0","0","1","22-341-0768","False","False","0","12/7/2022 7:32:00 PM","Crossing - Not In Crosswalk","Dry","No Unusual Conditions","Dark - Street Light Not Functioning","Unknown","No Controls Present/Factor","Clear","Vehicle/Pedestrian","Intersection","Pedestrian","East","West","At","PED"
"688813","CR-0000094659","0","0","0","0","22-332-4001","False","True","51","9/28/2022 8:10:00 AM","No Pedestrians Involved","Unknown","Unknown","Daylight","Unknown","Unknown","Unknown","Rear End","Non-Related","Other Vehicle","Not Applicable","Not Applicable","Unknown",""
"688814","CR-0000094669","0","0","0","0","22-289-0234","True","False","52","10/16/2022 3:00:00 AM","No Pedestrians Involved","Unknown","No Unusual Conditions","Dark - Street Light","Violation Driver 1","No Controls Present/Factor","Cloudy","Hit Object","Non-Related","Fixed Object","Not Applicable","Not Applicable","East Of","TREE"
"688815","CR-0000094670","1","0","0","0","22-289-0154","False","False","183","10/16/2022 3:03:00 AM","No Pedestrians Involved","Dry","No Unusual Conditions","Dark - Street Light","Violation Driver 1","No Controls Present/Factor","Clear","Sideswipe","Non-Related","Parked Vehicle","Not Applicable","Not Applicable","South Of",""
"688816","CR-0000094671","1","0","0","0","22-289-0353","False","False","0","10/16/2022 10:56:00 AM","No Pedestrians Involved","Dry","No Unusual Conditions","Daylight","Violation Driver 1","No Controls Present/Factor","Clear","Rear End","Intersection","Other Vehicle","Not Applicable","Not Applicable","At",""
"688817","CR-0000094672","0","1","0","0","22-289-0358","False","False","0","10/16/2022 11:01:00 AM","No Pedestrians Involved","Dry","No Unusual Conditions","Daylight","Violation Driver 1","Controls Functioning","Clear","Broadside","Intersection","Bike","Not Applicable","Not Applicable","At","BIKE"
"688818","CR-0000094673","0","0","0","0","22-289-0647","False","False","0","10/16/2022 6:12:00 PM","No Pedestrians Involved","Dry","No Unusual Conditions","Dark - Street Light","Violation Driver 1","Controls Functioning","Clear","Rear End","Intersection","Other Vehicle","Not Applicable","Not Applicable","At",""
"688819","CR-0000094674","0","0","0","0","22-289-0783","False","False","127","10/16/2022 7:13:00 PM","No Pedestrians Involved","Dry","No Unusual Conditions","Dark - Street Light","Violation Driver 1","No Controls Present/Factor","Clear","Rear End","Non-Related","Parked Vehicle","Not Applicable","Not Applicable","West Of","Stolen Vehicle( D1 exited vehicle while it was moving)"
"688820","CR-0000094675","0","1","0","0","22-289-0754","False","False","256","10/16/2022 7:44:00 PM","No Pedestrians Involved","Dry","No Unusual Conditions","Dark - Street Light","Violation Driver 1","No Controls Present/Factor","Clear","Broadside","Non-Related","Parked Vehicle","Not Applicable","Not Applicable","West Of",""
"688821","CR-0000094676","0","0","0","0","22-289-0850","False","False","0","10/16/2022 9:46:00 PM","No Pedestrians Involved","Dry","No Unusual Conditions","Dark - Street Light","Violation Driver 1","No Controls Present/Factor","Clear","Rear End","Intersection","Parked Vehicle","Not Applicable","Not Applicable","At",""
"688822","CR-0000094677","1","0","0","0","22-290-0027","False","False","232","10/17/2022 12:30:00 AM","No Pedestrians Involved","Dry","No Unusual Conditions","Dark - Street Light","Violation Driver 1","Controls Functioning","Clear","Sideswipe","Non-Related","Parked Vehicle","Not Applicable","Not Applicable","East Of",""
"688823","CR-0000094678","0","0","0","0","22-290-0037","False","False","0","10/17/2022 12:43:00 AM","No Pedestrians Involved","Dry","No Unusual Conditions","Dark - Street Light","Violation Driver 1","No Controls Present/Factor","Clear","Head On","Intersection","Other Vehicle","Not Applicable","Not Applicable","At",""