"CrashFactId","Name","MinorInjuries","ModerateInjuries","SevereInjuries","FatalInjuries","TcrNumber","CityDamageFlag","ShortFormFlag","Distance","CrashDateTime","PedestrianAction","RoadwaySurface","RoadwayCondition","Lighting","PrimaryCollisionFactor","TrafficControl","Weather","CollisionType","ProximityToIntersection","VehicleInvolvedWith","PedestrianDirectionFrom","PedestrianDirectionTo","DirectionFromIntersection","Comment"
"688824","CR-0000094679","0","1","0","0","22-290-0283","False","False","0","10/17/2022 8:50:00 AM","No Pedestrians Involved","Dry","No Unusual Conditions","Daylight","Bike At Fault","Controls Functioning","Clear","Broadside","Intersection","Bike","Not Applicable","Not Applicable","At","BIKE"
"688825","CR-0000094680","0","0","0","0","22-290-0504","False","False","0","10/17/2022 1:29:00 PM","No Pedestrians Involved","Dry","No Unusual Conditions","Dark - Street Light","Violation Driver 1","Controls Functioning","Clear","Sideswipe","Intersection","Other Vehicle","Not Applicable","Not Applicable","At",""
"688826","CR-0000094681","0","0","0","0","22-900-0607","True","False","160","10/17/2022 3:55:00 PM","No Pedestrians Involved","Dry","No Unusual Conditions","Daylight","Violation Driver 1","Controls Functioning","Clear","Rear End","Non-Related","Other Vehicle","Not Applicable","Not Applicable","North Of",""
"688827","CR-0000094682","0","0","0","0","22-290-1043","False","False","70","10/17/2022 11:49:00 PM","No Pedestrians Involved","Dry","No Unusual Conditions","Dark - Street Light","Violation Driver 1","No Controls Present/Factor","Clear","Head On","Non-Related","Parked Vehicle","Not Applicable","Not Applicable","North Of",""
"688828","CR-0000094683","0","0","0","0","22-291-0199","False","False","0","10/18/2022 8:05:00 AM","No Pedestrians Involved","Dry","No Unusual Conditions","Daylight","Violation Driver 1","Controls Functioning","Clear","Rear End","Intersection","Other Vehicle","Not Applicable","Not Applicable","At",""
"688829","CR-0000094684","0","0","0","0","22-291-0524","False","False","340","10/18/2022 2:11:00 PM","No Pedestrians Involved","Dry","No Unusual Conditions","Daylight","Violation Driver 1","No Controls Present/Factor","Clear","Other","Non-Related","Other Vehicle","Not Applicable","Not Applicable","South Of",""
"688830","CR-0000094685","0","0","0","0","22-292-9703","False","True","0","10/18/2022 3:15:00 PM","No Pedestrians Involved","Unknown","No Unusual Conditions","Daylight","Unknown","Unknown","Clear","Rear End","Intersection","Other Vehicle","Not Applicable","Not Applicable","At",""
"688831","CR-0000094686","0","0","0","0","22-292-9708","False","True","0","10/18/2022 3:30:00 PM","No Pedestrians Involved","Dry","No Unusual Conditions","Daylight","Unknown","No Controls Present/Factor","Clear","Broadside","Intersection","Other Vehicle","Not Applicable","Not Applicable","At",""
"688832","CR-0000094687","0","0","0","0","22-292-9701","False","True","0","10/18/2022 5:00:00 PM","No Pedestrians Involved","Dry","No Unusual Conditions","Daylight","Unknown","Controls Functioning","Clear","Broadside","Intersection","Other Vehicle","Not Applicable","Not Applicable","At",""
"688833","CR-0000094688","0","0","1","0","22-292-0003","False","False","162","10/19/2022 12:02:00 AM","No Pedestrians Involved","Dry","No Unusual Conditions","Daylight","Violation Driver 1","No Controls Present/Factor","Clear","Head On","Non-Related","Parked Vehicle","Not Applicable","Not Applicable","West Of",""
"688834","CR-0000094689","0","0","0","0","22-292-0033","True","False","680","10/19/2022 12:53:00 AM","No Pedestrians Involved","Dry","No Unusual Conditions","Dark - Street Light","Violation Driver 1","No Controls Present/Factor","Clear","Hit Object","Non-Related","Fixed Object","Not Applicable","Not Applicable","East Of","STREETLIGHT"
"688835","CR-0000094690","0","0","0","0","22-292-0092","False","False","108","10/19/2022 3:24:00 AM","No Pedestrians Involved","Dry","No Unusual Conditions","Dark - Street Light","Violation Driver 1","No Controls Present/Factor","Clear","Sideswipe","Non-Related","Parked Vehicle","Not Applicable","Not Applicable","West Of",""
"688836","CR-0000094691","0","0","0","0","22-292-0441","False","False","200","10/19/2022 10:30:00 AM","No Pedestrians Involved","Dry","No Unusual Conditions","Daylight","Unknown","No Controls Present/Factor","Clear","Sideswipe","Non-Related","Parked Vehicle","Not Applicable","Not Applicable","West Of",""
"688837","CR-0000094692","2","0","0","0","22-292-0354","False","False","240","10/19/2022 11:30:00 AM","No Pedestrians Involved","Dry","No Unusual Conditions","Daylight","Violation Driver 1","Controls Functioning","Clear","Sideswipe","Non-Related","Other Vehicle","Not Applicable","Not Applicable","South Of",""
"688838","CR-0000094693","0","0","0","0","22-293-0482","True","False","280","10/20/2022 1:30:00 PM","No Pedestrians Involved","Dry","No Unusual Conditions","Daylight","Unknown","Controls Functioning","Clear","Hit Object","Non-Related","Fixed Object","Not Applicable","Not Applicable","South Of","Guard Rail"
"688839","CR-0000094694","1","0","0","0","22-293-0831","False","False","390","10/20/2022 7:10:00 PM","No Pedestrians Involved","Dry","No Unusual Conditions","Daylight","Violation Driver 1","No Controls Present/Factor","Clear","Sideswipe","Non-Related","Parked Vehicle","Not Applicable","Not Applicable","North Of",""
"688840","CR-0000094695","3","0","0","0","22-294-0134","False","False","0","10/21/2022 5:08:00 AM","No Pedestrians Involved","Dry","No Unusual Conditions","Dark - Street Light","Violation Driver 1","Controls Functioning","Clear","Broadside","Intersection","Other Vehicle","Not Applicable","Not Applicable","At",""
"688841","CR-0000094696","0","1","0","0","22-294-0813","False","False","304","10/21/2022 7:17:00 PM","Crossing - Not In Crosswalk","Dry","No Unusual Conditions","Dark - Street Light","Violation Driver 1","No Controls Present/Factor","Clear","Vehicle/Pedestrian","Non-Related","Pedestrian","East","West","South Of","PED"
"688842","CR-0000094697","0","1","0","0","22-295-0057","False","False","600","10/22/2022 1:00:00 AM","No Pedestrians Involved","Dry","No Unusual Conditions","Dark - Street Light","Violation Driver 1","No Controls Present/Factor","Clear","Broadside","Non-Related","Parked Vehicle","Not Applicable","Not Applicable","North Of","TREES(X2), STREET SIGN"
"688843","CR-0000094698","1","0","0","0","22-295-0119","False","False","277","10/22/2022 2:21:00 AM","No Pedestrians Involved","Dry","No Unusual Conditions","Dark - Street Light","Violation Driver 1","Controls Functioning","Clear","Sideswipe","Non-Related","Bike","Not Applicable","Not Applicable","North Of","BIKE"
"688844","CR-0000094699","0","0","0","0","22-295-0178","False","False","94","10/22/2022 4:37:00 AM","No Pedestrians Involved","Dry","No Unusual Conditions","Dark - Street Light","Violation Driver 1","No Controls Present/Factor","Clear","Rear End","Non-Related","Parked Vehicle","Not Applicable","Not Applicable","West Of",""
"688845","CR-0000094700","0","0","0","0","22-295-0241","False","False","61","10/22/2022 7:35:00 AM","No Pedestrians Involved","Dry","No Unusual Conditions","Daylight","Violation Driver 1","No Controls Present/Factor","Clear","Sideswipe","Non-Related","Parked Vehicle","Not Applicable","Not Applicable","South Of",""
"688846","CR-0000094701","0","0","0","0","22-296-0065","False","False","150","10/22/2022 9:30:00 AM","No Pedestrians Involved","Dry","No Unusual Conditions","Dark - Street Light","Violation Driver 1","No Controls Present/Factor","Clear","Rear End","Non-Related","Parked Vehicle","Not Applicable","Not Applicable","South Of",""
"688847","CR-0000094702","0","0","0","0","22-295-0956","False","False","51","10/22/2022 11:44:00 PM","No Pedestrians Involved","Dry","No Unusual Conditions","Dark - Street Light","Violation Driver 1","Controls Functioning","Clear","Sideswipe","Non-Related","Other Vehicle","Not Applicable","Not Applicable","Unknown",""
"688848","CR-0000094703","0","0","0","0","22-296-0114","True","False","0","10/23/2022 1:25:00 AM","No Pedestrians Involved","Dry","No Unusual Conditions","Dark - Street Light","Unknown","No Controls Present/Factor","Clear","Sideswipe","Intersection","Other Vehicle","Not Applicable","Not Applicable","At",""
"688849","CR-0000094704","0","0","0","0","22-196-0136","False","False","204","10/23/2022 2:28:00 AM","No Pedestrians Involved","Dry","No Unusual Conditions","Dark - Street Light","Violation Driver 1","No Controls Present/Factor","Clear","Sideswipe","Non-Related","Parked Vehicle","Not Applicable","Not Applicable","South Of",""
"688850","CR-0000094706","0","0","0","0","22-296-0802","False","False","0","10/23/2022 7:57:00 PM","No Pedestrians Involved","Dry","No Unusual Conditions","Dark - Street Light","Violation Driver 1","Controls Functioning","Clear","Rear End","Intersection","Other Vehicle","Not Applicable","Not Applicable","At",""
"688851","CR-0000094707","1","0","0","0","22-262-0762","False","False","300","9/19/2022 6:57:00 PM","No Pedestrians Involved","Dry","No Unusual Conditions","Daylight","Violation Driver 1","Unknown","Clear","Broadside","Non-Related","Parked Vehicle","Not Applicable","Not Applicable","South Of",""
"688852","CR-0000094708","0","1","0","0","22-265-0947","False","False","0","9/22/2022 8:47:00 PM","In Road - Includes Shoulder","Dry","No Unusual Conditions","Dark - Street Light","Violation Driver 1","No Controls Present/Factor","Clear","Vehicle/Pedestrian","Intersection","Pedestrian","South","North","At","PED"
"688853","CR-0000094709","0","0","0","0","22-274-0350","True","False","472","10/1/2022 2:11:00 PM","No Pedestrians Involved","Dry","No Unusual Conditions","Daylight","Bike At Fault","No Controls Present/Factor","Clear","Vehicle/Bike","Non-Related","Scooter Motorized","Not Applicable","Not Applicable","South Of","(M.Scooter) PD"
"688854","CR-0000094710","0","1","0","0","22-274-0347","True","False","540","10/1/2022 9:20:00 AM","No Pedestrians Involved","Dry","No Unusual Conditions","Daylight","Violation Driver 1","No Controls Present/Factor","Clear","Sideswipe","Non-Related","Other Vehicle","Not Applicable","Not Applicable","South Of","PD"
"688855","CR-0000094711","0","0","1","0","22-275-0168","False","False","320","10/2/2022 3:11:00 AM","No Pedestrians Involved","Dry","No Unusual Conditions","Dark - Street Light","Violation Driver 1","No Controls Present/Factor","Clear","Sideswipe","Non-Related","Parked Vehicle","Not Applicable","Not Applicable","West Of",""
"688856","CR-0000094712","0","0","0","0","22-275-0465","True","False","105","10/2/2022 1:56:00 PM","No Pedestrians Involved","Dry","No Unusual Conditions","Daylight","Violation Driver 1","Controls Functioning","Clear","Rear End","Non-Related","Other Vehicle","Not Applicable","Not Applicable","South Of","PD"
"688857","CR-0000094713","0","0","1","0","22-275-0540","False","False","75","10/2/2022 3:55:00 PM","No Pedestrians Involved","Dry","No Unusual Conditions","Daylight","Violation Driver 1","No Controls Present/Factor","Clear","Head On","Non-Related","Parked Vehicle","Not Applicable","Not Applicable","South Of",""
"688858","CR-0000094714","0","0","0","0","22-275-0807","False","False","","10/2/2022 8:30:00 PM","No Pedestrians Involved","Dry","No Unusual Conditions","Dark - Street Light","Violation Driver 1","Controls Functioning","Clear","Sideswipe","Related","Other Vehicle","Not Applicable","Not Applicable","East Of",""
"688859","CR-0000094715","0","0","0","0","22-276-0032","True","False","0","10/3/2022 12:46:00 AM","No Pedestrians Involved","Dry","No Unusual Conditions","Dark - Street Light","Violation Driver 1","Controls Functioning","Clear","Head On","Intersection","Other Vehicle","Not Applicable","Not Applicable","At","PED POLE"
"688860","CR-0000094716","0","0","0","1","22-348-0049","True","False","382","12/14/2022 1:59:00 AM","No Pedestrians Involved","Dry","No Unusual Conditions","Dark - Street Light","Violation Driver 1","No Controls Present/Factor","Clear","Hit Object","Non-Related","Fixed Object","Not Applicable","Not Applicable","South Of","TREE"
"688861","CR-0000094717","2","1","0","1","22-344-0938","False","False","0","12/10/2022 11:46:00 PM","No Pedestrians Involved","Wet","No Unusual Conditions","Dark - Street Light","Violation Driver 1","Controls Functioning","Rain","Hit Object","Intersection","Fixed Object","Not Applicable","Not Applicable","At","Curb, Billboard Pole"
"688862","CR-0000094718","0","0","0","1","22-347-0140","False","False","0","12/13/2022 6:15:00 AM","No Pedestrians Involved","Dry","No Unusual Conditions","Dark - Street Light","Unknown","Controls Functioning","Clear","Broadside","Intersection","Other Vehicle","Not Applicable","Not Applicable","At",""
"688863","CR-0000094719","0","0","0","0","22-223-4006","False","True","51","7/8/2022 12:00:00 PM","No Pedestrians Involved","Unknown","Unknown","Daylight","Unknown","Unknown","Unknown","Sideswipe","Non-Related","Parked Vehicle","Not Applicable","Not Applicable","North Of",""
"688864","CR-0000094720","0","0","0","0","22-223-4007","False","True","0","7/28/2022 1:36:00 PM","No Pedestrians Involved","Unknown","Unknown","Daylight","Unknown","Unknown","Unknown","Broadside","Intersection","Other Vehicle","Not Applicable","Not Applicable","At",""
"688865","CR-0000094721","0","0","0","0","22-220-4005","False","True","51","8/6/2022 4:23:00 PM","No Pedestrians Involved","Unknown","Unknown","Daylight","Unknown","Unknown","Unknown","Hit Object","Non-Related","Fixed Object","Not Applicable","Not Applicable","North Of",""
"688866","CR-0000094722","0","0","0","0","22-220-4004","False","True","0","8/8/2022 2:38:00 PM","No Pedestrians Involved","Unknown","Unknown","Daylight","Unknown","Unknown","Unknown","Rear End","Intersection","Other Vehicle","Not Applicable","Not Applicable","At",""
"688867","CR-0000094723","0","0","0","0","22-267-4003","False","True","51","9/24/2022 7:35:00 PM","No Pedestrians Involved","Unknown","Unknown","Unknown","Unknown","Unknown","Unknown","Rear End","Non-Related","Other Vehicle","Not Applicable","Not Applicable","Unknown",""
"688868","CR-0000094724","0","0","0","0","22-268-4000","False","True","51","9/24/2022 10:58:00 AM","No Pedestrians Involved","Unknown","Unknown","Daylight","Unknown","Unknown","Unknown","Sideswipe","Non-Related","Other Vehicle","Not Applicable","Not Applicable","North Of",""
"688869","CR-0000094725","0","0","0","0","22-266-4000","False","True","51","9/23/2022 8:55:00 AM","No Pedestrians Involved","Unknown","Unknown","Daylight","Unknown","Unknown","Unknown","Other","Non-Related","Other Vehicle","Not Applicable","Not Applicable","North Of",""
"688870","CR-0000094726","0","0","0","0","22-267-9701","False","True","0","9/23/2022 3:30:00 PM","No Pedestrians Involved","Dry","No Unusual Conditions","Daylight","Unknown","No Controls Present/Factor","Clear","Rear End","Intersection","Other Vehicle","Not Applicable","Not Applicable","At",""
"688871","CR-0000094727","0","0","0","0","22-269-9704","False","True","20","9/23/2022 2:50:00 PM","No Pedestrians Involved","Dry","No Unusual Conditions","Daylight","Violation Driver 1","No Controls Present/Factor","Clear","Sideswipe","Related","Other Vehicle","Not Applicable","Not Applicable","East Of",""
"688872","CR-0000094728","0","0","0","0","22-275-0851","False","False","385","10/2/2022 10:20:00 PM","No Pedestrians Involved","Dry","No Unusual Conditions","Dark - Street Light","Violation Driver 1","No Controls Present/Factor","Clear","Broadside","Non-Related","Parked Vehicle","Not Applicable","Not Applicable","South Of",""
"688873","CR-0000094729","0","1","0","0","22-275-0589","False","False","0","10/2/2022 4:59:00 PM","No Pedestrians Involved","Dry","No Unusual Conditions","Daylight","Violation Driver 1","No Controls Present/Factor","Clear","Head On","Intersection","Other Vehicle","Not Applicable","Not Applicable","At",""
"688874","CR-0000094730","0","1","0","0","22-276-0186","False","False","0","10/3/2022 6:55:00 AM","Crossing - Not In Crosswalk","Dry","No Unusual Conditions","Daylight","Violation Driver 1","No Controls Present/Factor","Clear","Vehicle/Bike","Intersection","Bike","West","North","At","BIKE"
"688875","CR-0000094731","0","0","1","0","22-276-0491","False","False","203","10/3/2022 1:20:00 PM","No Pedestrians Involved","Dry","No Unusual Conditions","Daylight","Violation Driver 1","No Controls Present/Factor","Clear","Rear End","Non-Related","Other Vehicle","Not Applicable","Not Applicable","North Of",""
"688876","CR-0000094732","1","0","0","0","22-276-0758","False","False","30","10/3/2022 5:52:00 PM","In Road - Includes Shoulder","Dry","No Unusual Conditions","Daylight","Violation Driver 1","Unknown","Clear","Vehicle/Pedestrian","Related","Pedestrian","North","South","South Of","PEDESTRIAN"
"688877","CR-0000094733","0","1","0","0","22-277-0684","False","False","299","10/4/2022 4:48:00 PM","No Pedestrians Involved","Dry","No Unusual Conditions","Daylight","Violation Driver 1","Controls Functioning","Clear","Broadside","Non-Related","Other Vehicle","Not Applicable","Not Applicable","West Of",""
"688878","CR-0000094734","1","0","0","0","22-277-0603","False","False","50","10/4/2022 3:21:00 PM","No Pedestrians Involved","Dry","No Unusual Conditions","Daylight","Violation Driver 1","Controls Functioning","Clear","Rear End","Related","Other Vehicle","Not Applicable","Not Applicable","West Of",""
"688879","CR-0000094735","2","0","0","0","22-277-0628","False","False","85","10/4/2022 3:46:00 PM","No Pedestrians Involved","Dry","No Unusual Conditions","Daylight","Violation Driver 1","Controls Functioning","Clear","Rear End","Non-Related","Other Vehicle","Not Applicable","Not Applicable","North Of",""
"688880","CR-0000094736","0","0","0","0","22-277-0822","False","False","87","10/4/2022 7:06:00 PM","Not In Road","Dry","No Unusual Conditions","Dark - Street Light","Violation Driver 1","Controls Functioning","Clear","Vehicle/Pedestrian","Non-Related","Pedestrian","North","South","South Of","PEDESTRIAN"
"688881","CR-0000094739","1","0","0","0","22-227-0325","True","False","0","10/3/2022 10:10:00 AM","No Pedestrians Involved","Dry","No Unusual Conditions","Daylight","Violation Driver 1","Controls Functioning","Clear","Hit Object","Intersection","Fixed Object","Not Applicable","Not Applicable","At","Crossing Button"
"688882","CR-0000094740","1","1","0","0","22-227-0174","False","False","0","10/4/2022 7:30:00 AM","No Pedestrians Involved","Dry","No Unusual Conditions","Daylight","Violation Driver 1","Controls Functioning","Cloudy","Broadside","Intersection","Other Vehicle","Not Applicable","Not Applicable","At",""
"688883","CR-0000094742","1","0","0","0","22-278-0845","False","False","0","10/5/2022 5:35:00 PM","No Pedestrians Involved","Dry","No Unusual Conditions","Dark - Street Light","Violation Driver 1","Controls Functioning","Clear","Broadside","Intersection","Other Vehicle","Not Applicable","Not Applicable","At",""
"688884","CR-0000094741","0","1","0","0","22-276-0537","False","False","0","10/3/2022 2:00:00 PM","No Pedestrians Involved","Dry","No Unusual Conditions","Daylight","Bike At Fault","Controls Functioning","Clear","Vehicle/Bike","Intersection","Bike","Not Applicable","Not Applicable","At","BIKE"
"688885","CR-0000094743","0","1","0","0","22-278-0781","False","False","0","10/5/2022 6:28:00 PM","No Pedestrians Involved","Dry","No Unusual Conditions","Daylight","Violation Driver 1","Controls Functioning","Clear","Broadside","Intersection","Other Vehicle","Not Applicable","Not Applicable","At",""
"688886","CR-0000094746","1","0","0","0","22-282-0369","False","False","","10/3/2022 3:00:00 PM","No Pedestrians Involved","Dry","No Unusual Conditions","Daylight","Violation Driver 1","Controls Functioning","Other","Rear End","Related","Other Vehicle","Not Applicable","Not Applicable","North Of",""
"688887","CR-0000094745","1","0","0","0","22-278-0925","False","False","0","10/5/2022 9:30:00 PM","No Pedestrians Involved","Dry","No Unusual Conditions","Dark - Street Light","Violation Driver 2","Unknown","Clear","Rear End","Intersection","Other Vehicle","Not Applicable","Not Applicable","At",""
"688888","CR-0000094748","0","0","1","0","22-276-0661","False","False","0","10/3/2022 4:36:00 PM","No Pedestrians Involved","Dry","No Unusual Conditions","Daylight","Bike At Fault","No Controls Present/Factor","Clear","Vehicle/Bike","Intersection","Bike","Not Applicable","Not Applicable","At","BIKE"
"688889","CR-0000094744","0","0","0","0","22-282-0624","False","False","51","10/9/2022 2:30:00 AM","No Pedestrians Involved","Dry","No Unusual Conditions","Dark - Street Light","Violation Driver 1","No Controls Present/Factor","Clear","Rear End","Non-Related","Parked Vehicle","Not Applicable","Not Applicable","West Of",""
"688890","CR-0000094747","2","0","0","0","22-278-0764","False","False","43","10/5/2022 5:46:00 PM","No Pedestrians Involved","Dry","No Unusual Conditions","Daylight","Violation Driver 1","No Controls Present/Factor","Clear","Broadside","Related","Other Vehicle","Not Applicable","Not Applicable","North Of",""
"688891","CR-0000094749","0","0","0","0","22-276-0744","False","False","56","10/3/2022 5:34:00 PM","No Pedestrians Involved","Dry","No Unusual Conditions","Daylight","Violation Driver 1","No Controls Present/Factor","Clear","Broadside","Non-Related","Parked Vehicle","Not Applicable","Not Applicable","West Of",""
"688892","CR-0000094750","2","0","0","0","22-278-0557","False","False","0","10/5/2022 2:31:00 PM","No Pedestrians Involved","Dry","No Unusual Conditions","Daylight","Violation Driver 1","Controls Functioning","Clear","Broadside","Intersection","Other Vehicle","Not Applicable","Not Applicable","At",""
"688893","CR-0000094751","1","0","0","0","22-276-0922","False","False","0","10/3/2022 9:30:00 PM","No Pedestrians Involved","Dry","No Unusual Conditions","Dark - Street Light","Violation Driver 1","Controls Functioning","Clear","Vehicle/Bike","Intersection","Bike","Not Applicable","Not Applicable","At","BIKE"
"688894","CR-0000094752","0","1","0","0","22-278-0897","False","False","52","10/5/2022 8:37:00 PM","Crossing - Not In Crosswalk","Dry","No Unusual Conditions","Dark - No Street Light","Violation Driver 1","No Controls Present/Factor","Clear","Vehicle/Pedestrian","Non-Related","Pedestrian","West","East","North Of","PEDESTRIAN"
"688895","CR-0000094754","0","0","0","0","22-276-0961","True","False","39","10/3/2022 10:17:00 PM","No Pedestrians Involved","Dry","No Unusual Conditions","Dark - Street Light","Violation Driver 1","Controls Functioning","Clear","Sideswipe","Related","Parked Vehicle","Not Applicable","Not Applicable","East Of","TRAFFIC SIGNAL"
"688896","CR-0000094755","0","1","0","0","22-278-0754","False","False","0","10/5/2022 5:39:00 PM","Crossing In Crosswalk - At Intersection","Dry","No Unusual Conditions","Daylight","Violation Driver 1","No Controls Present/Factor","Clear","Vehicle/Pedestrian","Intersection","Pedestrian","West","East","At",""
"688897","CR-0000094757","0","0","0","0","22-276-1016","False","False","36","10/3/2022 11:40:00 PM","No Pedestrians Involved","Dry","No Unusual Conditions","Dark - Street Light","Violation Driver 1","Controls Functioning","Clear","Rear End","Related","Parked Vehicle","Not Applicable","Not Applicable","East Of",""
"688898","CR-0000094756","2","0","0","0","22-278-0560","False","False","0","10/5/2022 2:32:00 PM","No Pedestrians Involved","Dry","No Unusual Conditions","Daylight","Violation Driver 1","Unknown","Clear","Broadside","Intersection","Other Vehicle","Not Applicable","Not Applicable","At",""
"688899","CR-0000094758","0","0","0","0","22-277-0336","True","False","0","10/4/2022 10:00:00 AM","No Pedestrians Involved","Dry","No Unusual Conditions","Daylight","Violation Driver 1","Controls Functioning","Cloudy","Hit Object","Intersection","Fixed Object","Not Applicable","Not Applicable","At","TRAFFIC LIGHT"
"688900","CR-0000094759","1","0","0","0","22-278-0539","False","False","0","10/5/2022 2:10:00 PM","No Pedestrians Involved","Dry","No Unusual Conditions","Daylight","Violation Driver 1","Controls Functioning","Clear","Broadside","Intersection","Other Vehicle","Not Applicable","Not Applicable","At",""
"688901","CR-0000094760","0","0","0","0","22-277-0898","False","False","110","10/4/2022 8:19:00 PM","No Pedestrians Involved","Dry","No Unusual Conditions","Dark - Street Light","Violation Driver 1","No Controls Present/Factor","Clear","Rear End","Non-Related","Parked Vehicle","Not Applicable","Not Applicable","North Of",""
"688902","CR-0000094761","0","0","0","0","22-277-0915","False","False","0","10/4/2022 8:35:00 PM","No Pedestrians Involved","Dry","No Unusual Conditions","Dark - Street Light","Violation Driver 1","Controls Functioning","Clear","Sideswipe","Intersection","Train","Not Applicable","Not Applicable","At",""
"688903","CR-0000094762","2","0","0","0","22-279-0034","False","False","126","10/6/2022 1:00:00 AM","No Pedestrians Involved","Dry","No Unusual Conditions","Dark - Street Light","Violation Driver 1","Controls Functioning","Clear","Rear End","Non-Related","Other Vehicle","Not Applicable","Not Applicable","East Of",""
"688904","CR-0000094764","0","0","0","0","22-279-0203","False","False","0","10/6/2022 8:12:00 AM","No Pedestrians Involved","Dry","No Unusual Conditions","Daylight","Violation Driver 1","No Controls Present/Factor","Clear","Hit Object","Intersection","Fixed Object","Not Applicable","Not Applicable","At",""
"688905","CR-0000094763","0","0","0","0","22-277-1032","False","False","485","10/4/2022 11:30:00 PM","No Pedestrians Involved","Dry","No Unusual Conditions","Dark - Street Light","Violation Driver 1","No Controls Present/Factor","Clear","Sideswipe","Non-Related","Parked Vehicle","Not Applicable","Not Applicable","South Of",""
"688906","CR-0000094767","0","0","0","0","22-278-0144","False","False","30","10/5/2022 6:51:00 AM","No Pedestrians Involved","Dry","No Unusual Conditions","Daylight","Violation Driver 1","Controls Functioning","Clear","Rear End","Related","Other Vehicle","Not Applicable","Not Applicable","West Of",""
"688907","CR-0000094766","1","0","0","0","22-280-1196","False","False","123","10/7/2022 11:46:00 PM","No Pedestrians Involved","Dry","No Unusual Conditions","Dark - Street Light","Violation Driver 1","No Controls Present/Factor","Clear","Sideswipe","Non-Related","Parked Vehicle","Not Applicable","Not Applicable","West Of",""
"688908","CR-0000094768","1","0","0","0","22-278-0393","False","False","308","10/5/2022 11:43:00 AM","No Pedestrians Involved","Dry","No Unusual Conditions","Daylight","Violation Driver 1","No Controls Present/Factor","Clear","Broadside","Non-Related","Other Vehicle","Not Applicable","Not Applicable","North Of",""
"688909","CR-0000094769","0","0","0","0","22-278-1030","False","False","51","10/5/2022 11:41:00 PM","No Pedestrians Involved","Dry","No Unusual Conditions","Dark - No Street Light","Unknown","No Controls Present/Factor","Clear","Hit Object","Non-Related","Fixed Object","Not Applicable","Not Applicable","East Of","GUY-WIRE"
"688910","CR-0000094770","0","1","0","0","22-280-0372","False","False","527","10/7/2022 10:58:00 AM","Not In Road","Dry","No Unusual Conditions","Daylight","Violation Driver 1","No Controls Present/Factor","Clear","Head On","Non-Related","Pedestrian","North","South","South Of","PEDESTRIAN"
"688911","CR-0000094773","0","0","0","0","22-279-0189","False","False","","10/6/2022 7:57:00 AM","No Pedestrians Involved","Dry","No Unusual Conditions","Daylight","Violation Driver 1","Controls Functioning","Clear","Sideswipe","Related","Other Vehicle","Not Applicable","Not Applicable","North Of",""
"688912","CR-0000094772","2","0","0","0","22-280-0676","False","False","0","10/7/2022 4:17:00 PM","No Pedestrians Involved","Dry","No Unusual Conditions","Daylight","Violation Driver 1","No Controls Present/Factor","Clear","Broadside","Intersection","Other Vehicle","Not Applicable","Not Applicable","At",""
"688913","CR-0000094774","0","0","0","0","22-279-0200","False","False","350","10/6/2022 8:00:00 AM","No Pedestrians Involved","Dry","No Unusual Conditions","Daylight","Violation Driver 1","No Controls Present/Factor","Cloudy","Sideswipe","Non-Related","Other Vehicle","Not Applicable","Not Applicable","West Of",""
"688914","CR-0000094776","1","0","1","0","22-279-0491","False","False","698","10/6/2022 1:22:00 PM","No Pedestrians Involved","Dry","No Unusual Conditions","Daylight","Violation Driver 1","No Controls Present/Factor","Clear","Sideswipe","Non-Related","Motorcycle","Not Applicable","Not Applicable","South Of",""
"688915","CR-0000094777","0","0","0","0","22-279-0463","False","False","0","10/6/2022 1:45:00 PM","No Pedestrians Involved","Dry","No Unusual Conditions","Daylight","Violation Driver 1","Controls Functioning","Clear","Rear End","Intersection","Other Vehicle","Not Applicable","Not Applicable","At",""
"688916","CR-0000094778","0","0","0","0","22-279-0959","False","False","0","10/6/2022 8:52:00 PM","No Pedestrians Involved","Dry","No Unusual Conditions","Dark - Street Light","Violation Driver 1","Controls Functioning","Clear","Rear End","Intersection","Other Vehicle","Not Applicable","Not Applicable","At",""
"688917","CR-0000094775","1","0","0","0","22-280-0573","False","False","0","10/7/2022 2:30:00 PM","No Pedestrians Involved","Dry","No Unusual Conditions","Daylight","Violation Driver 1","No Controls Present/Factor","Clear","Broadside","Intersection","Other Vehicle","Not Applicable","Not Applicable","At",""
"688918","CR-0000094753","0","0","1","0","22-282-0146","True","False","80","10/9/2022 2:41:00 AM","No Pedestrians Involved","Dry","No Unusual Conditions","Dark - Street Light","Violation Driver 1","Controls Functioning","Clear","Hit Object","Non-Related","Fixed Object","Not Applicable","Not Applicable","East Of","TREE"
"688919","CR-0000094765","0","0","0","0","22-282-0226","True","False","","10/9/2022 6:29:00 AM","No Pedestrians Involved","Dry","No Unusual Conditions","Dark - Street Light","Violation Driver 1","Controls Functioning","Clear","Sideswipe","Related","Fixed Object","Not Applicable","Not Applicable","East Of",""
"688920","CR-0000094771","0","0","0","0","22-282-0337","True","False","454","10/9/2022 10:58:00 AM","No Pedestrians Involved","Dry","No Unusual Conditions","Dark - Street Light","Violation Driver 1","No Controls Present/Factor","Clear","Hit Object","Non-Related","Fixed Object","Not Applicable","Not Applicable","East Of",""