"CrashFactId","Name","MinorInjuries","ModerateInjuries","SevereInjuries","FatalInjuries","TcrNumber","CityDamageFlag","ShortFormFlag","Distance","CrashDateTime","PedestrianAction","RoadwaySurface","RoadwayCondition","Lighting","PrimaryCollisionFactor","TrafficControl","Weather","CollisionType","ProximityToIntersection","VehicleInvolvedWith","PedestrianDirectionFrom","PedestrianDirectionTo","DirectionFromIntersection","Comment"
"688921","CR-0000094780","1","0","0","0","22-279-1060","False","False","0","10/6/2022 11:20:00 PM","No Pedestrians Involved","Dry","No Unusual Conditions","Dark - Street Light","Violation Driver 1","Controls Functioning","Clear","Head On","Intersection","Other Vehicle","Not Applicable","Not Applicable","At",""
"688922","CR-0000094781","2","0","0","0","22-280-0184","True","False","0","10/7/2022 6:54:00 AM","No Pedestrians Involved","Dry","No Unusual Conditions","Daylight","Violation Driver 1","Controls Functioning","Clear","Broadside","Intersection","Fixed Object","Not Applicable","Not Applicable","At","CITY VEHICLE"
"688923","CR-0000094782","0","0","0","0","22-280-0155","False","False","160","10/7/2022 6:35:00 AM","No Pedestrians Involved","Dry","No Unusual Conditions","Dark - No Street Light","Unknown","No Controls Present/Factor","Clear","Rear End","Non-Related","Parked Vehicle","Not Applicable","Not Applicable","South Of",""
"688924","CR-0000094783","0","1","0","0","22-280-0716","True","False","395","10/7/2022 4:47:00 PM","No Pedestrians Involved","Dry","No Unusual Conditions","Daylight","Violation Driver 1","Controls Functioning","Clear","Hit Object","Non-Related","Fixed Object","Not Applicable","Not Applicable","East Of","FENCE/TREE"
"688925","CR-0000094784","0","0","0","0","22-281-0530","False","False","53","10/7/2022 1:48:00 PM","No Pedestrians Involved","Dry","No Unusual Conditions","Daylight","Violation Driver 1","No Controls Present/Factor","Clear","Rear End","Non-Related","Parked Vehicle","Not Applicable","Not Applicable","South Of",""
"688926","CR-0000094785","0","1","0","0","22-280-0182","False","False","550","10/7/2022 7:00:00 AM","No Pedestrians Involved","Dry","No Unusual Conditions","Dusk - Dawn","Violation Driver 1","No Controls Present/Factor","Cloudy","Broadside","Non-Related","Other Vehicle","Not Applicable","Not Applicable","North Of",""
"688927","CR-0000094779","1","0","0","0","22-282-0586","False","False","430","10/9/2022 4:16:00 PM","No Pedestrians Involved","Dry","No Unusual Conditions","Daylight","Bike At Fault","Controls Functioning","Clear","Vehicle/Bike","Non-Related","Bike","Not Applicable","Not Applicable","North Of","BIKE"
"688928","CR-0000094787","0","0","0","0","22-280-1154","True","False","0","10/7/2022 11:00:00 PM","No Pedestrians Involved","Dry","No Unusual Conditions","Dark - Street Light","Violation Driver 1","No Controls Present/Factor","Clear","Head On","Intersection","Fixed Object","Not Applicable","Not Applicable","At","LIGHT POLE"
"688929","CR-0000094786","2","1","2","0","22-280-0752","False","False","500","10/7/2022 5:22:00 PM","No Pedestrians Involved","Dry","No Unusual Conditions","Daylight","Violation Driver 1","Controls Functioning","Clear","Rear End","Non-Related","Other Vehicle","Not Applicable","Not Applicable","South Of",""
"688930","CR-0000094788","1","0","0","0","22-280-0253","False","False","0","10/7/2022 8:38:00 AM","No Pedestrians Involved","Dry","No Unusual Conditions","Daylight","Violation Driver 1","Controls Functioning","Clear","Sideswipe","Intersection","Other Vehicle","Not Applicable","Not Applicable","West Of",""
"688931","CR-0000094790","1","0","0","0","22-280-0820","False","False","51","10/7/2022 6:08:00 PM","No Pedestrians Involved","Dry","No Unusual Conditions","Daylight","Violation Driver 1","Controls Functioning","Clear","Broadside","Non-Related","Other Vehicle","Not Applicable","Not Applicable","East Of",""
"688932","CR-0000094789","0","0","0","0","22-282-0679","False","False","0","10/9/2022 5:51:00 PM","No Pedestrians Involved","Unknown","No Unusual Conditions","Daylight","Violation Driver 1","No Controls Present/Factor","Clear","Broadside","Intersection","Other Vehicle","Not Applicable","Not Applicable","At",""
"688933","CR-0000094791","1","0","0","0","22-281-0855","False","False","0","10/8/2022 9:22:00 PM","No Pedestrians Involved","Dry","No Unusual Conditions","Dark - Street Light","Violation Driver 1","Controls Functioning","Clear","Rear End","Intersection","Other Vehicle","Not Applicable","Not Applicable","At",""
"688934","CR-0000094792","1","0","0","0","22-280-9701","False","True","0","10/7/2022 8:00:00 AM","No Pedestrians Involved","Dry","No Unusual Conditions","Daylight","Unknown","Controls Functioning","Cloudy","Rear End","Intersection","Other Vehicle","Not Applicable","Not Applicable","At",""
"688935","CR-0000094793","0","0","1","0","22-801-1192","True","False","266","10/7/2022 11:40:00 PM","No Pedestrians Involved","Dry","No Unusual Conditions","Dark - No Street Light","Violation Driver 1","Controls Functioning","Clear","Hit Object","Non-Related","Fixed Object","Not Applicable","Not Applicable","North Of","TREE"
"688936","CR-0000094794","0","0","0","0","22-281-0399","False","False","241","10/8/2022 12:24:00 PM","No Pedestrians Involved","Dry","No Unusual Conditions","Daylight","Violation Driver 1","Controls Functioning","Clear","Sideswipe","Non-Related","Parked Vehicle","Not Applicable","Not Applicable","South Of",""
"688937","CR-0000094795","0","0","0","0","22-255-4002","False","True","51","9/9/2022 5:35:00 AM","No Pedestrians Involved","Unknown","Unknown","Unknown","Unknown","Unknown","Unknown","Rear End","Non-Related","Parked Vehicle","Not Applicable","Not Applicable","North Of",""
"688939","CR-0000094797","0","0","0","0","22-267-0581","False","True","0","9/24/2022 3:20:00 PM","No Pedestrians Involved","Unknown","Unknown","Unknown","Unknown","Unknown","Unknown","Broadside","Intersection","Other Vehicle","Not Applicable","Not Applicable","At",""
"688940","CR-0000094798","0","0","0","0","22-255-4000","False","True","51","9/10/2022 3:45:00 AM","No Pedestrians Involved","Unknown","Unknown","Unknown","Unknown","Unknown","Unknown","Sideswipe","Non-Related","Other Vehicle","Not Applicable","Not Applicable","North Of",""
"688941","CR-0000094799","0","0","0","0","22-281-0440","False","False","121","10/8/2022 8:00:00 AM","No Pedestrians Involved","Dry","No Unusual Conditions","Dusk - Dawn","Violation Driver 1","No Controls Present/Factor","Clear","Sideswipe","Non-Related","Parked Vehicle","Not Applicable","Not Applicable","North Of",""
"688942","CR-0000094800","0","2","0","0","22-281-0372","False","False","418","10/8/2022 11:57:00 AM","No Pedestrians Involved","Dry","No Unusual Conditions","Daylight","Violation Driver 1","Controls Functioning","Clear","Rear End","Non-Related","Other Vehicle","Not Applicable","Not Applicable","South Of",""
"688943","CR-0000094801","0","1","0","0","22-281-0389","False","False","42","10/8/2022 12:19:00 PM","No Pedestrians Involved","Dry","No Unusual Conditions","Daylight","Violation Driver 1","Controls Functioning","Clear","Broadside","Related","Other Vehicle","Not Applicable","Not Applicable","North Of",""
"688944","CR-0000094802","0","1","0","0","22-282-0122","False","False","125","11/9/2022 2:03:00 AM","No Pedestrians Involved","Dry","No Unusual Conditions","Dark - Street Light","Violation Driver 1","No Controls Present/Factor","Clear","Hit Object","Non-Related","Fixed Object","Not Applicable","Not Applicable","East Of",""
"688945","CR-0000094803","2","0","0","0","22-282-0535","False","False","0","10/9/2022 4:34:00 PM","No Pedestrians Involved","Dry","No Unusual Conditions","Daylight","Violation Driver 1","Controls Functioning","Clear","Broadside","Intersection","Other Vehicle","Not Applicable","Not Applicable","At",""
"688946","CR-0000094805","1","0","0","0","22-283-0619","False","False","20","10/10/2022 3:45:00 PM","No Pedestrians Involved","Dry","No Unusual Conditions","Daylight","Violation Driver 1","Controls Functioning","Clear","Rear End","Related","Other Vehicle","Not Applicable","Not Applicable","South Of",""
"688947","CR-0000094806","1","0","0","0","22-283-0233","False","False","0","10/10/2022 8:22:00 AM","No Pedestrians Involved","Dry","No Unusual Conditions","Daylight","Violation Driver 1","Controls Functioning","Clear","Head On","Intersection","Motor Vehicle On Other Roadway","Not Applicable","Not Applicable","At",""
"688948","CR-0000094807","1","0","0","0","22-284-0311","False","False","0","10/11/2022 9:56:00 AM","No Pedestrians Involved","Dry","No Unusual Conditions","Daylight","Violation Driver 2","No Controls Present/Factor","Clear","Broadside","Intersection","Other Vehicle","Not Applicable","Not Applicable","At",""
"688949","CR-0000094808","2","0","0","0","22-285-0625","False","False","0","10/12/2022 4:06:00 PM","No Pedestrians Involved","Dry","No Unusual Conditions","Daylight","Violation Driver 1","No Controls Present/Factor","Clear","Rear End","Intersection","Other Vehicle","Not Applicable","Not Applicable","At",""
"688950","CR-0000094809","0","1","0","0","22-286-0457","False","False","93","10/13/2022 1:24:00 PM","No Pedestrians Involved","Dry","No Unusual Conditions","Daylight","Violation Driver 1","No Controls Present/Factor","Clear","Broadside","Non-Related","Other Vehicle","Not Applicable","Not Applicable","South Of","BICYCLIST"
"688951","CR-0000094804","0","1","0","0","22-282-0415","False","False","135","10/9/2022 11:55:00 AM","No Pedestrians Involved","Dry","No Unusual Conditions","Daylight","Violation Driver 1","No Controls Present/Factor","Clear","Vehicle/Pedestrian","Non-Related","Bike","Not Applicable","Not Applicable","At","BICYCLIST"
"688952","CR-0000094810","0","0","0","0","22-254-4001","False","True","51","9/10/2022 8:45:00 PM","No Pedestrians Involved","Unknown","Unknown","Unknown","Unknown","Unknown","Unknown","Rear End","Non-Related","Other Vehicle","Not Applicable","Not Applicable","North Of",""
"688953","CR-0000094811","0","0","0","0","22-255-4001","False","True","51","9/10/2022 7:00:00 PM","No Pedestrians Involved","Unknown","Unknown","Unknown","Unknown","Unknown","Unknown","Rear End","Non-Related","Parked Vehicle","Not Applicable","Not Applicable","West Of",""
"688954","CR-0000094812","0","0","0","0","22-253-4002","False","True","51","9/10/2022 10:40:00 AM","No Pedestrians Involved","Unknown","Unknown","Daylight","Unknown","Unknown","Unknown","Other","Non-Related","Other Vehicle","Not Applicable","Not Applicable","South Of",""
"688955","CR-0000094813","0","0","0","0","22-258-4002","False","True","51","9/10/2022 8:00:00 PM","No Pedestrians Involved","Unknown","Unknown","Unknown","Unknown","Unknown","Unknown","Sideswipe","Non-Related","Other Vehicle","Not Applicable","Not Applicable","West Of",""
"688956","CR-0000094814","0","0","0","0","22-254-4002","False","True","0","9/11/2022 11:30:00 AM","No Pedestrians Involved","Unknown","Unknown","Daylight","Unknown","Unknown","Unknown","Rear End","Intersection","Other Vehicle","Not Applicable","Not Applicable","At",""
"688957","CR-0000094815","0","0","0","0","22-248-4004","False","True","0","9/5/2022 2:35:00 PM","No Pedestrians Involved","Unknown","Unknown","Daylight","Unknown","Unknown","Unknown","Broadside","Intersection","Other Vehicle","Not Applicable","Not Applicable","At",""
"688958","CR-0000094816","0","0","0","0","22-253-4001","False","True","51","9/9/2022 10:23:00 PM","No Pedestrians Involved","Unknown","Unknown","Unknown","Unknown","Unknown","Unknown","Other","Non-Related","Parked Vehicle","Not Applicable","Not Applicable","East Of",""
"688959","CR-0000094817","0","0","0","0","22-248-4005","False","True","0","9/5/2022 12:45:00 PM","No Pedestrians Involved","Unknown","Unknown","Daylight","Unknown","Unknown","Unknown","Sideswipe","Intersection","Other Vehicle","Not Applicable","Not Applicable","At",""
"688960","CR-0000094818","0","0","0","0","22-249-4002","False","True","51","9/6/2022 4:50:00 PM","No Pedestrians Involved","Unknown","Unknown","Daylight","Unknown","Unknown","Unknown","Other","Non-Related","Unknown","Not Applicable","Not Applicable","North Of",""
"688961","CR-0000094820","0","0","0","0","22-287-0801","False","False","36","10/14/2022 6:16:00 PM","In Road - Includes Shoulder","Dry","No Unusual Conditions","Dusk - Dawn","Violation Driver 1","Controls Functioning","Clear","Vehicle/Bike","Related","Bike","Not Applicable","Not Applicable","East Of","BICYCLIST"
"688962","CR-0000094822","0","1","0","0","22-287-0725","False","False","0","10/14/2022 5:16:00 PM","No Pedestrians Involved","Dry","No Unusual Conditions","Daylight","Violation Driver 1","Controls Functioning","Clear","Rear End","Intersection","Other Vehicle","Not Applicable","Not Applicable","At","MOTORCYCLE"
"688963","CR-0000094823","0","1","0","0","22-287-0621","True","False","0","10/14/2022 3:55:00 PM","No Pedestrians Involved","Dry","No Unusual Conditions","Daylight","Violation Driver 1","Controls Functioning","Clear","Sideswipe","Intersection","Other Vehicle","Not Applicable","Not Applicable","At","LIGHT POLE, FENCE"
"688964","CR-0000094824","0","1","0","0","22-287-0500","False","False","151","10/14/2022 1:51:00 PM","No Pedestrians Involved","Dry","Construction - Repair Zone","Daylight","Violation Driver 1","No Controls Present/Factor","Clear","Sideswipe","Non-Related","Other Vehicle","Not Applicable","Not Applicable","West Of",""
"688965","CR-0000094825","0","0","0","0","22-287-0247","False","False","0","10/14/2022 9:00:00 AM","No Pedestrians Involved","Dry","No Unusual Conditions","Daylight","Violation Driver 1","No Controls Present/Factor","Clear","Rear End","Intersection","Other Vehicle","Not Applicable","Not Applicable","At",""
"688966","CR-0000094827","1","0","0","0","22-288-0289","False","False","0","10/15/2022 9:15:00 AM","No Pedestrians Involved","Dry","No Unusual Conditions","Daylight","Violation Driver 1","Controls Functioning","Clear","Broadside","Intersection","Other Vehicle","Not Applicable","Not Applicable","At",""
"688967","CR-0000094826","0","0","1","0","22-287-0812","False","False","0","10/14/2022 6:27:00 PM","No Pedestrians Involved","Dry","No Unusual Conditions","Daylight","Violation Driver 1","Controls Functioning","Clear","Rear End","Intersection","Other Vehicle","Not Applicable","Not Applicable","At","MOTORCYCLE"
"688968","CR-0000094828","0","0","0","0","22-290-0475","False","False","0","10/17/2022 1:00:00 PM","No Pedestrians Involved","Dry","No Unusual Conditions","Daylight","Violation Driver 1","No Controls Present/Factor","Clear","Rear End","Intersection","Other Vehicle","Not Applicable","Not Applicable","At",""
"688969","CR-0000094829","1","0","0","0","22-292-0837","False","False","0","10/19/2022 7:54:00 PM","No Pedestrians Involved","Dry","No Unusual Conditions","Dark - Street Light","Violation Driver 1","Controls Functioning","Clear","Rear End","Intersection","Other Vehicle","Not Applicable","Not Applicable","At",""
"688970","CR-0000094830","2","0","0","0","22-292-0660","False","False","254","10/19/2022 4:48:00 PM","No Pedestrians Involved","Dry","No Unusual Conditions","Dark - Street Light","Violation Driver 1","No Controls Present/Factor","Clear","Broadside","Non-Related","Other Vehicle","Not Applicable","Not Applicable","East Of",""
"688971","CR-0000094821","0","1","0","0","22-287-0881","False","False","60","10/14/2022 7:25:00 PM","Crossing - Not In Crosswalk","Dry","No Unusual Conditions","Dark - No Street Light","Violation Driver 1","Controls Functioning","Clear","Vehicle/Pedestrian","Non-Related","Pedestrian","East","West","North Of","PEDESTRIAN TRANSIENT"
"688972","CR-0000094831","0","0","0","0","22-301-4002","False","True","0","10/15/2022 12:35:00 PM","No Pedestrians Involved","Unknown","Unknown","Unknown","Unknown","Unknown","Unknown","Sideswipe","Intersection","Other Vehicle","Not Applicable","Not Applicable","Unknown",""
"688973","CR-0000094832","2","0","0","0","22-301-0705","False","False","0","10/28/2022 6:01:00 PM","No Pedestrians Involved","Dry","No Unusual Conditions","Daylight","Violation Driver 1","Controls Functioning","Clear","Broadside","Intersection","Other Vehicle","Not Applicable","Not Applicable","At",""
"688974","CR-0000094833","0","0","0","0","22-301-0556","False","False","0","10/28/2022 4:39:00 PM","No Pedestrians Involved","Dry","No Unusual Conditions","Daylight","Violation Driver 1","Controls Functioning","Clear","Rear End","Intersection","Other Vehicle","Not Applicable","Not Applicable","At",""
"688975","CR-0000094834","0","0","0","0","22-301-0902","False","False","133","10/28/2022 7:56:00 PM","No Pedestrians Involved","Dry","No Unusual Conditions","Dark - Street Light","Violation Driver 1","No Controls Present/Factor","Clear","Sideswipe","Non-Related","Parked Vehicle","Not Applicable","Not Applicable","West Of",""
"688976","CR-0000094835","2","0","0","0","22-301-0242","False","False","39","10/28/2022 9:32:00 AM","No Pedestrians Involved","Dry","No Unusual Conditions","Daylight","Violation Driver 1","Controls Functioning","Clear","Rear End","Related","Other Vehicle","Not Applicable","Not Applicable","South Of",""
"688977","CR-0000094836","0","1","0","0","22-301-0668","False","False","0","10/28/2022 5:33:00 PM","No Pedestrians Involved","Dry","No Unusual Conditions","Daylight","Violation Driver 1","Controls Functioning","Clear","Vehicle/Bike","Intersection","Bike","Not Applicable","Not Applicable","At","BICYCLIST"
"688978","CR-0000094837","0","0","0","0","22-301-4001","False","False","51","10/28/2022 7:40:00 AM","No Pedestrians Involved","Unknown","Unknown","Unknown","Unknown","Unknown","Unknown","Broadside","Non-Related","Other Vehicle","Not Applicable","Not Applicable","Unknown",""
"688979","CR-0000094838","0","0","0","0","22-287-0012","False","False","0","10/13/2022 8:30:00 PM","No Pedestrians Involved","Dry","Loose Material On Roadway","Dark - Street Light","Unknown","Controls Functioning","Clear","Other","Intersection","Non-Collision","Not Applicable","Not Applicable","At",""
"688980","CR-0000094839","1","0","0","0","22-293-0134","False","False","0","10/20/2022 6:28:00 AM","No Pedestrians Involved","Dry","No Unusual Conditions","Daylight","Violation Driver 1","Controls Functioning","Clear","Broadside","Intersection","Other Vehicle","Not Applicable","Not Applicable","At",""
"688981","CR-0000094840","0","0","0","0","22-301-0230","False","False","300","10/28/2022 10:15:00 AM","No Pedestrians Involved","Dry","No Unusual Conditions","Daylight","Violation Driver 1","Controls Functioning","Clear","Broadside","Non-Related","Other Vehicle","Not Applicable","Not Applicable","West Of",""
"688982","CR-0000094841","0","0","0","0","22-251-4000","False","True","51","9/8/2022 11:20:00 AM","No Pedestrians Involved","Unknown","Unknown","Daylight","Unknown","Unknown","Unknown","Other","Non-Related","Parked Vehicle","Not Applicable","Not Applicable","South Of",""
"688983","CR-0000094842","0","0","0","0","22-299-0261","False","False","46","10/26/2022 9:41:00 AM","No Pedestrians Involved","Dry","No Unusual Conditions","Daylight","Violation Driver 1","Unknown","Clear","Head On","Related","Parked Vehicle","Not Applicable","Not Applicable","North Of","TRANSIENT"
"688984","CR-0000094843","0","0","0","0","22-257-4003","False","True","51","9/11/2022 7:00:00 PM","No Pedestrians Involved","Unknown","Unknown","Unknown","Unknown","Unknown","Unknown","Rear End","Non-Related","Other Vehicle","Not Applicable","Not Applicable","North Of",""
"688985","CR-0000094844","0","0","0","0","22-296-0265","False","False","0","10/23/2022 6:44:00 AM","No Pedestrians Involved","Dry","No Unusual Conditions","Dusk - Dawn","Violation Driver 1","No Controls Present/Factor","Clear","Hit Object","Intersection","Fixed Object","Not Applicable","Not Applicable","At","CURB, BUILDING COLLISION"
"688986","CR-0000094845","0","0","0","0","22-255-4006","False","True","51","9/11/2022 9:00:00 PM","No Pedestrians Involved","Unknown","Unknown","Unknown","Unknown","Unknown","Unknown","Rear End","Non-Related","Parked Vehicle","Not Applicable","Not Applicable","West Of",""
"688987","CR-0000094846","0","0","0","0","22-295-0353","True","False","0","10/22/2022 11:03:00 AM","No Pedestrians Involved","Dry","No Unusual Conditions","Daylight","Violation Driver 1","Controls Functioning","Clear","Head On","Intersection","Other Vehicle","Not Applicable","Not Applicable","At","LIGHT POLE"
"688988","CR-0000094849","0","1","0","0","22-298-0374","False","False","21","10/25/2022 11:27:00 AM","Crossing In Crosswalk - At Intersection","Dry","No Unusual Conditions","Daylight","Violation Driver 1","Controls Functioning","Clear","Vehicle/Pedestrian","Related","Pedestrian","North","South","East Of","PEDESTRIAN"
"688989","CR-0000094847","0","0","0","0","22-256-4001","False","True","51","9/12/2022 6:30:00 PM","No Pedestrians Involved","Unknown","Unknown","Unknown","Unknown","Unknown","Unknown","Sideswipe","Non-Related","Other Vehicle","Not Applicable","Not Applicable","West Of",""
"688990","CR-0000094850","0","1","0","0","22-289-0400","False","False","102","10/16/2022 12:19:00 PM","No Pedestrians Involved","Dry","No Unusual Conditions","Daylight","Violation Driver 1","Controls Functioning","Clear","Rear End","Non-Related","Other Vehicle","Not Applicable","Not Applicable","South Of",""
"688991","CR-0000094851","0","0","0","0","22-256-4000","False","True","51","9/13/2022 7:05:00 AM","No Pedestrians Involved","Unknown","Unknown","Daylight","Unknown","Unknown","Unknown","Rear End","Non-Related","Other Vehicle","Not Applicable","Not Applicable","East Of",""
"688992","CR-0000094852","0","0","0","0","22-263-4004","False","True","51","9/16/2022 2:35:00 PM","No Pedestrians Involved","Unknown","Unknown","Daylight","Unknown","Unknown","Unknown","Broadside","Non-Related","Other Vehicle","Not Applicable","Not Applicable","South Of",""
"688993","CR-0000094853","0","0","0","0","22-261-4001","False","True","51","9/17/2022 5:45:00 AM","No Pedestrians Involved","Unknown","Unknown","Unknown","Unknown","Unknown","Unknown","Rear End","Non-Related","Other Vehicle","Not Applicable","Not Applicable","East Of",""
"688994","CR-0000094854","1","0","0","0","22-303-0580","False","False","0","10/30/2022 3:53:00 PM","No Pedestrians Involved","Dry","No Unusual Conditions","Daylight","Violation Driver 1","Controls Functioning","Clear","Broadside","Intersection","Other Vehicle","Not Applicable","Not Applicable","At",""
"688995","CR-0000094855","0","0","0","0","22-284-0624","False","False","0","10/11/2022 2:26:00 PM","No Pedestrians Involved","Dry","No Unusual Conditions","Daylight","Violation Driver 1","No Controls Present/Factor","Clear","Sideswipe","Intersection","Other Vehicle","Not Applicable","Not Applicable","At",""
"688996","CR-0000094856","0","0","0","0","22-262-4004","False","True","51","9/18/2022 10:00:00 PM","No Pedestrians Involved","Unknown","Unknown","Unknown","Unknown","Unknown","Unknown","Rear End","Non-Related","Other Vehicle","Not Applicable","Not Applicable","West Of",""
"688997","CR-0000094857","0","0","0","0","22-272-4001","False","True","51","9/19/2022 8:00:00 PM","No Pedestrians Involved","Unknown","Unknown","Unknown","Unknown","Unknown","Unknown","Other","Non-Related","Parked Vehicle","Not Applicable","Not Applicable","South Of",""
"688998","CR-0000094858","0","0","0","0","22-265-4007","False","True","51","9/20/2022 8:38:00 PM","No Pedestrians Involved","Unknown","Unknown","Unknown","Unknown","Unknown","Unknown","Sideswipe","Non-Related","Other Vehicle","Not Applicable","Not Applicable","North Of",""
"688999","CR-0000094859","0","0","0","0","22-293-9703","False","True","0","10/3/2022 1:02:00 PM","No Pedestrians Involved","Dry","No Unusual Conditions","Daylight","Unknown","Controls Functioning","Clear","Rear End","Intersection","Other Vehicle","Not Applicable","Not Applicable","At",""
"689000","CR-0000094860","0","0","0","0","22-279-0492","False","False","0","10/6/2022 1:22:00 PM","No Pedestrians Involved","Dry","No Unusual Conditions","Daylight","Violation Driver 1","Controls Functioning","Clear","Rear End","Intersection","Other Vehicle","Not Applicable","Not Applicable","At",""
"689001","CR-0000094861","0","0","0","0","22-280-0599","False","False","40","10/7/2022 2:55:00 PM","No Pedestrians Involved","Dry","No Unusual Conditions","Daylight","Violation Driver 1","Controls Functioning","Clear","Hit Object","Related","Fixed Object","Not Applicable","Not Applicable","West Of","HYDRANT"
"689002","CR-0000094862","1","0","0","0","22-294-9714","False","True","0","10/9/2022 11:00:00 PM","No Pedestrians Involved","Dry","No Unusual Conditions","Dark - Street Light","Unknown","Controls Functioning","Clear","Broadside","Intersection","Other Vehicle","Not Applicable","Not Applicable","At",""
"689003","CR-0000094863","0","0","0","0","22-283-0406","False","False","0","10/10/2022 11:48:00 AM","No Pedestrians Involved","Dry","No Unusual Conditions","Daylight","Violation Driver 1","Controls Functioning","Clear","Broadside","Intersection","Non-Collision","Not Applicable","Not Applicable","At",""
"689004","CR-0000094864","0","0","0","0","22-284-0092","False","False","30","10/11/2022 2:50:00 AM","No Pedestrians Involved","Dry","No Unusual Conditions","Dark - Street Light","Violation Driver 1","No Controls Present/Factor","Clear","Head On","Related","Parked Vehicle","Not Applicable","Not Applicable","South Of",""
"689005","CR-0000094865","1","0","0","0","22-294-9703","False","True","51","10/11/2022 3:30:00 PM","No Pedestrians Involved","Dry","No Unusual Conditions","Daylight","Unknown","Unknown","Clear","Rear End","Non-Related","Other Vehicle","Not Applicable","Not Applicable","North Of",""
"689006","CR-0000094866","0","0","0","0","22-285-0173","False","False","50","10/12/2022 7:29:00 AM","No Pedestrians Involved","Dry","No Unusual Conditions","Daylight","Violation Driver 1","Controls Functioning","Clear","Sideswipe","Related","Other Vehicle","Not Applicable","Not Applicable","North Of",""
"689007","CR-0000094867","0","0","0","0","22-285-0137","False","False","165","10/12/2022 4:23:00 AM","No Pedestrians Involved","Dry","No Unusual Conditions","Dark - Street Light","Violation Driver 1","No Controls Present/Factor","Clear","Rear End","Non-Related","Parked Vehicle","Not Applicable","Not Applicable","South Of",""
"689008","CR-0000094868","0","1","0","0","22-285-0536","False","False","295","10/12/2022 2:30:00 PM","Crossing - Not In Crosswalk","Dry","No Unusual Conditions","Daylight","Violation Driver 1","Controls Functioning","Clear","Vehicle/Pedestrian","Non-Related","Pedestrian","South","North","East Of","PED"
"689009","CR-0000094869","0","0","0","0","22-263-4002","False","True","51","9/20/2022 9:45:00 AM","No Pedestrians Involved","Unknown","Unknown","Daylight","Unknown","Unknown","Unknown","Broadside","Non-Related","Other Vehicle","Not Applicable","Not Applicable","Unknown",""
"689010","CR-0000094870","0","0","0","0","22-264-4002","False","True","51","9/21/2022 12:30:00 PM","No Pedestrians Involved","Unknown","Unknown","Daylight","Unknown","Unknown","Unknown","Other","Non-Related","Other Vehicle","Not Applicable","Not Applicable","South Of",""
"689011","CR-0000094871","0","0","0","0","22-265-4003","False","True","51","9/21/2022 2:00:00 PM","No Pedestrians Involved","Unknown","Unknown","Daylight","Unknown","Unknown","Unknown","Rear End","Non-Related","Other Vehicle","Not Applicable","Not Applicable","East Of",""
"689012","CR-0000094872","0","0","0","0","22-264-9708","False","True","","9/21/2022 2:23:00 PM","No Pedestrians Involved","Unknown","No Unusual Conditions","Daylight","Unknown","No Controls Present/Factor","Unknown","Rear End","Related","Other Vehicle","Not Applicable","Not Applicable","South Of",""
"689013","CR-0000094873","0","0","0","0","22-265-4005","False","True","51","9/22/2022 8:00:00 AM","No Pedestrians Involved","Unknown","Unknown","Daylight","Unknown","Unknown","Unknown","Rear End","Non-Related","Other Vehicle","Not Applicable","Not Applicable","West Of",""
"689014","CR-0000094874","0","0","0","0","22-270-4001","False","True","51","9/26/2022 12:00:00 PM","No Pedestrians Involved","Unknown","Unknown","Daylight","Unknown","Unknown","Unknown","Sideswipe","Non-Related","Parked Vehicle","Not Applicable","Not Applicable","South Of",""
"689015","CR-0000094875","0","1","0","0","22-282-0702","False","False","92","10/9/2022 6:16:00 PM","No Pedestrians Involved","Dry","No Unusual Conditions","Daylight","Violation Driver 1","No Controls Present/Factor","Clear","Rear End","Non-Related","Parked Vehicle","Not Applicable","Not Applicable","West Of",""
"689016","CR-0000094876","1","2","0","0","22-283-0624","False","False","0","10/10/2022 4:08:00 PM","No Pedestrians Involved","Dry","No Unusual Conditions","Daylight","Violation Driver 1","Controls Functioning","Cloudy","Head On","Intersection","Other Vehicle","Not Applicable","Not Applicable","At",""
"689017","CR-0000094877","0","0","0","0","22-283-0692","False","False","0","10/10/2022 5:08:00 PM","No Pedestrians Involved","Dry","No Unusual Conditions","Daylight","Violation Driver 1","Controls Functioning","Clear","Hit Object","Intersection","Fixed Object","Not Applicable","Not Applicable","At",""
"689018","CR-0000094878","0","0","0","0","22-283-0711","False","False","0","10/10/2022 5:33:00 PM","No Pedestrians Involved","Dry","No Unusual Conditions","Daylight","Unknown","Controls Functioning","Clear","Broadside","Intersection","Other Vehicle","Not Applicable","Not Applicable","At",""
"689019","CR-0000094879","0","0","0","0","22-287-9702","False","True","0","10/10/2022 8:00:00 PM","No Pedestrians Involved","Dry","No Unusual Conditions","Dark - Street Light","Violation Driver 1","Controls Functioning","Clear","Sideswipe","Intersection","Other Vehicle","Not Applicable","Not Applicable","At",""
"689020","CR-0000094880","0","0","0","0","22-285-9701","False","True","51","10/11/2022 3:15:00 PM","No Pedestrians Involved","Dry","No Unusual Conditions","Daylight","Unknown","No Controls Present/Factor","Clear","Sideswipe","Non-Related","Other Vehicle","Not Applicable","Not Applicable","South Of",""