"CrashFactId","Name","MinorInjuries","ModerateInjuries","SevereInjuries","FatalInjuries","TcrNumber","CityDamageFlag","ShortFormFlag","Distance","CrashDateTime","PedestrianAction","RoadwaySurface","RoadwayCondition","Lighting","PrimaryCollisionFactor","TrafficControl","Weather","CollisionType","ProximityToIntersection","VehicleInvolvedWith","PedestrianDirectionFrom","PedestrianDirectionTo","DirectionFromIntersection","Comment"
"689021","CR-0000094881","0","0","0","0","22-285-0007","False","False","0","10/12/2022 12:07:00 AM","No Pedestrians Involved","Dry","No Unusual Conditions","Dark - Street Light","Violation Driver 1","Controls Functioning","Clear","Rear End","Intersection","Parked Vehicle","Not Applicable","Not Applicable","At",""
"689022","CR-0000094882","0","0","0","0","22-285-0074","True","False","30","10/12/2022 2:23:00 AM","No Pedestrians Involved","Dry","No Unusual Conditions","Dark - Street Light","Violation Driver 1","No Controls Present/Factor","Clear","Hit Object","Related","Fixed Object","Not Applicable","Not Applicable","East Of","SOUNDWALL"
"689023","CR-0000094883","0","0","0","0","22-285-0237","False","False","311","10/12/2022 2:54:00 AM","No Pedestrians Involved","Dry","No Unusual Conditions","Dark - Street Light","Violation Driver 1","No Controls Present/Factor","Clear","Sideswipe","Non-Related","Parked Vehicle","Not Applicable","Not Applicable","East Of",""
"689024","CR-0000094884","0","0","0","0","22-286-0006","True","False","0","10/13/2022 12:07:00 AM","No Pedestrians Involved","Dry","No Unusual Conditions","Dark - Street Light","Violation Driver 1","Controls Functioning","Clear","Hit Object","Intersection","Fixed Object","Not Applicable","Not Applicable","At",""
"689025","CR-0000094885","0","0","0","0","22-286-0784","True","False","82","10/13/2022 6:17:00 PM","No Pedestrians Involved","Dry","No Unusual Conditions","Daylight","Violation Driver 1","Controls Functioning","Clear","Hit Object","Non-Related","Fixed Object","Not Applicable","Not Applicable","South Of","TREE"
"689026","CR-0000094886","0","0","0","0","22-288-0702","True","False","0","10/15/2022 7:47:00 PM","No Pedestrians Involved","Dry","No Unusual Conditions","Daylight","Violation Driver 1","Controls Functioning","Clear","Hit Object","Intersection","Fixed Object","Not Applicable","Not Applicable","At","TRAFFIC LIGHT"
"689027","CR-0000094887","0","0","0","0","22-288-0174","False","False","0","10/15/2022 4:30:00 AM","No Pedestrians Involved","Dry","No Unusual Conditions","Dark - Street Light Not Functioning","Violation Driver 1","No Controls Present/Factor","Clear","Head On","Intersection","Parked Vehicle","Not Applicable","Not Applicable","At",""
"689028","CR-0000094888","0","0","0","0","22-288-0753","False","False","810","10/15/2022 8:35:00 PM","No Pedestrians Involved","Dry","No Unusual Conditions","Dark - Street Light","Violation Driver 1","Controls Functioning","Clear","Rear End","Non-Related","Parked Vehicle","Not Applicable","Not Applicable","South Of",""
"689029","CR-0000094909","0","0","0","0","22-320-0289","False","False","16","11/16/2022 10:18:00 AM","No Pedestrians Involved","Dry","No Unusual Conditions","Daylight","Violation Driver 1","Controls Functioning","Clear","Sideswipe","Related","Other Vehicle","Not Applicable","Not Applicable","North Of",""
"689030","CR-0000094910","1","0","0","0","22-300-0250","False","False","0","10/27/2022 9:20:00 AM","Crossing In Crosswalk - At Intersection","Dry","No Unusual Conditions","Daylight","Violation Driver 1","Controls Functioning","Clear","Vehicle/Pedestrian","Intersection","Pedestrian","South","North","At","PEDESTRIAN"
"689031","CR-0000094902","0","0","0","0","22-286-1005","False","False","140","10/13/2022 10:43:00 PM","No Pedestrians Involved","Dry","No Unusual Conditions","Dark - Street Light","Violation Driver 1","No Controls Present/Factor","Clear","Rear End","Non-Related","Parked Vehicle","Not Applicable","Not Applicable","North Of",""
"689032","CR-0000094921","0","0","0","0","22-288-0184","True","False","22","10/15/2022 4:57:00 AM","No Pedestrians Involved","Dry","No Unusual Conditions","Dark - Street Light","Violation Driver 1","Controls Functioning","Clear","Hit Object","Related","Fixed Object","Not Applicable","Not Applicable","East Of","STOP SIGN"
"689033","CR-0000094927","0","1","0","0","22-302-0742","False","False","21","10/29/2022 7:13:00 PM","No Pedestrians Involved","Dry","No Unusual Conditions","Dark - Street Light","Bike At Fault","Controls Functioning","Clear","Vehicle/Bike","Related","Bike","Not Applicable","Not Applicable","South Of","BIKE"
"689034","CR-0000094940","1","0","0","0","22-294-0268","True","False","282","10/21/2022 10:18:00 AM","No Pedestrians Involved","Dry","No Unusual Conditions","Daylight","Violation Driver 1","Controls Functioning","Clear","Rear End","Non-Related","Other Vehicle","Not Applicable","Not Applicable","South Of","TREE"
"689035","CR-0000094912","0","0","0","0","22-294-0712","False","False","171","10/21/2022 5:40:00 PM","No Pedestrians Involved","Dry","No Unusual Conditions","Daylight","Violation Driver 1","Controls Functioning","Clear","Rear End","Non-Related","Other Vehicle","Not Applicable","Not Applicable","North Of",""
"689036","CR-0000094891","1","0","0","0","22-294-0777","False","False","625","10/21/2022 6:55:00 PM","Crossing - Not In Crosswalk","Dry","No Unusual Conditions","Dark - Street Light","Pedestrian At Fault","No Controls Present/Factor","Clear","Vehicle/Pedestrian","Non-Related","Pedestrian","South","North","West Of","PEDESTRIAN"
"689037","CR-0000094896","3","0","0","0","22-289-0548","False","False","0","10/16/2022 4:28:00 PM","No Pedestrians Involved","Dry","No Unusual Conditions","Daylight","Violation Driver 1","Controls Functioning","Clear","Head On","Intersection","Other Vehicle","Not Applicable","Not Applicable","At",""
"689038","CR-0000094899","0","0","0","0","22-287-0312","False","False","225","10/13/2022 10:00:00 PM","No Pedestrians Involved","Dry","No Unusual Conditions","Dark - Street Light","Unknown","No Controls Present/Factor","Unknown","Hit Object","Non-Related","Fixed Object","Not Applicable","Not Applicable","West Of",""
"689039","CR-0000094919","0","1","0","0","22-288-0898","True","False","69","10/15/2022 11:02:00 PM","No Pedestrians Involved","Dry","No Unusual Conditions","Dark - Street Light","Violation Driver 1","Controls Functioning","Cloudy","Hit Object","Non-Related","Fixed Object","Not Applicable","Not Applicable","West Of","Light Pole"
"689040","CR-0000094923","0","2","0","0","22-290-0711","False","False","137","10/17/2022 5:27:00 PM","No Pedestrians Involved","Dry","No Unusual Conditions","Daylight","Violation Driver 1","Controls Functioning","Clear","Broadside","Non-Related","Other Vehicle","Not Applicable","Not Applicable","West Of",""
"689041","CR-0000094904","0","0","0","0","22-287-0480","False","False","0","10/14/2022 1:33:00 PM","No Pedestrians Involved","Slippery (Muddy Oily etc.)","No Unusual Conditions","Daylight","Violation Driver 1","Controls Functioning","Clear","Hit Object","Intersection","Fixed Object","Not Applicable","Not Applicable","At",""
"689042","CR-0000094913","0","0","1","0","22-292-0642","False","False","466","10/19/2022 4:36:00 PM","No Pedestrians Involved","Dry","No Unusual Conditions","Daylight","Violation Driver 1","No Controls Present/Factor","Clear","Broadside","Non-Related","Other Vehicle","Not Applicable","Not Applicable","East Of",""
"689043","CR-0000094931","0","1","0","0","22-230-0199","False","False","0","10/27/2022 8:21:00 AM","No Pedestrians Involved","Dry","No Unusual Conditions","Daylight","Violation Driver 1","Controls Functioning","Clear","Vehicle/Bike","Intersection","Bike","Not Applicable","Not Applicable","At","BICYCLIST"
"689044","CR-0000094930","2","1","0","0","22-289-0393","False","False","0","10/16/2022 12:08:00 PM","No Pedestrians Involved","Dry","No Unusual Conditions","Daylight","Violation Driver 1","No Controls Present/Factor","Clear","Head On","Intersection","Other Vehicle","Not Applicable","Not Applicable","At",""
"689045","CR-0000094938","1","0","0","0","22-296-0753","False","False","388","10/23/2022 7:03:00 PM","No Pedestrians Involved","Dry","No Unusual Conditions","Dusk - Dawn","Violation Driver 1","Controls Functioning","Clear","Rear End","Non-Related","Other Vehicle","Not Applicable","Not Applicable","West Of",""
"689046","CR-0000094925","0","0","1","0","22-311-0638","False","False","600","11/7/2022 4:16:00 PM","No Pedestrians Involved","Wet","No Unusual Conditions","Daylight","Violation Driver 1","No Controls Present/Factor","Clear","Broadside","Non-Related","Other Vehicle","Not Applicable","Not Applicable","North Of",""
"689047","CR-0000094936","0","0","0","0","22-341-9706","False","True","0","10/12/2022 6:00:00 PM","No Pedestrians Involved","Dry","Construction - Repair Zone","Dusk - Dawn","Unknown","Controls Functioning","Clear","Rear End","Intersection","Other Vehicle","Not Applicable","Not Applicable","At",""
"689048","CR-0000094918","1","0","0","0","22-288-0907","False","False","0","10/15/2022 11:00:00 PM","No Pedestrians Involved","Unknown","No Unusual Conditions","Dark - Street Light","Violation Driver 1","Controls Functioning","Clear","Broadside","Intersection","Other Vehicle","Not Applicable","Not Applicable","At",""
"689049","CR-0000094893","0","0","1","0","22-286-0574","False","False","0","10/13/2022 2:39:00 PM","No Pedestrians Involved","Dry","No Unusual Conditions","Daylight","Violation Driver 1","Controls Functioning","Clear","Broadside","Intersection","Motorcycle","Not Applicable","Not Applicable","At",""
"689050","CR-0000094917","2","0","0","0","22-295-0420","False","False","0","10/22/2022 12:44:00 PM","No Pedestrians Involved","Dry","No Unusual Conditions","Daylight","Violation Driver 1","No Controls Present/Factor","Clear","Broadside","Intersection","Other Vehicle","Not Applicable","Not Applicable","At",""
"689051","CR-0000094892","0","0","0","0","22-286-0086","True","False","160","10/13/2022 2:19:00 AM","No Pedestrians Involved","Slippery (Muddy Oily etc.)","No Unusual Conditions","Dark - Street Light Not Functioning","Violation Driver 1","Unknown","Fog","Hit Object","Non-Related","Fixed Object","Not Applicable","Not Applicable","East Of","PD"
"689052","CR-0000094890","1","0","0","0","22-293-0702","False","False","0","10/20/2022 5:15:00 PM","No Pedestrians Involved","Dry","No Unusual Conditions","Daylight","Violation Driver 1","Unknown","Clear","Broadside","Intersection","Other Vehicle","Not Applicable","Not Applicable","At",""
"689053","CR-0000094894","0","0","0","0","22-287-0864","False","False","0","10/14/2022 7:13:00 PM","No Pedestrians Involved","Dry","No Unusual Conditions","Dark - Street Light","Violation Driver 1","No Controls Present/Factor","Clear","Rear End","Intersection","Other Vehicle","Not Applicable","Not Applicable","At",""
"689054","CR-0000094920","0","1","0","0","22-288-0939","True","False","0","10/15/2022 11:29:00 PM","No Pedestrians Involved","Dry","No Unusual Conditions","Dark - Street Light","Violation Driver 1","Controls Functioning","Clear","Broadside","Intersection","Fixed Object","Not Applicable","Not Applicable","At","Tree and Traffic Light"
"689055","CR-0000094905","0","0","0","0","22-287-0622","False","False","","10/14/2022 3:56:00 PM","No Pedestrians Involved","Dry","No Unusual Conditions","Daylight","Violation Driver 1","Controls Functioning","Clear","Rear End","Related","Other Vehicle","Not Applicable","Not Applicable","East Of",""
"689056","CR-0000094889","1","0","0","0","22-292-0657","False","False","0","10/19/2022 4:45:00 PM","Crossing In Crosswalk - At Intersection","Dry","No Unusual Conditions","Daylight","Violation Driver 1","Controls Functioning","Clear","Vehicle/Pedestrian","Intersection","Pedestrian","North","South","At","PEDESTRIAN"
"689057","CR-0000094932","0","0","0","0","22-284-0504","False","False","149","10/11/2022 12:52:00 PM","No Pedestrians Involved","Dry","No Unusual Conditions","Daylight","Unknown","Controls Functioning","Clear","Sideswipe","Non-Related","Other Vehicle","Not Applicable","Not Applicable","North Of",""
"689058","CR-0000094933","1","0","0","0","22-301-0137","False","False","51","10/28/2022 6:28:00 AM","No Pedestrians Involved","Dry","No Unusual Conditions","Dark - Street Light","Violation Driver 1","No Controls Present/Factor","Clear","Hit Object","Non-Related","Fixed Object","Not Applicable","Not Applicable","North Of",""
"689059","CR-0000094924","0","1","0","0","22-292-0474","False","False","60","10/19/2022 1:25:00 PM","No Pedestrians Involved","Dry","Loose Material On Roadway","Daylight","Other Than Driver","Controls Functioning","Clear","Other","Non-Related","Non-Collision","Not Applicable","Not Applicable","North Of","BICYCLIST, LOOSE GRAVEL"
"689060","CR-0000094926","5","0","0","0","22-280-0235","False","False","20","10/7/2022 8:21:00 AM","No Pedestrians Involved","Dry","No Unusual Conditions","Daylight","Violation Driver 1","Controls Functioning","Clear","Rear End","Related","Other Vehicle","Not Applicable","Not Applicable","North Of",""
"689061","CR-0000094900","0","0","0","0","22-301-0073","False","False","21","10/28/2022 2:42:00 AM","No Pedestrians Involved","Dry","No Unusual Conditions","Dark - Street Light","Violation Driver 1","Controls Functioning","Clear","Hit Object","Related","Fixed Object","Not Applicable","Not Applicable","East Of","LIGHT POLE"
"689062","CR-0000094908","0","0","0","0","22-288-0127","False","False","123","10/15/2022 2:32:00 AM","No Pedestrians Involved","Dry","No Unusual Conditions","Dark - Street Light","Violation Driver 1","Controls Functioning","Clear","Rear End","Non-Related","Parked Vehicle","Not Applicable","Not Applicable","North Of",""
"689063","CR-0000094937","1","0","0","0","22-296-0792","False","False","0","10/23/2022 7:45:00 PM","No Pedestrians Involved","Dry","No Unusual Conditions","Dark - Street Light","Violation Driver 1","Unknown","Clear","Broadside","Intersection","Other Vehicle","Not Applicable","Not Applicable","At",""
"689064","CR-0000094906","0","0","0","0","22-287-0843","False","False","51","10/14/2022 6:54:00 PM","No Pedestrians Involved","Dry","No Unusual Conditions","Daylight","Violation Driver 1","No Controls Present/Factor","Clear","Rear End","Non-Related","Other Vehicle","Not Applicable","Not Applicable","North Of",""
"689065","CR-0000094929","0","1","0","0","22-289-0700","False","False","219","10/16/2022 6:57:00 PM","No Pedestrians Involved","Dry","No Unusual Conditions","Dusk - Dawn","Violation Driver 1","Unknown","Clear","Sideswipe","Non-Related","Parked Vehicle","Not Applicable","Not Applicable","South Of",""
"689066","CR-0000094897","1","1","0","0","22-283-0421","True","False","45","10/10/2022 1:03:00 PM","No Pedestrians Involved","Dry","No Unusual Conditions","Daylight","Violation Driver 1","Controls Functioning","Clear","Broadside","Related","Other Vehicle","Not Applicable","Not Applicable","North Of","LIGHT POLE"
"689067","CR-0000094915","1","0","0","0","22-293-0160","False","False","98","10/20/2022 7:57:00 AM","No Pedestrians Involved","Dry","No Unusual Conditions","Daylight","Violation Driver 1","No Controls Present/Factor","Clear","Head On","Non-Related","Fixed Object","Not Applicable","Not Applicable","North Of","TREE"
"689068","CR-0000094922","0","1","0","0","22-280-0556","False","False","0","10/15/2022 4:11:00 PM","No Pedestrians Involved","Dry","No Unusual Conditions","Daylight","Violation Driver 1","Controls Functioning","Clear","Rear End","Intersection","Bike","Not Applicable","Not Applicable","At","BICYCLIST"
"689069","CR-0000094934","1","0","0","0","22-297-0694","False","False","0","10/24/2022 5:05:00 PM","No Pedestrians Involved","Dry","No Unusual Conditions","Daylight","Violation Driver 1","Controls Functioning","Clear","Sideswipe","Intersection","Other Vehicle","Not Applicable","Not Applicable","At",""
"689070","CR-0000094903","1","0","0","0","22-303-0837","False","False","0","10/30/2022 9:10:00 PM","No Pedestrians Involved","Dry","No Unusual Conditions","Dark - Street Light","Bike At Fault","Controls Functioning","Clear","Vehicle/Bike","Intersection","Scooter Motorized","Not Applicable","Not Applicable","At","MOTORIZED SCOOTER"
"689071","CR-0000094928","0","1","0","0","22-291-0481","False","False","64","10/18/2022 1:16:00 PM","No Pedestrians Involved","Dry","No Unusual Conditions","Daylight","Violation Driver 1","Controls Functioning","Clear","Rear End","Non-Related","Other Vehicle","Not Applicable","Not Applicable","North Of",""
"689072","CR-0000094895","0","0","1","0","22-286-0434","False","False","60","10/13/2022 3:14:00 PM","No Pedestrians Involved","Dry","No Unusual Conditions","Daylight","Bike At Fault","Controls Functioning","Clear","Vehicle/Bike","Non-Related","Bike","Not Applicable","Not Applicable","North Of","BIKE"
"689073","CR-0000094911","0","1","0","0","22-293-0532","False","False","0","10/20/2022 2:16:00 PM","No Pedestrians Involved","Dry","Holes Deep Rut","Daylight","Other Than Driver","Unknown","Clear","Overturned","Intersection","Non-Collision","Not Applicable","Not Applicable","At",""
"689074","CR-0000094939","1","0","0","0","22-301-0749","False","False","0","10/28/2022 6:47:00 PM","No Pedestrians Involved","Dry","No Unusual Conditions","Dark - Street Light","Violation Driver 1","Controls Functioning","Clear","Broadside","Intersection","Other Vehicle","Not Applicable","Not Applicable","At",""
"689075","CR-0000094914","2","1","0","0","22-288-0506","False","False","0","10/15/2022 2:51:00 PM","No Pedestrians Involved","Dry","No Unusual Conditions","Daylight","Violation Driver 1","Controls Functioning","Clear","Broadside","Intersection","Other Vehicle","Not Applicable","Not Applicable","At",""
"689076","CR-0000094901","1","1","0","0","22-307-0541","False","False","0","11/3/2022 2:39:00 PM","No Pedestrians Involved","Dry","No Unusual Conditions","Daylight","Violation Driver 1","No Controls Present/Factor","Clear","Broadside","Intersection","Other Vehicle","Not Applicable","Not Applicable","At","BRICK WALL"
"689077","CR-0000094916","0","1","0","0","22-288-0698","False","False","0","10/15/2022 7:25:00 PM","No Pedestrians Involved","Dry","No Unusual Conditions","Dark - Street Light","Violation Driver 1","Controls Functioning","Clear","Vehicle/Bike","Intersection","Bike","Not Applicable","Not Applicable","At","BIKE"
"689078","CR-0000094935","1","0","0","0","22-297-0781","False","False","0","10/24/2022 6:55:00 PM","No Pedestrians Involved","Dry","No Unusual Conditions","Dark - Street Light","Violation Driver 1","Controls Functioning","Clear","Vehicle/Bike","Intersection","Bike","Not Applicable","Not Applicable","At","BIKE"
"689079","CR-0000094898","0","0","0","0","22-286-0923","True","False","154","10/13/2022 8:37:00 PM","No Pedestrians Involved","Dry","No Unusual Conditions","Dark - Street Light","Violation Driver 1","Controls Functioning","Clear","Hit Object","Non-Related","Fixed Object","Not Applicable","Not Applicable","East Of","Light Pole"
"689080","CR-0000094907","0","0","0","0","22-288-0091","False","False","111","10/15/2022 1:41:00 AM","No Pedestrians Involved","Dry","No Unusual Conditions","Dark - Street Light","Violation Driver 1","Controls Functioning","Clear","Sideswipe","Non-Related","Other Vehicle","Not Applicable","Not Applicable","North Of",""
"689081","CR-0000094964","0","0","0","0","22-334-0323","False","False","132","11/30/2022 11:00:00 AM","No Pedestrians Involved","Dry","No Unusual Conditions","Daylight","Violation Driver 1","Controls Functioning","Clear","Hit Object","Non-Related","Fixed Object","Not Applicable","Not Applicable","South Of",""
"689082","CR-0000094956","1","0","0","0","22-320-0514","False","False","84","11/16/2022 2:34:00 PM","No Pedestrians Involved","Dry","No Unusual Conditions","Daylight","Violation Driver 1","No Controls Present/Factor","Clear","Broadside","Non-Related","Other Vehicle","Not Applicable","Not Applicable","North Of",""
"689083","CR-0000094954","1","1","0","0","22-283-0175","False","False","0","10/10/2022 5:58:00 AM","No Pedestrians Involved","Dry","No Unusual Conditions","Dark - Street Light","Violation Driver 1","Controls Functioning","Clear","Head On","Intersection","Other Vehicle","Not Applicable","Not Applicable","At",""
"689084","CR-0000094957","1","0","0","0","22-295-0261","False","False","48","10/22/2022 8:32:00 AM","No Pedestrians Involved","Dry","No Unusual Conditions","Daylight","Violation Driver 1","Controls Functioning","Clear","Other","Related","Non-Collision","Not Applicable","Not Applicable","East Of",""
"689085","CR-0000094949","0","0","0","0","22-298-0290","False","False","146","10/25/2022 9:48:00 AM","No Pedestrians Involved","Dry","No Unusual Conditions","Daylight","Unknown","No Controls Present/Factor","Clear","Other","Non-Related","Other Vehicle","Not Applicable","Not Applicable","West Of","EMERGENCY VEHICLE"
"689086","CR-0000094958","2","0","0","0","22-302-0358","False","False","0","10/29/2022 11:26:00 AM","No Pedestrians Involved","Dry","No Unusual Conditions","Daylight","Unknown","No Controls Present/Factor","Clear","Broadside","Intersection","Other Vehicle","Not Applicable","Not Applicable","At",""
"689087","CR-0000094951","0","0","0","0","22-289-0926","True","False","0","10/16/2022 11:04:00 PM","No Pedestrians Involved","Dry","No Unusual Conditions","Dark - Street Light","Other Than Driver","Controls Functioning","Clear","Hit Object","Intersection","Fixed Object","Not Applicable","Not Applicable","At","TREE, LIGHT POLE"
"689088","CR-0000094965","0","1","0","0","22-299-0750","False","False","0","10/26/2022 5:49:00 PM","No Pedestrians Involved","Dry","No Unusual Conditions","Daylight","Violation Driver 1","Unknown","Clear","Broadside","Intersection","Bike","Not Applicable","Not Applicable","At","BICYCLIST"
"689089","CR-0000094944","1","0","0","0","22-287-0483","False","False","0","10/14/2022 1:37:00 PM","No Pedestrians Involved","Dry","No Unusual Conditions","Daylight","Violation Driver 1","Controls Functioning","Clear","Rear End","Intersection","Other Vehicle","Not Applicable","Not Applicable","At",""
"689090","CR-0000094953","1","0","0","0","22-294-0161","False","False","21","10/21/2022 8:13:00 AM","Crossing In Crosswalk - At Intersection","Dry","No Unusual Conditions","Daylight","Violation Driver 1","Controls Functioning","Clear","Vehicle/Pedestrian","Related","Pedestrian","West","East","North Of","PEDESTRIAN"
"689091","CR-0000094946","1","0","0","0","22-292-0195","False","False","0","10/19/2022 8:38:00 AM","Crossing - Not In Crosswalk","Dry","No Unusual Conditions","Daylight","Violation Driver 1","No Controls Present/Factor","Clear","Vehicle/Pedestrian","Intersection","Pedestrian","South","North","At","PEDESTRIAN"
"689092","CR-0000094941","0","2","0","0","22-293-0367","False","False","50","10/20/2022 11:13:00 AM","No Pedestrians Involved","Dry","No Unusual Conditions","Daylight","Violation Driver 1","No Controls Present/Factor","Clear","Broadside","Related","Other Vehicle","Not Applicable","Not Applicable","South Of",""
"689093","CR-0000094948","0","0","0","0","22-268-0883","False","False","51","9/25/2022 10:17:00 PM","No Pedestrians Involved","Dry","No Unusual Conditions","Dark - Street Light","Violation Driver 1","No Controls Present/Factor","Clear","Sideswipe","Non-Related","Other Vehicle","Not Applicable","Not Applicable","North Of","EMERGENCY VEHICLE INVOLVED"
"689094","CR-0000094943","0","0","0","0","22-302-0527","False","False","38","10/29/2022 3:27:00 PM","No Pedestrians Involved","Unknown","No Unusual Conditions","Daylight","Violation Driver 1","No Controls Present/Factor","Unknown","Other","Related","Parked Vehicle","Not Applicable","Not Applicable","South Of",""
"689095","CR-0000094942","1","0","0","0","22-293-0578","False","False","0","10/20/2022 3:26:00 PM","No Pedestrians Involved","Dry","No Unusual Conditions","Daylight","Violation Driver 1","Controls Functioning","Clear","Sideswipe","Intersection","Other Vehicle","Not Applicable","Not Applicable","At",""
"689096","CR-0000094955","1","0","0","0","22-332-0542","False","False","0","11/28/2022 3:27:00 PM","Crossing In Crosswalk - At Intersection","Dry","No Unusual Conditions","Daylight","Violation Driver 1","Controls Functioning","Clear","Vehicle/Pedestrian","Intersection","Pedestrian","West","East","At","PEDESTRIAN"
"689097","CR-0000094945","2","1","0","0","22-292-0421","False","False","0","10/19/2022 12:30:00 PM","No Pedestrians Involved","Dry","No Unusual Conditions","Daylight","Violation Driver 1","No Controls Present/Factor","Clear","Broadside","Intersection","Other Vehicle","Not Applicable","Not Applicable","At",""
"689098","CR-0000094960","0","0","0","0","22-331-0615","False","False","0","11/27/2022 5:47:00 PM","No Pedestrians Involved","Dry","No Unusual Conditions","Dark - Street Light","Violation Driver 1","Controls Functioning","Clear","Broadside","Intersection","Motor Vehicle On Other Roadway","Not Applicable","Not Applicable","At",""
"689099","CR-0000094950","0","0","0","0","22-296-0163","False","False","80","10/23/2022 2:29:00 AM","No Pedestrians Involved","Dry","No Unusual Conditions","Dark - Street Light","Violation Driver 1","Controls Functioning","Clear","Rear End","Non-Related","Parked Vehicle","Not Applicable","Not Applicable","West Of",""
"689100","CR-0000094947","0","1","0","0","22-295-0333","False","False","130","10/22/2022 10:24:00 AM","In Road - Includes Shoulder","Dry","No Unusual Conditions","Daylight","Violation Driver 1","No Controls Present/Factor","Clear","Vehicle/Pedestrian","Non-Related","Pedestrian","Unknown","South","South Of","PEDESTRIAN"
"689101","CR-0000094961","0","0","0","0","22-334-0185","False","False","51","11/30/2022 8:45:00 AM","No Pedestrians Involved","Dry","No Unusual Conditions","Daylight","Violation Driver 1","Controls Functioning","Clear","Sideswipe","Non-Related","Other Vehicle","Not Applicable","Not Applicable","West Of",""
"689102","CR-0000094962","1","0","0","0","22-300-0596","False","False","0","10/27/2022 3:41:00 PM","No Pedestrians Involved","Dry","No Unusual Conditions","Daylight","Violation Driver 1","No Controls Present/Factor","Clear","Rear End","Intersection","Other Vehicle","Not Applicable","Not Applicable","At",""
"689103","CR-0000094963","1","0","0","0","22-300-0719","False","False","33","10/27/2022 5:49:00 PM","No Pedestrians Involved","Dry","No Unusual Conditions","Daylight","Violation Driver 1","Controls Functioning","Clear","Rear End","Related","Motorcycle","Not Applicable","Not Applicable","East Of",""
"689104","CR-0000094959","2","1","0","0","22-301-0195","False","False","0","10/28/2022 8:37:00 AM","No Pedestrians Involved","Dry","No Unusual Conditions","Daylight","Violation Driver 1","No Controls Present/Factor","Clear","Rear End","Intersection","Other Vehicle","Not Applicable","Not Applicable","At",""
"689105","CR-0000094967","2","0","0","0","22-299-0838","False","False","0","10/26/2022 7:25:00 PM","No Pedestrians Involved","Dry","No Unusual Conditions","Dark - Street Light","Violation Driver 1","Controls Functioning","Clear","Broadside","Intersection","Other Vehicle","Not Applicable","Not Applicable","At",""
"689106","CR-0000094969","1","0","0","0","22-278-0553","False","False","84","10/5/2022 2:27:00 PM","No Pedestrians Involved","Dry","No Unusual Conditions","Daylight","Unknown","Controls Functioning","Clear","Rear End","Non-Related","Other Vehicle","Not Applicable","Not Applicable","East Of",""
"689107","CR-0000094976","0","0","0","0","22-319-9703","False","True","51","5/20/2022 4:00:00 PM","No Pedestrians Involved","Dry","Holes Deep Rut","Daylight","Unknown","No Controls Present/Factor","Clear","Broadside","Non-Related","Parked Vehicle","Not Applicable","Not Applicable","North Of",""
"689108","CR-0000094971","1","0","0","0","22-277-0830","False","False","0","10/4/2022 7:13:00 PM","No Pedestrians Involved","Dry","No Unusual Conditions","Dark - Street Light","Violation Driver 1","No Controls Present/Factor","Clear","Vehicle/Bike","Intersection","Bike","Not Applicable","Not Applicable","At","BICYCLIST"
"689109","CR-0000094974","0","0","0","0","22-319-9807","False","False","0","7/17/2022 8:45:00 AM","No Pedestrians Involved","Dry","No Unusual Conditions","Daylight","Violation Driver 1","Controls Functioning","Clear","Broadside","Intersection","Other Vehicle","Not Applicable","Not Applicable","At",""
"689110","CR-0000094975","0","0","0","0","22-319-9701","False","False","0","9/7/2022 4:05:00 PM","No Pedestrians Involved","Dry","No Unusual Conditions","Daylight","Unknown","Controls Functioning","Clear","Broadside","Intersection","Other Vehicle","Not Applicable","Not Applicable","At",""
"689111","CR-0000094966","1","0","0","0","22-300-0571","False","False","0","10/27/2022 10:30:00 AM","No Pedestrians Involved","Dry","No Unusual Conditions","Daylight","Violation Driver 1","Controls Functioning","Clear","Broadside","Intersection","Other Vehicle","Not Applicable","Not Applicable","East Of",""
"689112","CR-0000094970","0","1","0","0","22-276-0750","False","False","212","10/3/2022 5:45:00 PM","No Pedestrians Involved","Dry","No Unusual Conditions","Daylight","Violation Driver 1","No Controls Present/Factor","Clear","Rear End","Non-Related","Other Vehicle","Not Applicable","Not Applicable","North Of",""
"689113","CR-0000094968","0","1","0","0","22-299-0596","False","False","23","10/26/2022 3:15:00 PM","No Pedestrians Involved","Dry","No Unusual Conditions","Daylight","Violation Driver 1","No Controls Present/Factor","Clear","Sideswipe","Related","Parked Vehicle","Not Applicable","Not Applicable","North Of",""
"689114","CR-0000094972","0","0","0","0","22-319-9806","False","True","200","8/2/2022 1:40:00 PM","No Pedestrians Involved","Dry","No Unusual Conditions","Daylight","Violation Driver 1","Controls Functioning","Clear","Sideswipe","Non-Related","Other Vehicle","Not Applicable","Not Applicable","West Of",""
"689115","CR-0000094973","0","0","0","0","22-319-9808","False","True","365","6/6/2022 12:45:00 AM","No Pedestrians Involved","Dry","No Unusual Conditions","Dark - Street Light","Violation Driver 1","No Controls Present/Factor","Clear","Head On","Non-Related","Parked Vehicle","Not Applicable","Not Applicable","West Of",""
"689116","CR-0000094981","2","0","0","0","22-127-0526","False","False","108","5/7/2022 3:00:00 PM","No Pedestrians Involved","Dry","No Unusual Conditions","Daylight","Violation Driver 1","No Controls Present/Factor","Clear","Broadside","Non-Related","Motor Vehicle On Other Roadway","Not Applicable","Not Applicable","South Of",""