"CrashFactId","Name","MinorInjuries","ModerateInjuries","SevereInjuries","FatalInjuries","TcrNumber","CityDamageFlag","ShortFormFlag","Distance","CrashDateTime","PedestrianAction","RoadwaySurface","RoadwayCondition","Lighting","PrimaryCollisionFactor","TrafficControl","Weather","CollisionType","ProximityToIntersection","VehicleInvolvedWith","PedestrianDirectionFrom","PedestrianDirectionTo","DirectionFromIntersection","Comment"
"689117","CR-0000094980","2","0","0","0","22-168-0927","False","False","0","6/17/2022 10:15:00 PM","No Pedestrians Involved","Dry","No Unusual Conditions","Dark - Street Light","Violation Driver 1","Controls Functioning","Clear","Rear End","Intersection","Other Vehicle","Not Applicable","Not Applicable","At",""
"689118","CR-0000094982","0","0","0","0","22-299-4001","False","True","0","10/26/2022 6:30:00 PM","No Pedestrians Involved","Unknown","Unknown","Unknown","Unknown","Unknown","Unknown","Sideswipe","Intersection","Other Vehicle","Not Applicable","Not Applicable","At",""
"689119","CR-0000094979","0","0","0","0","22-215-0928","False","False","112","6/3/2022 10:13:00 PM","No Pedestrians Involved","Dry","No Unusual Conditions","Dark - Street Light","Violation Driver 1","Unknown","Clear","Rear End","Non-Related","Other Vehicle","Not Applicable","Not Applicable","North Of",""
"689120","CR-0000095001","0","0","0","0","22-316-0164","False","False","195","11/12/2022 5:38:00 AM","No Pedestrians Involved","Slippery (Muddy Oily etc.)","No Unusual Conditions","Daylight","Violation Driver 1","No Controls Present/Factor","Clear","Rear End","Non-Related","Parked Vehicle","Not Applicable","Not Applicable","South Of",""
"689121","CR-0000094987","0","0","0","0","22-309-0547","False","False","0","11/5/2022 4:29:00 PM","No Pedestrians Involved","Dry","No Unusual Conditions","Daylight","Violation Driver 1","Controls Functioning","Clear","Broadside","Intersection","Other Vehicle","Not Applicable","Not Applicable","At",""
"689122","CR-0000095006","0","0","0","0","22-317-0577","False","False","0","11/13/2022 5:48:00 PM","No Pedestrians Involved","Dry","No Unusual Conditions","Dark - No Street Light","Violation Driver 1","No Controls Present/Factor","Clear","Sideswipe","Intersection","Other Vehicle","Not Applicable","Not Applicable","At",""
"689123","CR-0000095005","0","0","0","0","22-317-0481","True","False","610","11/13/2022 3:00:00 PM","No Pedestrians Involved","Dry","No Unusual Conditions","Daylight","Violation Driver 1","No Controls Present/Factor","Clear","Other","Non-Related","Fixed Object","Not Applicable","Not Applicable","North Of","EMERGENCY VEHICLE INVOLVED, STREET LIGHT"
"689124","CR-0000094989","0","0","0","0","22-310-0199","False","False","0","11/7/2022 9:14:00 AM","No Pedestrians Involved","Dry","No Unusual Conditions","Daylight","Violation Driver 1","Controls Functioning","Clear","Sideswipe","Intersection","Other Vehicle","Not Applicable","Not Applicable","At","POLICE VEHICLE INVOLVED"
"689125","CR-0000094994","1","0","0","0","22-313-0770","False","False","0","11/9/2022 6:45:00 PM","No Pedestrians Involved","Dry","No Unusual Conditions","Dark - Street Light","Violation Driver 1","Controls Functioning","Clear","Rear End","Intersection","Other Vehicle","Not Applicable","Not Applicable","At",""
"689126","CR-0000094983","0","0","0","0","22-238-0388","False","False","0","8/26/2022 12:26:00 PM","No Pedestrians Involved","Unknown","No Unusual Conditions","Daylight","Violation Driver 1","Unknown","Unknown","Broadside","Intersection","Train","Not Applicable","Not Applicable","At",""
"689127","CR-0000095010","0","1","0","0","22-297-0792","False","False","58","10/24/2022 7:00:00 PM","No Pedestrians Involved","Dry","No Unusual Conditions","Dark - Street Light","Unknown","Controls Functioning","Clear","Head On","Non-Related","Parked Vehicle","Not Applicable","Not Applicable","West Of",""
"689128","CR-0000095009","0","1","0","0","22-297-0220","True","False","431","10/24/2022 7:33:00 AM","No Pedestrians Involved","Dry","No Unusual Conditions","Daylight","Violation Driver 1","No Controls Present/Factor","Clear","Hit Object","Non-Related","Fixed Object","Not Applicable","Not Applicable","South Of","CITY LIGHT POLE"
"689129","CR-0000095004","1","0","0","0","22-317-0251","False","False","102","11/13/2022 9:15:00 AM","No Pedestrians Involved","Dry","No Unusual Conditions","Daylight","Violation Driver 1","No Controls Present/Factor","Clear","Sideswipe","Non-Related","Parked Vehicle","Not Applicable","Not Applicable","West Of",""
"689130","CR-0000095002","0","0","0","0","22-316-0612","False","False","71","11/12/2022 5:37:00 PM","In Road - Includes Shoulder","Dry","No Unusual Conditions","Dark - Street Light","Violation Driver 1","No Controls Present/Factor","Clear","Vehicle/Pedestrian","Non-Related","Pedestrian","No Direction (Not Walking)","No Direction (Not Walking)","East Of","PEDESTRIAN (pedestrian getting things out of car)"
"689131","CR-0000094999","0","1","0","0","22-315-0886","False","False","0","11/11/2022 10:55:00 PM","No Pedestrians Involved","Dry","No Unusual Conditions","Dark - Street Light","Violation Driver 1","Unknown","Clear","Head On","Intersection","Other Object","Not Applicable","Not Applicable","At",""
"689132","CR-0000094995","0","0","0","0","22-313-0860","False","False","0","11/9/2022 8:45:00 PM","No Pedestrians Involved","Dry","No Unusual Conditions","Dark - Street Light","Violation Driver 1","Controls Functioning","Clear","Broadside","Intersection","Other Vehicle","Not Applicable","Not Applicable","At",""
"689133","CR-0000094985","0","0","0","0","22-307-0542","False","False","0","11/3/2022 4:20:00 PM","No Pedestrians Involved","Dry","Construction - Repair Zone","Daylight","Violation Driver 1","Controls Functioning","Clear","Sideswipe","Intersection","Parked Vehicle","Not Applicable","Not Applicable","At","VTA BUS AND SAN JOSE DEPARTMENT OF TRANSPORTATION TRUCK INVOLVED"
"689134","CR-0000094996","0","0","0","0","22-314-0771","False","False","0","11/10/2022 6:11:00 PM","No Pedestrians Involved","Dry","No Unusual Conditions","Daylight","Violation Driver 1","Unknown","Clear","Broadside","Intersection","Other Vehicle","Not Applicable","Not Applicable","At","Connected with 22-314-0785"
"689135","CR-0000095012","0","1","0","0","22-200-0887","False","False","0","7/19/2022 12:39:00 AM","No Pedestrians Involved","Dry","No Unusual Conditions","Dusk - Dawn","Violation Driver 1","Controls Functioning","Clear","Head On","Intersection","Bike","Not Applicable","Not Applicable","At","BICYCLIST"
"689136","CR-0000094997","0","0","0","0","22-314-0785","True","False","0","11/10/2022 6:22:00 PM","No Pedestrians Involved","Dry","No Unusual Conditions","Dark - Street Light","Violation Driver 1","Controls Functioning","Clear","Hit Object","Intersection","Fixed Object","Not Applicable","Not Applicable","At","FENCE, STOP SIGN, LIGHT POLE"
"689137","CR-0000094984","0","0","0","0","22-306-0626","False","False","0","11/2/2022 3:28:00 PM","No Pedestrians Involved","Dry","No Unusual Conditions","Daylight","Violation Driver 1","Controls Functioning","Clear","Broadside","Intersection","Other Vehicle","Not Applicable","Not Applicable","At",""
"689138","CR-0000095007","1","0","0","0","22-317-0761","False","False","18","11/13/2022 10:10:00 PM","No Pedestrians Involved","Dry","No Unusual Conditions","Dark - Street Light","Violation Driver 1","Controls Functioning","Clear","Rear End","Related","Other Vehicle","Not Applicable","Not Applicable","North Of",""
"689139","CR-0000095008","0","1","0","0","22-317-0807","False","False","0","11/13/2022 11:10:00 PM","No Pedestrians Involved","Dry","No Unusual Conditions","Daylight","Violation Driver 1","No Controls Present/Factor","Clear","Rear End","Intersection","Other Vehicle","Not Applicable","Not Applicable","At","MEDIAN"
"689140","CR-0000095011","1","0","0","0","22-297-0295","False","False","0","10/24/2022 9:35:00 AM","No Pedestrians Involved","Dry","No Unusual Conditions","Daylight","Violation Driver 1","Controls Functioning","Clear","Rear End","Intersection","Other Vehicle","Not Applicable","Not Applicable","At",""
"689141","CR-0000094998","0","0","0","0","22-314-0995","False","False","0","11/10/2022 11:18:00 PM","No Pedestrians Involved","Dry","No Unusual Conditions","Dark - Street Light","Violation Driver 1","Controls Functioning","Clear","Rear End","Intersection","Other Vehicle","Not Applicable","Not Applicable","At",""
"689142","CR-0000094990","0","0","0","0","22-330-9803","False","True","0","11/8/2022 3:30:00 PM","No Pedestrians Involved","Dry","No Unusual Conditions","Daylight","Violation Driver 1","Controls Functioning","Clear","Other","Intersection","Other Vehicle","Not Applicable","Not Applicable","At",""
"689143","CR-0000094986","0","0","0","0","22-308-0991","True","False","53","11/4/2022 11:20:00 PM","No Pedestrians Involved","Dry","No Unusual Conditions","Dark - Street Light","Violation Driver 1","No Controls Present/Factor","Clear","Hit Object","Non-Related","Fixed Object","Not Applicable","Not Applicable","East Of","TREE"
"689144","CR-0000094991","0","0","0","0","22-313-0167","False","False","0","11/9/2022 8:17:00 AM","No Pedestrians Involved","Dry","No Unusual Conditions","Daylight","Violation Driver 1","No Controls Present/Factor","Clear","Sideswipe","Intersection","Other Vehicle","Not Applicable","Not Applicable","At",""
"689145","CR-0000094988","0","0","0","0","22-310-0111","False","False","51","11/6/2022 1:42:00 AM","No Pedestrians Involved","Dry","No Unusual Conditions","Dark - Street Light","Violation Driver 1","Controls Functioning","Clear","Rear End","Non-Related","Parked Vehicle","Not Applicable","Not Applicable","South Of",""
"689146","CR-0000095000","0","0","0","0","22-316-0068","True","False","18","11/12/2022 1:33:00 AM","No Pedestrians Involved","Dry","No Unusual Conditions","Dark - Street Light","Violation Driver 1","No Controls Present/Factor","Clear","Hit Object","Related","Fixed Object","Not Applicable","Not Applicable","North Of","CURB (FENCE)"
"689147","CR-0000095003","0","0","0","0","22-320-9701","False","True","0","11/12/2022 10:30:00 PM","No Pedestrians Involved","Unknown","Unknown","Unknown","Unknown","Unknown","Unknown","Sideswipe","Intersection","Parked Vehicle","Not Applicable","Not Applicable","At",""
"689148","CR-0000094992","0","0","0","0","22-313-0672","False","False","0","11/9/2022 4:48:00 PM","No Pedestrians Involved","Dry","No Unusual Conditions","Dark - Street Light","Violation Driver 1","No Controls Present/Factor","Cloudy","Head On","Intersection","Other Vehicle","Not Applicable","Not Applicable","At",""
"689149","CR-0000094993","1","0","0","0","22-313-0528","False","False","50","11/9/2022 2:33:00 PM","No Pedestrians Involved","Dry","No Unusual Conditions","Daylight","Violation Driver 1","Controls Functioning","Clear","Rear End","Related","Other Vehicle","Not Applicable","Not Applicable","West Of",""
"689150","CR-0000095026","0","0","0","0","22-296-0129","False","False","198","10/23/2022 1:50:00 AM","No Pedestrians Involved","Dry","No Unusual Conditions","Dark - Street Light","Violation Driver 1","No Controls Present/Factor","Clear","Head On","Non-Related","Other Vehicle","Not Applicable","Not Applicable","South Of",""
"689151","CR-0000095036","0","1","0","0","22-319-0177","False","False","0","11/15/2022 7:01:00 AM","No Pedestrians Involved","Dry","No Unusual Conditions","Daylight","Violation Driver 1","Controls Functioning","Clear","Rear End","Intersection","Other Vehicle","Not Applicable","Not Applicable","At",""
"689152","CR-0000095040","0","0","0","0","22-320-0658","True","False","","11/16/2022 4:58:00 PM","No Pedestrians Involved","Dry","No Unusual Conditions","Dark - Street Light","Violation Driver 1","Controls Functioning","Clear","Sideswipe","Non-Related","Other Vehicle","Not Applicable","Not Applicable","East Of","CITY VEHICLE INVOLVED"
"689153","CR-0000095021","2","0","0","0","22-196-7045","False","False","132","10/23/2022 6:54:00 PM","No Pedestrians Involved","Dry","No Unusual Conditions","Dark - Street Light","Violation Driver 1","Controls Functioning","Clear","Head On","Non-Related","Other Vehicle","Not Applicable","Not Applicable","North Of",""
"689154","CR-0000095014","1","0","0","0","22-287-0166","True","False","0","10/14/2022 6:58:00 AM","No Pedestrians Involved","Dry","No Unusual Conditions","Daylight","Violation Driver 1","No Controls Present/Factor","Clear","Head On","Intersection","Fixed Object","Not Applicable","Not Applicable","At","POLE"
"689155","CR-0000095049","0","0","0","0","22-323-0166","False","False","51","11/19/2022 4:20:00 AM","No Pedestrians Involved","Dry","No Unusual Conditions","Dark - Street Light","Violation Driver 1","No Controls Present/Factor","Clear","Rear End","Non-Related","Parked Vehicle","Not Applicable","Not Applicable","South Of",""
"689156","CR-0000095051","0","1","1","0","22-324-0011","True","False","22","11/20/2022 12:05:00 AM","No Pedestrians Involved","Dry","No Unusual Conditions","Dark - Street Light","Violation Driver 1","No Controls Present/Factor","Clear","Head On","Related","Parked Vehicle","Not Applicable","Not Applicable","North Of","LIGHT POLE, TREE"
"689157","CR-0000095045","0","0","0","0","22-322-0856","False","False","41","11/17/2022 9:13:00 PM","No Pedestrians Involved","Dry","No Unusual Conditions","Dark - Street Light","Violation Driver 1","No Controls Present/Factor","Clear","Sideswipe","Related","Parked Vehicle","Not Applicable","Not Applicable","East Of",""
"689158","CR-0000095039","0","0","0","0","22-319-0947","True","False","35","11/15/2022 10:26:00 PM","No Pedestrians Involved","Dry","No Unusual Conditions","Dark - Street Light","Violation Driver 1","Controls Functioning","Clear","Hit Object","Related","Fixed Object","Not Applicable","Not Applicable","South Of","GUARD RAIL"
"689159","CR-0000095035","1","0","0","0","22-319-0165","False","False","0","11/15/2022 6:13:00 AM","Crossing In Crosswalk - At Intersection","Dry","No Unusual Conditions","Dusk - Dawn","Violation Driver 1","Controls Functioning","Clear","Vehicle/Pedestrian","Intersection","Pedestrian","West","East","At","PEDESTRIAN"
"689160","CR-0000095025","0","0","0","0","22-300-0521","False","False","22","10/27/2022 2:30:00 PM","No Pedestrians Involved","Dry","No Unusual Conditions","Daylight","Violation Driver 1","No Controls Present/Factor","Clear","Rear End","Related","Other Vehicle","Not Applicable","Not Applicable","North Of",""
"689161","CR-0000095018","0","1","0","0","22-290-0927","False","False","100","10/17/2022 9:46:00 PM","No Pedestrians Involved","Dry","No Unusual Conditions","Dark - Street Light","Violation Driver 1","Controls Functioning","Clear","Hit Object","Non-Related","Fixed Object","Not Applicable","Not Applicable","Unknown",""
"689162","CR-0000095050","1","0","0","0","22-323-0441","False","False","290","11/19/2022 2:13:00 PM","No Pedestrians Involved","Dry","No Unusual Conditions","Daylight","Violation Driver 1","No Controls Present/Factor","Clear","Rear End","Non-Related","Other Vehicle","Not Applicable","Not Applicable","South Of",""
"689163","CR-0000095044","0","0","0","0","22-321-0392","False","False","0","11/17/2022 11:56:00 AM","No Pedestrians Involved","Dry","No Unusual Conditions","Daylight","Violation Driver 1","Controls Functioning","Clear","Rear End","Intersection","Other Vehicle","Not Applicable","Not Applicable","At",""
"689164","CR-0000095023","0","0","0","0","22-297-0697","False","False","45","10/24/2022 5:06:00 PM","No Pedestrians Involved","Dry","No Unusual Conditions","Daylight","Violation Driver 1","No Controls Present/Factor","Clear","Sideswipe","Related","Parked Vehicle","Not Applicable","Not Applicable","East Of",""
"689165","CR-0000095031","2","0","0","0","22-284-0863","False","False","0","10/11/2022 7:08:00 PM","No Pedestrians Involved","Dry","No Unusual Conditions","Daylight","Violation Driver 1","No Controls Present/Factor","Clear","Broadside","Intersection","Other Vehicle","Not Applicable","Not Applicable","At",""
"689166","CR-0000095030","1","0","0","0","22-303-0852","True","False","200","10/30/2022 9:32:00 PM","No Pedestrians Involved","Dry","No Unusual Conditions","Dark - Street Light","Violation Driver 1","No Controls Present/Factor","Clear","Sideswipe","Non-Related","Fixed Object","Not Applicable","Not Applicable","South Of","METAL CRASH GUARD"
"689167","CR-0000095020","0","0","0","0","22-196-0129","False","False","198","10/23/2022 1:50:00 AM","No Pedestrians Involved","Dry","No Unusual Conditions","Dark - Street Light","Violation Driver 1","No Controls Present/Factor","Clear","Head On","Non-Related","Other Vehicle","Not Applicable","Not Applicable","South Of",""
"689168","CR-0000095043","0","0","0","0","22-321-0200","False","False","0","11/17/2022 8:32:00 AM","No Pedestrians Involved","Dry","No Unusual Conditions","Daylight","Violation Driver 1","Controls Functioning","Clear","Rear End","Intersection","Other Vehicle","Not Applicable","Not Applicable","South Of",""
"689169","CR-0000095015","0","0","0","0","22-289-0899","False","False","0","10/16/2022 10:36:00 PM","No Pedestrians Involved","Dry","No Unusual Conditions","Dark - Street Light","Violation Driver 1","No Controls Present/Factor","Clear","Head On","Intersection","Fixed Object","Not Applicable","Not Applicable","At","FIRE HYDRANT"
"689170","CR-0000095013","0","1","0","0","22-280-1199","False","False","27","10/2/2022 11:49:00 PM","No Pedestrians Involved","Dry","No Unusual Conditions","Dark - Street Light","Violation Driver 1","No Controls Present/Factor","Clear","Hit Object","Related","Other Object","Not Applicable","Not Applicable","West Of","TREE"
"689171","CR-0000095037","0","0","0","0","22-307-0179","True","False","0","11/15/2022 6:19:00 PM","No Pedestrians Involved","Dry","No Unusual Conditions","Daylight","Violation Driver 1","No Controls Present/Factor","Clear","Sideswipe","Intersection","Parked Vehicle","Not Applicable","Not Applicable","At","EMERGENCY VEHICLE"
"689172","CR-0000095033","0","1","0","0","22-318-0887","False","False","27","11/14/2022 8:30:00 PM","Crossing - Not In Crosswalk","Dry","No Unusual Conditions","Dark - Street Light","Violation Driver 1","Unknown","Clear","Vehicle/Pedestrian","Related","Pedestrian","North","South","East Of","PEDESTRIAN"
"689173","CR-0000095022","0","3","1","0","22-296-0483","False","False","0","10/23/2022 1:16:00 PM","No Pedestrians Involved","Dry","No Unusual Conditions","Daylight","Unknown","Controls Functioning","Clear","Broadside","Intersection","Other Vehicle","Not Applicable","Not Applicable","At",""
"689174","CR-0000095048","0","0","0","0","22-323-0063","False","False","75","11/19/2022 1:14:00 AM","No Pedestrians Involved","Dry","No Unusual Conditions","Dark - Street Light","Violation Driver 1","No Controls Present/Factor","Clear","Rear End","Non-Related","Parked Vehicle","Not Applicable","Not Applicable","South Of",""
"689175","CR-0000095024","0","0","0","0","22-297-0783","False","False","52","10/24/2022 7:00:00 PM","No Pedestrians Involved","Dry","No Unusual Conditions","Dark - Street Light","Violation Driver 1","No Controls Present/Factor","Clear","Other","Non-Related","Parked Vehicle","Not Applicable","Not Applicable","East Of",""
"689176","CR-0000095042","0","0","1","0","22-320-0730","False","False","0","11/16/2022 6:27:00 PM","No Pedestrians Involved","Dry","No Unusual Conditions","Dark - Street Light","Violation Driver 1","Controls Functioning","Clear","Broadside","Intersection","Other Vehicle","Not Applicable","Not Applicable","At",""
"689177","CR-0000095034","0","0","0","0","22-319-0011","False","False","70","11/15/2022 12:04:00 AM","No Pedestrians Involved","Dry","No Unusual Conditions","Dark - Street Light","Violation Driver 1","No Controls Present/Factor","Clear","Head On","Non-Related","Other Vehicle","Not Applicable","Not Applicable","North Of",""
"689178","CR-0000095032","0","0","0","1","22-365-0645","False","False","0","12/31/2022 7:30:00 PM","Crossing - Not In Crosswalk","Wet","No Unusual Conditions","Dark - Street Light","Unknown","No Controls Present/Factor","Rain","Vehicle/Pedestrian","Intersection","Pedestrian","North","South","At","PED"
"689179","CR-0000095047","0","0","0","0","22-322-0760","True","False","51","11/18/2022 7:00:00 PM","No Pedestrians Involved","Dry","No Unusual Conditions","Daylight","Violation Driver 1","Controls Functioning","Clear","Sideswipe","Non-Related","Other Vehicle","Not Applicable","Not Applicable","North Of","EMERGENCY VEHICLE"
"689180","CR-0000095038","2","1","0","0","22-319-0688","False","False","174","11/15/2022 5:17:00 PM","No Pedestrians Involved","Dry","No Unusual Conditions","Dark - Street Light","Violation Driver 1","No Controls Present/Factor","Clear","Broadside","Non-Related","Other Vehicle","Not Applicable","Not Applicable","West Of",""
"689181","CR-0000095028","4","0","0","0","22-300-0893","False","False","51","10/27/2022 9:34:00 PM","No Pedestrians Involved","Dry","No Unusual Conditions","Dark - Street Light","Violation Driver 1","Controls Functioning","Clear","Rear End","Non-Related","Other Vehicle","Not Applicable","Not Applicable","East Of",""
"689182","CR-0000095016","1","1","0","0","22-290-0494","True","False","0","10/17/2022 1:20:00 PM","No Pedestrians Involved","Dry","No Unusual Conditions","Daylight","Violation Driver 1","Controls Functioning","Clear","Rear End","Intersection","Other Vehicle","Not Applicable","Not Applicable","At","LIGHT POLE"
"689183","CR-0000095027","0","1","0","0","22-300-0700","False","False","0","10/27/2022 5:27:00 PM","No Pedestrians Involved","Dry","No Unusual Conditions","Daylight","Violation Driver 1","Controls Functioning","Clear","Vehicle/Bike","Intersection","Bike","Not Applicable","Not Applicable","At",""
"689184","CR-0000095017","0","0","0","0","22-290-0524","False","False","0","10/17/2022 1:40:00 PM","No Pedestrians Involved","Dry","No Unusual Conditions","Daylight","Unknown","Controls Functioning","Clear","Broadside","Intersection","Other Vehicle","Not Applicable","Not Applicable","At",""
"689185","CR-0000095046","1","0","0","0","22-322-0696","False","False","0","11/18/2022 6:14:00 PM","No Pedestrians Involved","Dry","No Unusual Conditions","Daylight","Violation Driver 1","Controls Functioning","Clear","Sideswipe","Intersection","Other Vehicle","Not Applicable","Not Applicable","At",""
"689186","CR-0000095041","1","1","0","0","22-320-0671","False","False","0","11/16/2022 5:21:00 PM","No Pedestrians Involved","Dry","No Unusual Conditions","Dark - Street Light","Violation Driver 1","No Controls Present/Factor","Clear","Broadside","Intersection","Other Vehicle","Not Applicable","Not Applicable","At",""
"689188","CR-0000095089","0","0","0","1","22-294-0151","False","False","0","10/21/2022 6:51:00 AM","No Pedestrians Involved","Dry","No Unusual Conditions","Dusk - Dawn","Bike At Fault","Controls Functioning","Clear","Vehicle/Bike","Intersection","Scooter Motorized","Not Applicable","Not Applicable","At",""
"689189","CR-0000095090","1","0","0","1","22-314-0631","False","False","0","11/10/2022 4:11:00 PM","No Pedestrians Involved","Dry","No Unusual Conditions","Daylight","Unknown","Controls Functioning","Clear","Head On","Intersection","Motorcycle","Not Applicable","Not Applicable","At",""
"689190","CR-0000095091","0","0","0","1","22-322-0972","False","False","210","11/18/2022 11:24:00 PM","No Pedestrians Involved","Dry","No Unusual Conditions","Dark - No Street Light","Violation Driver 1","No Controls Present/Factor","Clear","Hit Object","Non-Related","Fixed Object","Not Applicable","Not Applicable","South Of","Roadway shoulder and structure"
"689192","CR-0000095103","0","0","0","1","22-136-0480","False","False","255","5/16/2022 12:35:00 PM","In Road - Includes Shoulder","Dry","Unknown","Daylight","Unknown","Controls Functioning","Unknown","Vehicle/Pedestrian","Non-Related","Pedestrian","West","East","North Of","PED"
"689193","CR-0000095102","1","3","0","1","22-112-0037","False","False","0","4/22/2022 1:19:00 AM","No Pedestrians Involved","Wet","No Unusual Conditions","Dark - Street Light","Violation Driver 1","Controls Functioning","Rain","Broadside","Intersection","Motor Vehicle On Other Roadway","Not Applicable","Not Applicable","At","POLICE PURSUIT"
"689194","CR-0000095101","0","0","0","1","22-225-0142","True","False","37","8/13/2022 3:18:00 AM","No Pedestrians Involved","Dry","No Unusual Conditions","Dark - Street Light","Violation Driver 1","Controls Functioning","Clear","Hit Object","Related","Fixed Object","Not Applicable","Not Applicable","East Of","TREE"
"689195","CR-0000095110","1","0","0","0","22-294-0791","False","False","0","10/21/2022 7:00:00 PM","In Road - Includes Shoulder","Dry","No Unusual Conditions","Dark - Street Light","Pedestrian At Fault","No Controls Present/Factor","Clear","Vehicle/Pedestrian","Intersection","Pedestrian","South","North","At","PED"
"689197","CR-0000095115","0","0","0","0","22-300-9702","False","True","0","10/25/2022 12:30:00 PM","No Pedestrians Involved","Dry","No Unusual Conditions","Daylight","Unknown","Controls Functioning","Clear","Sideswipe","Intersection","Other Vehicle","Not Applicable","Not Applicable","At",""
"689198","CR-0000095125","1","1","0","0","22-277-0174","False","False","0","10/4/2022 7:30:00 AM","No Pedestrians Involved","Dry","No Unusual Conditions","Daylight","Violation Driver 1","Controls Functioning","Cloudy","Broadside","Intersection","Other Vehicle","Not Applicable","Not Applicable","At",""
"689199","CR-0000095112","0","1","0","0","22-297-0704","False","False","0","10/24/2022 5:18:00 PM","No Pedestrians Involved","Dry","No Unusual Conditions","Daylight","Violation Driver 1","No Controls Present/Factor","Clear","Vehicle/Bike","Intersection","Bike","Not Applicable","Not Applicable","At","BIKE"
"689200","CR-0000095111","0","1","0","0","22-298-0581","False","False","200","10/25/2022 3:00:00 PM","No Pedestrians Involved","Dry","No Unusual Conditions","Daylight","Violation Driver 1","Controls Functioning","Clear","Vehicle/Bike","Non-Related","Bike","Not Applicable","Not Applicable","North Of","BIKE"
"689201","CR-0000095122","0","1","0","0","22-302-0595","False","False","0","10/29/2022 4:46:00 PM","No Pedestrians Involved","Dry","No Unusual Conditions","Daylight","Unknown","No Controls Present/Factor","Clear","Vehicle/Bike","Intersection","Bike","Not Applicable","Not Applicable","At","BIKE"
"689202","CR-0000095105","0","0","0","0","22-295-0957","False","False","0","10/22/2022 11:40:00 PM","No Pedestrians Involved","Dry","No Unusual Conditions","Dark - Street Light","Violation Driver 1","Controls Functioning","Clear","Sideswipe","Intersection","Other Vehicle","Not Applicable","Not Applicable","At",""
"689203","CR-0000095108","0","1","0","0","22-299-0349","False","False","39","10/26/2022 11:22:00 AM","No Pedestrians Involved","Dry","No Unusual Conditions","Daylight","Violation Driver 1","Controls Functioning","Clear","Broadside","Related","Other Vehicle","Not Applicable","Not Applicable","East Of",""
"689204","CR-0000095127","0","0","1","0","22-303-0877","False","False","21","10/30/2022 9:55:00 PM","No Pedestrians Involved","Dry","No Unusual Conditions","Dark - Street Light","Violation Driver 1","Controls Functioning","Clear","Vehicle/Bike","Related","Bike","Not Applicable","Not Applicable","East Of","BIKE/2 CARS AT FAULT"
"689205","CR-0000095121","1","0","0","0","22-301-0384","False","False","0","10/28/2022 1:14:00 PM","No Pedestrians Involved","Dry","No Unusual Conditions","Daylight","Unknown","Controls Functioning","Clear","Head On","Intersection","Other Vehicle","Not Applicable","Not Applicable","At",""
"689206","CR-0000095114","0","1","0","0","22-298-0296","False","False","0","10/25/2022 9:55:00 AM","No Pedestrians Involved","Dry","No Unusual Conditions","Daylight","Violation Driver 1","No Controls Present/Factor","Clear","Broadside","Intersection","Other Vehicle","Not Applicable","Not Applicable","At",""
"689207","CR-0000095107","1","0","0","0","22-299-0412","False","False","0","10/26/2022 12:10:00 PM","No Pedestrians Involved","Dry","No Unusual Conditions","Daylight","Violation Driver 1","Controls Functioning","Clear","Broadside","Intersection","Other Vehicle","Not Applicable","Not Applicable","At",""
"689208","CR-0000095106","0","0","0","0","22-294-1017","False","False","2663","10/22/2022 2:02:00 AM","No Pedestrians Involved","Dry","No Unusual Conditions","Dark - Street Light","Violation Driver 1","No Controls Present/Factor","Clear","Hit Object","Non-Related","Fixed Object","Not Applicable","Not Applicable","South Of","Comcast Cable Unit/Curb"
"689209","CR-0000095113","1","0","0","0","22-297-0234","False","False","0","10/24/2022 7:55:00 AM","No Pedestrians Involved","Dry","No Unusual Conditions","Daylight","Violation Driver 1","Controls Functioning","Clear","Broadside","Intersection","Other Vehicle","Not Applicable","Not Applicable","At",""
"689210","CR-0000095109","1","0","0","0","22-298-0622","False","False","0","10/25/2022 4:28:00 PM","No Pedestrians Involved","Dry","No Unusual Conditions","Daylight","Violation Driver 1","Controls Functioning","Clear","Vehicle/Bike","Intersection","Bike","Not Applicable","Not Applicable","At","BIKE"
"689211","CR-0000095120","0","1","0","0","22-295-0666","False","False","25","10/22/2022 6:32:00 PM","No Pedestrians Involved","Dry","No Unusual Conditions","Dusk - Dawn","Violation Driver 1","No Controls Present/Factor","Clear","Broadside","Related","Other Vehicle","Not Applicable","Not Applicable","North Of",""
"689212","CR-0000095124","0","0","0","0","22-279-0873","False","False","206","10/6/2022 7:28:00 PM","No Pedestrians Involved","Dry","No Unusual Conditions","Dark - Street Light","Violation Driver 1","No Controls Present/Factor","Clear","Rear End","Non-Related","Other Vehicle","Not Applicable","Not Applicable","East Of",""
"689213","CR-0000095116","0","1","0","0","22-304-0872","True","False","325","10/31/2022 8:26:00 PM","No Pedestrians Involved","Dry","No Unusual Conditions","Dark - Street Light","Violation Driver 1","No Controls Present/Factor","Clear","Hit Object","Non-Related","Fixed Object","Not Applicable","Not Applicable","West Of","CENTER MEDIAN"