"CrashFactId","Name","MinorInjuries","ModerateInjuries","SevereInjuries","FatalInjuries","TcrNumber","CityDamageFlag","ShortFormFlag","Distance","CrashDateTime","PedestrianAction","RoadwaySurface","RoadwayCondition","Lighting","PrimaryCollisionFactor","TrafficControl","Weather","CollisionType","ProximityToIntersection","VehicleInvolvedWith","PedestrianDirectionFrom","PedestrianDirectionTo","DirectionFromIntersection","Comment"
"689214","CR-0000095119","0","0","0","0","22-300-0199","False","False","0","10/27/2022 8:21:00 AM","No Pedestrians Involved","Dry","No Unusual Conditions","Daylight","Violation Driver 1","Controls Functioning","Clear","Vehicle/Bike","Intersection","Bike","Not Applicable","Not Applicable","At","BIKE"
"689215","CR-0000095149","0","0","0","0","22-298-0720","True","False","124","10/25/2022 4:58:00 PM","No Pedestrians Involved","Dry","No Unusual Conditions","Daylight","Violation Driver 1","No Controls Present/Factor","Clear","Sideswipe","Non-Related","Parked Vehicle","Not Applicable","Not Applicable","East Of","City vehicle"
"689217","CR-0000095147","0","0","0","1","22-179-0117","False","False","0","6/28/2022 3:11:00 AM","In Road - Includes Shoulder","Dry","No Unusual Conditions","Dark - Street Light","Unknown","No Controls Present/Factor","Clear","Vehicle/Pedestrian","Intersection","Pedestrian","No Direction (Not Walking)","No Direction (Not Walking)","At","PED"
"689218","CR-0000095148","0","0","0","0","22-273-4000","False","True","0","9/22/2022 7:50:00 AM","No Pedestrians Involved","Unknown","Unknown","Daylight","Unknown","Unknown","Unknown","Sideswipe","Intersection","Other Vehicle","Not Applicable","Not Applicable","At",""
"689219","CR-0000095165","0","0","0","0","22-280-0396","True","False","141","10/7/2022 11:24:00 AM","No Pedestrians Involved","Dry","No Unusual Conditions","Daylight","Violation Driver 1","No Controls Present/Factor","Clear","Sideswipe","Non-Related","Parked Vehicle","Not Applicable","Not Applicable","North Of","FIRE TRUCK"
"689220","CR-0000095161","0","0","0","0","22-286-0860","True","False","76","10/13/2022 7:34:00 PM","No Pedestrians Involved","Dry","No Unusual Conditions","Dusk - Dawn","Violation Driver 1","No Controls Present/Factor","Clear","Rear End","Non-Related","Parked Vehicle","Not Applicable","Not Applicable","South Of","FIRE TRUCK"
"689221","CR-0000095162","0","0","0","0","22-301-0953","False","False","123","10/28/2022 11:04:00 PM","No Pedestrians Involved","Dry","No Unusual Conditions","Dark - Street Light","Violation Driver 1","No Controls Present/Factor","Clear","Rear End","Non-Related","Other Vehicle","Not Applicable","Not Applicable","East Of",""
"689222","CR-0000095166","0","0","1","0","22-302-0327","False","False","0","10/29/2022 10:50:00 AM","No Pedestrians Involved","Dry","No Unusual Conditions","Daylight","Violation Driver 1","Controls Functioning","Clear","Broadside","Intersection","Other Vehicle","Not Applicable","Not Applicable","At",""
"689223","CR-0000095160","0","0","0","0","22-350-9703","False","True","0","9/21/2022 10:00:00 AM","No Pedestrians Involved","Dry","No Unusual Conditions","Daylight","Unknown","Controls Functioning","Clear","Sideswipe","Intersection","Other Vehicle","Not Applicable","Not Applicable","At",""
"689224","CR-0000095167","0","0","0","0","22-302-0493","False","False","0","10/29/2022 2:52:00 PM","No Pedestrians Involved","Dry","No Unusual Conditions","Daylight","Violation Driver 1","Controls Functioning","Clear","Rear End","Intersection","Other Vehicle","Not Applicable","Not Applicable","At",""
"689225","CR-0000095168","0","0","0","0","22-302-0452","False","False","48","10/29/2022 1:30:00 PM","No Pedestrians Involved","Dry","No Unusual Conditions","Daylight","Violation Driver 1","Controls Functioning","Clear","Sideswipe","Related","Other Vehicle","Not Applicable","Not Applicable","West Of",""
"689226","CR-0000095159","0","0","1","2","23-027-0106","True","False","0","1/27/2023 4:17:00 AM","No Pedestrians Involved","Dry","No Unusual Conditions","Dark - Street Light","Violation Driver 1","Controls Functioning","Clear","Hit Object","Intersection","Fixed Object","Not Applicable","Not Applicable","At","LIGHT POLE (2 Passenger Fatality)"
"689227","CR-0000095163","1","0","0","0","22-301-0203","False","False","0","10/28/2022 8:50:00 AM","No Pedestrians Involved","Dry","No Unusual Conditions","Daylight","Violation Driver 1","Unknown","Clear","Vehicle/Bike","Intersection","Bike","Not Applicable","Not Applicable","At","BIKE"
"689228","CR-0000095164","1","0","0","0","22-284-0721","True","False","315","10/11/2022 4:15:00 PM","No Pedestrians Involved","Dry","Holes Deep Rut","Daylight","Unknown","No Controls Present/Factor","Clear","Rear End","Non-Related","Other Vehicle","Not Applicable","Not Applicable","West Of",""
"689229","CR-0000095195","3","0","0","0","22-298-0523","False","False","0","10/25/2022 2:00:00 PM","No Pedestrians Involved","Dry","No Unusual Conditions","Daylight","Violation Driver 1","Controls Functioning","Clear","Sideswipe","Intersection","Other Vehicle","Not Applicable","Not Applicable","At",""
"689230","CR-0000095191","0","0","0","0","22-298-0151","False","False","28","10/25/2022 6:08:00 AM","No Pedestrians Involved","Dry","No Unusual Conditions","Daylight","Violation Driver 1","Controls Functioning","Clear","Hit Object","Related","Fixed Object","Not Applicable","Not Applicable","North Of","TELEPHONE POLE"
"689231","CR-0000095190","0","0","0","0","22-298-0624","False","False","0","10/25/2022 3:31:00 PM","No Pedestrians Involved","Dry","No Unusual Conditions","Daylight","Violation Driver 1","Controls Functioning","Clear","Other","Intersection","Other Vehicle","Not Applicable","Not Applicable","At",""
"689232","CR-0000095188","0","1","0","0","22-297-0828","True","False","0","10/24/2022 8:03:00 PM","No Pedestrians Involved","Dry","No Unusual Conditions","Dark - Street Light","Violation Driver 1","Controls Functioning","Clear","Hit Object","Intersection","Fixed Object","Not Applicable","Not Applicable","At","CEMENT RAMP"
"689233","CR-0000095189","0","0","0","0","22-298-0469","False","True","0","10/25/2022 1:06:00 PM","No Pedestrians Involved","Dry","Other","Daylight","Unknown","Unknown","Other","Other","Intersection","Other Vehicle","Not Applicable","Not Applicable","At",""
"689234","CR-0000095187","0","0","1","0","22-301-0275","False","False","139","10/28/2022 10:13:00 AM","No Pedestrians Involved","Dry","No Unusual Conditions","Daylight","Violation Driver 1","No Controls Present/Factor","Clear","Overturned","Non-Related","Other Vehicle","Not Applicable","Not Applicable","South Of",""
"689235","CR-0000095196","1","1","0","0","22-298-0233","True","False","87","10/25/2022 8:34:00 AM","No Pedestrians Involved","Dry","No Unusual Conditions","Daylight","Violation Driver 1","Controls Functioning","Clear","Broadside","Non-Related","Other Vehicle","Not Applicable","Not Applicable","East Of","TREE"
"689236","CR-0000095193","0","1","0","0","22-298-0270","True","False","0","10/25/2022 9:23:00 AM","No Pedestrians Involved","Dry","No Unusual Conditions","Daylight","Violation Driver 1","No Controls Present/Factor","Clear","Broadside","Intersection","Fixed Object","Not Applicable","Not Applicable","At","LIGHT POLE"
"689237","CR-0000095194","0","0","0","0","22-298-0069","True","False","225","10/25/2022 2:09:00 AM","No Pedestrians Involved","Dry","No Unusual Conditions","Dark - Street Light","Violation Driver 1","Controls Functioning","Clear","Hit Object","Non-Related","Fixed Object","Not Applicable","Not Applicable","South Of","TREE"
"689238","CR-0000095192","0","0","0","0","22-298-0949","False","False","85","10/25/2022 9:07:00 PM","No Pedestrians Involved","Dry","No Unusual Conditions","Dark - Street Light","Violation Driver 1","No Controls Present/Factor","Clear","Broadside","Non-Related","Other Vehicle","Not Applicable","Not Applicable","North Of",""
"689239","CR-0000095198","0","0","0","0","22-302-0756","True","False","28","10/29/2022 7:21:00 PM","No Pedestrians Involved","Dry","No Unusual Conditions","Dark - Street Light","Unknown","Controls Functioning","Clear","Hit Object","Related","Fixed Object","Not Applicable","Not Applicable","West Of","SIGNAL POLE"
"689240","CR-0000095204","2","0","0","0","22-303-0202","False","False","0","10/30/2022 4:15:00 AM","No Pedestrians Involved","Dry","No Unusual Conditions","Dark - Street Light","Violation Driver 1","No Controls Present/Factor","Clear","Broadside","Intersection","Motor Vehicle On Other Roadway","Not Applicable","Not Applicable","At",""
"689241","CR-0000095199","0","0","0","0","22-302-0831","False","False","0","10/29/2022 8:31:00 PM","No Pedestrians Involved","Dry","No Unusual Conditions","Dark - Street Light","Violation Driver 1","Controls Functioning","Clear","Rear End","Intersection","Other Vehicle","Not Applicable","Not Applicable","At",""
"689242","CR-0000095215","0","0","0","0","22-296-0277","False","False","65","10/23/2022 7:20:00 AM","No Pedestrians Involved","Dry","No Unusual Conditions","Daylight","Violation Driver 1","No Controls Present/Factor","Clear","Sideswipe","Non-Related","Parked Vehicle","Not Applicable","Not Applicable","West Of",""
"689243","CR-0000095210","0","0","0","0","22-309-0188","False","False","50","10/31/2022 9:10:00 AM","No Pedestrians Involved","Dry","No Unusual Conditions","Daylight","Violation Driver 1","Controls Functioning","Clear","Rear End","Related","Other Vehicle","Not Applicable","Not Applicable","South Of",""
"689244","CR-0000095207","0","0","0","0","22-303-0297","False","False","0","10/30/2022 8:59:00 AM","No Pedestrians Involved","Dry","No Unusual Conditions","Daylight","Violation Driver 1","Controls Functioning","Cloudy","Rear End","Intersection","Other Vehicle","Not Applicable","Not Applicable","At",""
"689245","CR-0000095208","1","0","0","0","22-304-0908","False","False","41","10/31/2022 9:41:00 PM","No Pedestrians Involved","Dry","No Unusual Conditions","Dark - Street Light","Violation Driver 1","No Controls Present/Factor","Clear","Rear End","Related","Parked Vehicle","Not Applicable","Not Applicable","East Of",""
"689246","CR-0000095216","2","0","0","0","22-292-0821","False","False","0","10/19/2022 7:34:00 PM","No Pedestrians Involved","Dry","No Unusual Conditions","Dark - Street Light","Violation Driver 1","No Controls Present/Factor","Clear","Sideswipe","Intersection","Other Vehicle","Not Applicable","Not Applicable","At",""
"689247","CR-0000095219","0","0","0","0","22-294-0041","False","False","0","10/21/2022 1:15:00 AM","No Pedestrians Involved","Dry","No Unusual Conditions","Dark - Street Light","Violation Driver 1","No Controls Present/Factor","Clear","Head On","Intersection","Parked Vehicle","Not Applicable","Not Applicable","At",""
"689248","CR-0000095203","2","0","0","0","22-303-0065","False","False","0","10/30/2022 12:47:00 AM","No Pedestrians Involved","Dry","No Unusual Conditions","Dark - Street Light","Violation Driver 1","Controls Functioning","Cloudy","Head On","Intersection","Other Vehicle","Not Applicable","Not Applicable","At",""
"689249","CR-0000095201","0","1","0","0","22-303-0637","False","False","46","10/30/2022 4:59:00 PM","In Road - Includes Shoulder","Dry","No Unusual Conditions","Daylight","Violation Driver 1","No Controls Present/Factor","Clear","Vehicle/Pedestrian","Related","Pedestrian","No Direction (Not Walking)","No Direction (Not Walking)","North Of","PED"
"689250","CR-0000095206","0","0","0","0","22-303-0738","False","False","44","10/30/2022 6:57:00 PM","No Pedestrians Involved","Dry","No Unusual Conditions","Dark - Street Light","Violation Driver 1","Controls Functioning","Clear","Rear End","Related","Parked Vehicle","Not Applicable","Not Applicable","West Of",""
"689251","CR-0000095218","1","1","0","0","22-293-0226","False","False","51","10/20/2022 8:45:00 AM","No Pedestrians Involved","Dry","No Unusual Conditions","Daylight","Violation Driver 1","Controls Functioning","Clear","Rear End","Non-Related","Other Vehicle","Not Applicable","Not Applicable","East Of",""
"689252","CR-0000095202","0","0","0","0","22-303-0054","False","False","69","10/30/2022 12:40:00 AM","No Pedestrians Involved","Dry","No Unusual Conditions","Dark - Street Light","Violation Driver 1","Controls Functioning","Clear","Hit Object","Non-Related","Fixed Object","Not Applicable","Not Applicable","North Of","VTA SIGN"
"689253","CR-0000095212","0","0","0","0","22-303-0823","False","False","0","10/30/2022 8:45:00 PM","No Pedestrians Involved","Dry","No Unusual Conditions","Dark - Street Light","Violation Driver 1","No Controls Present/Factor","Clear","Sideswipe","Intersection","Other Vehicle","Not Applicable","Not Applicable","At",""
"689254","CR-0000095214","0","0","0","0","22-295-0425","False","False","92","10/22/2022 12:53:00 PM","No Pedestrians Involved","Dry","No Unusual Conditions","Daylight","Violation Driver 1","No Controls Present/Factor","Clear","Rear End","Non-Related","Parked Vehicle","Not Applicable","Not Applicable","North Of",""
"689255","CR-0000095217","0","1","0","0","22-293-0208","False","False","0","10/20/2022 8:26:00 AM","No Pedestrians Involved","Dry","No Unusual Conditions","Daylight","Violation Driver 1","Controls Functioning","Clear","Head On","Intersection","Other Vehicle","Not Applicable","Not Applicable","At",""
"689256","CR-0000095205","1","0","0","0","22-304-0427","False","False","87","10/31/2022 12:04:00 PM","No Pedestrians Involved","Dry","No Unusual Conditions","Daylight","Violation Driver 1","Controls Functioning","Cloudy","Rear End","Non-Related","Parked Vehicle","Not Applicable","Not Applicable","East Of",""
"689257","CR-0000095211","0","0","0","0","22-304-0212","False","False","0","10/31/2022 7:30:00 AM","No Pedestrians Involved","Dry","No Unusual Conditions","Daylight","Violation Driver 1","Controls Functioning","Clear","Sideswipe","Intersection","Other Vehicle","Not Applicable","Not Applicable","At",""
"689258","CR-0000095209","0","0","0","0","22-300-0474","False","False","0","10/31/2022 9:00:00 AM","No Pedestrians Involved","Dry","No Unusual Conditions","Daylight","Violation Driver 1","Controls Functioning","Clear","Sideswipe","Intersection","Other Vehicle","Not Applicable","Not Applicable","At",""
"689259","CR-0000095213","2","0","0","0","22-286-0567","False","False","0","10/13/2022 2:30:00 PM","No Pedestrians Involved","Dry","No Unusual Conditions","Daylight","Violation Driver 1","Controls Functioning","Clear","Head On","Intersection","Other Vehicle","Not Applicable","Not Applicable","At",""
"689260","CR-0000095200","0","0","0","0","22-302-0033","False","False","344","10/29/2022 12:24:00 AM","No Pedestrians Involved","Dry","No Unusual Conditions","Dark - Street Light","Violation Driver 1","No Controls Present/Factor","Clear","Sideswipe","Non-Related","Parked Vehicle","Not Applicable","Not Applicable","East Of",""
"689261","CR-0000095242","0","0","0","0","22-308-0395","False","False","500","11/4/2022 12:40:00 PM","Crossing In Crosswalk - Not At Intersection","Dry","No Unusual Conditions","Daylight","Violation Driver 1","No Controls Present/Factor","Clear","Rear End","Non-Related","Other Vehicle","Not Applicable","Not Applicable","West Of",""
"689262","CR-0000095231","0","0","0","0","22-269-0242","False","False","400","9/26/2022 8:35:00 AM","No Pedestrians Involved","Dry","Obstruction On Roadway","Daylight","Violation Driver 1","No Controls Present/Factor","Clear","Sideswipe","Non-Related","Parked Vehicle","Not Applicable","Not Applicable","South Of",""
"689263","CR-0000095222","0","1","0","0","22-294-0500","False","False","93","10/21/2022 1:57:00 PM","No Pedestrians Involved","Dry","No Unusual Conditions","Daylight","Violation Driver 1","Controls Functioning","Clear","Broadside","Non-Related","Other Vehicle","Not Applicable","Not Applicable","North Of",""
"689264","CR-0000095237","1","1","0","0","22-304-0831","False","False","131","10/31/2022 7:20:00 PM","Crossing - Not In Crosswalk","Dry","No Unusual Conditions","Dark - Street Light","Violation Driver 1","Controls Functioning","Clear","Vehicle/Pedestrian","Non-Related","Pedestrian","West","East","South Of","PED(2)"
"689265","CR-0000095227","3","0","0","0","22-230-0560","False","False","0","8/18/2022 2:28:00 PM","No Pedestrians Involved","Dry","No Unusual Conditions","Daylight","Violation Driver 1","No Controls Present/Factor","Clear","Broadside","Intersection","Other Vehicle","Not Applicable","Not Applicable","At",""
"689266","CR-0000095233","0","0","1","0","22-311-0716","False","False","0","11/7/2022 5:54:00 PM","Crossing - Not In Crosswalk","Wet","No Unusual Conditions","Dark - Street Light","Pedestrian At Fault","Controls Functioning","Rain","Vehicle/Pedestrian","Intersection","Pedestrian","West","East","At","PED"
"689267","CR-0000095234","0","0","0","0","22-310-0767","False","False","1250","11/6/2022 8:36:00 PM","No Pedestrians Involved","Dry","No Unusual Conditions","Dark - Street Light","Violation Driver 1","Controls Functioning","Clear","Head On","Non-Related","Other Vehicle","Not Applicable","Not Applicable","North Of",""
"689268","CR-0000095232","1","0","0","0","22-284-0542","False","False","500","10/11/2022 1:15:00 PM","No Pedestrians Involved","Dry","No Unusual Conditions","Daylight","Violation Driver 1","Controls Functioning","Clear","Rear End","Non-Related","Other Vehicle","Not Applicable","Not Applicable","East Of",""
"689269","CR-0000095221","0","0","0","0","22-299-0484","False","False","0","10/26/2022 1:08:00 AM","No Pedestrians Involved","Dry","Other","Daylight","Violation Driver 1","Controls Functioning","Clear","Sideswipe","Intersection","Other Vehicle","Not Applicable","Not Applicable","At",""
"689270","CR-0000095223","1","0","0","0","22-294-0713","False","False","75","10/21/2022 5:45:00 PM","No Pedestrians Involved","Dry","No Unusual Conditions","Daylight","Violation Driver 1","No Controls Present/Factor","Clear","Rear End","Non-Related","Other Vehicle","Not Applicable","Not Applicable","South Of",""
"689271","CR-0000095241","0","0","0","0","22-302-0436","False","False","192","10/29/2022 1:10:00 PM","No Pedestrians Involved","Dry","No Unusual Conditions","Daylight","Violation Driver 1","Controls Functioning","Clear","Broadside","Non-Related","Other Vehicle","Not Applicable","Not Applicable","North Of",""
"689272","CR-0000095235","1","1","0","0","22-232-0591","True","False","0","8/20/2022 4:04:00 PM","No Pedestrians Involved","Dry","No Unusual Conditions","Daylight","Violation Driver 1","No Controls Present/Factor","Clear","Hit Object","Intersection","Fixed Object","Not Applicable","Not Applicable","At","TREE"
"689273","CR-0000095225","0","0","0","0","22-295-0345","False","False","0","10/22/2022 11:52:00 AM","No Pedestrians Involved","Dry","No Unusual Conditions","Daylight","Violation Driver 1","Controls Functioning","Clear","Broadside","Intersection","Other Vehicle","Not Applicable","Not Applicable","At",""
"689274","CR-0000095230","1","0","0","0","22-316-0033","False","False","95","11/12/2022 12:45:00 AM","No Pedestrians Involved","Dry","No Unusual Conditions","Dark - Street Light","Violation Driver 1","No Controls Present/Factor","Clear","Head On","Non-Related","Parked Vehicle","Not Applicable","Not Applicable","East Of",""
"689275","CR-0000095224","0","0","0","0","22-299-0973","False","False","0","10/26/2022 10:30:00 PM","No Pedestrians Involved","Dry","No Unusual Conditions","Dark - Street Light","Violation Driver 1","Controls Functioning","Clear","Rear End","Intersection","Other Vehicle","Not Applicable","Not Applicable","At",""
"689276","CR-0000095243","0","0","0","0","22-305-0787","False","False","0","11/1/2022 6:10:00 PM","No Pedestrians Involved","Dry","No Unusual Conditions","Daylight","Violation Driver 1","No Controls Present/Factor","Clear","Rear End","Intersection","Other Vehicle","Not Applicable","Not Applicable","At",""
"689277","CR-0000095236","0","0","0","0","22-363-0770","False","False","0","10/29/2022 8:15:00 PM","No Pedestrians Involved","Wet","No Unusual Conditions","Dark - Street Light","Unknown","Controls Functioning","Cloudy","Head On","Intersection","Other Vehicle","Not Applicable","Not Applicable","At",""
"689278","CR-0000095226","0","0","0","0","22-299-1023","True","False","167","10/26/2022 11:26:00 PM","No Pedestrians Involved","Dry","No Unusual Conditions","Dark - Street Light","Violation Driver 1","Unknown","Clear","Hit Object","Non-Related","Fixed Object","Not Applicable","Not Applicable","South Of","LIGHTPOLE"
"689279","CR-0000095240","2","0","0","0","22-302-0688","False","False","1832","10/29/2022 6:32:00 PM","No Pedestrians Involved","Dry","No Unusual Conditions","Dark - Street Light","Violation Driver 1","Controls Functioning","Clear","Rear End","Non-Related","Other Vehicle","Not Applicable","Not Applicable","West Of",""
"689280","CR-0000095220","0","0","0","0","22-299-0061","False","False","405","10/26/2022 2:13:00 AM","No Pedestrians Involved","Dry","No Unusual Conditions","Dark - Street Light","Violation Driver 1","No Controls Present/Factor","Clear","Rear End","Non-Related","Parked Vehicle","Not Applicable","Not Applicable","North Of",""
"689281","CR-0000095239","1","0","0","0","22-302-0496","False","False","0","10/29/2022 2:56:00 PM","No Pedestrians Involved","Dry","No Unusual Conditions","Daylight","Violation Driver 1","Controls Functioning","Clear","Head On","Intersection","Other Vehicle","Not Applicable","Not Applicable","At",""
"689282","CR-0000095229","2","1","0","0","22-312-0675","False","False","360","11/8/2022 5:56:00 PM","No Pedestrians Involved","Wet","No Unusual Conditions","Dark - Street Light","Violation Driver 1","Controls Functioning","Cloudy","Rear End","Non-Related","Other Vehicle","Not Applicable","Not Applicable","West Of",""
"689283","CR-0000095238","0","1","0","0","22-302-0499","False","False","500","10/29/2022 2:58:00 PM","No Pedestrians Involved","Dry","Loose Material On Roadway","Daylight","Violation Driver 1","Controls Functioning","Clear","Broadside","Non-Related","Non-Collision","Not Applicable","Not Applicable","South Of",""
"689284","CR-0000095228","0","0","0","0","22-299-0869","False","False","456","10/26/2022 8:12:00 PM","No Pedestrians Involved","Dry","No Unusual Conditions","Dark - Street Light","Violation Driver 1","No Controls Present/Factor","Clear","Sideswipe","Non-Related","Parked Vehicle","Not Applicable","Not Applicable","West Of",""
"689285","CR-0000095248","0","0","0","0","22-308-0182","True","False","1439","11/4/2022 7:48:00 AM","No Pedestrians Involved","Unknown","No Unusual Conditions","Daylight","Violation Driver 1","No Controls Present/Factor","Cloudy","Hit Object","Non-Related","Fixed Object","Not Applicable","Not Applicable","North Of","LIGHT POLE/WILD HOG"
"689286","CR-0000095250","0","1","0","0","22-307-0190","False","False","0","11/3/2022 7:37:00 AM","Crossing In Crosswalk - At Intersection","Dry","No Unusual Conditions","Daylight","Violation Driver 1","Controls Functioning","Clear","Vehicle/Pedestrian","Intersection","Pedestrian","South","North","At","PED"
"689287","CR-0000095264","0","0","0","0","22-341-4000","False","True","","11/13/2022 5:23:00 AM","No Pedestrians Involved","Unknown","Unknown","Daylight","Unknown","Controls Functioning","Unknown","Rear End","Related","Other Vehicle","Not Applicable","Not Applicable","East Of",""
"689288","CR-0000095267","0","0","0","0","22-309-9701","False","True","0","11/4/2022 7:20:00 PM","No Pedestrians Involved","Dry","No Unusual Conditions","Daylight","Unknown","Controls Functioning","Other","Rear End","Intersection","Other Vehicle","Not Applicable","Not Applicable","At",""
"689289","CR-0000095261","0","0","1","0","22-310-0792","False","False","321","11/6/2022 8:40:00 PM","No Pedestrians Involved","Dry","No Unusual Conditions","Dark - Street Light","Violation Driver 1","Controls Functioning","Clear","Sideswipe","Non-Related","Parked Vehicle","Not Applicable","Not Applicable","South Of",""
"689290","CR-0000095255","1","0","0","0","22-308-0680","False","False","0","11/4/2022 5:45:00 PM","No Pedestrians Involved","Dry","No Unusual Conditions","Daylight","Violation Driver 1","Controls Functioning","Clear","Head On","Intersection","Non-Collision","Not Applicable","Not Applicable","At",""
"689291","CR-0000095252","1","0","0","0","22-306-0393","False","False","0","11/2/2022 11:40:00 AM","No Pedestrians Involved","Wet","No Unusual Conditions","Daylight","Violation Driver 1","Controls Functioning","Rain","Rear End","Intersection","Other Vehicle","Not Applicable","Not Applicable","At",""
"689292","CR-0000095258","0","0","0","0","22-309-0864","False","False","330","11/5/2022 11:06:00 PM","No Pedestrians Involved","Dry","No Unusual Conditions","Dark - Street Light","Violation Driver 1","No Controls Present/Factor","Clear","Sideswipe","Non-Related","Other Vehicle","Not Applicable","Not Applicable","South Of",""
"689293","CR-0000095259","1","0","0","0","22-310-0197","False","False","219","11/6/2022 5:21:00 AM","No Pedestrians Involved","Dry","No Unusual Conditions","Dark - Street Light","Violation Driver 1","Controls Functioning","Clear","Broadside","Non-Related","Parked Vehicle","Not Applicable","Not Applicable","North Of",""
"689294","CR-0000095265","0","0","0","0","22-329-9704","False","True","51","11/25/2022 1:00:00 PM","No Pedestrians Involved","Dry","No Unusual Conditions","Daylight","Unknown","Unknown","Clear","Sideswipe","Non-Related","Other Vehicle","Not Applicable","Not Applicable","Unknown",""
"689295","CR-0000095251","1","0","0","0","22-306-0660","False","False","163","11/2/2022 4:07:00 PM","No Pedestrians Involved","Dry","No Unusual Conditions","Daylight","Violation Driver 1","No Controls Present/Factor","Clear","Rear End","Non-Related","Parked Vehicle","Not Applicable","Not Applicable","North Of",""
"689296","CR-0000095260","0","0","0","0","22-310-0749","False","False","0","11/6/2022 8:04:00 PM","No Pedestrians Involved","Dry","No Unusual Conditions","Dark - Street Light","Violation Driver 1","Unknown","Clear","Sideswipe","Intersection","Other Vehicle","Not Applicable","Not Applicable","At",""
"689297","CR-0000095257","0","0","0","0","22-309-0115","False","False","175","11/5/2022 12:00:00 AM","No Pedestrians Involved","Wet","No Unusual Conditions","Dark - Street Light","Violation Driver 1","No Controls Present/Factor","Cloudy","Hit Object","Non-Related","Fixed Object","Not Applicable","Not Applicable","West Of","Rail Road Signal"
"689298","CR-0000095253","0","2","0","0","22-309-0295","False","False","0","11/5/2022 10:26:00 AM","No Pedestrians Involved","Dry","No Unusual Conditions","Daylight","Unknown","Controls Functioning","Cloudy","Broadside","Intersection","Other Vehicle","Not Applicable","Not Applicable","At",""
"689299","CR-0000095246","0","0","0","0","22-305-0280","False","False","0","11/1/2022 9:30:00 AM","No Pedestrians Involved","Dry","No Unusual Conditions","Daylight","Unknown","Controls Functioning","Clear","Sideswipe","Intersection","Other Vehicle","Not Applicable","Not Applicable","At",""
"689300","CR-0000095254","2","0","0","0","22-305-0777","False","False","0","11/1/2022 6:18:00 PM","No Pedestrians Involved","Wet","No Unusual Conditions","Dark - Street Light","Violation Driver 1","Controls Functioning","Clear","Rear End","Intersection","Other Vehicle","Not Applicable","Not Applicable","At",""
"689301","CR-0000095266","0","0","0","0","22-306-0758","False","True","0","11/2/2022 5:57:00 PM","No Pedestrians Involved","Unknown","Unknown","Unknown","Unknown","Unknown","Unknown","Rear End","Intersection","Other Vehicle","Not Applicable","Not Applicable","At",""
"689302","CR-0000095247","0","0","0","0","22-307-0958","False","False","0","11/3/2022 10:36:00 PM","No Pedestrians Involved","Dry","No Unusual Conditions","Daylight","Violation Driver 1","Controls Functioning","Clear","Rear End","Intersection","Other Vehicle","Not Applicable","Not Applicable","At",""
"689303","CR-0000095263","0","0","0","0","22-344-9707","False","True","0","12/8/2022 4:50:00 AM","No Pedestrians Involved","Dry","No Unusual Conditions","Dark - Street Light","Unknown","Controls Functioning","Cloudy","Sideswipe","Intersection","Other Vehicle","Not Applicable","Not Applicable","At",""
"689304","CR-0000095245","0","0","0","0","22-305-0472","False","False","550","11/1/2022 12:46:00 PM","No Pedestrians Involved","Wet","No Unusual Conditions","Daylight","Violation Driver 1","No Controls Present/Factor","Rain","Hit Object","Non-Related","Fixed Object","Not Applicable","Not Applicable","North Of","POWER POLE"
"689305","CR-0000095256","0","0","0","0","22-308-0584","False","False","0","11/4/2022 4:22:00 PM","No Pedestrians Involved","Dry","No Unusual Conditions","Daylight","Violation Driver 1","Controls Functioning","Clear","Head On","Related","Other Vehicle","Not Applicable","Not Applicable","At",""
"689306","CR-0000095262","0","0","0","0","22-345-4003","False","True","51","11/9/2022 7:30:00 AM","No Pedestrians Involved","Unknown","Unknown","Daylight","Unknown","Unknown","Unknown","Sideswipe","Non-Related","Parked Vehicle","Not Applicable","Not Applicable","East Of",""
"689307","CR-0000095249","0","0","0","0","22-305-0041","False","False","258","11/1/2022 12:41:00 AM","No Pedestrians Involved","Dry","No Unusual Conditions","Dark - Street Light","Violation Driver 1","No Controls Present/Factor","Cloudy","Overturned","Non-Related","Parked Vehicle","Not Applicable","Not Applicable","North Of",""
"689308","CR-0000095268","0","0","0","0","22-353-4002","False","True","51","11/26/2022 1:30:00 PM","No Pedestrians Involved","Unknown","Unknown","Daylight","Unknown","Unknown","Unknown","Other","Non-Related","Parked Vehicle","Not Applicable","Not Applicable","South Of",""
"689309","CR-0000095269","0","0","0","0","22-353-4004","False","False","51","11/1/2022 9:50:00 PM","No Pedestrians Involved","Unknown","Unknown","Unknown","Unknown","No Controls Present/Factor","Unknown","Other","Non-Related","Non-Collision","Not Applicable","Not Applicable","South Of",""
"689310","CR-0000095276","0","0","0","0","22-300-0165","False","False","525","10/27/2022 7:47:00 AM","No Pedestrians Involved","Dry","No Unusual Conditions","Daylight","Unknown","No Controls Present/Factor","Clear","Sideswipe","Non-Related","Parked Vehicle","Not Applicable","Not Applicable","North Of",""