"CrashFactId","Name","MinorInjuries","ModerateInjuries","SevereInjuries","FatalInjuries","TcrNumber","CityDamageFlag","ShortFormFlag","Distance","CrashDateTime","PedestrianAction","RoadwaySurface","RoadwayCondition","Lighting","PrimaryCollisionFactor","TrafficControl","Weather","CollisionType","ProximityToIntersection","VehicleInvolvedWith","PedestrianDirectionFrom","PedestrianDirectionTo","DirectionFromIntersection","Comment"
"689311","CR-0000095280","1","0","0","0","22-291-0325","False","False","25","10/18/2022 10:32:00 AM","No Pedestrians Involved","Dry","No Unusual Conditions","Daylight","Violation Driver 1","Controls Functioning","Clear","Sideswipe","Related","Bike","Not Applicable","Not Applicable","North Of",""
"689313","CR-0000095273","0","0","0","0","22-300-0182","False","False","115","10/27/2022 8:06:00 AM","No Pedestrians Involved","Dry","No Unusual Conditions","Daylight","Violation Driver 1","Controls Functioning","Clear","Sideswipe","Non-Related","Other Vehicle","Not Applicable","Not Applicable","South Of",""
"689314","CR-0000095270","0","0","0","0","22-299-0159","True","False","0","10/26/2022 7:38:00 AM","No Pedestrians Involved","Dry","No Unusual Conditions","Daylight","Violation Driver 1","No Controls Present/Factor","Clear","Sideswipe","Intersection","Other Vehicle","Not Applicable","Not Applicable","At",""
"689315","CR-0000095279","1","0","0","0","22-286-0625","False","False","62","10/13/2022 3:30:00 PM","No Pedestrians Involved","Dry","No Unusual Conditions","Daylight","Violation Driver 1","Controls Functioning","Clear","Rear End","Non-Related","Other Vehicle","Not Applicable","Not Applicable","West Of",""
"689316","CR-0000095272","0","0","0","0","22-300-0731","False","False","42","10/27/2022 5:45:00 PM","No Pedestrians Involved","Dry","No Unusual Conditions","Daylight","Violation Driver 1","Controls Functioning","Clear","Broadside","Related","Other Vehicle","Not Applicable","Not Applicable","North Of",""
"689317","CR-0000095281","0","0","0","1","23-037-0154","False","False","0","2/6/2023 7:00:00 AM","Crossing In Crosswalk - At Intersection","Dry","No Unusual Conditions","Dusk - Dawn","Unknown","No Controls Present/Factor","Clear","Vehicle/Pedestrian","Intersection","Pedestrian","North","South","At","PED"
"689318","CR-0000095277","1","0","1","0","22-301-0099","True","False","0","10/28/2022 4:07:00 AM","No Pedestrians Involved","Dry","No Unusual Conditions","Dark - Street Light","Violation Driver 1","No Controls Present/Factor","Clear","Broadside","Intersection","Other Vehicle","Not Applicable","Not Applicable","At","SIGN"
"689319","CR-0000095274","0","0","0","0","22-300-0519","False","False","312","10/27/2022 12:15:00 PM","No Pedestrians Involved","Dry","No Unusual Conditions","Daylight","Unknown","No Controls Present/Factor","Clear","Broadside","Non-Related","Bike","Not Applicable","Not Applicable","West Of","BICYCLIST"
"689320","CR-0000095278","0","0","0","0","22-301-0628","False","False","500","10/28/2022 5:05:00 PM","No Pedestrians Involved","Dry","No Unusual Conditions","Daylight","Violation Driver 1","No Controls Present/Factor","Clear","Rear End","Non-Related","Other Vehicle","Not Applicable","Not Applicable","South Of",""
"689321","CR-0000095282","0","0","0","1","22-306-0107","False","False","100","11/2/2022 4:30:00 AM","Crossing - Not In Crosswalk","Dry","No Unusual Conditions","Dark - Street Light","Other Than Driver","No Controls Present/Factor","Clear","Vehicle/Pedestrian","Non-Related","Pedestrian","Unknown","Unknown","West Of","PED"
"689322","CR-0000095286","1","0","0","0","22-331-0644","False","False","30","11/27/2022 6:15:00 PM","No Pedestrians Involved","Dry","No Unusual Conditions","Dark - Street Light","Violation Driver 1","Controls Functioning","Clear","Rear End","Related","Other Vehicle","Not Applicable","Not Applicable","West Of",""
"689323","CR-0000095285","0","0","0","0","22-334-9703","False","True","0","11/30/2022 8:30:00 AM","No Pedestrians Involved","Dry","No Unusual Conditions","Daylight","Unknown","No Controls Present/Factor","Clear","Rear End","Intersection","Other Vehicle","Not Applicable","Not Applicable","At",""
"689324","CR-0000095287","1","0","0","0","22-329-0663","False","False","0","11/25/2022 7:27:00 PM","No Pedestrians Involved","Dry","No Unusual Conditions","Dark - Street Light","Violation Driver 1","Controls Functioning","Clear","Rear End","Intersection","Other Vehicle","Not Applicable","Not Applicable","At",""
"689325","CR-0000095284","0","0","1","0","22-331-0127","True","False","111","11/27/2022 2:58:00 AM","No Pedestrians Involved","Dry","No Unusual Conditions","Dark - Street Light","Violation Driver 1","Controls Functioning","Clear","Hit Object","Non-Related","Fixed Object","Not Applicable","Not Applicable","East Of","TREE and LIGHT POLE"
"689326","CR-0000095283","0","0","0","0","22-328-0520","False","False","30","11/24/2022 6:12:00 PM","No Pedestrians Involved","Dry","No Unusual Conditions","Dark - Street Light","Violation Driver 1","No Controls Present/Factor","Clear","Sideswipe","Related","Parked Vehicle","Not Applicable","Not Applicable","South Of",""
"689327","CR-0000095288","0","1","0","0","22-328-0670","False","False","0","11/24/2022 10:34:00 PM","Crossing - Not In Crosswalk","Dry","No Unusual Conditions","Dark - Street Light","Pedestrian At Fault","Controls Functioning","Clear","Vehicle/Pedestrian","Intersection","Pedestrian","North","South","At","PED"
"689328","CR-0000095314","0","0","0","0","22-320-0434","False","False","0","11/16/2022 1:10:00 PM","No Pedestrians Involved","Dry","No Unusual Conditions","Daylight","Violation Driver 1","Controls Functioning","Clear","Broadside","Intersection","Other Vehicle","Not Applicable","Not Applicable","At",""
"689329","CR-0000095320","1","0","0","0","22-307-0544","False","False","0","11/3/2022 3:20:00 PM","No Pedestrians Involved","Dry","No Unusual Conditions","Daylight","Violation Driver 1","No Controls Present/Factor","Clear","Vehicle/Bike","Intersection","Bike","Not Applicable","Not Applicable","At","BIKE"
"689330","CR-0000095298","2","0","0","0","22-291-0917","False","False","22","10/18/2022 9:28:00 PM","No Pedestrians Involved","Dry","No Unusual Conditions","Daylight","Violation Driver 1","Controls Functioning","Clear","Rear End","Related","Other Vehicle","Not Applicable","Not Applicable","North Of",""
"689331","CR-0000095332","1","0","0","0","22-324-0605","False","False","0","11/20/2022 6:29:00 PM","No Pedestrians Involved","Dry","No Unusual Conditions","Dark - Street Light","Unknown","No Controls Present/Factor","Clear","Sideswipe","Intersection","Other Vehicle","Not Applicable","Not Applicable","At",""
"689332","CR-0000095322","0","0","0","0","22-322-0398","False","False","700","11/18/2022 12:21:00 PM","No Pedestrians Involved","Dry","No Unusual Conditions","Daylight","Violation Driver 1","Unknown","Clear","Rear End","Non-Related","Parked Vehicle","Not Applicable","Not Applicable","South Of",""
"689333","CR-0000095305","2","0","0","0","22-318-0226","False","False","0","11/14/2022 8:25:00 AM","No Pedestrians Involved","Dry","No Unusual Conditions","Daylight","Violation Driver 1","Controls Functioning","Clear","Head On","Intersection","Other Vehicle","Not Applicable","Not Applicable","At",""
"689334","CR-0000095301","0","0","0","0","22-292-0181","False","False","533","10/19/2022 7:30:00 AM","No Pedestrians Involved","Dry","No Unusual Conditions","Daylight","Violation Driver 1","Controls Functioning","Clear","Hit Object","Non-Related","Fixed Object","Not Applicable","Not Applicable","West Of","Hydrant"
"689335","CR-0000095318","0","1","0","0","22-238-0119","True","False","211","11/24/2022 4:33:00 AM","No Pedestrians Involved","Dry","No Unusual Conditions","Daylight","Violation Driver 1","No Controls Present/Factor","Clear","Hit Object","Non-Related","Fixed Object","Not Applicable","Not Applicable","North Of","TREE"
"689336","CR-0000095331","2","0","0","0","22-324-0514","False","False","0","11/20/2022 4:08:00 PM","No Pedestrians Involved","Dry","No Unusual Conditions","Dusk - Dawn","Violation Driver 1","Controls Functioning","Clear","Broadside","Intersection","Other Vehicle","Not Applicable","Not Applicable","At",""
"689337","CR-0000095321","1","0","0","0","22-322-0295","False","False","0","11/18/2022 9:49:00 AM","No Pedestrians Involved","Dry","No Unusual Conditions","Daylight","Violation Driver 1","Controls Functioning","Clear","Rear End","Intersection","Other Vehicle","Not Applicable","Not Applicable","At",""
"689338","CR-0000095309","0","0","0","0","22-312-0544","False","False","0","11/8/2022 3:12:00 PM","No Pedestrians Involved","Dry","No Unusual Conditions","Daylight","Violation Driver 1","No Controls Present/Factor","Clear","Sideswipe","Intersection","Other Vehicle","Not Applicable","Not Applicable","At",""
"689339","CR-0000095330","1","1","0","0","22-320-0202","False","False","21","11/16/2022 8:37:00 AM","Crossing In Crosswalk - At Intersection","Dry","No Unusual Conditions","Daylight","Violation Driver 1","Controls Functioning","Clear","Vehicle/Pedestrian","Related","Pedestrian","South","North","East Of","BIKE & PED"
"689340","CR-0000095316","1","0","0","0","22-329-0053","False","False","37","11/25/2022 1:14:00 AM","No Pedestrians Involved","Dry","No Unusual Conditions","Dark - Street Light","Violation Driver 1","No Controls Present/Factor","Clear","Rear End","Related","Parked Vehicle","Not Applicable","Not Applicable","West Of","mail box and hydrant"
"689341","CR-0000095299","1","0","0","0","22-292-0130","False","False","0","10/19/2022 6:59:00 AM","Crossing In Crosswalk - At Intersection","Dry","No Unusual Conditions","Dusk - Dawn","Violation Driver 1","No Controls Present/Factor","Clear","Vehicle/Pedestrian","Intersection","Pedestrian","West","East","At","PED"
"689342","CR-0000095290","1","0","0","0","22-330-0271","False","False","0","11/26/2022 10:38:00 AM","No Pedestrians Involved","Dry","No Unusual Conditions","Daylight","Violation Driver 1","Controls Functioning","Clear","Broadside","Intersection","Other Vehicle","Not Applicable","Not Applicable","At",""
"689343","CR-0000095295","1","0","0","0","22-291-0452","False","False","0","10/18/2022 12:58:00 PM","No Pedestrians Involved","Dry","No Unusual Conditions","Daylight","Violation Driver 1","Controls Functioning","Clear","Rear End","Intersection","Other Vehicle","Not Applicable","Not Applicable","At",""
"689344","CR-0000095303","0","1","0","0","22-310-0632","False","False","0","11/6/2022 5:30:00 PM","No Pedestrians Involved","Dry","No Unusual Conditions","Dark - Street Light","Violation Driver 1","No Controls Present/Factor","Clear","Broadside","Intersection","Motor Vehicle On Other Roadway","Not Applicable","Not Applicable","At",""
"689345","CR-0000095289","1","1","0","0","22-305-0076","True","False","0","11/1/2022 1:38:00 AM","No Pedestrians Involved","Dry","No Unusual Conditions","Dark - Street Light","Violation Driver 1","Controls Functioning","Clear","Broadside","Intersection","Motor Vehicle On Other Roadway","Not Applicable","Not Applicable","At","Lightpole"
"689346","CR-0000095329","0","1","0","0","22-324-0457","False","False","37","11/20/2022 2:57:00 PM","No Pedestrians Involved","Dry","No Unusual Conditions","Daylight","Bike At Fault","Controls Functioning","Clear","Vehicle/Bike","Related","Bike","Not Applicable","Not Applicable","South Of","BIKE"
"689347","CR-0000095335","1","0","0","0","22-325-0791","False","False","100","11/24/2022 7:13:00 PM","No Pedestrians Involved","Dry","No Unusual Conditions","Dark - Street Light","Violation Driver 1","Controls Functioning","Clear","Sideswipe","Non-Related","Other Vehicle","Not Applicable","Not Applicable","North Of",""
"689348","CR-0000095304","0","0","0","0","22-317-0582","False","False","330","11/13/2022 5:55:00 PM","No Pedestrians Involved","Dry","No Unusual Conditions","Dark - Street Light","Other Than Driver","No Controls Present/Factor","Clear","Sideswipe","Non-Related","Parked Vehicle","Not Applicable","Not Applicable","West Of",""
"689349","CR-0000095327","3","0","0","0","22-323-0954","False","False","75","11/19/2022 11:13:00 PM","No Pedestrians Involved","Dry","No Unusual Conditions","Dark - Street Light","Violation Driver 1","Controls Functioning","Clear","Rear End","Non-Related","Parked Vehicle","Not Applicable","Not Applicable","North Of",""
"689350","CR-0000095315","0","0","0","0","22-328-0620","False","False","0","11/24/2022 8:58:00 PM","No Pedestrians Involved","Dry","No Unusual Conditions","Dark - Street Light","Violation Driver 1","No Controls Present/Factor","Clear","Hit Object","Intersection","Fixed Object","Not Applicable","Not Applicable","At","Trees & fences"
"689351","CR-0000095296","1","0","0","0","22-291-0729","False","False","0","10/18/2022 5:31:00 PM","No Pedestrians Involved","Dry","No Unusual Conditions","Daylight","Violation Driver 1","No Controls Present/Factor","Clear","Head On","Intersection","Other Vehicle","Not Applicable","Not Applicable","At",""
"689352","CR-0000095311","0","0","0","0","22-312-0494","False","False","0","11/8/2022 2:26:00 PM","No Pedestrians Involved","Wet","No Unusual Conditions","Daylight","Violation Driver 1","Controls Functioning","Rain","Broadside","Intersection","Other Vehicle","Not Applicable","Not Applicable","At",""
"689353","CR-0000095326","0","0","1","0","22-323-0662","False","False","0","11/19/2022 5:39:00 PM","No Pedestrians Involved","Dry","No Unusual Conditions","Dark - Street Light","Bike At Fault","Controls Functioning","Clear","Vehicle/Bike","Intersection","Bike","Not Applicable","Not Applicable","At","BIKE"
"689354","CR-0000095336","1","0","0","0","22-326-0197","False","False","38","11/22/2022 7:57:00 AM","Crossing - Not In Crosswalk","Dry","No Unusual Conditions","Daylight","Pedestrian At Fault","No Controls Present/Factor","Clear","Vehicle/Pedestrian","Related","Pedestrian","North","South","East Of","PED"
"689355","CR-0000095291","2","0","0","0","22-333-0167","False","False","146","11/29/2022 7:14:00 AM","No Pedestrians Involved","Dry","No Unusual Conditions","Daylight","Violation Driver 1","Controls Functioning","Clear","Head On","Non-Related","Other Vehicle","Not Applicable","Not Applicable","West Of",""
"689356","CR-0000095313","0","0","0","0","22-314-0227","False","False","0","11/10/2022 8:30:00 AM","No Pedestrians Involved","Dry","No Unusual Conditions","Daylight","Unknown","Controls Functioning","Clear","Sideswipe","Intersection","Other Vehicle","Not Applicable","Not Applicable","At",""
"689357","CR-0000095297","0","0","0","0","22-291-0800","False","False","0","10/18/2022 6:52:00 PM","No Pedestrians Involved","Dry","No Unusual Conditions","Daylight","Violation Driver 1","No Controls Present/Factor","Clear","Hit Object","Intersection","Fixed Object","Not Applicable","Not Applicable","At","Hydrant"
"689358","CR-0000095328","3","0","0","0","22-324-0110","False","True","318","11/20/2022 2:09:00 AM","Not In Road","Unknown","No Unusual Conditions","Unknown","Unknown","No Controls Present/Factor","Unknown","Vehicle/Pedestrian","Non-Related","Other Vehicle","No Direction (Not Walking)","No Direction (Not Walking)","South Of","PED(2)"
"689359","CR-0000095334","0","0","0","0","22-325-0554","False","False","0","11/2/2022 3:32:00 PM","No Pedestrians Involved","Dry","No Unusual Conditions","Daylight","Violation Driver 1","No Controls Present/Factor","Clear","Head On","Intersection","Other Vehicle","Not Applicable","Not Applicable","At",""
"689360","CR-0000095333","3","0","0","0","22-325-0359","True","False","0","11/21/2022 11:19:00 AM","No Pedestrians Involved","Dry","No Unusual Conditions","Daylight","Violation Driver 1","Controls Functioning","Clear","Head On","Intersection","Other Vehicle","Not Applicable","Not Applicable","At","SIGN"
"689361","CR-0000095323","1","1","0","0","22-323-0263","False","False","0","11/19/2022 9:07:00 AM","No Pedestrians Involved","Dry","No Unusual Conditions","Daylight","Violation Driver 1","Controls Functioning","Clear","Broadside","Intersection","Other Vehicle","Not Applicable","Not Applicable","At",""
"689362","CR-0000095310","0","0","0","0","22-312-0564","False","False","180","11/8/2022 3:28:00 PM","No Pedestrians Involved","Dry","No Unusual Conditions","Daylight","Violation Driver 1","No Controls Present/Factor","Clear","Rear End","Non-Related","Other Vehicle","Not Applicable","Not Applicable","North Of",""
"689363","CR-0000095312","0","0","0","0","22-326-0954","False","False","366","11/22/2022 11:38:00 PM","No Pedestrians Involved","Dry","No Unusual Conditions","Dark - Street Light","Violation Driver 1","Controls Functioning","Clear","Sideswipe","Non-Related","Parked Vehicle","Not Applicable","Not Applicable","West Of",""
"689364","CR-0000095307","0","0","0","0","22-309-0109","False","False","0","11/5/2022 2:09:00 AM","No Pedestrians Involved","Dry","No Unusual Conditions","Dark - Street Light","Unknown","No Controls Present/Factor","Clear","Broadside","Intersection","Other Vehicle","Not Applicable","Not Applicable","At",""
"689365","CR-0000095317","0","0","0","0","22-327-0803","True","False","160","11/23/2022 10:56:00 PM","No Pedestrians Involved","Dry","No Unusual Conditions","Dark - Street Light","Violation Driver 1","No Controls Present/Factor","Clear","Sideswipe","Non-Related","Parked Vehicle","Not Applicable","Not Applicable","South Of","SIGN"
"689366","CR-0000095292","2","0","0","0","22-322-0690","False","False","0","11/18/2022 6:10:00 PM","No Pedestrians Involved","Dry","No Unusual Conditions","Dark - Street Light","Violation Driver 1","No Controls Present/Factor","Clear","Broadside","Intersection","Other Vehicle","Not Applicable","Not Applicable","At",""
"689367","CR-0000095300","0","1","0","0","22-292-0143","False","False","36","10/19/2022 7:14:00 AM","No Pedestrians Involved","Dry","No Unusual Conditions","Daylight","Violation Driver 1","Controls Functioning","Clear","Rear End","Related","Parked Vehicle","Not Applicable","Not Applicable","West Of",""
"689368","CR-0000095302","0","0","0","0","22-310-0614","False","False","0","11/6/2022 5:20:00 PM","No Pedestrians Involved","Dry","No Unusual Conditions","Dark - Street Light","Violation Driver 1","No Controls Present/Factor","Clear","Sideswipe","Intersection","Parked Vehicle","Not Applicable","Not Applicable","At",""
"689369","CR-0000095325","2","0","0","0","22-323-0625","False","False","268","11/19/2022 5:10:00 PM","No Pedestrians Involved","Dry","No Unusual Conditions","Dusk - Dawn","Violation Driver 1","No Controls Present/Factor","Clear","Rear End","Non-Related","Other Vehicle","Not Applicable","Not Applicable","South Of",""
"689370","CR-0000095294","2","0","0","0","22-329-0346","False","False","0","11/25/2022 12:50:00 PM","No Pedestrians Involved","Dry","Unknown","Daylight","Violation Driver 1","Controls Functioning","Other","Head On","Intersection","Other Vehicle","Not Applicable","Not Applicable","At",""
"689371","CR-0000095308","0","0","0","0","22-311-0387","False","False","80","11/7/2022 11:42:00 AM","No Pedestrians Involved","Dry","No Unusual Conditions","Daylight","Violation Driver 1","Controls Functioning","Clear","Rear End","Non-Related","Other Vehicle","Not Applicable","Not Applicable","East Of",""
"689372","CR-0000095306","0","0","0","0","22-305-0668","False","False","140","11/1/2022 6:52:00 PM","No Pedestrians Involved","Dry","No Unusual Conditions","Daylight","Unknown","Controls Functioning","Clear","Broadside","Non-Related","Other Vehicle","Not Applicable","Not Applicable","West Of",""
"689373","CR-0000095319","0","0","0","0","22-238-0043","True","False","25","11/23/2022 11:35:00 PM","No Pedestrians Involved","Dry","No Unusual Conditions","Dark - Street Light","Violation Driver 1","No Controls Present/Factor","Clear","Hit Object","Related","Fixed Object","Not Applicable","Not Applicable","West Of","LIGHT POLE"
"689374","CR-0000095324","2","1","0","0","22-323-0509","False","False","355","11/19/2022 7:57:00 PM","No Pedestrians Involved","Dry","No Unusual Conditions","Daylight","Violation Driver 1","Unknown","Clear","Rear End","Non-Related","Other Vehicle","Not Applicable","Not Applicable","East Of",""
"689375","CR-0000095293","0","1","0","0","22-326-0566","False","False","21","11/22/2022 4:07:00 PM","No Pedestrians Involved","Dry","No Unusual Conditions","Daylight","Violation Driver 1","Controls Functioning","Clear","Vehicle/Bike","Related","Scooter Motorized","Not Applicable","Not Applicable","North Of","E.SCOOTER"
"689376","CR-0000095356","1","0","0","0","22-334-0196","False","False","95","11/30/2022 9:00:00 AM","No Pedestrians Involved","Dry","No Unusual Conditions","Daylight","Violation Driver 1","Controls Functioning","Clear","Broadside","Non-Related","Other Vehicle","Not Applicable","Not Applicable","West Of",""
"689377","CR-0000095382","1","0","0","0","22-318-0616","False","False","0","11/14/2022 3:57:00 PM","No Pedestrians Involved","Dry","No Unusual Conditions","Daylight","Bike At Fault","Unknown","Clear","Vehicle/Bike","Intersection","Bike","Not Applicable","Not Applicable","At","E.BIKE"
"689378","CR-0000095372","0","0","1","0","22-310-0644","False","False","75","11/6/2022 6:01:00 PM","No Pedestrians Involved","Dry","No Unusual Conditions","Dark - Street Light","Violation Driver 1","Controls Functioning","Clear","Sideswipe","Non-Related","Other Vehicle","Not Applicable","Not Applicable","South Of",""
"689379","CR-0000095339","0","0","0","0","22-328-0259","False","False","62","11/24/2022 10:31:00 AM","No Pedestrians Involved","Dry","No Unusual Conditions","Daylight","Violation Driver 1","No Controls Present/Factor","Clear","Rear End","Non-Related","Parked Vehicle","Not Applicable","Not Applicable","East Of",""
"689380","CR-0000095370","3","0","0","0","22-311-0073","False","False","57","11/7/2022 2:19:00 AM","No Pedestrians Involved","Wet","No Unusual Conditions","Dark - Street Light","Violation Driver 1","No Controls Present/Factor","Rain","Rear End","Non-Related","Other Vehicle","Not Applicable","Not Applicable","South Of",""
"689381","CR-0000095365","1","0","0","0","22-325-0705","False","False","527","11/21/2022 6:00:00 PM","Crossing - Not In Crosswalk","Dry","No Unusual Conditions","Dark - Street Light","Pedestrian At Fault","Controls Functioning","Clear","Vehicle/Pedestrian","Non-Related","Pedestrian","North","South","East Of","PED"
"689382","CR-0000095354","1","0","0","0","22-333-0763","False","False","","11/29/2022 6:34:00 PM","No Pedestrians Involved","Dry","No Unusual Conditions","Dark - Street Light","Violation Driver 1","Controls Functioning","Clear","Rear End","Related","Other Vehicle","Not Applicable","Not Applicable","South Of",""
"689383","CR-0000095369","1","1","0","0","22-314-0718","False","False","111","11/10/2022 5:35:00 PM","No Pedestrians Involved","Dry","No Unusual Conditions","Dark - Street Light","Violation Driver 1","No Controls Present/Factor","Clear","Sideswipe","Non-Related","Other Vehicle","Not Applicable","Not Applicable","North Of",""
"689384","CR-0000095381","1","0","0","0","22-322-0742","False","False","3022","11/18/2022 6:47:00 PM","In Road - Includes Shoulder","Dry","No Unusual Conditions","Dark - Street Light","Violation Driver 1","Controls Functioning","Clear","Vehicle/Pedestrian","Non-Related","Pedestrian","No Direction (Not Walking)","No Direction (Not Walking)","North Of","PED"
"689385","CR-0000095337","1","0","0","0","22-295-0627","False","False","0","10/22/2022 5:47:00 PM","No Pedestrians Involved","Dry","No Unusual Conditions","Daylight","Violation Driver 1","No Controls Present/Factor","Clear","Rear End","Intersection","Other Vehicle","Not Applicable","Not Applicable","At",""
"689386","CR-0000095371","2","0","0","0","22-310-0069","False","False","33","11/6/2022 1:29:00 AM","No Pedestrians Involved","Wet","No Unusual Conditions","Dark - Street Light","Violation Driver 1","Controls Functioning","Rain","Head On","Related","Other Vehicle","Not Applicable","Not Applicable","West Of",""
"689387","CR-0000095358","1","0","0","0","22-313-0690","False","False","0","11/9/2022 5:02:00 PM","No Pedestrians Involved","Dry","No Unusual Conditions","Dark - Street Light","Violation Driver 1","No Controls Present/Factor","Clear","Broadside","Intersection","Other Vehicle","Not Applicable","Not Applicable","At",""
"689388","CR-0000095375","1","0","0","0","22-334-0671","False","False","50","11/30/2022 5:39:00 PM","No Pedestrians Involved","Dry","No Unusual Conditions","Dark - Street Light","Violation Driver 1","Controls Functioning","Clear","Rear End","Related","Other Vehicle","Not Applicable","Not Applicable","North Of",""
"689389","CR-0000095386","2","0","0","0","22-311-0657","False","False","0","11/7/2022 4:52:00 PM","No Pedestrians Involved","Wet","No Unusual Conditions","Dark - Street Light","Violation Driver 1","Controls Functioning","Cloudy","Rear End","Intersection","Other Vehicle","Not Applicable","Not Applicable","At",""
"689390","CR-0000095357","0","1","0","0","22-315-0412","False","False","0","11/11/2022 1:41:00 PM","No Pedestrians Involved","Dry","No Unusual Conditions","Daylight","Violation Driver 1","No Controls Present/Factor","Clear","Broadside","Intersection","Other Vehicle","Not Applicable","Not Applicable","At",""
"689391","CR-0000095376","1","0","0","0","22-309-0378","False","False","50","11/5/2022 12:28:00 PM","No Pedestrians Involved","Dry","No Unusual Conditions","Daylight","Violation Driver 1","Controls Functioning","Clear","Vehicle/Bike","Related","Bike","Not Applicable","Not Applicable","Unknown","BIKE"
"689392","CR-0000095345","1","0","0","0","22-331-0426","False","False","0","11/27/2022 6:21:00 PM","Crossing In Crosswalk - At Intersection","Dry","No Unusual Conditions","Daylight","Violation Driver 1","Controls Functioning","Clear","Vehicle/Pedestrian","Intersection","Pedestrian","South","North","At","PED"
"689393","CR-0000095349","1","0","0","0","22-332-0867","False","False","164","11/28/2022 9:00:00 PM","No Pedestrians Involved","Dry","No Unusual Conditions","Dark - Street Light","Bike At Fault","No Controls Present/Factor","Clear","Vehicle/Bike","Non-Related","Bike","Not Applicable","Not Applicable","East Of","BIKE"
"689394","CR-0000095384","1","0","0","0","22-317-0739","False","False","27","11/13/2022 9:48:00 PM","No Pedestrians Involved","Dry","No Unusual Conditions","Dark - Street Light","Violation Driver 1","Controls Functioning","Clear","Rear End","Related","Other Vehicle","Not Applicable","Not Applicable","South Of",""
"689395","CR-0000095378","3","0","0","0","22-317-0489","False","False","0","11/13/2022 4:38:00 PM","No Pedestrians Involved","Dry","No Unusual Conditions","Daylight","Violation Driver 1","No Controls Present/Factor","Clear","Broadside","Intersection","Other Vehicle","Not Applicable","Not Applicable","At",""
"689396","CR-0000095346","1","0","0","0","22-332-0367","False","False","312","11/28/2022 11:58:00 AM","No Pedestrians Involved","Dry","No Unusual Conditions","Daylight","Violation Driver 1","No Controls Present/Factor","Clear","Broadside","Non-Related","Other Vehicle","Not Applicable","Not Applicable","North Of",""
"689397","CR-0000095352","1","0","0","0","22-333-0422","False","False","183","11/29/2022 12:37:00 PM","No Pedestrians Involved","Dry","No Unusual Conditions","Daylight","Violation Driver 1","No Controls Present/Factor","Clear","Hit Object","Non-Related","Fixed Object","Not Applicable","Not Applicable","South Of","CURB/WALL"
"689398","CR-0000095348","2","0","0","0","22-332-0766","False","False","0","11/28/2022 7:21:00 PM","No Pedestrians Involved","Dry","No Unusual Conditions","Dark - Street Light","Violation Driver 1","Controls Functioning","Clear","Head On","Intersection","Other Vehicle","Not Applicable","Not Applicable","At",""
"689399","CR-0000095367","1","0","0","0","22-323-0344","False","False","0","11/19/2022 12:00:00 AM","In Road - Includes Shoulder","Dry","No Unusual Conditions","Dark - Street Light","Unknown","Controls Functioning","Clear","Vehicle/Pedestrian","Intersection","Scooter Non-Motorized","North","South","At","SCOOTER"
"689400","CR-0000095385","1","0","0","0","22-334-0028","False","False","0","11/29/2022 1:30:00 AM","No Pedestrians Involved","Dry","No Unusual Conditions","Dark - Street Light","Violation Driver 1","No Controls Present/Factor","Clear","Vehicle/Bike","Intersection","Bike","Not Applicable","Not Applicable","At","BIKE"
"689401","CR-0000095379","1","0","0","0","22-317-0572","False","False","0","11/13/2022 5:44:00 PM","Crossing In Crosswalk - At Intersection","Dry","No Unusual Conditions","Dark - Street Light","Violation Driver 1","No Controls Present/Factor","Clear","Vehicle/Pedestrian","Intersection","Pedestrian","North","South","At","PED"
"689402","CR-0000095344","1","0","0","0","22-330-0690","False","False","0","11/26/2022 8:39:00 PM","No Pedestrians Involved","Dry","No Unusual Conditions","Dark - Street Light","Violation Driver 1","Controls Functioning","Clear","Broadside","Intersection","Other Vehicle","Not Applicable","Not Applicable","At",""
"689403","CR-0000095340","2","0","0","0","22-328-0314","False","False","0","11/24/2022 12:08:00 PM","No Pedestrians Involved","Dry","No Unusual Conditions","Daylight","Violation Driver 1","Controls Functioning","Clear","Broadside","Intersection","Other Vehicle","Not Applicable","Not Applicable","At",""
"689404","CR-0000095377","1","0","0","0","22-315-0465","False","False","0","11/11/2022 3:28:00 PM","Crossing In Crosswalk - At Intersection","Dry","No Unusual Conditions","Daylight","Violation Driver 1","Controls Functioning","Clear","Vehicle/Pedestrian","Intersection","Pedestrian","West","East","At","PED"
"689405","CR-0000095364","1","0","0","0","22-325-0719","False","False","0","11/21/2022 4:00:00 PM","No Pedestrians Involved","Dry","No Unusual Conditions","Daylight","Unknown","Unknown","Clear","Vehicle/Bike","Intersection","Bike","Not Applicable","Not Applicable","At","BIKE"
"689406","CR-0000095342","0","0","0","0","22-330-0045","False","False","201","11/26/2022 12:41:00 AM","No Pedestrians Involved","Dry","No Unusual Conditions","Dark - Street Light","Violation Driver 1","Unknown","Clear","Sideswipe","Non-Related","Parked Vehicle","Not Applicable","Not Applicable","West Of",""
"689407","CR-0000095338","1","0","0","0","22-326-0703","False","False","21","11/22/2022 6:09:00 PM","No Pedestrians Involved","Dry","No Unusual Conditions","Dark - Street Light","Violation Driver 1","Controls Functioning","Clear","Sideswipe","Related","Other Vehicle","Not Applicable","Not Applicable","East Of",""