"CrashFactId","Name","MinorInjuries","ModerateInjuries","SevereInjuries","FatalInjuries","TcrNumber","CityDamageFlag","ShortFormFlag","Distance","CrashDateTime","PedestrianAction","RoadwaySurface","RoadwayCondition","Lighting","PrimaryCollisionFactor","TrafficControl","Weather","CollisionType","ProximityToIntersection","VehicleInvolvedWith","PedestrianDirectionFrom","PedestrianDirectionTo","DirectionFromIntersection","Comment"
"689408","CR-0000095387","1","0","0","0","22-307-0027","False","False","62","11/2/2022 11:30:00 PM","No Pedestrians Involved","Dry","No Unusual Conditions","Dark - Street Light","Violation Driver 1","Controls Functioning","Clear","Hit Object","Non-Related","Fixed Object","Not Applicable","Not Applicable","North Of","dirt berm"
"689409","CR-0000095355","0","1","0","0","22-333-0766","False","False","518","11/29/2022 6:37:00 PM","In Road - Includes Shoulder","Dry","No Unusual Conditions","Dark - Street Light","Violation Driver 1","Controls Functioning","Clear","Vehicle/Pedestrian","Non-Related","Pedestrian","East","West","West Of","PED"
"689410","CR-0000095353","0","0","0","0","22-333-0742","False","False","20","11/29/2022 6:14:00 PM","No Pedestrians Involved","Dry","No Unusual Conditions","Dusk - Dawn","Violation Driver 1","Controls Functioning","Clear","Rear End","Related","Other Vehicle","Not Applicable","Not Applicable","West Of",""
"689411","CR-0000095341","1","0","0","0","22-329-0625","False","False","0","11/25/2022 6:48:00 PM","No Pedestrians Involved","Dry","No Unusual Conditions","Dark - Street Light","Violation Driver 1","Controls Functioning","Clear","Head On","Intersection","Other Vehicle","Not Applicable","Not Applicable","At",""
"689412","CR-0000095374","2","0","0","0","22-305-0088","False","False","62","11/1/2022 1:50:00 AM","No Pedestrians Involved","Dry","No Unusual Conditions","Dark - Street Light","Violation Driver 1","Controls Functioning","Clear","Rear End","Non-Related","Parked Vehicle","Not Applicable","Not Applicable","South Of",""
"689413","CR-0000095368","1","0","0","0","22-319-0314","False","False","32","11/15/2022 10:27:00 AM","Crossing In Crosswalk - At Intersection","Dry","No Unusual Conditions","Daylight","Violation Driver 1","Controls Functioning","Clear","Vehicle/Pedestrian","Related","Pedestrian","West","East","South Of","PED"
"689414","CR-0000095359","1","0","0","0","22-305-0623","False","False","0","11/1/2022 3:55:00 PM","No Pedestrians Involved","Dry","No Unusual Conditions","Daylight","Violation Driver 1","Controls Functioning","Clear","Broadside","Intersection","Other Vehicle","Not Applicable","Not Applicable","At",""
"689415","CR-0000095373","2","0","0","0","22-310-0027","False","False","55","11/6/2022 12:30:00 AM","No Pedestrians Involved","Wet","No Unusual Conditions","Dark - Street Light","Violation Driver 1","Controls Functioning","Rain","Sideswipe","Non-Related","Other Vehicle","Not Applicable","Not Applicable","South Of",""
"689416","CR-0000095350","1","0","0","0","22-333-0210","False","False","0","11/29/2022 8:30:00 AM","No Pedestrians Involved","Dry","No Unusual Conditions","Daylight","Violation Driver 1","Controls Functioning","Clear","Broadside","Intersection","Other Vehicle","Not Applicable","Not Applicable","At",""
"689417","CR-0000095351","1","1","0","0","22-333-0219","False","False","21","11/29/2022 8:36:00 AM","No Pedestrians Involved","Dry","No Unusual Conditions","Dusk - Dawn","Violation Driver 1","Controls Functioning","Clear","Broadside","Related","Other Vehicle","Not Applicable","Not Applicable","North Of",""
"689418","CR-0000095383","1","0","0","0","22-318-0736","False","False","0","11/14/2022 6:07:00 PM","No Pedestrians Involved","Dry","No Unusual Conditions","Dark - Street Light","Violation Driver 1","Unknown","Clear","Rear End","Intersection","Other Vehicle","Not Applicable","Not Applicable","At",""
"689419","CR-0000095380","1","0","0","0","22-318-0534","False","False","0","11/14/2022 3:00:00 PM","No Pedestrians Involved","Dry","No Unusual Conditions","Daylight","Violation Driver 1","No Controls Present/Factor","Clear","Vehicle/Bike","Intersection","Bike","Not Applicable","Not Applicable","At","BIKE"
"689420","CR-0000095363","1","0","0","0","22-327-0429","False","False","27","11/23/2022 2:40:00 PM","Crossing In Crosswalk - At Intersection","Dry","No Unusual Conditions","Daylight","Violation Driver 1","Controls Functioning","Clear","Vehicle/Pedestrian","Related","Pedestrian","West","East","West Of","PED(2)"
"689421","CR-0000095343","0","1","0","0","22-330-0416","True","False","0","11/26/2022 2:05:00 PM","No Pedestrians Involved","Dry","No Unusual Conditions","Daylight","Violation Driver 1","No Controls Present/Factor","Clear","Hit Object","Intersection","Fixed Object","Not Applicable","Not Applicable","South Of","Median Fence"
"689422","CR-0000095362","1","0","0","0","22-327-0579","False","False","150","11/23/2022 5:55:00 PM","No Pedestrians Involved","Dry","No Unusual Conditions","Dark - Street Light","Violation Driver 1","Controls Functioning","Clear","Broadside","Non-Related","Other Vehicle","Not Applicable","Not Applicable","North Of",""
"689423","CR-0000095361","5","0","0","0","22-328-0494","False","False","50","11/24/2022 5:19:00 PM","No Pedestrians Involved","Dry","No Unusual Conditions","Dark - Street Light","Violation Driver 1","No Controls Present/Factor","Clear","Rear End","Related","Other Vehicle","Not Applicable","Not Applicable","East Of",""
"689424","CR-0000095360","0","0","0","1","23-041-0140","False","False","0","2/10/2023 5:36:00 AM","Crossing - Not In Crosswalk","Dry","No Unusual Conditions","Dark - Street Light","Unknown","No Controls Present/Factor","Clear","Vehicle/Pedestrian","Intersection","Pedestrian","East","West","At","PED (Initially thought vehicle 2 had hit the pedestrian)"
"689425","CR-0000095398","0","2","0","0","22-330-0287","False","False","0","11/26/2022 11:09:00 AM","No Pedestrians Involved","Dry","No Unusual Conditions","Daylight","Bike At Fault","Controls Functioning","Clear","Vehicle/Bike","Intersection","Scooter Motorized","Not Applicable","Not Applicable","At","E.SCOOTER"
"689426","CR-0000095397","1","0","0","0","22-320-0593","False","False","0","11/16/2022 4:00:00 PM","No Pedestrians Involved","Dry","No Unusual Conditions","Daylight","Bike At Fault","Controls Functioning","Clear","Vehicle/Bike","Intersection","Bike","Not Applicable","Not Applicable","At","BIKE"
"689427","CR-0000095399","0","1","0","0","22-327-0328","False","False","0","11/23/2022 11:59:00 AM","No Pedestrians Involved","Dry","No Unusual Conditions","Daylight","Bike At Fault","Controls Functioning","Clear","Vehicle/Bike","Intersection","Bike","Not Applicable","Not Applicable","At","BIKE"
"689428","CR-0000095400","1","0","0","0","22-337-9801","False","False","0","11/17/2022 2:38:00 PM","No Pedestrians Involved","Dry","No Unusual Conditions","Daylight","Violation Driver 1","Controls Functioning","Clear","Vehicle/Bike","Intersection","Bike","Not Applicable","Not Applicable","At","BIKE"
"689429","CR-0000095401","1","0","0","0","22-306-0749","False","False","0","11/2/2022 5:26:00 PM","No Pedestrians Involved","Dry","No Unusual Conditions","Daylight","Bike At Fault","No Controls Present/Factor","Clear","Vehicle/Bike","Intersection","Bike","Not Applicable","Not Applicable","At","BIKE"
"689430","CR-0000095402","2","0","0","0","22-307-0450","False","False","0","11/3/2022 1:06:00 PM","No Pedestrians Involved","Dry","No Unusual Conditions","Daylight","Violation Driver 1","Controls Functioning","Clear","Rear End","Intersection","Motorcycle","Not Applicable","Not Applicable","At",""
"689431","CR-0000095405","0","0","0","0","22-335-0457","False","False","0","11/23/2022 2:10:00 PM","No Pedestrians Involved","Dry","No Unusual Conditions","Daylight","Unknown","No Controls Present/Factor","Clear","Broadside","Intersection","Parked Vehicle","Not Applicable","Not Applicable","At",""
"689432","CR-0000095406","0","0","0","0","22-331-0762","False","False","71","11/27/2022 8:56:00 PM","No Pedestrians Involved","Dry","No Unusual Conditions","Dark - Street Light","Violation Driver 1","No Controls Present/Factor","Clear","Sideswipe","Non-Related","Parked Vehicle","Not Applicable","Not Applicable","East Of",""
"689433","CR-0000095407","0","0","0","0","22-328-0271","False","False","51","11/24/2022 10:49:00 AM","No Pedestrians Involved","Dry","No Unusual Conditions","Daylight","Violation Driver 1","Controls Functioning","Clear","Sideswipe","Non-Related","Motor Vehicle On Other Roadway","Not Applicable","Not Applicable","South Of",""
"689434","CR-0000095408","0","0","0","0","22-318-0620","True","False","0","11/14/2022 3:57:00 PM","No Pedestrians Involved","Dry","No Unusual Conditions","Daylight","Violation Driver 1","Controls Functioning","Clear","Rear End","Intersection","Other Vehicle","Not Applicable","Not Applicable","At","LIGHTPOLE"
"689435","CR-0000095409","0","0","0","0","22-308-0090","False","False","0","11/4/2022 4:13:00 AM","No Pedestrians Involved","Dry","No Unusual Conditions","Dark - Street Light","Violation Driver 1","Controls Functioning","Clear","Rear End","Intersection","Parked Vehicle","Not Applicable","Not Applicable","At",""
"689436","CR-0000095410","1","0","0","0","22-313-0781","False","False","0","11/9/2022 6:55:00 PM","No Pedestrians Involved","Dry","No Unusual Conditions","Dark - Street Light","Bike At Fault","No Controls Present/Factor","Clear","Vehicle/Bike","Intersection","Bike","Not Applicable","Not Applicable","At","E.BIKE"
"689437","CR-0000095412","1","0","0","0","22-305-0617","False","False","0","11/1/2022 3:41:00 PM","No Pedestrians Involved","Dry","No Unusual Conditions","Daylight","Violation Driver 1","No Controls Present/Factor","Clear","Broadside","Intersection","Other Vehicle","Not Applicable","Not Applicable","At",""
"689438","CR-0000095413","2","0","0","0","22-318-0949","False","False","0","11/14/2022 10:28:00 PM","No Pedestrians Involved","Dry","No Unusual Conditions","Dark - Street Light","Violation Driver 1","No Controls Present/Factor","Clear","Broadside","Intersection","Other Vehicle","Not Applicable","Not Applicable","At",""
"689439","CR-0000095414","0","1","0","0","22-314-0862","False","False","167","11/10/2022 7:56:00 PM","In Road - Includes Shoulder","Dry","No Unusual Conditions","Dark - Street Light","Violation Driver 1","No Controls Present/Factor","Clear","Vehicle/Pedestrian","Non-Related","Pedestrian","West","East","East Of","PED"
"689440","CR-0000095415","0","1","0","0","22-315-0150","False","False","335","11/11/2022 6:30:00 AM","No Pedestrians Involved","Dry","No Unusual Conditions","Daylight","Other Improper Driving","No Controls Present/Factor","Clear","Rear End","Non-Related","Parked Vehicle","Not Applicable","Not Applicable","East Of",""
"689441","CR-0000095416","1","0","0","0","22-315-0350","False","False","0","11/11/2022 12:59:00 PM","No Pedestrians Involved","Dry","No Unusual Conditions","Daylight","Violation Driver 1","Controls Functioning","Clear","Broadside","Intersection","Other Vehicle","Not Applicable","Not Applicable","At",""
"689442","CR-0000095417","2","0","0","0","22-320-0509","False","False","0","11/16/2022 2:32:00 PM","No Pedestrians Involved","Dry","No Unusual Conditions","Daylight","Violation Driver 1","Controls Functioning","Clear","Rear End","Intersection","Other Vehicle","Not Applicable","Not Applicable","At",""
"689443","CR-0000095418","1","0","0","0","22-323-0229","False","False","0","11/19/2022 7:42:00 AM","No Pedestrians Involved","Dry","No Unusual Conditions","Daylight","Violation Driver 1","No Controls Present/Factor","Clear","Broadside","Intersection","Other Vehicle","Not Applicable","Not Applicable","At",""
"689444","CR-0000095419","0","0","0","0","22-328-0431","False","False","0","11/24/2022 3:32:00 PM","No Pedestrians Involved","Dry","No Unusual Conditions","Daylight","Violation Driver 1","No Controls Present/Factor","Clear","Rear End","Intersection","Other Vehicle","Not Applicable","Not Applicable","At",""
"689445","CR-0000095420","1","0","0","0","22-305-0644","False","False","0","11/1/2022 4:13:00 PM","No Pedestrians Involved","Wet","No Unusual Conditions","Daylight","Violation Driver 1","Controls Functioning","Rain","Rear End","Intersection","Other Vehicle","Not Applicable","Not Applicable","At",""
"689446","CR-0000095421","1","0","0","0","22-318-0442","False","False","331","11/14/2022 12:30:00 PM","No Pedestrians Involved","Dry","No Unusual Conditions","Daylight","Violation Driver 1","Controls Functioning","Clear","Vehicle/Bike","Non-Related","Bike","Not Applicable","Not Applicable","North Of","BIKE"
"689447","CR-0000095422","1","0","0","0","22-327-0669","True","False","340","11/23/2022 7:39:00 PM","No Pedestrians Involved","Dry","No Unusual Conditions","Dark - Street Light","Violation Driver 1","No Controls Present/Factor","Clear","Rear End","Non-Related","Other Vehicle","Not Applicable","Not Applicable","East Of","TREE"
"689448","CR-0000095423","0","0","0","0","22-312-0543","False","False","0","11/8/2022 3:12:00 PM","No Pedestrians Involved","Dry","No Unusual Conditions","Daylight","Violation Driver 1","Controls Functioning","Clear","Head On","Intersection","Other Vehicle","Not Applicable","Not Applicable","At",""
"689449","CR-0000095424","1","0","0","0","22-323-0485","False","False","0","11/19/2022 2:31:00 PM","No Pedestrians Involved","Dry","No Unusual Conditions","Daylight","Bike At Fault","No Controls Present/Factor","Clear","Vehicle/Bike","Intersection","Bike","Not Applicable","Not Applicable","West Of","BIKE"
"689450","CR-0000095425","0","0","0","0","22-309-0217","True","False","76","11/4/2022 9:00:00 PM","No Pedestrians Involved","Unknown","Other","Unknown","Violation Driver 1","No Controls Present/Factor","Other","Hit Object","Non-Related","Fixed Object","Not Applicable","Not Applicable","East Of","Speed Sign"
"689451","CR-0000095426","0","1","0","0","22-306-0080","False","False","238","11/2/2022 2:30:00 AM","No Pedestrians Involved","Dry","No Unusual Conditions","Dark - Street Light","Violation Driver 1","No Controls Present/Factor","Clear","Rear End","Non-Related","Parked Vehicle","Not Applicable","Not Applicable","South Of",""
"689452","CR-0000095427","0","1","0","0","22-306-0360","False","False","0","11/2/2022 11:08:00 AM","No Pedestrians Involved","Dry","Holes Deep Rut","Daylight","Violation Driver 1","No Controls Present/Factor","Clear","Broadside","Intersection","Other Vehicle","Not Applicable","Not Applicable","At",""
"689453","CR-0000095429","1","0","0","0","22-306-0901","False","False","21","11/2/2022 8:53:00 PM","No Pedestrians Involved","Dry","No Unusual Conditions","Dark - Street Light","Violation Driver 1","Unknown","Clear","Vehicle/Bike","Related","Bike","Not Applicable","Not Applicable","North Of","BIKE"
"689454","CR-0000095430","1","0","0","0","22-307-0247","False","False","0","11/3/2022 8:54:00 AM","No Pedestrians Involved","Dry","No Unusual Conditions","Daylight","Violation Driver 1","Controls Functioning","Clear","Vehicle/Bike","Intersection","Bike","Not Applicable","Not Applicable","At","BIKE"
"689455","CR-0000095431","1","0","0","0","22-307-0300","False","False","0","11/3/2022 10:05:00 AM","Crossing In Crosswalk - At Intersection","Dry","No Unusual Conditions","Daylight","Violation Driver 1","Unknown","Clear","Vehicle/Pedestrian","Intersection","Pedestrian","South","North","At","PED"
"689456","CR-0000095433","0","1","0","0","22-307-0463","False","False","0","11/3/2022 1:16:00 PM","No Pedestrians Involved","Dry","No Unusual Conditions","Daylight","Violation Driver 1","Unknown","Clear","Vehicle/Bike","Intersection","Bike","Not Applicable","Not Applicable","At","BIKE"
"689457","CR-0000095434","2","0","0","0","22-307-0641","False","False","0","11/3/2022 6:08:00 PM","No Pedestrians Involved","Dry","No Unusual Conditions","Daylight","Violation Driver 1","No Controls Present/Factor","Clear","Broadside","Intersection","Other Vehicle","Not Applicable","Not Applicable","At",""
"689458","CR-0000095435","1","0","0","0","22-307-0752","False","False","0","11/3/2022 6:19:00 PM","No Pedestrians Involved","Dry","No Unusual Conditions","Dark - Street Light","Violation Driver 1","Controls Functioning","Clear","Broadside","Intersection","Other Vehicle","Not Applicable","Not Applicable","At",""
"689459","CR-0000095436","0","0","0","0","22-299-0847","False","False","0","10/26/2022 7:50:00 PM","No Pedestrians Involved","Dry","Obstruction On Roadway","Dark - Street Light","Violation Driver 1","Controls Functioning","Clear","Hit Object","Intersection","Other Object","Not Applicable","Not Applicable","At","Portable Traffic Sign"
"689460","CR-0000095437","1","0","0","0","22-341-0868","False","False","25","12/7/2022 9:52:00 PM","No Pedestrians Involved","Dry","No Unusual Conditions","Dark - Street Light","Violation Driver 1","No Controls Present/Factor","Clear","Rear End","Related","Other Vehicle","Not Applicable","Not Applicable","South Of",""
"689461","CR-0000095438","1","0","0","0","22-352-0423","False","False","500","12/18/2022 2:25:00 PM","No Pedestrians Involved","Dry","No Unusual Conditions","Daylight","Violation Driver 1","No Controls Present/Factor","Clear","Rear End","Non-Related","Other Vehicle","Not Applicable","Not Applicable","South Of",""
"689462","CR-0000095439","0","0","0","0","22-336-0321","False","False","0","12/2/2022 11:42:00 AM","No Pedestrians Involved","Wet","No Unusual Conditions","Daylight","Violation Driver 1","Controls Functioning","Clear","Rear End","Intersection","Train","Not Applicable","Not Applicable","At","TRAIN"
"689463","CR-0000095440","1","0","0","0","22-352-0593","False","False","0","12/18/2022 6:11:00 PM","No Pedestrians Involved","Dry","No Unusual Conditions","Dark - Street Light","Violation Driver 1","Controls Functioning","Clear","Head On","Intersection","Other Vehicle","Not Applicable","Not Applicable","At",""
"689464","CR-0000095441","1","0","0","0","22-361-0707","False","False","0","12/27/2022 7:36:00 PM","Crossing In Crosswalk - At Intersection","Wet","No Unusual Conditions","Dark - Street Light","Violation Driver 1","Controls Functioning","Clear","Vehicle/Pedestrian","Intersection","Pedestrian","East","West","At","PED"
"689465","CR-0000095442","1","0","0","0","22-349-0396","False","False","0","12/15/2022 12:50:00 PM","No Pedestrians Involved","Dry","No Unusual Conditions","Daylight","Violation Driver 1","Controls Not Functioning","Clear","Sideswipe","Intersection","Other Vehicle","Not Applicable","Not Applicable","At",""
"689466","CR-0000095443","0","0","0","0","22-352-0508","False","False","51","12/18/2022 4:21:00 PM","No Pedestrians Involved","Dry","No Unusual Conditions","Daylight","Violation Driver 1","Controls Functioning","Clear","Sideswipe","Non-Related","Other Vehicle","Not Applicable","Not Applicable","North Of",""
"689467","CR-0000095444","0","1","0","0","22-355-0544","False","False","75","12/21/2022 3:48:00 PM","No Pedestrians Involved","Dry","No Unusual Conditions","Daylight","Violation Driver 1","No Controls Present/Factor","Clear","Vehicle/Bike","Non-Related","Scooter Motorized","Not Applicable","Not Applicable","North Of","BIKE(E.Scooter)"
"689468","CR-0000095445","0","1","0","0","22-364-0693","False","False","95","12/30/2022 6:27:00 PM","No Pedestrians Involved","Wet","No Unusual Conditions","Dark - Street Light","Violation Driver 1","No Controls Present/Factor","Clear","Broadside","Non-Related","Other Vehicle","Not Applicable","Not Applicable","South Of",""
"689469","CR-0000095446","0","0","0","0","22-365-0450","True","False","1056","12/31/2022 3:01:00 PM","No Pedestrians Involved","Wet","No Unusual Conditions","Daylight","Violation Driver 1","No Controls Present/Factor","Rain","Hit Object","Non-Related","Fixed Object","Not Applicable","Not Applicable","North Of","LIGHT POLE"
"689470","CR-0000095447","0","0","0","0","22-361-0736","False","False","33","12/27/2022 9:40:00 PM","No Pedestrians Involved","Wet","No Unusual Conditions","Dark - Street Light","Violation Driver 1","Controls Functioning","Rain","Rear End","Related","Other Vehicle","Not Applicable","Not Applicable","South Of",""
"689471","CR-0000095448","1","0","0","0","22-334-0606","False","False","0","11/30/2022 4:43:00 PM","No Pedestrians Involved","Dry","No Unusual Conditions","Daylight","Violation Driver 1","Controls Functioning","Clear","Broadside","Intersection","Other Vehicle","Not Applicable","Not Applicable","At",""
"689472","CR-0000095449","0","0","0","0","22-348-0653","False","False","","12/13/2022 8:00:00 AM","No Pedestrians Involved","Dry","No Unusual Conditions","Daylight","Violation Driver 1","Unknown","Unknown","Sideswipe","Related","Other Vehicle","Not Applicable","Not Applicable","South Of",""
"689473","CR-0000095450","1","1","0","0","22-352-0483","False","False","24","12/18/2022 3:50:00 PM","No Pedestrians Involved","Dry","No Unusual Conditions","Daylight","Violation Driver 1","Controls Functioning","Clear","Sideswipe","Related","Other Vehicle","Not Applicable","Not Applicable","South Of",""
"689474","CR-0000095451","0","1","0","0","22-337-0413","True","False","300","12/3/2022 2:15:00 PM","No Pedestrians Involved","Wet","Other","Daylight","Violation Driver 1","Unknown","Rain","Hit Object","Non-Related","Fixed Object","Not Applicable","Not Applicable","North Of","Signage"
"689475","CR-0000095452","0","0","0","0","22-349-0039","False","False","30","12/15/2022 1:00:00 AM","No Pedestrians Involved","Dry","No Unusual Conditions","Dark - Street Light","Violation Driver 1","Controls Functioning","Clear","Hit Object","Related","Fixed Object","Not Applicable","Not Applicable","North Of","Median"
"689476","CR-0000095453","0","0","0","0","22-345-0293","False","False","51","12/11/2022 11:09:00 AM","No Pedestrians Involved","Wet","No Unusual Conditions","Daylight","Unknown","No Controls Present/Factor","Clear","Sideswipe","Non-Related","Parked Vehicle","Not Applicable","Not Applicable","North Of",""
"689477","CR-0000095454","0","1","0","0","22-342-0543","False","False","0","12/8/2022 3:40:00 PM","No Pedestrians Involved","Dry","No Unusual Conditions","Daylight","Violation Driver 1","Controls Functioning","Cloudy","Vehicle/Bike","Intersection","Bike","Not Applicable","Not Applicable","At","BIKE"
"689478","CR-0000095455","1","0","0","0","22-350-0655","False","False","0","12/16/2022 5:41:00 PM","No Pedestrians Involved","Dry","No Unusual Conditions","Dark - Street Light","Violation Driver 1","Controls Functioning","Clear","Broadside","Intersection","Other Vehicle","Not Applicable","Not Applicable","At",""
"689479","CR-0000095456","1","0","0","0","22-351-0228","False","False","341","12/17/2022 8:14:00 AM","No Pedestrians Involved","Dry","No Unusual Conditions","Daylight","Violation Driver 1","No Controls Present/Factor","Clear","Hit Object","Non-Related","Fixed Object","Not Applicable","Not Applicable","South Of",""
"689480","CR-0000095457","0","0","0","0","22-348-0632","False","False","0","12/14/2022 5:13:00 PM","No Pedestrians Involved","Dry","No Unusual Conditions","Daylight","Violation Driver 1","Controls Functioning","Clear","Broadside","Intersection","Other Vehicle","Not Applicable","Not Applicable","At",""
"689481","CR-0000095458","0","0","1","0","22-340-0067","False","False","378","12/6/2022 3:04:00 AM","In Road - Includes Shoulder","Wet","No Unusual Conditions","Dark - No Street Light","Pedestrian At Fault","No Controls Present/Factor","Rain","Vehicle/Pedestrian","Non-Related","Pedestrian","South","North","West Of","PED"
"689482","CR-0000095459","1","0","0","0","22-337-0145","False","False","52","12/3/2022 4:35:00 AM","No Pedestrians Involved","Dry","No Unusual Conditions","Dark - Street Light","Violation Driver 1","No Controls Present/Factor","Clear","Sideswipe","Non-Related","Other Vehicle","Not Applicable","Not Applicable","East Of",""
"689483","CR-0000095460","3","0","0","0","22-339-0387","False","False","0","12/5/2022 12:26:00 PM","No Pedestrians Involved","Wet","No Unusual Conditions","Daylight","Violation Driver 1","Controls Functioning","Rain","Rear End","Intersection","Other Vehicle","Not Applicable","Not Applicable","At",""
"689484","CR-0000095461","1","0","0","0","22-336-0221","False","False","0","12/2/2022 9:05:00 AM","No Pedestrians Involved","Dry","No Unusual Conditions","Daylight","Violation Driver 1","No Controls Present/Factor","Clear","Sideswipe","Intersection","Other Vehicle","Not Applicable","Not Applicable","At",""
"689485","CR-0000095462","1","0","0","0","22-336-0220","False","False","0","12/2/2022 9:04:00 AM","No Pedestrians Involved","Dry","No Unusual Conditions","Daylight","Violation Driver 1","Controls Functioning","Clear","Rear End","Intersection","Other Vehicle","Not Applicable","Not Applicable","At",""
"689486","CR-0000095463","0","1","0","0","22-336-0172","False","False","0","12/2/2022 7:51:00 AM","Crossing In Crosswalk - At Intersection","Dry","No Unusual Conditions","Daylight","Violation Driver 1","Controls Functioning","Clear","Vehicle/Pedestrian","Intersection","Pedestrian","East","West","At","PED"
"689487","CR-0000095464","1","0","0","0","22-336-0164","False","False","0","12/2/2022 7:35:00 AM","No Pedestrians Involved","Wet","No Unusual Conditions","Daylight","Violation Driver 1","Controls Functioning","Clear","Vehicle/Bike","Intersection","Bike","Not Applicable","Not Applicable","At","BIKE"
"689488","CR-0000095465","1","0","0","0","22-335-0445","False","False","0","12/1/2022 1:48:00 PM","No Pedestrians Involved","Wet","No Unusual Conditions","Daylight","Violation Driver 1","Unknown","Rain","Head On","Intersection","Other Vehicle","Not Applicable","Not Applicable","At",""
"689489","CR-0000095466","3","0","0","0","22-357-0550","False","False","0","12/23/2022 4:15:00 PM","No Pedestrians Involved","Dry","No Unusual Conditions","Daylight","Violation Driver 1","No Controls Present/Factor","Clear","Broadside","Intersection","Other Vehicle","Not Applicable","Not Applicable","At",""
"689490","CR-0000095467","0","0","0","0","22-337-0739","True","False","34","12/3/2022 9:35:00 PM","No Pedestrians Involved","Wet","No Unusual Conditions","Dark - Street Light","Unknown","Controls Functioning","Rain","Hit Object","Related","Fixed Object","Not Applicable","Not Applicable","North Of","CURB"
"689491","CR-0000095468","1","0","0","0","22-338-0408","False","False","0","12/4/2022 1:43:00 PM","No Pedestrians Involved","Dry","No Unusual Conditions","Daylight","Violation Driver 1","Controls Functioning","Clear","Broadside","Intersection","Other Vehicle","Not Applicable","Not Applicable","At",""
"689492","CR-0000095469","0","0","0","0","22-346-0072","False","False","0","12/12/2022 2:26:00 AM","No Pedestrians Involved","Wet","No Unusual Conditions","Dark - Street Light","Violation Driver 1","No Controls Present/Factor","Rain","Sideswipe","Intersection","Other Vehicle","Not Applicable","Not Applicable","At",""
"689493","CR-0000095470","4","0","0","0","22-346-0553","False","False","0","12/12/2022 3:07:00 PM","No Pedestrians Involved","Dry","No Unusual Conditions","Daylight","Violation Driver 1","No Controls Present/Factor","Clear","Head On","Intersection","Other Vehicle","Not Applicable","Not Applicable","At",""
"689494","CR-0000095471","0","0","0","0","22-347-0123","False","False","332","12/13/2022 5:23:00 AM","No Pedestrians Involved","Dry","No Unusual Conditions","Dark - Street Light","Violation Driver 1","Controls Functioning","Clear","Sideswipe","Non-Related","Other Vehicle","Not Applicable","Not Applicable","South Of",""
"689495","CR-0000095472","1","0","0","0","22-348-0676","False","False","170","12/14/2022 6:07:00 PM","No Pedestrians Involved","Dry","No Unusual Conditions","Dark - Street Light","Violation Driver 1","Controls Functioning","Clear","Rear End","Non-Related","Other Vehicle","Not Applicable","Not Applicable","North Of",""
"689496","CR-0000095473","3","0","0","0","22-349-0780","False","False","0","12/15/2022 7:09:00 PM","No Pedestrians Involved","Dry","No Unusual Conditions","Dark - Street Light","Violation Driver 1","Controls Functioning","Clear","Broadside","Intersection","Other Vehicle","Not Applicable","Not Applicable","At",""
"689497","CR-0000095474","0","1","0","0","22-350-0675","False","False","0","12/16/2022 5:56:00 PM","No Pedestrians Involved","Dry","No Unusual Conditions","Dark - Street Light","Violation Driver 1","No Controls Present/Factor","Clear","Broadside","Intersection","Other Vehicle","Not Applicable","Not Applicable","At",""
"689498","CR-0000095475","2","2","0","0","22-350-0928","False","False","0","12/16/2022 9:49:00 PM","No Pedestrians Involved","Dry","No Unusual Conditions","Dark - Street Light Not Functioning","Violation Driver 1","Controls Functioning","Clear","Head On","Intersection","Other Vehicle","Not Applicable","Not Applicable","At",""
"689499","CR-0000095476","1","0","0","0","22-359-0480","True","False","55","12/25/2022 4:20:00 PM","No Pedestrians Involved","Dry","No Unusual Conditions","Dusk - Dawn","Violation Driver 1","Controls Functioning","Clear","Rear End","Non-Related","Other Vehicle","Not Applicable","Not Applicable","West Of","SJPD"
"689500","CR-0000095477","0","0","0","0","22-360-4000","False","True","51","12/25/2022 11:00:00 PM","No Pedestrians Involved","Unknown","Unknown","Daylight","Unknown","Unknown","Unknown","Sideswipe","Non-Related","Parked Vehicle","Not Applicable","Not Applicable","East Of",""
"689501","CR-0000095478","0","0","0","0","22-364-4004","False","True","51","12/26/2022 8:00:00 PM","No Pedestrians Involved","Unknown","Unknown","Unknown","Unknown","Unknown","Unknown","Sideswipe","Non-Related","Parked Vehicle","Not Applicable","Not Applicable","Unknown",""
"689502","CR-0000095479","1","0","0","0","22-361-0642","False","False","17","12/27/2022 6:02:00 PM","Crossing - Not In Crosswalk","Wet","No Unusual Conditions","Dark - Street Light","Unknown","Unknown","Clear","Vehicle/Pedestrian","Related","Pedestrian","West","East","North Of","PED"
"689503","CR-0000095480","0","0","0","0","22-361-0754","True","False","22","12/27/2022 8:43:00 PM","No Pedestrians Involved","Wet","No Unusual Conditions","Dark - No Street Light","Violation Driver 1","No Controls Present/Factor","Clear","Rear End","Related","Parked Vehicle","Not Applicable","Not Applicable","South Of","SJPD"